연도,날짜,gameId,팀,선수명,타순,포지션,타석,타수,안타,볼넷,사구,삼진,2루타,3루타,홈런,희생번트,희생플라이,병살타,타격방해,고의사구,page_id,득점,타점,포지션복사
2026,2026-03-28,20260328KTLG0,KT,최원준,1,CF→RF,6,5,1,1,0,1,0,0,0,0,0,0,0,0,1631314,0,0,중우
2026,2026-03-28,20260328KTLG0,KT,김현수,2,1B,6,5,1,1,0,0,0,0,0,0,0,0,0,0,203566,1,1,一
2026,2026-03-28,20260328KTLG0,KT,배정대,2,PR→CF,0,0,0,0,0,0,0,0,0,0,0,0,0,0,1015525,0,0,주중
2026,2026-03-28,20260328KTLG0,KT,안현민,3,RF,6,2,1,2,2,1,0,1,0,0,0,0,0,0,3891049,3,0,우
2026,2026-03-28,20260328KTLG0,KT,오윤석,3,1B,0,0,0,0,0,0,0,0,0,0,0,0,0,0,1627509,0,0,一
2026,2026-03-28,20260328KTLG0,KT,힐리어드,4,LF,5,4,3,0,0,0,0,0,1,0,1,0,0,0,10000007,2,3,좌
2026,2026-03-28,20260328KTLG0,KT,장진혁,4,LF,1,1,0,0,0,0,0,0,0,0,0,0,0,0,1945252,0,0,좌
2026,2026-03-28,20260328KTLG0,KT,류현인,5,2B,5,5,2,0,0,0,0,0,0,0,0,0,0,0,3611499,1,1,二
2026,2026-03-28,20260328KTLG0,KT,이정훈,6,DH,3,3,2,0,0,0,0,0,0,0,0,0,0,0,1757008,1,2,지
2026,2026-03-28,20260328KTLG0,KT,안치영,6,PR,0,0,0,0,0,0,0,0,0,0,0,0,0,0,1811867,0,0,주
2026,2026-03-28,20260328KTLG0,KT,장성우,6,PH→DH,2,2,1,0,0,1,0,0,0,0,0,0,0,0,352927,0,0,타지
2026,2026-03-28,20260328KTLG0,KT,허경민,7,3B,5,5,3,0,0,0,0,0,0,0,0,0,0,0,450683,1,1,三
2026,2026-03-28,20260328KTLG0,KT,한승택,8,C,5,5,1,0,0,2,0,0,0,0,0,0,0,0,912207,1,1,포
2026,2026-03-28,20260328KTLG0,KT,박영현,8,P,0,0,0,0,0,0,0,0,0,0,0,0,0,0,3198300,0,0,투
2026,2026-03-28,20260328KTLG0,KT,이강민,9,SS,5,5,3,0,0,0,1,0,0,0,0,0,0,0,10000008,1,2,유
2026,2026-03-28,20260328KTLG0,LG,홍창기,1,RF,6,3,1,3,0,2,0,0,0,0,0,0,0,0,1607303,1,0,우
2026,2026-03-28,20260328KTLG0,LG,신민재,2,2B,5,5,1,0,0,0,0,0,0,0,0,0,0,0,2484309,0,1,二
2026,2026-03-28,20260328KTLG0,LG,오스틴,3,1B,5,5,3,0,0,0,0,0,0,0,0,0,0,0,3333938,2,0,一
2026,2026-03-28,20260328KTLG0,LG,문보경,4,DH,5,3,2,1,0,0,1,0,0,0,1,1,0,0,2966754,1,2,지
2026,2026-03-28,20260328KTLG0,LG,박동원,5,C,4,3,3,1,0,0,0,0,1,0,0,0,0,0,468477,1,3,포
2026,2026-03-28,20260328KTLG0,LG,천성호,5,3B,1,0,0,1,0,0,0,0,0,0,0,0,0,0,2717987,0,0,三
2026,2026-03-28,20260328KTLG0,LG,문성주,6,LF,5,4,1,0,0,1,0,0,0,0,1,0,0,0,1983121,0,1,좌
2026,2026-03-28,20260328KTLG0,LG,오지환,7,SS,3,3,0,0,0,0,0,0,0,0,0,0,0,0,273675,0,0,유
2026,2026-03-28,20260328KTLG0,LG,이재원,7,PH,1,1,0,0,0,1,0,0,0,0,0,0,0,0,2600568,0,0,타
2026,2026-03-28,20260328KTLG0,LG,이주헌,7,C,1,1,0,0,0,0,0,0,0,0,0,0,0,0,3890122,0,0,포
2026,2026-03-28,20260328KTLG0,LG,구본혁,8,3B→SS,5,4,0,1,0,0,0,0,0,0,0,0,0,0,2522898,1,0,三유
2026,2026-03-28,20260328KTLG0,LG,박해민,9,CF,5,4,1,1,0,1,0,0,0,0,0,0,0,0,844422,1,0,중
2026,2026-03-28,20260328HTSK0,KIA,김호령,1,CF,5,4,0,1,0,1,0,0,0,0,0,0,0,0,1146368,1,0,중
2026,2026-03-28,20260328HTSK0,KIA,카스트로,2,LF,5,5,3,0,0,1,1,0,0,0,0,0,0,0,10000009,2,0,좌
2026,2026-03-28,20260328HTSK0,KIA,박재현,2,PR→RF,0,0,0,0,0,0,0,0,0,0,0,0,0,0,3977734,1,0,주우
2026,2026-03-28,20260328HTSK0,KIA,김도영,3,3B,5,5,2,0,0,0,0,0,0,0,0,0,0,0,3196494,2,0,三
2026,2026-03-28,20260328HTSK0,KIA,나성범,4,DH,5,4,2,1,0,2,0,0,0,0,0,0,0,0,678785,0,1,지
2026,2026-03-28,20260328HTSK0,KIA,김선빈,5,2B,5,4,2,1,0,0,0,0,0,0,0,0,0,1,222661,0,4,二
2026,2026-03-28,20260328HTSK0,KIA,김규성,5,PR→2B,0,0,0,0,0,0,0,0,0,0,0,0,0,0,2704538,0,0,주二
2026,2026-03-28,20260328HTSK0,KIA,오선우,6,RF,3,3,0,0,0,2,0,0,0,0,0,0,0,0,2506627,0,0,우
2026,2026-03-28,20260328HTSK0,KIA,박정우,6,RF→LF,2,2,1,0,0,1,0,0,0,0,0,0,0,0,2966764,0,1,우좌
2026,2026-03-28,20260328HTSK0,KIA,윤도현,7,1B,5,5,1,0,0,2,0,0,0,0,0,0,0,0,3638750,0,0,一
2026,2026-03-28,20260328HTSK0,KIA,김태군,8,C,4,4,1,0,0,2,1,0,0,0,0,0,0,0,289623,0,0,포
2026,2026-03-28,20260328HTSK0,KIA,정현창,8,PR→SS,0,0,0,0,0,0,0,0,0,0,0,0,0,0,4063300,0,0,주유
2026,2026-03-28,20260328HTSK0,KIA,박민,9,SS,3,3,0,0,0,2,0,0,0,0,0,0,0,0,2825638,0,0,유
2026,2026-03-28,20260328HTSK0,KIA,한준수,9,PH→C,1,0,0,1,0,0,0,0,0,0,0,0,0,1,1797505,0,0,타포
2026,2026-03-28,20260328HTSK0,SSG,박성한,1,SS,5,3,1,2,0,0,0,0,0,0,0,0,0,0,1838428,1,0,유
2026,2026-03-28,20260328HTSK0,SSG,에레디아,2,LF,5,5,1,0,0,1,0,0,0,0,0,0,0,0,3329386,0,1,좌
2026,2026-03-28,20260328HTSK0,SSG,최정,3,3B,5,3,1,1,1,1,0,0,0,0,0,0,0,0,74405,0,0,三
2026,2026-03-28,20260328HTSK0,SSG,김재환,4,DH,4,3,0,1,0,2,0,0,0,0,0,0,0,0,450679,1,0,지
2026,2026-03-28,20260328HTSK0,SSG,고명준,5,1B,4,4,1,0,0,1,0,0,0,0,0,0,0,0,2966322,1,0,一
2026,2026-03-28,20260328HTSK0,SSG,최지훈,6,CF,4,3,1,1,0,0,0,0,0,0,0,0,0,0,2698101,1,0,중
2026,2026-03-28,20260328HTSK0,SSG,조형우,7,C,4,4,0,0,0,1,0,0,0,0,0,0,0,0,3234622,1,1,포
2026,2026-03-28,20260328HTSK0,SSG,김성욱,8,RF,3,3,0,0,0,1,0,0,0,0,0,0,0,0,678893,0,0,우
2026,2026-03-28,20260328HTSK0,SSG,안상현,8,2B,1,1,1,0,0,0,1,0,0,0,0,0,0,0,2020561,1,0,二
2026,2026-03-28,20260328HTSK0,SSG,정준재,9,2B,2,2,0,0,0,1,0,0,0,0,0,0,0,0,3839080,0,0,二
2026,2026-03-28,20260328HTSK0,SSG,오태곤,9,PH→RF,2,2,2,0,0,0,0,0,0,0,0,0,0,0,510675,1,3,타우
2026,2026-03-28,20260328LTSS0,롯데,레이예스,1,DH,5,5,2,0,0,1,0,0,1,0,0,0,0,0,3730363,1,2,지
2026,2026-03-28,20260328LTSS0,롯데,손호영,2,3B,5,5,1,0,0,1,0,0,0,0,0,0,0,0,2699438,1,0,三
2026,2026-03-28,20260328LTSS0,롯데,윤동희,3,RF,5,5,2,0,0,2,1,0,1,0,0,0,0,0,3227755,1,2,우
2026,2026-03-28,20260328LTSS0,롯데,전준우,4,LF,4,4,1,0,0,0,0,0,1,0,0,0,0,0,247282,1,1,좌
2026,2026-03-28,20260328LTSS0,롯데,신윤후,4,LF,0,0,0,0,0,0,0,0,0,0,0,0,0,0,2513790,0,0,좌
2026,2026-03-28,20260328LTSS0,롯데,유강남,5,C,4,4,1,0,0,1,0,0,0,0,0,0,0,0,588862,0,0,포
2026,2026-03-28,20260328LTSS0,롯데,손성빈,5,C,0,0,0,0,0,0,0,0,0,0,0,0,0,0,2852561,0,0,포
2026,2026-03-28,20260328LTSS0,롯데,노진혁,6,1B,4,4,2,0,0,0,1,0,0,0,0,0,0,0,678900,1,0,一
2026,2026-03-28,20260328LTSS0,롯데,박승욱,6,PR→1B,0,0,0,0,0,0,0,0,0,0,0,0,0,0,792296,0,0,주一
2026,2026-03-28,20260328LTSS0,롯데,한태양,7,2B,4,4,1,0,0,1,0,0,0,0,0,0,0,0,3224552,0,0,二
2026,2026-03-28,20260328LTSS0,롯데,전민재,8,SS,4,2,1,1,0,0,0,0,0,0,1,0,0,0,2647420,1,1,유
2026,2026-03-28,20260328LTSS0,롯데,장두성,9,CF,3,2,0,0,0,0,0,0,0,1,0,0,0,0,2966767,0,0,중
2026,2026-03-28,20260328LTSS0,롯데,김민성,9,PH,1,1,0,0,0,0,0,0,0,0,0,0,0,0,319585,0,0,타
2026,2026-03-28,20260328LTSS0,롯데,황성빈,9,CF,0,0,0,0,0,0,0,0,0,0,0,0,0,0,3212874,0,0,중
2026,2026-03-28,20260328LTSS0,삼성,이재현,1,SS,5,4,1,1,0,2,0,0,0,0,0,0,0,0,3196393,1,0,유
2026,2026-03-28,20260328LTSS0,삼성,김성윤,2,RF,5,5,2,0,0,0,1,0,0,0,0,0,0,0,1786762,1,0,우
2026,2026-03-28,20260328LTSS0,삼성,구자욱,3,LF,5,3,1,2,0,0,0,0,0,0,0,0,0,0,844051,0,2,좌
2026,2026-03-28,20260328LTSS0,삼성,디아즈,4,1B,5,4,1,1,0,0,1,0,0,0,0,0,0,0,3869434,0,0,一
2026,2026-03-28,20260328LTSS0,삼성,최형우,5,DH,4,3,1,1,0,0,0,0,0,0,0,0,0,0,223389,0,0,지
2026,2026-03-28,20260328LTSS0,삼성,홍현빈,5,PR,0,0,0,0,0,0,0,0,0,0,0,0,0,0,1749290,1,0,주
2026,2026-03-28,20260328LTSS0,삼성,전병우,5,PH,1,0,0,0,1,0,0,0,0,0,0,0,0,0,2034879,0,0,타
2026,2026-03-28,20260328LTSS0,삼성,심재훈,5,PR,0,0,0,0,0,0,0,0,0,0,0,0,0,0,3997203,0,0,주
2026,2026-03-28,20260328LTSS0,삼성,김영웅,6,3B,5,5,0,0,0,4,0,0,0,0,0,0,0,0,3283321,0,0,三
2026,2026-03-28,20260328LTSS0,삼성,강민호,7,C,3,3,0,0,0,3,0,0,0,0,0,0,0,0,149157,0,0,포
2026,2026-03-28,20260328LTSS0,삼성,함수호,7,PH,1,1,1,0,0,0,0,0,0,0,0,0,0,0,4070424,0,1,타
2026,2026-03-28,20260328LTSS0,삼성,박세혁,7,C,1,1,0,0,0,1,0,0,0,0,0,0,0,0,836256,0,0,포
2026,2026-03-28,20260328LTSS0,삼성,류지혁,8,2B,4,3,1,1,0,0,0,0,0,0,0,0,0,0,793973,0,0,二
2026,2026-03-28,20260328LTSS0,삼성,김지찬,9,CF,4,3,0,1,0,0,0,0,0,0,0,0,0,0,2697432,0,0,중
2026,2026-03-28,20260328OBNC0,두산,박찬호,1,SS,4,4,0,0,0,0,0,0,0,0,0,0,0,0,1138034,0,0,유
2026,2026-03-28,20260328OBNC0,두산,정수빈,2,CF,4,3,0,1,0,1,0,0,0,0,0,0,0,0,323457,0,0,중
2026,2026-03-28,20260328OBNC0,두산,카메론,3,RF,2,2,1,0,0,1,1,0,0,0,0,0,0,0,10000010,0,0,우
2026,2026-03-28,20260328OBNC0,두산,김민석,3,PR→LF,2,1,1,1,0,0,0,0,0,0,0,0,0,0,3611562,0,0,주좌
2026,2026-03-28,20260328OBNC0,두산,양의지,4,C,3,3,0,0,0,0,0,0,0,0,0,0,0,0,450095,0,0,포
2026,2026-03-28,20260328OBNC0,두산,윤준호,4,C,0,0,0,0,0,0,0,0,0,0,0,0,0,0,3891756,0,0,포
2026,2026-03-28,20260328OBNC0,두산,김인태,4,PH,1,0,0,0,1,0,0,0,0,0,0,0,0,0,864844,0,0,타
2026,2026-03-28,20260328OBNC0,두산,강승호,5,DH,4,4,0,0,0,1,0,0,0,0,0,0,0,0,873434,0,0,지
2026,2026-03-28,20260328OBNC0,두산,양석환,6,1B,4,4,0,0,0,0,0,0,0,0,0,0,0,0,1035495,0,0,一
2026,2026-03-28,20260328OBNC0,두산,박준순,7,2B,4,4,1,0,0,1,0,0,0,0,0,0,0,0,3988775,0,0,二
2026,2026-03-28,20260328OBNC0,두산,안재석,8,3B,3,3,0,0,0,0,0,0,0,0,0,0,0,0,2851314,0,0,三
2026,2026-03-28,20260328OBNC0,두산,박지훈,9,LF→RF,3,3,0,0,0,0,0,0,0,0,0,0,0,0,2736212,0,0,좌우
2026,2026-03-28,20260328OBNC0,NC,김주원,1,SS,5,4,1,1,0,1,0,0,0,0,0,0,0,0,2852202,0,0,유
2026,2026-03-28,20260328OBNC0,NC,권희동,2,LF,4,2,1,2,0,0,0,0,0,0,0,0,0,0,923902,2,1,좌
2026,2026-03-28,20260328OBNC0,NC,고준휘,2,PH→LF,1,0,0,1,0,0,0,0,0,0,0,0,0,0,10000011,0,0,타좌
2026,2026-03-28,20260328OBNC0,NC,박민우,3,2B,5,5,0,0,0,0,0,0,0,0,0,1,0,0,678905,2,0,二
2026,2026-03-28,20260328OBNC0,NC,김한별,3,2B,0,0,0,0,0,0,0,0,0,0,0,0,0,0,3196401,0,0,二
2026,2026-03-28,20260328OBNC0,NC,데이비슨,4,DH,4,3,1,1,0,0,1,0,0,0,0,0,0,0,3747555,0,2,지
2026,2026-03-28,20260328OBNC0,NC,박건우,5,RF,4,4,2,0,0,1,0,0,1,0,0,0,0,0,373391,1,3,우
2026,2026-03-28,20260328OBNC0,NC,천재환,5,PR→RF,0,0,0,0,0,0,0,0,0,0,0,0,0,0,3243743,0,0,주우
2026,2026-03-28,20260328OBNC0,NC,김휘집,6,3B,4,2,0,1,1,2,0,0,0,0,0,0,0,0,2851452,0,0,三
2026,2026-03-28,20260328OBNC0,NC,김형준,7,C,4,4,0,0,0,3,0,0,0,0,0,1,0,0,1986399,0,0,포
2026,2026-03-28,20260328OBNC0,NC,서호철,8,1B,4,3,0,1,0,1,0,0,0,0,0,0,0,0,2715863,1,0,一
2026,2026-03-28,20260328OBNC0,NC,최정원,9,CF,4,2,0,0,1,1,0,0,0,1,0,0,0,0,2697419,0,0,중
2026,2026-03-28,20260328WOHH0,키움,이주형,1,CF,6,5,1,1,0,2,1,0,0,0,0,0,0,0,2951426,0,3,중
2026,2026-03-28,20260328WOHH0,키움,안치홍,2,DH,6,3,2,3,0,0,2,0,0,0,0,0,0,0,247494,2,0,지
2026,2026-03-28,20260328WOHH0,키움,브룩스,3,1B,6,5,3,1,0,1,0,0,0,0,0,0,0,0,10000012,0,3,一
2026,2026-03-28,20260328WOHH0,키움,오선진,3,PR→3B,0,0,0,0,0,0,0,0,0,0,0,0,0,0,308768,1,0,주三
2026,2026-03-28,20260328WOHH0,키움,최주환,4,3B→1B,6,6,1,0,0,0,0,0,0,0,0,2,0,0,450682,0,0,三一
2026,2026-03-28,20260328WOHH0,키움,어준서,5,SS,6,5,0,1,0,2,0,0,0,0,0,0,0,0,3976950,0,0,유
2026,2026-03-28,20260328WOHH0,키움,김건희,6,C,4,3,2,1,0,1,0,0,0,0,0,0,0,0,3612591,1,0,포
2026,2026-03-28,20260328WOHH0,키움,최재영,6,PR,0,0,0,0,0,0,0,0,0,0,0,0,0,0,10000013,1,0,주
2026,2026-03-28,20260328WOHH0,키움,김재현,6,C,2,1,0,0,1,1,0,0,0,0,0,0,0,0,715619,0,0,포
2026,2026-03-28,20260328WOHH0,키움,임지열,7,LF,4,3,1,1,0,0,0,0,0,0,0,0,0,0,1004270,1,0,좌
2026,2026-03-28,20260328WOHH0,키움,박수종,7,PR→LF,0,0,0,0,0,0,0,0,0,0,0,0,0,0,3663057,1,0,주좌
2026,2026-03-28,20260328WOHH0,키움,박찬혁,7,PH→LF,2,2,1,0,0,1,0,0,0,0,0,0,0,0,3196410,0,2,타좌
2026,2026-03-28,20260328WOHH0,키움,박한결,8,2B,4,4,0,0,0,1,0,0,0,0,0,0,0,0,10000014,0,0,二
2026,2026-03-28,20260328WOHH0,키움,김태진,8,PH→2B,2,2,1,0,0,0,0,0,0,0,0,0,0,0,1039515,0,0,타二
2026,2026-03-28,20260328WOHH0,키움,이형종,9,RF,4,1,0,3,0,0,0,0,0,0,0,0,0,0,424743,2,0,우
2026,2026-03-28,20260328WOHH0,키움,추재현,9,PR→RF,2,2,0,0,0,0,0,0,0,0,0,0,0,0,2490927,0,0,주우
2026,2026-03-28,20260328WOHH0,한화,오재원,1,CF,6,6,3,0,0,0,0,0,0,0,0,0,0,0,10000015,1,0,중
2026,2026-03-28,20260328WOHH0,한화,페라자,2,RF,6,6,3,0,0,0,0,0,0,0,0,0,0,0,3716511,1,0,우
2026,2026-03-28,20260328WOHH0,한화,문현빈,3,LF,6,5,3,1,0,1,2,0,0,0,0,0,0,0,3611452,1,3,좌
2026,2026-03-28,20260328WOHH0,한화,노시환,4,3B,6,6,1,0,0,2,0,0,0,0,0,0,0,0,2484601,0,1,三
2026,2026-03-28,20260328WOHH0,한화,최유빈,4,PR,0,0,0,0,0,0,0,0,0,0,0,0,0,0,10000016,1,0,주
2026,2026-03-28,20260328WOHH0,한화,강백호,5,DH,6,6,1,0,0,2,0,0,0,0,0,0,0,0,1882039,0,1,지
2026,2026-03-28,20260328WOHH0,한화,채은성,6,1B,5,4,2,1,0,0,0,0,1,0,0,0,0,0,730963,2,1,一
2026,2026-03-28,20260328WOHH0,한화,하주석,7,2B,3,3,1,0,0,1,0,0,0,0,0,1,0,0,675949,0,0,二
2026,2026-03-28,20260328WOHH0,한화,허인서,7,C,2,2,0,0,0,2,0,0,0,0,0,0,0,0,3206992,0,0,포
2026,2026-03-28,20260328WOHH0,한화,최재훈,8,C,2,2,0,0,0,0,0,0,0,0,0,1,0,0,450681,0,0,포
2026,2026-03-28,20260328WOHH0,한화,손아섭,8,PH,1,1,0,0,0,0,0,0,0,0,0,0,0,0,247288,0,0,타
2026,2026-03-28,20260328WOHH0,한화,황영묵,8,2B,2,1,0,1,0,0,0,0,0,0,0,0,0,0,3836247,1,0,二
2026,2026-03-28,20260328WOHH0,한화,심우준,9,SS,5,4,2,1,0,1,0,0,1,0,0,0,0,0,1501462,3,3,유
2026,2026-03-29,20260329KTLG0,KT,최원준,1,CF,5,4,2,1,0,0,0,0,0,0,0,0,0,0,1631314,0,0,중
2026,2026-03-29,20260329KTLG0,KT,김현수,2,1B,5,4,0,1,0,0,0,0,0,0,0,1,0,0,203566,1,1,一
2026,2026-03-29,20260329KTLG0,KT,안현민,3,RF,5,5,1,0,0,0,1,0,0,0,0,0,0,0,3891049,1,1,우
2026,2026-03-29,20260329KTLG0,KT,힐리어드,4,LF,5,4,0,1,0,1,0,0,0,0,0,0,0,0,10000007,0,0,좌
2026,2026-03-29,20260329KTLG0,KT,장성우,5,DH,4,3,1,1,0,0,1,0,0,0,0,1,0,0,352927,1,1,지
2026,2026-03-29,20260329KTLG0,KT,안치영,5,PR,0,0,0,0,0,0,0,0,0,0,0,0,0,0,1811867,0,0,주
2026,2026-03-29,20260329KTLG0,KT,김상수,6,2B,4,4,3,0,0,0,0,0,0,0,0,0,0,0,299583,1,0,二
2026,2026-03-29,20260329KTLG0,KT,허경민,7,3B,4,3,3,1,0,0,0,0,1,0,0,0,0,0,450683,1,3,三
2026,2026-03-29,20260329KTLG0,KT,한승택,8,C,3,3,0,0,0,0,0,0,0,0,0,1,0,0,912207,0,0,포
2026,2026-03-29,20260329KTLG0,KT,류현인,8,PH,1,1,0,0,0,1,0,0,0,0,0,0,0,0,3611499,0,0,타
2026,2026-03-29,20260329KTLG0,KT,조대현,8,C,0,0,0,0,0,0,0,0,0,0,0,0,0,0,3234934,0,0,포
2026,2026-03-29,20260329KTLG0,KT,이강민,9,SS,3,2,0,1,0,0,0,0,0,0,0,0,0,0,10000008,0,0,유
2026,2026-03-29,20260329KTLG0,KT,이정훈,9,PH,1,1,1,0,0,0,0,0,0,0,0,0,0,0,1757008,0,0,타
2026,2026-03-29,20260329KTLG0,KT,권동진,9,PR→SS,0,0,0,0,0,0,0,0,0,0,0,0,0,0,2852168,1,0,주유
2026,2026-03-29,20260329KTLG0,LG,홍창기,1,RF,5,4,1,1,0,1,0,0,0,0,0,0,0,0,1607303,1,0,우
2026,2026-03-29,20260329KTLG0,LG,신민재,2,2B,5,5,0,0,0,1,0,0,0,0,0,1,0,0,2484309,0,0,二
2026,2026-03-29,20260329KTLG0,LG,오스틴,3,1B,5,4,3,1,0,0,1,0,0,0,0,0,0,0,3333938,2,1,一
2026,2026-03-29,20260329KTLG0,LG,최원영,3,PR,0,0,0,0,0,0,0,0,0,0,0,0,0,0,3806394,0,0,주
2026,2026-03-29,20260329KTLG0,LG,문보경,4,DH,5,4,1,1,0,0,0,0,0,0,0,0,0,0,2966754,0,0,지
2026,2026-03-29,20260329KTLG0,LG,박동원,5,C,5,3,0,2,0,2,0,0,0,0,0,0,0,0,468477,1,1,포
2026,2026-03-29,20260329KTLG0,LG,문성주,6,LF,5,5,3,0,0,1,0,0,0,0,0,0,0,0,1983121,0,2,좌
2026,2026-03-29,20260329KTLG0,LG,오지환,7,SS,4,4,1,0,0,1,1,0,0,0,0,0,0,0,273675,0,1,유
2026,2026-03-29,20260329KTLG0,LG,구본혁,8,3B,4,4,1,0,0,0,0,0,0,0,0,0,0,0,2522898,0,0,三
2026,2026-03-29,20260329KTLG0,LG,박해민,9,CF,4,3,0,0,1,0,0,0,0,0,0,0,0,0,844422,1,0,중
2026,2026-03-29,20260329HTSK0,KIA,김호령,1,CF,5,4,0,1,0,2,0,0,0,0,0,0,0,0,1146368,1,0,중
2026,2026-03-29,20260329HTSK0,KIA,카스트로,2,LF,5,4,2,1,0,0,0,0,1,0,0,0,0,0,10000009,1,2,좌
2026,2026-03-29,20260329HTSK0,KIA,박재현,2,PR,0,0,0,0,0,0,0,0,0,0,0,0,0,0,3977734,0,0,주
2026,2026-03-29,20260329HTSK0,KIA,김도영,3,3B,5,3,0,2,0,1,0,0,0,0,0,0,0,0,3196494,1,0,三
2026,2026-03-29,20260329HTSK0,KIA,나성범,4,DH,5,5,1,0,0,0,0,0,1,0,0,0,0,0,678785,1,2,지
2026,2026-03-29,20260329HTSK0,KIA,김선빈,5,2B,4,2,1,2,0,0,0,0,0,0,0,0,0,0,222661,1,0,二
2026,2026-03-29,20260329HTSK0,KIA,윤도현,6,1B,4,4,1,0,0,1,0,0,0,0,0,1,0,0,3638750,0,0,一
2026,2026-03-29,20260329HTSK0,KIA,이창진,7,RF,2,2,0,0,0,1,0,0,0,0,0,1,0,0,1593128,0,0,우
2026,2026-03-29,20260329HTSK0,KIA,오선우,7,PH→RF,2,1,0,1,0,1,0,0,0,0,0,0,0,0,2506627,0,0,타우
2026,2026-03-29,20260329HTSK0,KIA,한준수,8,C,4,4,2,0,0,1,2,0,0,0,0,1,0,0,1797505,1,1,포
2026,2026-03-29,20260329HTSK0,KIA,데일,9,SS,4,3,1,1,0,0,1,0,0,0,0,0,0,0,10000022,0,1,유
2026,2026-03-29,20260329HTSK0,SSG,박성한,1,SS,5,2,1,3,0,0,1,0,0,0,0,0,0,0,1838428,2,2,유
2026,2026-03-29,20260329HTSK0,SSG,에레디아,2,LF,5,4,1,1,0,2,0,0,1,0,0,0,0,0,3329386,1,3,좌
2026,2026-03-29,20260329HTSK0,SSG,최정,3,3B,5,3,0,1,0,1,0,0,0,0,1,0,0,0,74405,0,1,三
2026,2026-03-29,20260329HTSK0,SSG,김재환,4,DH,5,5,0,0,0,3,0,0,0,0,0,0,0,0,450679,0,0,지
2026,2026-03-29,20260329HTSK0,SSG,고명준,5,1B,4,4,3,0,0,0,0,0,2,0,0,0,0,0,2966322,3,2,一
2026,2026-03-29,20260329HTSK0,SSG,최지훈,6,CF,4,2,0,2,0,0,0,0,0,0,0,0,0,0,2698101,1,0,중
2026,2026-03-29,20260329HTSK0,SSG,김성욱,7,RF,4,4,1,0,0,1,0,0,0,0,0,0,0,0,678893,1,0,우
2026,2026-03-29,20260329HTSK0,SSG,조형우,8,C,4,4,2,0,0,0,2,0,0,0,0,0,0,0,3234622,2,3,포
2026,2026-03-29,20260329HTSK0,SSG,정준재,9,2B,3,2,0,1,0,0,0,0,0,0,0,0,0,0,3839080,1,0,二
2026,2026-03-29,20260329HTSK0,SSG,안상현,9,PH→2B,1,1,0,0,0,0,0,0,0,0,0,0,0,0,2020561,0,0,타二
2026,2026-03-29,20260329LTSS0,롯데,레이예스,1,DH,5,2,1,3,0,1,0,0,1,0,0,0,0,0,3730363,1,3,지
2026,2026-03-29,20260329LTSS0,롯데,손호영,2,3B,5,5,2,0,0,0,0,0,2,0,0,1,0,0,2699438,2,2,三
2026,2026-03-29,20260329LTSS0,롯데,윤동희,3,RF,4,4,2,0,0,1,0,0,0,0,0,1,0,0,3227755,0,0,우
2026,2026-03-29,20260329LTSS0,롯데,전준우,4,LF,4,4,2,0,0,1,0,0,0,0,0,0,0,0,247282,0,0,좌
2026,2026-03-29,20260329LTSS0,롯데,박승욱,4,1B,0,0,0,0,0,0,0,0,0,0,0,0,0,0,792296,0,0,一
2026,2026-03-29,20260329LTSS0,롯데,노진혁,5,1B,4,4,1,0,0,1,0,0,1,0,0,0,0,0,678900,1,1,一
2026,2026-03-29,20260329LTSS0,롯데,장두성,5,CF,0,0,0,0,0,0,0,0,0,0,0,0,0,0,2966767,0,0,중
2026,2026-03-29,20260329LTSS0,롯데,유강남,6,C,4,4,0,0,0,1,0,0,0,0,0,1,0,0,588862,0,0,포
2026,2026-03-29,20260329LTSS0,롯데,한태양,7,2B,4,3,1,1,0,0,1,0,0,0,0,0,0,0,3224552,1,0,二
2026,2026-03-29,20260329LTSS0,롯데,전민재,8,SS,4,4,0,0,0,1,0,0,0,0,0,0,0,0,2647420,0,0,유
2026,2026-03-29,20260329LTSS0,롯데,황성빈,9,CF→LF,4,4,2,0,0,1,0,0,0,0,0,0,0,0,3212874,1,0,중좌
2026,2026-03-29,20260329LTSS0,삼성,이재현,1,SS,4,2,0,1,1,0,0,0,0,0,0,0,0,0,3196393,0,1,유
2026,2026-03-29,20260329LTSS0,삼성,김성윤,2,RF,4,3,0,0,1,0,0,0,0,0,0,0,0,0,1786762,0,0,우
2026,2026-03-29,20260329LTSS0,삼성,구자욱,3,LF,4,4,0,0,0,2,0,0,0,0,0,0,0,0,844051,0,0,좌
2026,2026-03-29,20260329LTSS0,삼성,디아즈,4,1B,4,3,0,1,0,1,0,0,0,0,0,0,0,0,3869434,0,0,一
2026,2026-03-29,20260329LTSS0,삼성,최형우,5,DH,4,4,1,0,0,0,0,0,0,0,0,1,0,0,223389,1,0,지
2026,2026-03-29,20260329LTSS0,삼성,김영웅,6,3B,4,4,0,0,0,1,0,0,0,0,0,0,0,0,3283321,0,0,三
2026,2026-03-29,20260329LTSS0,삼성,류지혁,7,2B,4,4,2,0,0,0,1,0,0,0,0,0,0,0,793973,1,0,二
2026,2026-03-29,20260329LTSS0,삼성,강민호,8,C,2,2,0,0,0,1,0,0,0,0,0,0,0,0,149157,0,0,포
2026,2026-03-29,20260329LTSS0,삼성,함수호,8,PH,1,1,0,0,0,1,0,0,0,0,0,0,0,0,4070424,0,0,타
2026,2026-03-29,20260329LTSS0,삼성,박세혁,8,C,1,1,1,0,0,0,1,0,0,0,0,0,0,0,836256,0,0,포
2026,2026-03-29,20260329LTSS0,삼성,김지찬,9,CF,4,3,1,1,0,0,1,0,0,0,0,0,0,0,2697432,0,1,중
2026,2026-03-29,20260329OBNC0,두산,박찬호,1,SS,5,4,2,1,0,0,0,0,0,0,0,0,0,0,1138034,1,0,유
2026,2026-03-29,20260329OBNC0,두산,정수빈,2,CF,5,4,1,1,0,1,0,0,0,0,0,0,0,0,323457,1,1,중
2026,2026-03-29,20260329OBNC0,두산,강승호,3,DH,5,4,2,1,0,1,0,0,0,0,0,0,0,0,873434,1,1,지
2026,2026-03-29,20260329OBNC0,두산,양의지,4,C,5,5,0,0,0,1,0,0,0,0,0,0,0,0,450095,0,0,포
2026,2026-03-29,20260329OBNC0,두산,박준순,5,2B,2,2,0,0,0,1,0,0,0,0,0,0,0,0,3988775,0,0,二
2026,2026-03-29,20260329OBNC0,두산,오명진,5,2B,1,1,0,0,0,0,0,0,0,0,0,0,0,0,2745405,0,0,二
2026,2026-03-29,20260329OBNC0,두산,카메론,5,PH,1,1,1,0,0,0,0,0,1,0,0,0,0,0,10000010,1,2,타
2026,2026-03-29,20260329OBNC0,두산,이유찬,5,2B,1,1,0,0,0,1,0,0,0,0,0,0,0,0,1962778,0,0,二
2026,2026-03-29,20260329OBNC0,두산,안재석,6,3B,4,4,2,0,0,1,1,0,0,0,0,0,0,0,2851314,2,0,三
2026,2026-03-29,20260329OBNC0,두산,양석환,7,1B,4,3,1,1,0,1,0,0,1,0,0,0,0,1,1035495,2,2,一
2026,2026-03-29,20260329OBNC0,두산,김민석,8,LF,4,4,1,0,0,2,0,0,1,0,0,0,0,0,3611562,1,3,좌
2026,2026-03-29,20260329OBNC0,두산,박지훈,9,RF,2,2,0,0,0,0,0,0,0,0,0,0,0,0,2736212,0,0,우
2026,2026-03-29,20260329OBNC0,두산,김인태,9,PH,1,0,0,1,0,0,0,0,0,0,0,0,0,0,864844,0,0,타
2026,2026-03-29,20260329OBNC0,두산,조수행,9,PR→RF,1,1,0,0,0,0,0,0,0,0,0,0,0,0,1608621,0,0,주우
2026,2026-03-29,20260329OBNC0,NC,김주원,1,SS,5,4,1,1,0,1,1,0,0,0,0,0,0,0,2852202,0,0,유
2026,2026-03-29,20260329OBNC0,NC,권희동,2,LF,1,1,0,0,0,1,0,0,0,0,0,0,0,0,923902,0,0,좌
2026,2026-03-29,20260329OBNC0,NC,고준휘,2,LF→RF,2,2,0,0,0,0,0,0,0,0,0,0,0,0,10000011,0,0,좌우
2026,2026-03-29,20260329OBNC0,NC,서호철,2,PH→2B,2,2,0,0,0,1,0,0,0,0,0,0,0,0,2715863,0,0,타二
2026,2026-03-29,20260329OBNC0,NC,박민우,3,2B,4,3,2,1,0,1,1,0,0,0,0,0,0,0,678905,1,0,二
2026,2026-03-29,20260329OBNC0,NC,한석현,3,RF,1,1,1,0,0,0,0,0,0,0,0,0,0,0,2715047,0,0,우
2026,2026-03-29,20260329OBNC0,NC,데이비슨,4,1B,4,3,1,1,0,1,1,0,0,0,0,0,0,0,3747555,0,1,一
2026,2026-03-29,20260329OBNC0,NC,허윤,4,PR,0,0,0,0,0,0,0,0,0,0,0,0,0,0,10000023,1,0,주
2026,2026-03-29,20260329OBNC0,NC,김한별,4,2B,0,0,0,0,0,0,0,0,0,0,0,0,0,0,3196401,0,0,二
2026,2026-03-29,20260329OBNC0,NC,오영수,4,PH→1B,1,1,0,0,0,0,0,0,0,0,0,0,0,0,1958785,0,0,타一
2026,2026-03-29,20260329OBNC0,NC,박건우,5,DH,5,5,2,0,0,3,0,0,1,0,0,0,0,0,373391,1,1,지
2026,2026-03-29,20260329OBNC0,NC,김휘집,6,3B,5,4,2,1,0,0,0,0,0,0,0,0,0,0,2851452,1,1,三
2026,2026-03-29,20260329OBNC0,NC,김형준,7,C,5,5,1,0,0,2,0,0,1,0,0,0,0,0,1986399,1,2,포
2026,2026-03-29,20260329OBNC0,NC,천재환,8,RF→LF,4,3,0,1,0,1,0,0,0,0,0,0,0,0,3243743,1,0,우좌
2026,2026-03-29,20260329OBNC0,NC,최정원,9,CF,4,2,0,1,0,1,0,0,0,1,0,0,0,0,2697419,0,0,중
2026,2026-03-29,20260329WOHH0,키움,이주형,1,CF,5,4,0,0,1,2,0,0,0,0,0,0,0,0,2951426,1,0,중
2026,2026-03-29,20260329WOHH0,키움,안치홍,2,DH,4,3,1,1,0,1,0,0,0,0,0,0,0,0,247494,0,0,지
2026,2026-03-29,20260329WOHH0,키움,브룩스,3,1B,4,4,1,0,0,1,0,0,0,0,0,0,0,0,10000012,0,0,一
2026,2026-03-29,20260329WOHH0,키움,박찬혁,4,LF,4,3,0,1,0,0,0,0,0,0,0,0,0,0,3196410,0,0,좌
2026,2026-03-29,20260329WOHH0,키움,김건희,5,C,4,3,1,0,0,1,0,0,0,0,1,0,0,0,3612591,1,1,포
2026,2026-03-29,20260329WOHH0,키움,어준서,6,SS,4,4,1,0,0,0,0,0,0,0,0,0,0,0,3976950,1,0,유
2026,2026-03-29,20260329WOHH0,키움,오선진,7,3B,2,2,0,0,0,0,0,0,0,0,0,0,0,0,308768,0,0,三
2026,2026-03-29,20260329WOHH0,키움,최주환,7,PH,1,1,1,0,0,0,1,0,0,0,0,0,0,0,450682,0,0,타
2026,2026-03-29,20260329WOHH0,키움,김태진,7,PR→3B,1,1,0,0,0,1,0,0,0,0,0,0,0,0,1039515,1,0,주三
2026,2026-03-29,20260329WOHH0,키움,최재영,8,2B,4,4,1,0,0,1,1,0,0,0,0,0,0,0,10000013,0,2,二
2026,2026-03-29,20260329WOHH0,키움,이형종,9,RF,4,3,0,0,1,1,0,0,0,0,0,0,0,0,424743,0,0,우
2026,2026-03-29,20260329WOHH0,한화,오재원,1,CF,5,5,1,0,0,0,0,0,0,0,0,0,0,0,10000015,0,2,중
2026,2026-03-29,20260329WOHH0,한화,페라자,2,RF,5,5,3,0,0,0,1,0,0,0,0,0,0,0,3716511,2,0,우
2026,2026-03-29,20260329WOHH0,한화,최인호,2,RF,0,0,0,0,0,0,0,0,0,0,0,0,0,0,2723238,0,0,우
2026,2026-03-29,20260329WOHH0,한화,문현빈,3,LF,5,3,1,2,0,0,0,0,0,0,0,0,0,0,3611452,2,0,좌
2026,2026-03-29,20260329WOHH0,한화,노시환,4,3B,5,4,2,1,0,1,0,0,0,0,0,0,0,0,2484601,2,0,三
2026,2026-03-29,20260329WOHH0,한화,강백호,5,DH,5,5,2,0,0,1,1,0,1,0,0,0,0,0,1882039,1,5,지
2026,2026-03-29,20260329WOHH0,한화,채은성,6,1B,5,4,1,0,0,2,0,0,0,0,1,0,0,0,730963,1,1,一
2026,2026-03-29,20260329WOHH0,한화,김태연,6,PR→1B,0,0,0,0,0,0,0,0,0,0,0,0,0,0,1795455,0,0,주一
2026,2026-03-29,20260329WOHH0,한화,하주석,7,2B,4,4,2,0,0,2,0,0,0,0,0,0,0,0,675949,0,0,二
2026,2026-03-29,20260329WOHH0,한화,장규현,7,PH,1,1,1,0,0,0,0,0,0,0,0,0,0,0,3055552,0,0,타
2026,2026-03-29,20260329WOHH0,한화,황영묵,7,2B,0,0,0,0,0,0,0,0,0,0,0,0,0,0,3836247,0,0,二
2026,2026-03-29,20260329WOHH0,한화,최재훈,8,C,4,4,1,0,0,1,0,0,0,0,0,0,0,0,450681,1,0,포
2026,2026-03-29,20260329WOHH0,한화,이진영,8,PH,1,1,0,0,0,1,0,0,0,0,0,0,0,0,1631325,0,0,타
2026,2026-03-29,20260329WOHH0,한화,허인서,8,C,0,0,0,0,0,0,0,0,0,0,0,0,0,0,3206992,0,0,포
2026,2026-03-29,20260329WOHH0,한화,심우준,9,SS,4,4,1,0,0,1,1,0,0,0,0,0,0,0,1501462,1,1,유
2026,2026-03-29,20260329WOHH0,한화,이도윤,9,SS,0,0,0,0,0,0,0,0,0,0,0,0,0,0,1971980,0,0,유
2026,2026-03-31,20260331HTLG0,KIA,김호령,1,CF,5,4,1,1,0,1,0,0,0,0,0,0,0,0,1146368,1,1,중
2026,2026-03-31,20260331HTLG0,KIA,카스트로,2,LF,5,4,2,1,0,1,2,0,0,0,0,0,0,0,10000009,2,2,좌
2026,2026-03-31,20260331HTLG0,KIA,김도영,3,3B,5,4,3,1,0,0,1,0,1,0,0,0,0,0,3196494,1,3,三
2026,2026-03-31,20260331HTLG0,KIA,나성범,4,DH,5,4,0,0,1,2,0,0,0,0,0,0,0,0,678785,0,0,지
2026,2026-03-31,20260331HTLG0,KIA,김선빈,5,2B,5,5,2,0,0,1,0,0,0,0,0,0,0,0,222661,1,0,二
2026,2026-03-31,20260331HTLG0,KIA,정현창,5,2B,0,0,0,0,0,0,0,0,0,0,0,0,0,0,4063300,0,0,二
2026,2026-03-31,20260331HTLG0,KIA,오선우,6,RF,4,4,1,0,0,2,0,0,0,0,0,0,0,0,2506627,0,0,우
2026,2026-03-31,20260331HTLG0,KIA,박정우,6,RF,1,1,0,0,0,1,0,0,0,0,0,0,0,0,2966764,0,0,우
2026,2026-03-31,20260331HTLG0,KIA,윤도현,7,1B,5,5,1,0,0,2,0,0,0,0,0,0,0,0,3638750,1,0,一
2026,2026-03-31,20260331HTLG0,KIA,김규성,7,1B,0,0,0,0,0,0,0,0,0,0,0,0,0,0,2704538,0,0,一
2026,2026-03-31,20260331HTLG0,KIA,한준수,8,C,5,3,0,2,0,1,0,0,0,0,0,0,0,0,1797505,0,0,포
2026,2026-03-31,20260331HTLG0,KIA,데일,9,SS,5,5,2,0,0,1,0,0,0,0,0,0,0,0,10000022,1,1,유
2026,2026-03-31,20260331HTLG0,KIA,박민,9,SS,0,0,0,0,0,0,0,0,0,0,0,0,0,0,2825638,0,0,유
2026,2026-03-31,20260331HTLG0,LG,홍창기,1,RF,3,3,0,0,0,0,0,0,0,0,0,0,0,0,1607303,0,0,우
2026,2026-03-31,20260331HTLG0,LG,송찬의,1,RF,1,1,0,0,0,0,0,0,0,0,0,0,0,0,3196459,0,0,우
2026,2026-03-31,20260331HTLG0,LG,신민재,2,2B,4,3,1,1,0,2,0,0,0,0,0,0,0,0,2484309,0,0,二
2026,2026-03-31,20260331HTLG0,LG,오스틴,3,1B,4,4,0,0,0,0,0,0,0,0,0,1,0,0,3333938,0,0,一
2026,2026-03-31,20260331HTLG0,LG,문보경,4,DH,3,2,0,1,0,1,0,0,0,0,0,0,0,0,2966754,0,0,지
2026,2026-03-31,20260331HTLG0,LG,이영빈,4,PR→DH,1,1,0,0,0,1,0,0,0,0,0,0,0,0,2852445,1,0,주지
2026,2026-03-31,20260331HTLG0,LG,박동원,5,C,2,2,0,0,0,1,0,0,0,0,0,0,0,0,468477,0,0,포
2026,2026-03-31,20260331HTLG0,LG,이재원,5,LF,2,2,0,0,0,1,0,0,0,0,0,0,0,0,2600568,0,0,좌
2026,2026-03-31,20260331HTLG0,LG,문성주,6,LF,2,2,0,0,0,0,0,0,0,0,0,0,0,0,1983121,0,0,좌
2026,2026-03-31,20260331HTLG0,LG,이주헌,6,C,2,2,1,0,0,0,0,0,0,0,0,0,0,0,3890122,1,0,포
2026,2026-03-31,20260331HTLG0,LG,오지환,7,SS,4,4,0,0,0,0,0,0,0,0,0,0,0,0,273675,0,1,유
2026,2026-03-31,20260331HTLG0,LG,구본혁,8,3B,1,1,0,0,0,0,0,0,0,0,0,0,0,0,2522898,0,0,三
2026,2026-03-31,20260331HTLG0,LG,천성호,8,PH→3B,2,1,1,1,0,0,0,0,0,0,0,0,0,0,2717987,0,0,타三
2026,2026-03-31,20260331HTLG0,LG,박해민,9,CF,2,2,1,0,0,0,0,0,0,0,0,0,0,0,844422,0,0,중
2026,2026-03-31,20260331HTLG0,LG,최원영,9,CF,1,1,1,0,0,0,1,0,0,0,0,0,0,0,3806394,0,1,중
2026,2026-03-31,20260331WOSK0,키움,브룩스,1,1B,5,4,1,0,0,0,0,0,0,0,1,0,0,0,10000012,0,1,一
2026,2026-03-31,20260331WOSK0,키움,안치홍,2,DH,5,5,2,0,0,1,0,0,0,0,0,0,0,0,247494,0,0,지
2026,2026-03-31,20260331WOSK0,키움,김건희,3,C,4,2,0,2,0,0,0,0,0,0,0,0,0,0,3612591,0,0,포
2026,2026-03-31,20260331WOSK0,키움,이주형,4,CF,4,4,1,0,0,1,0,0,0,0,0,0,0,0,2951426,0,1,중
2026,2026-03-31,20260331WOSK0,키움,임지열,5,LF,4,3,1,0,0,1,0,0,0,1,0,0,0,0,1004270,1,0,좌
2026,2026-03-31,20260331WOSK0,키움,박찬혁,6,RF,4,4,1,0,0,0,0,0,0,0,0,0,0,0,3196410,1,0,우
2026,2026-03-31,20260331WOSK0,키움,어준서,7,SS,4,4,1,0,0,2,0,0,0,0,0,0,0,0,3976950,0,1,유
2026,2026-03-31,20260331WOSK0,키움,오선진,8,3B,2,2,0,0,0,0,0,0,0,0,0,0,0,0,308768,0,0,三
2026,2026-03-31,20260331WOSK0,키움,김태진,8,PH→3B,1,1,0,0,0,1,0,0,0,0,0,0,0,0,1039515,0,0,타三
2026,2026-03-31,20260331WOSK0,키움,박한결,8,PH,1,1,0,0,0,0,0,0,0,0,0,0,0,0,10000014,0,0,타
2026,2026-03-31,20260331WOSK0,키움,최재영,9,2B,4,4,2,0,0,1,0,0,0,0,0,0,0,0,10000013,1,0,二
2026,2026-03-31,20260331WOSK0,SSG,박성한,1,SS,5,4,1,1,0,0,0,0,0,0,0,0,0,0,1838428,0,2,유
2026,2026-03-31,20260331WOSK0,SSG,에레디아,2,LF,5,5,2,0,0,1,0,0,1,0,0,0,0,0,3329386,3,1,좌
2026,2026-03-31,20260331WOSK0,SSG,채현우,2,LF,0,0,0,0,0,0,0,0,0,0,0,0,0,0,2527084,0,0,좌
2026,2026-03-31,20260331WOSK0,SSG,최정,3,3B,5,4,2,1,0,0,1,0,0,0,0,0,0,0,74405,2,0,三
2026,2026-03-31,20260331WOSK0,SSG,홍대인,3,PR→2B,0,0,0,0,0,0,0,0,0,0,0,0,0,0,4071361,0,0,주二
2026,2026-03-31,20260331WOSK0,SSG,김재환,4,DH,5,4,1,0,0,0,0,0,1,0,1,1,0,0,450679,1,4,지
2026,2026-03-31,20260331WOSK0,SSG,고명준,5,1B,4,4,3,0,0,0,0,0,0,0,0,0,0,0,2966322,0,0,一
2026,2026-03-31,20260331WOSK0,SSG,오태곤,5,PR→1B,1,1,0,0,0,1,0,0,0,0,0,0,0,0,510675,1,0,주一
2026,2026-03-31,20260331WOSK0,SSG,한유섬,6,RF,4,3,1,1,0,1,0,0,0,0,0,0,0,0,792323,0,0,우
2026,2026-03-31,20260331WOSK0,SSG,김성욱,6,PR→RF,0,0,0,0,0,0,0,0,0,0,0,0,0,0,678893,0,0,주우
2026,2026-03-31,20260331WOSK0,SSG,최지훈,7,CF,4,4,1,0,0,0,1,0,0,0,0,0,0,0,2698101,1,0,중
2026,2026-03-31,20260331WOSK0,SSG,조형우,8,C,4,3,0,1,0,2,0,0,0,0,0,0,0,0,3234622,0,0,포
2026,2026-03-31,20260331WOSK0,SSG,이지영,8,C,0,0,0,0,0,0,0,0,0,0,0,0,0,0,289476,0,0,포
2026,2026-03-31,20260331WOSK0,SSG,정준재,9,2B,2,2,0,0,0,0,0,0,0,0,0,0,0,0,3839080,0,0,二
2026,2026-03-31,20260331WOSK0,SSG,안상현,9,PH→2B,2,1,1,1,0,0,1,0,0,0,0,0,0,0,2020561,1,0,타二
2026,2026-03-31,20260331OBSS0,두산,박찬호,1,SS,6,4,1,1,0,1,1,0,0,1,0,0,0,0,1138034,0,2,유
2026,2026-03-31,20260331OBSS0,두산,정수빈,2,CF,6,5,1,1,0,1,0,0,0,0,0,0,0,0,323457,0,1,중
2026,2026-03-31,20260331OBSS0,두산,카메론,3,DH,6,6,1,0,0,2,1,0,0,0,0,1,0,0,10000010,1,0,지
2026,2026-03-31,20260331OBSS0,두산,양의지,4,C,6,6,0,0,0,0,0,0,0,0,0,0,0,0,450095,0,0,포
2026,2026-03-31,20260331OBSS0,두산,강승호,5,2B,6,4,2,1,1,1,0,0,0,0,0,0,0,0,873434,0,0,二
2026,2026-03-31,20260331OBSS0,두산,이유찬,5,PR→2B,0,0,0,0,0,0,0,0,0,0,0,0,0,0,1962778,0,0,주二
2026,2026-03-31,20260331OBSS0,두산,안재석,6,3B,6,5,1,0,0,0,1,0,0,0,1,0,0,0,2851314,0,1,三
2026,2026-03-31,20260331OBSS0,두산,양석환,7,1B,6,5,2,1,0,0,1,0,0,0,0,0,0,0,1035495,1,0,一
2026,2026-03-31,20260331OBSS0,두산,박지훈,8,RF,5,3,1,2,0,0,0,0,0,0,0,0,0,0,2736212,2,0,우
2026,2026-03-31,20260331OBSS0,두산,김민석,9,LF,4,3,2,1,0,1,0,0,0,0,0,0,0,0,3611562,1,1,좌
2026,2026-03-31,20260331OBSS0,두산,조수행,9,PR→LF,1,1,1,0,0,0,0,0,0,0,0,0,0,0,1608621,0,0,주좌
2026,2026-03-31,20260331OBSS0,삼성,김영웅,1,3B,5,5,1,0,0,2,0,0,0,0,0,0,0,0,3283321,0,0,三
2026,2026-03-31,20260331OBSS0,삼성,김성윤,2,CF→RF,5,4,2,0,0,0,0,0,0,1,0,0,0,0,1786762,1,1,중우
2026,2026-03-31,20260331OBSS0,삼성,구자욱,3,LF,5,5,2,0,0,1,0,0,0,0,0,0,0,0,844051,1,0,좌
2026,2026-03-31,20260331OBSS0,삼성,디아즈,4,1B,5,5,1,0,0,0,0,0,1,0,0,0,0,0,3869434,1,3,一
2026,2026-03-31,20260331OBSS0,삼성,최형우,5,DH,5,5,3,0,0,1,0,0,1,0,0,0,0,0,223389,1,1,지
2026,2026-03-31,20260331OBSS0,삼성,홍현빈,5,PR,0,0,0,0,0,0,0,0,0,0,0,0,0,0,1749290,0,0,주
2026,2026-03-31,20260331OBSS0,삼성,이재현,6,SS,5,4,0,0,0,1,0,0,0,1,0,0,0,0,3196393,0,0,유
2026,2026-03-31,20260331OBSS0,삼성,김헌곤,7,RF,3,3,0,0,0,1,0,0,0,0,0,0,0,0,588813,0,0,우
2026,2026-03-31,20260331OBSS0,삼성,김지찬,7,PH→CF,2,0,0,2,0,0,0,0,0,0,0,0,0,1,2697432,0,0,타중
2026,2026-03-31,20260331OBSS0,삼성,강민호,8,C,2,2,0,0,0,0,0,0,0,0,0,0,0,0,149157,0,0,포
2026,2026-03-31,20260331OBSS0,삼성,박세혁,8,C,3,3,0,0,0,1,0,0,0,0,0,0,0,0,836256,0,0,포
2026,2026-03-31,20260331OBSS0,삼성,류지혁,9,2B,2,1,0,1,0,0,0,0,0,0,0,0,0,0,793973,1,0,二
2026,2026-03-31,20260331OBSS0,삼성,전병우,9,PH,1,1,0,0,0,1,0,0,0,0,0,0,0,0,2034879,0,0,타
2026,2026-03-31,20260331OBSS0,삼성,이해승,9,2B,0,0,0,0,0,0,0,0,0,0,0,0,0,0,3227761,0,0,二
2026,2026-03-31,20260331OBSS0,삼성,함수호,9,PH,1,1,0,0,0,0,0,0,0,0,0,0,0,0,4070424,0,0,타
2026,2026-03-31,20260331OBSS0,삼성,심재훈,9,2B,1,1,0,0,0,0,0,0,0,0,0,0,0,0,3997203,0,0,二
2026,2026-03-31,20260331LTNC0,롯데,레이예스,1,LF,5,5,0,0,0,1,0,0,0,0,0,0,0,0,3730363,0,0,좌
2026,2026-03-31,20260331LTNC0,롯데,손호영,2,3B,4,3,0,1,0,2,0,0,0,0,0,0,0,0,2699438,1,0,三
2026,2026-03-31,20260331LTNC0,롯데,윤동희,3,RF,4,3,0,1,0,1,0,0,0,0,0,0,0,0,3227755,0,0,우
2026,2026-03-31,20260331LTNC0,롯데,전준우,4,DH,4,4,2,0,0,0,1,0,0,0,0,0,0,0,247282,1,0,지
2026,2026-03-31,20260331LTNC0,롯데,노진혁,5,1B,4,3,2,1,0,1,2,0,0,0,0,0,0,0,678900,0,2,一
2026,2026-03-31,20260331LTNC0,롯데,유강남,6,C,3,3,0,0,0,1,0,0,0,0,0,0,0,0,588862,0,0,포
2026,2026-03-31,20260331LTNC0,롯데,손성빈,6,C,1,1,0,0,0,0,0,0,0,0,0,0,0,0,2852561,0,0,포
2026,2026-03-31,20260331LTNC0,롯데,한태양,7,2B,4,3,1,1,0,2,0,0,0,0,0,0,0,0,3224552,0,0,二
2026,2026-03-31,20260331LTNC0,롯데,이서준,7,PR,0,0,0,0,0,0,0,0,0,0,0,0,0,0,10000032,0,0,주
2026,2026-03-31,20260331LTNC0,롯데,전민재,8,SS,2,2,0,0,0,1,0,0,0,0,0,1,0,0,2647420,0,0,유
2026,2026-03-31,20260331LTNC0,롯데,이호준,8,SS,2,2,0,0,0,2,0,0,0,0,0,0,0,0,4070532,0,0,유
2026,2026-03-31,20260331LTNC0,롯데,황성빈,9,CF,2,2,0,0,0,0,0,0,0,0,0,0,0,0,3212874,0,0,중
2026,2026-03-31,20260331LTNC0,롯데,김민성,9,PH,1,0,0,1,0,0,0,0,0,0,0,0,0,0,319585,0,0,타
2026,2026-03-31,20260331LTNC0,롯데,장두성,9,PR→CF,1,1,0,0,0,0,0,0,0,0,0,0,0,0,2966767,0,0,주중
2026,2026-03-31,20260331LTNC0,NC,김주원,1,SS,4,4,0,0,0,2,0,0,0,0,0,0,0,0,2852202,0,0,유
2026,2026-03-31,20260331LTNC0,NC,오영수,1,PH→1B,1,1,0,0,0,1,0,0,0,0,0,0,0,0,1958785,0,0,타一
2026,2026-03-31,20260331LTNC0,NC,박민우,2,2B,4,2,0,2,0,1,0,0,0,0,0,0,0,0,678905,1,0,二
2026,2026-03-31,20260331LTNC0,NC,허윤,2,PR,0,0,0,0,0,0,0,0,0,0,0,0,0,0,10000023,1,0,주
2026,2026-03-31,20260331LTNC0,NC,김한별,2,2B,1,1,0,0,0,0,0,0,0,0,0,0,0,0,3196401,0,1,二
2026,2026-03-31,20260331LTNC0,NC,데이비슨,3,DH,4,4,1,0,0,1,0,0,0,0,0,0,0,0,3747555,1,0,지
2026,2026-03-31,20260331LTNC0,NC,고준휘,3,PH,1,1,0,0,0,1,0,0,0,0,0,0,0,0,10000011,0,0,타
2026,2026-03-31,20260331LTNC0,NC,박건우,4,RF,4,3,2,1,0,0,1,0,0,0,0,0,0,0,373391,1,1,우
2026,2026-03-31,20260331LTNC0,NC,한석현,4,PR→RF,0,0,0,0,0,0,0,0,0,0,0,0,0,0,2715047,1,0,주우
2026,2026-03-31,20260331LTNC0,NC,김휘집,5,3B→SS,4,4,2,0,0,0,0,0,0,0,0,0,0,0,2851452,1,4,三유
2026,2026-03-31,20260331LTNC0,NC,김형준,6,C,4,2,1,1,1,1,0,0,0,0,0,0,0,0,1986399,1,1,포
2026,2026-03-31,20260331LTNC0,NC,김정호,6,C,0,0,0,0,0,0,0,0,0,0,0,0,0,0,4070752,0,0,포
2026,2026-03-31,20260331LTNC0,NC,서호철,7,1B,3,3,1,0,0,0,1,0,0,0,0,0,0,0,2715863,1,0,一
2026,2026-03-31,20260331LTNC0,NC,신재인,7,PH→1B,1,1,0,0,0,1,0,0,0,0,0,0,0,0,10000033,0,0,타一
2026,2026-03-31,20260331LTNC0,NC,이우성,8,LF,3,3,0,0,0,1,0,0,0,0,0,0,0,0,1116690,0,0,좌
2026,2026-03-31,20260331LTNC0,NC,천재환,8,LF,1,0,0,1,0,0,0,0,0,0,0,0,0,0,3243743,1,0,좌
2026,2026-03-31,20260331LTNC0,NC,최정원,9,CF,4,3,1,1,0,0,0,0,0,0,0,0,0,0,2697419,0,1,중
2026,2026-03-31,20260331KTHH0,KT,최원준,1,CF,5,4,1,1,0,0,1,0,0,0,0,0,0,0,1631314,2,0,중
2026,2026-03-31,20260331KTHH0,KT,배정대,1,PH→CF,1,1,0,0,0,1,0,0,0,0,0,0,0,0,1015525,0,0,타중
2026,2026-03-31,20260331KTHH0,KT,김현수,2,1B,6,4,2,2,0,1,1,0,0,0,0,0,0,0,203566,1,0,一
2026,2026-03-31,20260331KTHH0,KT,안치영,2,PR,0,0,0,0,0,0,0,0,0,0,0,0,0,0,1811867,1,0,주
2026,2026-03-31,20260331KTHH0,KT,오윤석,2,1B,0,0,0,0,0,0,0,0,0,0,0,0,0,0,1627509,0,0,一
2026,2026-03-31,20260331KTHH0,KT,안현민,3,RF,6,4,2,2,0,0,1,0,0,0,0,0,0,0,3891049,1,2,우
2026,2026-03-31,20260331KTHH0,KT,힐리어드,4,LF,6,6,1,0,0,1,0,1,0,0,0,0,0,0,10000007,1,2,좌
2026,2026-03-31,20260331KTHH0,KT,장성우,5,DH,6,5,3,0,0,0,1,0,1,0,1,0,0,0,352927,2,2,지
2026,2026-03-31,20260331KTHH0,KT,김상수,6,2B,6,3,1,2,1,0,1,0,0,0,0,0,0,0,299583,0,1,二
2026,2026-03-31,20260331KTHH0,KT,허경민,7,3B,3,2,0,0,1,1,0,0,0,0,0,0,0,0,450683,0,0,三
2026,2026-03-31,20260331KTHH0,KT,류현인,7,PR→3B,3,3,0,0,0,2,0,0,0,0,0,0,0,0,3611499,0,0,주三
2026,2026-03-31,20260331KTHH0,KT,한승택,8,C,6,3,0,2,1,3,0,0,0,0,0,0,0,0,912207,1,0,포
2026,2026-03-31,20260331KTHH0,KT,이강민,9,SS,5,5,2,0,0,1,0,0,0,0,0,0,0,0,10000008,0,0,유
2026,2026-03-31,20260331KTHH0,한화,오재원,1,CF,5,3,2,2,0,0,0,0,0,0,0,0,0,0,10000015,1,0,중
2026,2026-03-31,20260331KTHH0,한화,페라자,2,RF,5,3,1,2,0,1,1,0,0,0,0,0,0,0,3716511,0,2,우
2026,2026-03-31,20260331KTHH0,한화,문현빈,3,LF,5,4,1,1,0,1,0,0,0,0,0,0,0,0,3611452,0,0,좌
2026,2026-03-31,20260331KTHH0,한화,노시환,4,3B,5,5,0,0,0,5,0,0,0,0,0,0,0,0,2484601,0,0,三
2026,2026-03-31,20260331KTHH0,한화,강백호,5,DH,5,5,2,0,0,2,0,0,0,0,0,0,0,0,1882039,0,0,지
2026,2026-03-31,20260331KTHH0,한화,최유빈,5,PR,0,0,0,0,0,0,0,0,0,0,0,0,0,0,10000016,0,0,주
2026,2026-03-31,20260331KTHH0,한화,채은성,6,1B,5,5,1,0,0,0,0,0,0,0,0,1,0,0,730963,0,0,一
2026,2026-03-31,20260331KTHH0,한화,하주석,7,2B,4,3,1,1,0,1,0,0,0,0,0,0,0,0,675949,0,0,二
2026,2026-03-31,20260331KTHH0,한화,황영묵,7,PR→2B,0,0,0,0,0,0,0,0,0,0,0,0,0,0,3836247,1,0,주二
2026,2026-03-31,20260331KTHH0,한화,최재훈,8,C,2,2,0,0,0,1,0,0,0,0,0,0,0,0,450681,0,0,포
2026,2026-03-31,20260331KTHH0,한화,허인서,8,PH→C,2,2,1,0,0,0,0,0,1,0,0,0,0,0,3206992,1,2,타포
2026,2026-03-31,20260331KTHH0,한화,심우준,9,SS,3,3,0,0,0,0,0,0,0,0,0,0,0,0,1501462,0,0,유
2026,2026-03-31,20260331KTHH0,한화,이도윤,9,SS,1,1,0,0,0,0,0,0,0,0,0,0,0,0,1971980,1,0,유
2026,2026-04-01,20260401HTLG0,KIA,김호령,1,CF,4,4,3,0,0,0,2,0,0,0,0,0,0,0,1146368,0,0,중
2026,2026-04-01,20260401HTLG0,KIA,카스트로,2,LF,4,4,0,0,0,2,0,0,0,0,0,0,0,0,10000009,0,0,좌
2026,2026-04-01,20260401HTLG0,KIA,김도영,3,3B,3,2,0,1,0,0,0,0,0,0,0,0,0,0,3196494,0,0,三
2026,2026-04-01,20260401HTLG0,KIA,김규성,3,3B,1,0,0,1,0,0,0,0,0,0,0,0,0,0,2704538,1,0,三
2026,2026-04-01,20260401HTLG0,KIA,나성범,4,RF,4,4,1,0,0,1,0,0,0,0,0,0,0,0,678785,0,0,우
2026,2026-04-01,20260401HTLG0,KIA,박재현,4,PR,0,0,0,0,0,0,0,0,0,0,0,0,0,0,3977734,0,0,주
2026,2026-04-01,20260401HTLG0,KIA,김선빈,5,DH,4,4,0,0,0,1,0,0,0,0,0,1,0,0,222661,0,0,지
2026,2026-04-01,20260401HTLG0,KIA,윤도현,6,1B,1,1,0,0,0,1,0,0,0,0,0,0,0,0,3638750,0,0,一
2026,2026-04-01,20260401HTLG0,KIA,오선우,6,1B,3,3,1,0,0,0,0,0,1,0,0,0,0,0,2506627,1,1,一
2026,2026-04-01,20260401HTLG0,KIA,데일,7,SS,4,4,1,0,0,1,0,0,0,0,0,0,0,0,10000022,0,1,유
2026,2026-04-01,20260401HTLG0,KIA,김태군,8,C,3,3,1,0,0,0,0,0,0,0,0,0,0,0,289623,0,0,포
2026,2026-04-01,20260401HTLG0,KIA,한준수,8,PH,1,0,0,1,0,0,0,0,0,0,0,0,0,0,1797505,0,0,타
2026,2026-04-01,20260401HTLG0,KIA,박민,9,2B,2,2,0,0,0,0,0,0,0,0,0,0,0,0,2825638,0,0,二
2026,2026-04-01,20260401HTLG0,KIA,정현창,9,PH→2B,2,2,0,0,0,1,0,0,0,0,0,0,0,0,4063300,0,0,타二
2026,2026-04-01,20260401HTLG0,LG,홍창기,1,RF,5,5,1,0,0,1,1,0,0,0,0,0,0,0,1607303,1,1,우
2026,2026-04-01,20260401HTLG0,LG,신민재,2,2B,5,2,1,3,0,1,0,0,0,0,0,0,0,0,2484309,2,0,二
2026,2026-04-01,20260401HTLG0,LG,오스틴,3,1B,5,3,1,1,0,1,0,0,0,0,1,0,0,0,3333938,1,1,一
2026,2026-04-01,20260401HTLG0,LG,이주헌,3,C,0,0,0,0,0,0,0,0,0,0,0,0,0,0,3890122,0,0,포
2026,2026-04-01,20260401HTLG0,LG,박동원,4,C,5,3,1,2,0,0,1,0,0,0,0,0,0,0,468477,1,2,포
2026,2026-04-01,20260401HTLG0,LG,이영빈,4,PR→1B,0,0,0,0,0,0,0,0,0,0,0,0,0,0,2852445,0,0,주一
2026,2026-04-01,20260401HTLG0,LG,문성주,5,LF,5,3,2,2,0,0,1,0,0,0,0,0,0,0,1983121,0,1,좌
2026,2026-04-01,20260401HTLG0,LG,오지환,6,SS,5,4,0,0,1,1,0,0,0,0,0,0,0,0,273675,0,1,유
2026,2026-04-01,20260401HTLG0,LG,구본혁,7,3B,5,5,1,0,0,0,0,0,0,0,0,0,0,0,2522898,0,1,三
2026,2026-04-01,20260401HTLG0,LG,이재원,8,DH,3,2,0,1,0,1,0,0,0,0,0,0,0,0,2600568,0,0,지
2026,2026-04-01,20260401HTLG0,LG,천성호,8,PR→DH,1,1,1,0,0,0,1,0,0,0,0,0,0,0,2717987,1,0,주지
2026,2026-04-01,20260401HTLG0,LG,최원영,8,PR,0,0,0,0,0,0,0,0,0,0,0,0,0,0,3806394,1,0,주
2026,2026-04-01,20260401HTLG0,LG,박해민,9,CF,4,3,0,0,0,0,0,0,0,1,0,0,0,0,844422,0,0,중
2026,2026-04-01,20260401WOSK0,키움,브룩스,1,1B,6,6,2,0,0,0,1,0,0,0,0,0,0,0,10000012,3,1,一
2026,2026-04-01,20260401WOSK0,키움,이주형,2,CF,6,6,3,0,0,1,3,0,0,0,0,0,0,0,2951426,3,3,중
2026,2026-04-01,20260401WOSK0,키움,박수종,2,CF,0,0,0,0,0,0,0,0,0,0,0,0,0,0,3663057,0,0,중
2026,2026-04-01,20260401WOSK0,키움,안치홍,3,DH,6,5,2,1,0,1,1,0,0,0,0,0,0,0,247494,2,2,지
2026,2026-04-01,20260401WOSK0,키움,김건희,4,C,6,5,2,1,0,1,1,0,0,0,0,0,0,0,3612591,0,1,포
2026,2026-04-01,20260401WOSK0,키움,추재현,5,RF,5,5,1,0,0,1,0,0,0,0,0,1,0,0,2490927,1,1,우
2026,2026-04-01,20260401WOSK0,키움,박찬혁,6,LF,5,5,3,0,0,0,0,0,0,0,0,0,0,0,3196410,1,0,좌
2026,2026-04-01,20260401WOSK0,키움,어준서,7,SS,5,3,2,1,1,0,0,0,0,0,0,0,0,0,3976950,1,0,유
2026,2026-04-01,20260401WOSK0,키움,박한결,8,2B,5,4,0,1,0,1,0,0,0,0,0,0,0,0,10000014,0,0,二
2026,2026-04-01,20260401WOSK0,키움,최재영,9,3B,4,3,0,1,0,2,0,0,0,0,0,0,0,0,10000013,0,0,三
2026,2026-04-01,20260401WOSK0,키움,임지열,9,PH,1,1,0,0,0,1,0,0,0,0,0,0,0,0,1004270,0,0,타
2026,2026-04-01,20260401WOSK0,키움,오선진,9,3B,0,0,0,0,0,0,0,0,0,0,0,0,0,0,308768,0,0,三
2026,2026-04-01,20260401WOSK0,SSG,박성한,1,SS,4,4,2,0,0,0,1,0,0,0,0,0,0,0,1838428,0,0,유
2026,2026-04-01,20260401WOSK0,SSG,안상현,1,PH,1,1,1,0,0,0,0,0,0,0,0,0,0,0,2020561,0,1,타
2026,2026-04-01,20260401WOSK0,SSG,에레디아,2,LF,4,4,1,0,0,0,0,0,0,0,0,0,0,0,3329386,0,0,좌
2026,2026-04-01,20260401WOSK0,SSG,임근우,2,PH,1,1,0,0,0,0,0,0,0,0,0,0,0,0,4090099,0,0,타
2026,2026-04-01,20260401WOSK0,SSG,최정,3,3B,4,4,1,0,0,1,0,0,0,0,0,0,0,0,74405,0,0,三
2026,2026-04-01,20260401WOSK0,SSG,홍대인,3,PH,1,1,0,0,0,0,0,0,0,0,0,0,0,0,4071361,0,0,타
2026,2026-04-01,20260401WOSK0,SSG,김재환,4,DH,4,2,0,2,0,0,0,0,0,0,0,0,0,0,450679,1,0,지
2026,2026-04-01,20260401WOSK0,SSG,고명준,5,1B,4,3,1,1,0,1,0,0,0,0,0,0,0,0,2966322,0,0,一
2026,2026-04-01,20260401WOSK0,SSG,한유섬,6,RF,4,3,0,1,0,1,0,0,0,0,0,0,0,0,792323,0,0,우
2026,2026-04-01,20260401WOSK0,SSG,채현우,6,PR,0,0,0,0,0,0,0,0,0,0,0,0,0,0,2527084,1,0,주
2026,2026-04-01,20260401WOSK0,SSG,최지훈,7,CF,3,3,0,0,0,1,0,0,0,0,0,1,0,0,2698101,0,0,중
2026,2026-04-01,20260401WOSK0,SSG,오태곤,7,PH,1,1,0,0,0,1,0,0,0,0,0,0,0,0,510675,0,0,타
2026,2026-04-01,20260401WOSK0,SSG,조형우,8,C,3,3,1,0,0,0,0,0,0,0,0,0,0,0,3234622,0,0,포
2026,2026-04-01,20260401WOSK0,SSG,이지영,8,PH,1,1,1,0,0,0,1,0,0,0,0,0,0,0,289476,0,0,타
2026,2026-04-01,20260401WOSK0,SSG,정준재,9,2B,3,3,0,0,0,1,0,0,0,0,0,0,0,0,3839080,0,0,二
2026,2026-04-01,20260401WOSK0,SSG,김성욱,9,PH,1,0,0,1,0,0,0,0,0,0,0,0,0,0,678893,0,0,타
2026,2026-04-01,20260401OBSS0,두산,박찬호,1,SS,4,4,1,0,0,2,0,0,0,0,0,0,0,0,1138034,0,1,유
2026,2026-04-01,20260401OBSS0,두산,조수행,1,CF,0,0,0,0,0,0,0,0,0,0,0,0,0,0,1608621,0,0,중
2026,2026-04-01,20260401OBSS0,두산,정수빈,2,CF,3,3,2,0,0,0,0,0,0,0,0,0,0,0,323457,0,0,중
2026,2026-04-01,20260401OBSS0,두산,이유찬,2,SS,1,1,0,0,0,0,0,0,0,0,0,0,0,0,1962778,0,0,유
2026,2026-04-01,20260401OBSS0,두산,카메론,3,DH,4,4,0,0,0,1,0,0,0,0,0,0,0,0,10000010,0,0,지
2026,2026-04-01,20260401OBSS0,두산,양의지,4,C,3,3,1,0,0,0,0,0,0,0,0,0,0,0,450095,0,0,포
2026,2026-04-01,20260401OBSS0,두산,윤준호,4,C,1,1,0,0,0,0,0,0,0,0,0,0,0,0,3891756,0,0,포
2026,2026-04-01,20260401OBSS0,두산,양석환,5,1B,3,3,0,0,0,0,0,0,0,0,0,0,0,0,1035495,0,0,一
2026,2026-04-01,20260401OBSS0,두산,오명진,5,1B,1,1,0,0,0,0,0,0,0,0,0,0,0,0,2745405,0,0,一
2026,2026-04-01,20260401OBSS0,두산,안재석,6,3B,3,2,0,1,0,0,0,0,0,0,0,0,0,0,2851314,1,0,三
2026,2026-04-01,20260401OBSS0,두산,김인태,6,PH,1,1,1,0,0,0,0,0,1,0,0,0,0,0,864844,1,1,타
2026,2026-04-01,20260401OBSS0,두산,강승호,7,2B,3,3,1,0,0,1,0,0,0,0,0,0,0,0,873434,0,0,二
2026,2026-04-01,20260401OBSS0,두산,박준순,7,2B,1,1,0,0,0,0,0,0,0,0,0,0,0,0,3988775,0,0,二
2026,2026-04-01,20260401OBSS0,두산,김민석,8,LF,4,4,0,0,0,0,0,0,0,0,0,0,0,0,3611562,1,0,좌
2026,2026-04-01,20260401OBSS0,두산,박지훈,9,RF,3,3,1,0,0,0,0,0,0,0,0,0,0,0,2736212,0,1,우
2026,2026-04-01,20260401OBSS0,삼성,김지찬,1,CF,5,3,1,1,1,0,0,1,0,0,0,0,0,0,2697432,3,2,중
2026,2026-04-01,20260401OBSS0,삼성,김헌곤,1,RF,0,0,0,0,0,0,0,0,0,0,0,0,0,0,588813,0,0,우
2026,2026-04-01,20260401OBSS0,삼성,김성윤,2,RF→CF,5,5,4,0,0,0,2,1,0,0,0,0,0,0,1786762,3,4,우중
2026,2026-04-01,20260401OBSS0,삼성,구자욱,3,LF,4,3,1,0,0,1,0,0,1,0,1,0,0,0,844051,1,3,좌
2026,2026-04-01,20260401OBSS0,삼성,함수호,3,PH→LF,1,1,0,0,0,1,0,0,0,0,0,0,0,0,4070424,0,0,타좌
2026,2026-04-01,20260401OBSS0,삼성,디아즈,4,1B,5,4,3,0,0,0,0,0,0,0,1,0,0,0,3869434,2,1,一
2026,2026-04-01,20260401OBSS0,삼성,최형우,5,DH,5,5,1,0,0,1,0,0,0,0,0,1,0,0,223389,1,0,지
2026,2026-04-01,20260401OBSS0,삼성,류지혁,6,2B,4,2,1,2,0,0,0,0,0,0,0,0,0,0,793973,1,2,二
2026,2026-04-01,20260401OBSS0,삼성,양우현,6,2B,1,0,0,1,0,0,0,0,0,0,0,0,0,0,2575182,0,0,二
2026,2026-04-01,20260401OBSS0,삼성,김영웅,7,3B,5,5,2,0,0,0,1,0,0,0,0,0,0,0,3283321,0,1,三
2026,2026-04-01,20260401OBSS0,삼성,강민호,8,C,4,4,0,0,0,1,0,0,0,0,0,0,0,0,149157,0,0,포
2026,2026-04-01,20260401OBSS0,삼성,이재현,9,SS,4,3,0,1,0,0,0,0,0,0,0,0,0,0,3196393,2,0,유
2026,2026-04-01,20260401OBSS0,삼성,이해승,9,SS,0,0,0,0,0,0,0,0,0,0,0,0,0,0,3227761,0,0,유
2026,2026-04-01,20260401LTNC0,롯데,황성빈,1,CF,4,3,0,0,0,1,0,0,0,1,0,0,0,0,3212874,0,0,중
2026,2026-04-01,20260401LTNC0,롯데,장두성,1,CF,1,1,0,0,0,0,0,0,0,0,0,0,0,0,2966767,0,0,중
2026,2026-04-01,20260401LTNC0,롯데,신윤후,1,CF,0,0,0,0,0,0,0,0,0,0,0,0,0,0,2513790,0,0,중
2026,2026-04-01,20260401LTNC0,롯데,레이예스,2,LF,5,4,1,1,0,1,0,0,1,0,0,0,0,0,3730363,1,1,좌
2026,2026-04-01,20260401LTNC0,롯데,윤동희,3,RF,5,5,1,0,0,0,0,0,1,0,0,0,0,0,3227755,1,1,우
2026,2026-04-01,20260401LTNC0,롯데,전준우,4,DH,5,4,0,1,0,1,0,0,0,0,0,0,0,0,247282,1,0,지
2026,2026-04-01,20260401LTNC0,롯데,노진혁,5,1B,4,2,0,2,0,0,0,0,0,0,0,0,0,0,678900,0,0,一
2026,2026-04-01,20260401LTNC0,롯데,박승욱,5,1B,0,0,0,0,0,0,0,0,0,0,0,0,0,0,792296,0,0,一
2026,2026-04-01,20260401LTNC0,롯데,손호영,6,3B,4,3,1,1,0,0,0,0,0,0,0,0,0,0,2699438,1,0,三
2026,2026-04-01,20260401LTNC0,롯데,유강남,7,C,3,2,2,0,0,0,0,0,0,0,1,0,0,0,588862,0,1,포
2026,2026-04-01,20260401LTNC0,롯데,손성빈,7,C,1,0,0,0,0,0,0,0,0,1,0,0,0,0,2852561,0,0,포
2026,2026-04-01,20260401LTNC0,롯데,한태양,8,2B,4,4,1,0,0,2,0,0,0,0,0,0,0,0,3224552,0,0,二
2026,2026-04-01,20260401LTNC0,롯데,전민재,9,SS,4,3,2,1,0,0,0,0,0,0,0,0,0,0,2647420,0,1,유
2026,2026-04-01,20260401LTNC0,NC,김주원,1,SS,5,5,0,0,0,0,0,0,0,0,0,0,0,0,2852202,0,0,유
2026,2026-04-01,20260401LTNC0,NC,박민우,2,2B,5,5,3,0,0,0,1,0,1,0,0,0,0,0,678905,2,2,二
2026,2026-04-01,20260401LTNC0,NC,데이비슨,3,DH,5,4,1,1,0,2,0,0,0,0,0,0,0,0,3747555,0,0,지
2026,2026-04-01,20260401LTNC0,NC,허윤,3,PR,0,0,0,0,0,0,0,0,0,0,0,0,0,0,10000023,0,0,주
2026,2026-04-01,20260401LTNC0,NC,박건우,4,RF,5,4,0,1,0,1,0,0,0,0,0,0,0,1,373391,0,0,우
2026,2026-04-01,20260401LTNC0,NC,김휘집,5,3B,5,3,2,2,0,1,1,0,0,0,0,0,0,0,2851452,1,1,三
2026,2026-04-01,20260401LTNC0,NC,김형준,6,C,4,4,1,0,0,1,0,0,0,0,0,0,0,0,1986399,0,0,포
2026,2026-04-01,20260401LTNC0,NC,서호철,7,1B,2,2,0,0,0,1,0,0,0,0,0,0,0,0,2715863,0,0,一
2026,2026-04-01,20260401LTNC0,NC,신재인,7,1B,2,2,1,0,0,1,0,0,1,0,0,0,0,0,10000033,1,2,一
2026,2026-04-01,20260401LTNC0,NC,이우성,8,LF,4,3,2,1,0,0,0,0,0,0,0,0,0,0,1116690,1,0,좌
2026,2026-04-01,20260401LTNC0,NC,최정원,9,CF,2,1,1,0,0,0,0,0,0,1,0,0,0,0,2697419,0,0,중
2026,2026-04-01,20260401LTNC0,NC,오영수,9,PH,1,1,0,0,0,1,0,0,0,0,0,0,0,0,1958785,0,0,타
2026,2026-04-01,20260401LTNC0,NC,천재환,9,CF,1,1,0,0,0,0,0,0,0,0,0,0,0,0,3243743,0,0,중
2026,2026-04-01,20260401KTHH0,KT,최원준,1,CF,6,5,3,1,0,0,2,0,0,0,0,0,0,0,1631314,3,5,중
2026,2026-04-01,20260401KTHH0,KT,김현수,2,1B,6,6,3,0,0,0,1,0,0,0,0,0,0,0,203566,1,4,一
2026,2026-04-01,20260401KTHH0,KT,안현민,3,RF,6,5,2,1,0,1,0,0,1,0,0,1,0,0,3891049,1,2,우
2026,2026-04-01,20260401KTHH0,KT,힐리어드,4,LF,5,5,2,0,0,2,1,0,0,0,0,0,0,0,10000007,1,1,좌
2026,2026-04-01,20260401KTHH0,KT,장성우,5,DH→C,5,5,0,0,0,1,0,0,0,0,0,0,0,0,352927,0,0,지포
2026,2026-04-01,20260401KTHH0,KT,김상수,6,2B,5,5,0,0,0,2,0,0,0,0,0,0,0,0,299583,0,0,二
2026,2026-04-01,20260401KTHH0,KT,오윤석,7,3B,5,4,3,1,0,0,0,0,0,0,0,0,0,0,1627509,3,1,三
2026,2026-04-01,20260401KTHH0,KT,한승택,8,C,2,2,0,0,0,1,0,0,0,0,0,0,0,0,912207,0,0,포
2026,2026-04-01,20260401KTHH0,KT,이정훈,8,PH,1,0,0,1,0,0,0,0,0,0,0,0,0,0,1757008,0,0,타
2026,2026-04-01,20260401KTHH0,KT,권동진,8,PR→SS,2,1,1,1,0,0,0,0,0,0,0,0,0,0,2852168,3,0,주유
2026,2026-04-01,20260401KTHH0,KT,이강민,9,SS,2,2,0,0,0,1,0,0,0,0,0,0,0,0,10000008,0,0,유
2026,2026-04-01,20260401KTHH0,KT,류현인,9,PH,1,0,0,1,0,0,0,0,0,0,0,0,0,0,3611499,1,0,타
2026,2026-04-01,20260401KTHH0,KT,조대현,9,C,1,0,0,1,0,0,0,0,0,0,0,0,0,0,3234934,1,0,포
2026,2026-04-01,20260401KTHH0,KT,우규민,9,P,0,0,0,0,0,0,0,0,0,0,0,0,0,0,236907,0,0,투
2026,2026-04-01,20260401KTHH0,KT,박영현,9,P,0,0,0,0,0,0,0,0,0,0,0,0,0,0,3198300,0,0,투
2026,2026-04-01,20260401KTHH0,KT,배정대,9,PH,1,1,0,0,0,1,0,0,0,0,0,0,0,0,1015525,0,0,타
2026,2026-04-01,20260401KTHH0,KT,김민수,9,P,0,0,0,0,0,0,0,0,0,0,0,0,0,0,1501530,0,0,투
2026,2026-04-01,20260401KTHH0,한화,오재원,1,CF,6,6,2,0,0,1,1,0,0,0,0,0,0,0,10000015,0,0,중
2026,2026-04-01,20260401KTHH0,한화,페라자,2,RF,6,4,1,2,0,2,0,0,0,0,0,0,0,0,3716511,2,0,우
2026,2026-04-01,20260401KTHH0,한화,문현빈,3,LF,6,5,2,1,0,0,1,0,1,0,0,0,0,0,3611452,2,2,좌
2026,2026-04-01,20260401KTHH0,한화,노시환,4,3B,6,5,1,1,0,2,0,0,0,0,0,0,0,0,2484601,1,0,三
2026,2026-04-01,20260401KTHH0,한화,강백호,5,DH,6,6,1,0,0,2,0,0,0,0,0,0,0,0,1882039,2,2,지
2026,2026-04-01,20260401KTHH0,한화,채은성,6,1B,6,5,2,0,1,1,0,0,0,0,0,0,0,0,730963,1,1,一
2026,2026-04-01,20260401KTHH0,한화,하주석,7,2B,6,6,3,0,0,1,0,0,0,0,0,0,0,0,675949,2,0,二
2026,2026-04-01,20260401KTHH0,한화,최재훈,8,C,3,1,0,0,1,1,0,0,0,1,0,0,0,0,450681,0,0,포
2026,2026-04-01,20260401KTHH0,한화,허인서,8,PH→C,2,0,0,1,0,0,0,0,0,0,1,0,0,0,3206992,0,1,타포
2026,2026-04-01,20260401KTHH0,한화,심우준,9,SS,5,4,2,1,0,1,0,0,1,0,0,0,0,0,1501462,1,5,유
2026,2026-04-02,20260402HTLG0,KIA,김호령,1,CF,4,4,0,0,0,0,0,0,0,0,0,0,0,0,1146368,0,0,중
2026,2026-04-02,20260402HTLG0,KIA,카스트로,2,LF,4,4,0,0,0,1,0,0,0,0,0,0,0,0,10000009,0,0,좌
2026,2026-04-02,20260402HTLG0,KIA,김도영,3,DH,4,4,1,0,0,0,0,0,0,0,0,0,0,0,3196494,0,0,지
2026,2026-04-02,20260402HTLG0,KIA,나성범,4,RF,4,4,1,0,0,1,0,0,0,0,0,0,0,0,678785,0,0,우
2026,2026-04-02,20260402HTLG0,KIA,박정우,4,RF,0,0,0,0,0,0,0,0,0,0,0,0,0,0,2966764,0,0,우
2026,2026-04-02,20260402HTLG0,KIA,김선빈,5,2B,4,3,1,1,0,0,1,0,0,0,0,0,0,0,222661,0,0,二
2026,2026-04-02,20260402HTLG0,KIA,박재현,5,PR,0,0,0,0,0,0,0,0,0,0,0,0,0,0,3977734,0,0,주
2026,2026-04-02,20260402HTLG0,KIA,오선우,6,1B,4,4,0,0,0,2,0,0,0,0,0,0,0,0,2506627,0,0,一
2026,2026-04-02,20260402HTLG0,KIA,데일,7,SS,4,3,1,1,0,0,0,0,0,0,0,0,0,0,10000022,1,0,유
2026,2026-04-02,20260402HTLG0,KIA,김규성,7,PR,0,0,0,0,0,0,0,0,0,0,0,0,0,0,2704538,0,0,주
2026,2026-04-02,20260402HTLG0,KIA,김태군,8,C,2,2,1,0,0,0,0,0,0,0,0,0,0,0,289623,0,0,포
2026,2026-04-02,20260402HTLG0,KIA,한준수,8,C,2,2,0,0,0,0,0,0,0,0,0,0,0,0,1797505,0,0,포
2026,2026-04-02,20260402HTLG0,KIA,박민,9,3B,4,4,2,0,0,0,0,0,0,0,0,0,0,0,2825638,0,1,三
2026,2026-04-02,20260402HTLG0,LG,홍창기,1,RF,4,4,0,0,0,2,0,0,0,0,0,0,0,0,1607303,0,0,우
2026,2026-04-02,20260402HTLG0,LG,신민재,2,2B,4,4,0,0,0,1,0,0,0,0,0,0,0,0,2484309,0,0,二
2026,2026-04-02,20260402HTLG0,LG,오스틴,3,1B,4,3,0,1,0,0,0,0,0,0,0,0,0,0,3333938,0,0,一
2026,2026-04-02,20260402HTLG0,LG,문보경,4,DH,4,4,1,0,0,0,0,0,0,0,0,0,0,0,2966754,1,0,지
2026,2026-04-02,20260402HTLG0,LG,박동원,5,C,4,2,0,2,0,0,0,0,0,0,0,0,0,0,468477,1,0,포
2026,2026-04-02,20260402HTLG0,LG,문성주,6,LF,4,3,2,1,0,0,0,0,0,0,0,0,0,1,1983121,0,0,좌
2026,2026-04-02,20260402HTLG0,LG,천성호,7,3B,4,3,1,1,0,0,0,0,0,0,0,0,0,0,2717987,0,1,三
2026,2026-04-02,20260402HTLG0,LG,구본혁,8,SS,3,3,0,0,0,1,0,0,0,0,0,0,0,0,2522898,0,1,유
2026,2026-04-02,20260402HTLG0,LG,박해민,9,CF,3,3,1,0,0,1,0,0,0,0,0,0,0,0,844422,0,0,중
2026,2026-04-02,20260402WOSK0,키움,브룩스,1,LF→1B,5,4,1,1,0,2,1,0,0,0,0,0,0,0,10000012,0,0,좌一
2026,2026-04-02,20260402WOSK0,키움,이주형,2,CF,4,3,0,0,1,0,0,0,0,0,0,0,0,0,2951426,0,0,중
2026,2026-04-02,20260402WOSK0,키움,박수종,2,CF,0,0,0,0,0,0,0,0,0,0,0,0,0,0,3663057,0,0,중
2026,2026-04-02,20260402WOSK0,키움,안치홍,3,DH,4,4,0,0,0,2,0,0,0,0,0,1,0,0,247494,0,0,지
2026,2026-04-02,20260402WOSK0,키움,최주환,4,1B,4,4,1,0,0,1,1,0,0,0,0,0,0,0,450682,0,0,一
2026,2026-04-02,20260402WOSK0,키움,김재현,4,C,0,0,0,0,0,0,0,0,0,0,0,0,0,0,715619,0,0,포
2026,2026-04-02,20260402WOSK0,키움,김건희,5,C,3,2,0,1,0,2,0,0,0,0,0,0,0,0,3612591,0,0,포
2026,2026-04-02,20260402WOSK0,키움,임지열,5,LF,1,1,0,0,0,0,0,0,0,0,0,0,0,0,1004270,0,0,좌
2026,2026-04-02,20260402WOSK0,키움,박찬혁,6,RF,4,3,2,1,0,1,0,0,0,0,0,0,0,0,3196410,0,0,우
2026,2026-04-02,20260402WOSK0,키움,어준서,7,SS,4,3,1,1,0,0,0,0,0,0,0,0,0,0,3976950,1,0,유
2026,2026-04-02,20260402WOSK0,키움,박한결,8,2B,4,4,1,0,0,1,0,0,0,0,0,0,0,0,10000014,0,0,二
2026,2026-04-02,20260402WOSK0,키움,최재영,9,3B,2,2,0,0,0,0,0,0,0,0,0,1,0,0,10000013,0,0,三
2026,2026-04-02,20260402WOSK0,키움,이형종,9,PH,1,1,0,0,0,0,0,0,0,0,0,0,0,0,424743,0,0,타
2026,2026-04-02,20260402WOSK0,키움,오선진,9,3B,1,1,1,0,0,0,0,0,0,0,0,0,0,0,308768,0,1,三
2026,2026-04-02,20260402WOSK0,SSG,박성한,1,SS,4,3,3,1,0,0,2,0,0,0,0,0,0,0,1838428,3,2,유
2026,2026-04-02,20260402WOSK0,SSG,채현우,1,PH→RF,1,1,1,0,0,0,0,0,0,0,0,0,0,0,2527084,0,0,타우
2026,2026-04-02,20260402WOSK0,SSG,에레디아,2,LF,4,4,2,0,0,1,0,0,0,0,0,0,0,0,3329386,0,3,좌
2026,2026-04-02,20260402WOSK0,SSG,오태곤,2,LF,1,1,0,0,0,1,0,0,0,0,0,0,0,0,510675,0,0,좌
2026,2026-04-02,20260402WOSK0,SSG,최정,3,3B,4,3,1,1,0,0,0,0,1,0,0,0,0,0,74405,2,2,三
2026,2026-04-02,20260402WOSK0,SSG,정준재,3,2B,1,1,0,0,0,0,0,0,0,0,0,0,0,0,3839080,0,0,二
2026,2026-04-02,20260402WOSK0,SSG,김재환,4,DH,4,4,0,0,0,0,0,0,0,0,0,1,0,0,450679,0,0,지
2026,2026-04-02,20260402WOSK0,SSG,고명준,5,1B,4,4,2,0,0,1,0,0,0,0,0,0,0,0,2966322,1,2,一
2026,2026-04-02,20260402WOSK0,SSG,한유섬,6,RF,4,4,1,0,0,0,0,0,0,0,0,0,0,0,792323,1,0,우
2026,2026-04-02,20260402WOSK0,SSG,김성욱,6,RF→CF,0,0,0,0,0,0,0,0,0,0,0,0,0,0,678893,0,0,우중
2026,2026-04-02,20260402WOSK0,SSG,안상현,7,2B→3B,4,3,1,0,0,0,0,0,0,1,0,0,0,0,2020561,1,0,二三
2026,2026-04-02,20260402WOSK0,SSG,최지훈,8,CF,4,4,1,0,0,1,0,0,1,0,0,0,0,0,2698101,1,2,중
2026,2026-04-02,20260402WOSK0,SSG,홍대인,8,3B,0,0,0,0,0,0,0,0,0,0,0,0,0,0,4071361,0,0,三
2026,2026-04-02,20260402WOSK0,SSG,이지영,9,C,4,2,0,2,0,0,0,0,0,0,0,0,0,0,289476,2,0,포
2026,2026-04-02,20260402OBSS0,두산,박찬호,1,SS,4,4,0,0,0,0,0,0,0,0,0,0,0,0,1138034,0,0,유
2026,2026-04-02,20260402OBSS0,두산,정수빈,2,CF,4,4,1,0,0,2,0,0,0,0,0,0,0,0,323457,0,0,중
2026,2026-04-02,20260402OBSS0,두산,양석환,3,1B,4,4,0,0,0,0,0,0,0,0,0,0,0,0,1035495,0,0,一
2026,2026-04-02,20260402OBSS0,두산,양의지,4,C,4,3,0,0,1,0,0,0,0,0,0,0,0,0,450095,1,0,포
2026,2026-04-02,20260402OBSS0,두산,카메론,5,DH,4,4,2,0,0,1,1,0,0,0,0,0,0,0,10000010,0,0,지
2026,2026-04-02,20260402OBSS0,두산,안재석,6,3B,4,3,1,1,0,1,0,0,1,0,0,0,0,0,2851314,1,1,三
2026,2026-04-02,20260402OBSS0,두산,강승호,7,2B,3,3,0,0,0,2,0,0,0,0,0,0,0,0,873434,0,0,二
2026,2026-04-02,20260402OBSS0,두산,오명진,7,PH,1,1,0,0,0,1,0,0,0,0,0,0,0,0,2745405,0,0,타
2026,2026-04-02,20260402OBSS0,두산,이유찬,8,LF,3,2,0,1,0,1,0,0,0,0,0,0,0,0,1962778,0,1,좌
2026,2026-04-02,20260402OBSS0,두산,박지훈,9,RF,2,2,0,0,0,0,0,0,0,0,0,0,0,0,2736212,0,0,우
2026,2026-04-02,20260402OBSS0,두산,김인태,9,PH,1,1,0,0,0,0,0,0,0,0,0,0,0,0,864844,0,0,타
2026,2026-04-02,20260402OBSS0,두산,조수행,9,RF,0,0,0,0,0,0,0,0,0,0,0,0,0,0,1608621,0,0,우
2026,2026-04-02,20260402OBSS0,삼성,김지찬,1,CF,4,2,0,2,0,2,0,0,0,0,0,0,0,0,2697432,1,0,중
2026,2026-04-02,20260402OBSS0,삼성,김성윤,2,RF,4,4,2,0,0,0,0,0,0,0,0,0,0,0,1786762,1,0,우
2026,2026-04-02,20260402OBSS0,삼성,구자욱,3,DH,4,4,1,0,0,1,0,0,0,0,0,0,0,0,844051,1,1,지
2026,2026-04-02,20260402OBSS0,삼성,디아즈,4,1B,4,3,1,1,0,0,0,0,0,0,0,0,0,0,3869434,1,0,一
2026,2026-04-02,20260402OBSS0,삼성,최형우,5,LF,4,2,1,1,0,0,0,0,0,0,1,1,0,0,223389,0,1,좌
2026,2026-04-02,20260402OBSS0,삼성,김헌곤,5,LF,0,0,0,0,0,0,0,0,0,0,0,0,0,0,588813,0,0,좌
2026,2026-04-02,20260402OBSS0,삼성,류지혁,6,2B,4,3,1,1,0,1,0,0,1,0,0,0,0,0,793973,1,2,二
2026,2026-04-02,20260402OBSS0,삼성,김영웅,7,3B,4,4,0,0,0,1,0,0,0,0,0,0,0,0,3283321,0,0,三
2026,2026-04-02,20260402OBSS0,삼성,이재현,8,SS,4,4,0,0,0,0,0,0,0,0,0,0,0,0,3196393,0,0,유
2026,2026-04-02,20260402OBSS0,삼성,박세혁,9,C,3,3,0,0,0,1,0,0,0,0,0,0,0,0,836256,0,0,포
2026,2026-04-02,20260402LTNC0,롯데,레이예스,1,RF,4,4,1,0,0,0,0,0,0,0,0,0,0,0,3730363,1,1,우
2026,2026-04-02,20260402LTNC0,롯데,노진혁,2,1B,4,3,2,1,0,0,1,0,1,0,0,0,0,0,678900,1,1,一
2026,2026-04-02,20260402LTNC0,롯데,윤동희,3,CF,4,4,1,0,0,1,0,0,0,0,0,0,0,0,3227755,0,0,중
2026,2026-04-02,20260402LTNC0,롯데,전준우,4,LF,4,3,0,0,0,0,0,0,0,0,1,0,0,0,247282,0,1,좌
2026,2026-04-02,20260402LTNC0,롯데,손호영,5,3B,4,3,1,1,0,0,0,0,0,0,0,0,0,0,2699438,1,0,三
2026,2026-04-02,20260402LTNC0,롯데,한동희,6,DH,4,4,0,0,0,2,0,0,0,0,0,1,0,0,1797510,0,0,지
2026,2026-04-02,20260402LTNC0,롯데,유강남,7,C,4,4,1,0,0,0,0,0,0,0,0,0,0,0,588862,0,1,포
2026,2026-04-02,20260402LTNC0,롯데,한태양,8,2B,3,1,0,1,1,0,0,0,0,0,0,0,0,0,3224552,1,0,二
2026,2026-04-02,20260402LTNC0,롯데,황성빈,8,PR,0,0,0,0,0,0,0,0,0,0,0,0,0,0,3212874,0,0,주
2026,2026-04-02,20260402LTNC0,롯데,박승욱,8,2B,1,1,0,0,0,0,0,0,0,0,0,0,0,0,792296,0,0,二
2026,2026-04-02,20260402LTNC0,롯데,전민재,9,SS,2,1,0,0,0,1,0,0,0,1,0,0,0,0,2647420,0,0,유
2026,2026-04-02,20260402LTNC0,롯데,김민성,9,PH,1,1,0,0,0,0,0,0,0,0,0,0,0,0,319585,0,0,타
2026,2026-04-02,20260402LTNC0,롯데,이호준,9,SS,0,0,0,0,0,0,0,0,0,0,0,0,0,0,4070532,0,0,유
2026,2026-04-02,20260402LTNC0,NC,김주원,1,SS,5,5,1,0,0,1,0,0,0,0,0,0,0,0,2852202,1,0,유
2026,2026-04-02,20260402LTNC0,NC,박민우,2,2B,5,5,2,0,0,1,0,0,0,0,0,0,0,0,678905,1,1,二
2026,2026-04-02,20260402LTNC0,NC,데이비슨,3,1B,4,3,1,1,0,1,0,0,0,0,0,0,0,0,3747555,1,1,一
2026,2026-04-02,20260402LTNC0,NC,서호철,3,PR→1B,0,0,0,0,0,0,0,0,0,0,0,0,0,0,2715863,1,0,주一
2026,2026-04-02,20260402LTNC0,NC,박건우,4,DH,4,2,1,2,0,1,1,0,0,0,0,0,0,0,373391,1,2,지
2026,2026-04-02,20260402LTNC0,NC,김휘집,5,3B,4,4,1,0,0,0,0,0,0,0,0,0,0,0,2851452,1,1,三
2026,2026-04-02,20260402LTNC0,NC,김형준,6,C,4,4,0,0,0,3,0,0,0,0,0,0,0,0,1986399,0,0,포
2026,2026-04-02,20260402LTNC0,NC,이우성,7,LF,3,3,1,0,0,0,0,0,0,0,0,0,0,0,1116690,0,0,좌
2026,2026-04-02,20260402LTNC0,NC,허윤,7,PR,0,0,0,0,0,0,0,0,0,0,0,0,0,0,10000023,0,0,주
2026,2026-04-02,20260402LTNC0,NC,한석현,7,RF,1,1,1,0,0,0,1,0,0,0,0,0,0,0,2715047,0,2,우
2026,2026-04-02,20260402LTNC0,NC,천재환,8,RF→LF,4,3,0,1,0,0,0,0,0,0,0,0,0,0,3243743,1,0,우좌
2026,2026-04-02,20260402LTNC0,NC,최정원,9,CF,4,3,2,1,0,0,0,0,0,0,0,0,0,0,2697419,1,0,중
2026,2026-04-02,20260402KTHH0,KT,최원준,1,CF,7,6,4,1,0,2,1,1,0,0,0,0,0,0,1631314,1,0,중
2026,2026-04-02,20260402KTHH0,KT,김현수,2,DH,5,5,2,0,0,0,1,0,0,0,0,0,0,0,203566,2,1,지
2026,2026-04-02,20260402KTHH0,KT,배정대,2,PH→DH,2,1,0,1,0,0,0,0,0,0,0,0,0,0,1015525,0,0,타지
2026,2026-04-02,20260402KTHH0,KT,안현민,3,RF,5,5,2,0,0,0,0,0,0,0,0,0,0,0,3891049,2,2,우
2026,2026-04-02,20260402KTHH0,KT,장진혁,3,PR→RF,1,1,0,0,0,1,0,0,0,0,0,0,0,0,1945252,1,0,주우
2026,2026-04-02,20260402KTHH0,KT,힐리어드,4,LF,6,3,0,3,0,2,0,0,0,0,0,0,0,0,10000007,2,0,좌
2026,2026-04-02,20260402KTHH0,KT,장성우,5,C,6,5,2,1,0,3,0,0,2,0,0,0,0,0,352927,3,6,포
2026,2026-04-02,20260402KTHH0,KT,오윤석,6,1B,6,6,3,0,0,2,1,0,0,0,0,0,0,0,1627509,1,2,一
2026,2026-04-02,20260402KTHH0,KT,류현인,7,3B,6,5,1,0,1,0,0,0,0,0,0,0,0,0,3611499,0,0,三
2026,2026-04-02,20260402KTHH0,KT,김상수,8,2B,6,5,1,1,0,0,0,0,0,0,0,0,0,0,299583,0,1,二
2026,2026-04-02,20260402KTHH0,KT,이강민,9,SS,6,6,4,0,0,1,0,0,0,0,0,0,0,0,10000008,1,0,유
2026,2026-04-02,20260402KTHH0,한화,오재원,1,CF,2,2,0,0,0,0,0,0,0,0,0,0,0,0,10000015,0,0,중
2026,2026-04-02,20260402KTHH0,한화,이진영,1,PH→CF,3,2,1,1,0,0,0,0,0,0,0,1,0,0,1631325,1,1,타중
2026,2026-04-02,20260402KTHH0,한화,페라자,2,RF,3,3,2,0,0,1,0,0,0,0,0,0,0,0,3716511,1,0,우
2026,2026-04-02,20260402KTHH0,한화,최인호,2,PR→RF,2,2,1,0,0,0,0,0,0,0,0,0,0,0,2723238,1,0,주우
2026,2026-04-02,20260402KTHH0,한화,문현빈,3,LF,5,5,3,0,0,0,0,0,1,0,0,0,0,0,3611452,1,3,좌
2026,2026-04-02,20260402KTHH0,한화,노시환,4,3B,5,5,0,0,0,3,0,0,0,0,0,0,0,0,2484601,0,1,三
2026,2026-04-02,20260402KTHH0,한화,강백호,5,DH,5,5,1,0,0,3,0,0,1,0,0,0,0,0,1882039,1,1,지
2026,2026-04-02,20260402KTHH0,한화,채은성,6,1B,2,2,0,0,0,1,0,0,0,0,0,0,0,0,730963,0,0,一
2026,2026-04-02,20260402KTHH0,한화,김태연,6,1B,2,1,1,0,1,0,0,0,0,0,0,0,0,0,1795455,1,0,一
2026,2026-04-02,20260402KTHH0,한화,하주석,7,2B,2,2,0,0,0,1,0,0,0,0,0,0,0,0,675949,0,0,二
2026,2026-04-02,20260402KTHH0,한화,황영묵,7,2B,2,1,0,1,0,0,0,0,0,0,0,0,0,0,3836247,1,0,二
2026,2026-04-02,20260402KTHH0,한화,허인서,8,C,4,3,0,0,1,1,0,0,0,0,0,0,0,0,3206992,1,0,포
2026,2026-04-02,20260402KTHH0,한화,심우준,9,SS,1,1,0,0,0,1,0,0,0,0,0,0,0,0,1501462,0,0,유
2026,2026-04-02,20260402KTHH0,한화,이도윤,9,PH→SS,3,3,1,0,0,0,1,0,0,0,0,0,0,0,1971980,0,2,타유
2026,2026-04-03,20260403HHOB0,한화,오재원,1,CF,6,5,1,1,0,0,0,0,0,0,0,0,0,0,10000015,2,2,중
2026,2026-04-03,20260403HHOB0,한화,페라자,2,RF,6,5,2,1,0,0,0,0,1,0,0,0,0,0,3716511,1,3,우
2026,2026-04-03,20260403HHOB0,한화,문현빈,3,LF,5,4,0,0,1,0,0,0,0,0,0,1,0,0,3611452,0,0,좌
2026,2026-04-03,20260403HHOB0,한화,노시환,4,3B,5,5,2,0,0,0,1,0,0,0,0,0,0,0,2484601,1,0,三
2026,2026-04-03,20260403HHOB0,한화,강백호,5,DH,5,2,1,3,0,1,0,0,0,0,0,0,0,0,1882039,2,0,지
2026,2026-04-03,20260403HHOB0,한화,채은성,6,1B,5,4,3,0,1,0,1,0,0,0,0,0,0,0,730963,1,1,一
2026,2026-04-03,20260403HHOB0,한화,하주석,7,2B,5,5,2,0,0,0,0,0,0,0,0,0,0,0,675949,1,0,二
2026,2026-04-03,20260403HHOB0,한화,최재훈,8,C,5,4,1,0,1,1,0,0,0,0,0,0,0,0,450681,2,3,포
2026,2026-04-03,20260403HHOB0,한화,심우준,9,SS,4,4,1,0,0,1,1,0,0,0,0,0,0,0,1501462,1,0,유
2026,2026-04-03,20260403HHOB0,한화,이도윤,9,SS,1,1,0,0,0,0,0,0,0,0,0,0,0,0,1971980,0,0,유
2026,2026-04-03,20260403HHOB0,두산,박찬호,1,SS,5,5,0,0,0,1,0,0,0,0,0,2,0,0,1138034,0,0,유
2026,2026-04-03,20260403HHOB0,두산,정수빈,2,CF,5,3,0,2,0,0,0,0,0,0,0,0,0,0,323457,2,0,중
2026,2026-04-03,20260403HHOB0,두산,카메론,3,RF,5,5,2,0,0,0,0,0,0,0,0,0,0,0,10000010,1,0,우
2026,2026-04-03,20260403HHOB0,두산,양의지,4,C,3,2,1,1,0,0,0,0,0,0,0,0,0,0,450095,1,0,포
2026,2026-04-03,20260403HHOB0,두산,윤준호,4,PH→C,2,1,1,1,0,0,0,0,0,0,0,0,0,0,3891756,0,0,타포
2026,2026-04-03,20260403HHOB0,두산,안재석,5,3B,5,3,1,2,0,0,0,0,0,0,0,0,0,0,2851314,1,1,三
2026,2026-04-03,20260403HHOB0,두산,양석환,6,1B,5,4,0,1,0,4,0,0,0,0,0,0,0,0,1035495,0,0,一
2026,2026-04-03,20260403HHOB0,두산,오명진,7,DH,2,2,0,0,0,0,0,0,0,0,0,0,0,0,2745405,0,0,지
2026,2026-04-03,20260403HHOB0,두산,김인태,7,PH→DH,3,2,0,1,0,1,0,0,0,0,0,0,0,0,864844,1,1,타지
2026,2026-04-03,20260403HHOB0,두산,박준순,8,2B,5,4,3,0,1,1,0,0,0,0,0,0,0,0,3988775,0,2,二
2026,2026-04-03,20260403HHOB0,두산,김민석,9,LF,2,2,1,0,0,0,0,0,0,0,0,0,0,0,3611562,0,0,좌
2026,2026-04-03,20260403HHOB0,두산,박지훈,9,PH→LF,2,2,1,0,0,1,0,0,0,0,0,0,0,0,2736212,0,1,타좌
2026,2026-04-03,20260403SKLT0,SSG,박성한,1,SS,5,5,4,0,0,0,2,0,0,0,0,0,0,0,1838428,2,4,유
2026,2026-04-03,20260403SKLT0,SSG,홍대인,1,PH→3B,2,1,1,1,0,0,1,0,0,0,0,0,0,0,4071361,0,2,타三
2026,2026-04-03,20260403SKLT0,SSG,에레디아,2,LF,5,5,2,0,0,0,0,0,1,0,0,1,0,0,3329386,1,2,좌
2026,2026-04-03,20260403SKLT0,SSG,채현우,2,LF,2,1,0,0,0,0,0,0,0,0,1,0,0,0,2527084,0,1,좌
2026,2026-04-03,20260403SKLT0,SSG,최정,3,3B,4,3,2,0,1,0,2,0,0,0,0,0,0,0,74405,1,1,三
2026,2026-04-03,20260403SKLT0,SSG,정준재,3,PH→2B,2,1,0,1,0,0,0,0,0,0,0,0,0,0,3839080,0,0,타二
2026,2026-04-03,20260403SKLT0,SSG,김재환,4,DH,6,5,0,1,0,0,0,0,0,0,0,0,0,0,450679,1,0,지
2026,2026-04-03,20260403SKLT0,SSG,고명준,5,1B,6,4,2,2,0,0,0,0,1,0,0,0,0,0,2966322,1,2,一
2026,2026-04-03,20260403SKLT0,SSG,한유섬,6,RF,3,2,0,1,0,0,0,0,0,0,0,1,0,0,792323,1,0,우
2026,2026-04-03,20260403SKLT0,SSG,김성욱,6,PH→RF,3,1,1,2,0,0,0,0,0,0,0,0,0,0,678893,3,0,타우
2026,2026-04-03,20260403SKLT0,SSG,최지훈,7,CF,5,4,2,1,0,1,1,0,1,0,0,0,0,0,2698101,3,3,중
2026,2026-04-03,20260403SKLT0,SSG,오태곤,7,PH→RF,1,1,1,0,0,0,1,0,0,0,0,0,0,0,510675,1,1,타우
2026,2026-04-03,20260403SKLT0,SSG,안상현,8,2B→3B,6,4,2,2,0,0,0,0,0,0,0,0,0,0,2020561,2,0,二三
2026,2026-04-03,20260403SKLT0,SSG,조형우,9,C,6,5,1,1,0,2,0,0,0,0,0,0,0,0,3234622,1,0,포
2026,2026-04-03,20260403SKLT0,롯데,레이예스,1,DH,3,2,0,1,0,1,0,0,0,0,0,1,0,0,3730363,0,0,지
2026,2026-04-03,20260403SKLT0,롯데,황성빈,1,PH→CF,2,2,1,0,0,0,0,0,0,0,0,0,0,0,3212874,0,0,타중
2026,2026-04-03,20260403SKLT0,롯데,노진혁,2,1B,3,3,1,0,0,1,1,0,0,0,0,0,0,0,678900,0,0,一
2026,2026-04-03,20260403SKLT0,롯데,이호준,2,PR→SS,2,1,0,1,0,0,0,0,0,0,0,0,0,0,4070532,1,0,주유
2026,2026-04-03,20260403SKLT0,롯데,전준우,3,LF,3,2,0,1,0,0,0,0,0,0,0,0,0,0,247282,0,0,좌
2026,2026-04-03,20260403SKLT0,롯데,신윤후,3,PH→LF,1,1,0,0,0,1,0,0,0,0,0,0,0,0,2513790,0,0,타좌
2026,2026-04-03,20260403SKLT0,롯데,윤동희,4,RF,3,3,0,0,0,0,0,0,0,0,0,0,0,0,3227755,0,1,우
2026,2026-04-03,20260403SKLT0,롯데,장두성,4,RF,1,1,0,0,0,0,0,0,0,0,0,0,0,0,2966767,0,0,우
2026,2026-04-03,20260403SKLT0,롯데,손호영,5,CF,4,4,0,0,0,1,0,0,0,0,0,0,0,0,2699438,0,0,중
2026,2026-04-03,20260403SKLT0,롯데,윤성빈,5,P,0,0,0,0,0,0,0,0,0,0,0,0,0,0,1940607,0,0,투
2026,2026-04-03,20260403SKLT0,롯데,한동희,6,3B→1B,4,4,3,0,0,0,1,0,0,0,0,0,0,0,1797510,1,0,三一
2026,2026-04-03,20260403SKLT0,롯데,유강남,7,C,2,2,0,0,0,0,0,0,0,0,0,0,0,0,588862,0,0,포
2026,2026-04-03,20260403SKLT0,롯데,손성빈,7,C,2,2,0,0,0,0,0,0,0,0,0,0,0,0,2852561,0,0,포
2026,2026-04-03,20260403SKLT0,롯데,한태양,8,2B,2,1,1,1,0,0,0,0,0,0,0,0,0,0,3224552,0,0,二
2026,2026-04-03,20260403SKLT0,롯데,김민성,8,PH→3B,2,1,0,1,0,0,0,0,0,0,0,0,0,0,319585,0,0,타三
2026,2026-04-03,20260403SKLT0,롯데,전민재,9,SS,2,2,0,0,0,0,0,0,0,0,0,0,0,0,2647420,0,0,유
2026,2026-04-03,20260403SKLT0,롯데,박승욱,9,SS→3B,2,2,1,0,0,1,0,0,0,0,0,0,0,0,792296,0,0,유三
2026,2026-04-03,20260403SSKT0,삼성,김지찬,1,CF,5,5,1,0,0,0,0,0,0,0,0,0,0,0,2697432,0,0,중
2026,2026-04-03,20260403SSKT0,삼성,김성윤,2,RF,4,4,0,0,0,0,0,0,0,0,0,0,0,0,1786762,0,1,우
2026,2026-04-03,20260403SSKT0,삼성,구자욱,3,LF,4,4,2,0,0,1,0,0,0,0,0,0,0,0,844051,0,0,좌
2026,2026-04-03,20260403SSKT0,삼성,디아즈,4,1B,4,4,1,0,0,0,1,0,0,0,0,0,0,0,3869434,1,0,一
2026,2026-04-03,20260403SSKT0,삼성,최형우,5,DH,4,3,0,1,0,0,0,0,0,0,0,0,0,0,223389,0,0,지
2026,2026-04-03,20260403SSKT0,삼성,류지혁,6,2B,4,4,2,0,0,0,0,1,0,0,0,0,0,0,793973,0,1,二
2026,2026-04-03,20260403SSKT0,삼성,김영웅,7,3B,4,4,0,0,0,3,0,0,0,0,0,0,0,0,3283321,0,0,三
2026,2026-04-03,20260403SSKT0,삼성,강민호,8,C,4,4,0,0,0,0,0,0,0,0,0,0,0,0,149157,0,0,포
2026,2026-04-03,20260403SSKT0,삼성,이재현,9,SS,4,2,1,2,0,0,1,0,0,0,0,0,0,0,3196393,1,0,유
2026,2026-04-03,20260403SSKT0,KT,최원준,1,CF,4,4,1,0,0,0,0,0,0,0,0,0,0,0,1631314,0,0,중
2026,2026-04-03,20260403SSKT0,KT,김현수,2,1B,4,3,1,1,0,0,0,0,0,0,0,1,0,0,203566,0,0,一
2026,2026-04-03,20260403SSKT0,KT,안현민,3,RF,4,4,1,0,0,2,0,0,0,0,0,0,0,0,3891049,0,0,우
2026,2026-04-03,20260403SSKT0,KT,힐리어드,4,LF,4,4,1,0,0,2,0,0,1,0,0,0,0,0,10000007,1,1,좌
2026,2026-04-03,20260403SSKT0,KT,장성우,5,DH,4,3,2,1,0,0,0,0,0,0,0,0,0,0,352927,0,0,지
2026,2026-04-03,20260403SSKT0,KT,장진혁,5,PR,0,0,0,0,0,0,0,0,0,0,0,0,0,0,1945252,0,0,주
2026,2026-04-03,20260403SSKT0,KT,김상수,6,2B,4,4,1,0,0,1,0,0,0,0,0,1,0,0,299583,0,0,二
2026,2026-04-03,20260403SSKT0,KT,류현인,7,3B,4,4,0,0,0,0,0,0,0,0,0,0,0,0,3611499,0,0,三
2026,2026-04-03,20260403SSKT0,KT,한승택,8,C,3,3,0,0,0,1,0,0,0,0,0,0,0,0,912207,0,0,포
2026,2026-04-03,20260403SSKT0,KT,이강민,9,SS,3,3,0,0,0,0,0,0,0,0,0,0,0,0,10000008,0,0,유
2026,2026-04-03,20260403NCHT0,NC,김주원,1,SS,5,2,0,1,2,0,0,0,0,0,0,0,0,0,2852202,1,0,유
2026,2026-04-03,20260403NCHT0,NC,박민우,2,2B,5,4,3,1,0,1,1,0,0,0,0,0,0,0,678905,0,3,二
2026,2026-04-03,20260403NCHT0,NC,데이비슨,3,DH,4,4,1,0,0,0,0,0,0,0,0,1,0,0,3747555,0,0,지
2026,2026-04-03,20260403NCHT0,NC,허윤,3,PR→DH,1,1,0,0,0,1,0,0,0,0,0,0,0,0,10000023,1,0,주지
2026,2026-04-03,20260403NCHT0,NC,박건우,4,RF,4,3,2,1,0,1,1,0,0,0,0,0,0,0,373391,0,0,우
2026,2026-04-03,20260403NCHT0,NC,천재환,4,PR→LF,1,1,0,0,0,0,0,0,0,0,0,0,0,0,3243743,1,0,주좌
2026,2026-04-03,20260403NCHT0,NC,김휘집,5,3B,4,4,1,0,0,1,0,0,0,0,0,0,0,0,2851452,0,1,三
2026,2026-04-03,20260403NCHT0,NC,서호철,5,PR→3B,0,0,0,0,0,0,0,0,0,0,0,0,0,0,2715863,0,0,주三
2026,2026-04-03,20260403NCHT0,NC,김형준,6,C,4,4,0,0,0,2,0,0,0,0,0,1,0,0,1986399,0,0,포
2026,2026-04-03,20260403NCHT0,NC,이우성,7,LF,2,2,0,0,0,2,0,0,0,0,0,0,0,0,1116690,0,0,좌
2026,2026-04-03,20260403NCHT0,NC,한석현,7,LF→RF,2,2,0,0,0,1,0,0,0,0,0,0,0,0,2715047,0,0,좌우
2026,2026-04-03,20260403NCHT0,NC,신재인,8,1B,4,3,0,1,0,0,0,0,0,0,0,0,0,0,10000033,0,0,一
2026,2026-04-03,20260403NCHT0,NC,최정원,9,CF,4,1,1,1,1,0,0,0,0,1,0,0,0,0,2697419,2,0,중
2026,2026-04-03,20260403NCHT0,KIA,김호령,1,CF,4,4,0,0,0,1,0,0,0,0,0,0,0,0,1146368,0,0,중
2026,2026-04-03,20260403NCHT0,KIA,카스트로,2,LF,4,4,0,0,0,1,0,0,0,0,0,1,0,0,10000009,0,1,좌
2026,2026-04-03,20260403NCHT0,KIA,김도영,3,3B,4,4,0,0,0,2,0,0,0,0,0,0,0,0,3196494,0,0,三
2026,2026-04-03,20260403NCHT0,KIA,나성범,4,RF,4,4,0,0,0,2,0,0,0,0,0,0,0,0,678785,0,0,우
2026,2026-04-03,20260403NCHT0,KIA,김선빈,5,DH,4,3,1,1,0,0,0,0,0,0,0,0,0,0,222661,0,0,지
2026,2026-04-03,20260403NCHT0,KIA,김규성,5,PR,0,0,0,0,0,0,0,0,0,0,0,0,0,0,2704538,0,0,주
2026,2026-04-03,20260403NCHT0,KIA,윤도현,6,1B→2B,4,3,0,1,0,1,0,0,0,0,0,0,0,0,3638750,0,0,一二
2026,2026-04-03,20260403NCHT0,KIA,박민,7,2B,0,0,0,0,0,0,0,0,0,0,0,0,0,0,2825638,0,0,二
2026,2026-04-03,20260403NCHT0,KIA,오선우,7,PH→1B,4,3,0,1,0,1,0,0,0,0,0,0,0,0,2506627,0,0,타一
2026,2026-04-03,20260403NCHT0,KIA,한준수,8,C,3,2,1,0,0,0,0,0,1,1,0,0,0,0,1797505,1,1,포
2026,2026-04-03,20260403NCHT0,KIA,데일,9,SS,3,2,1,1,0,1,1,0,0,0,0,0,0,0,10000022,1,0,유
2026,2026-04-03,20260403LGWO0,LG,홍창기,1,RF,5,4,1,1,0,0,1,0,0,0,0,0,0,0,1607303,1,0,우
2026,2026-04-03,20260403LGWO0,LG,신민재,2,2B,5,5,2,0,0,2,0,0,0,0,0,0,0,0,2484309,0,0,二
2026,2026-04-03,20260403LGWO0,LG,오스틴,3,1B,5,5,3,0,0,1,1,0,1,0,0,0,0,0,3333938,1,2,一
2026,2026-04-03,20260403LGWO0,LG,문보경,4,DH,4,4,0,0,0,1,0,0,0,0,0,0,0,0,2966754,0,0,지
2026,2026-04-03,20260403LGWO0,LG,박동원,5,C,4,4,1,0,0,0,0,0,0,0,0,0,0,0,468477,0,0,포
2026,2026-04-03,20260403LGWO0,LG,문성주,6,LF,4,4,1,0,0,1,0,0,0,0,0,0,0,0,1983121,0,0,좌
2026,2026-04-03,20260403LGWO0,LG,천성호,7,3B,4,4,2,0,0,1,1,0,0,0,0,0,0,0,2717987,0,0,三
2026,2026-04-03,20260403LGWO0,LG,구본혁,8,SS,3,3,0,0,0,3,0,0,0,0,0,0,0,0,2522898,0,0,유
2026,2026-04-03,20260403LGWO0,LG,오지환,8,PH→SS,1,0,0,1,0,0,0,0,0,0,0,0,0,0,273675,0,0,타유
2026,2026-04-03,20260403LGWO0,LG,박해민,9,CF,3,3,0,0,0,0,0,0,0,0,0,0,0,0,844422,0,0,중
2026,2026-04-03,20260403LGWO0,LG,이재원,9,PH,1,1,0,0,0,1,0,0,0,0,0,0,0,0,2600568,0,0,타
2026,2026-04-03,20260403LGWO0,LG,최원영,9,CF,0,0,0,0,0,0,0,0,0,0,0,0,0,0,3806394,0,0,중
2026,2026-04-03,20260403LGWO0,키움,브룩스,1,1B,4,4,4,0,0,0,2,0,0,0,0,0,0,0,10000012,2,1,一
2026,2026-04-03,20260403LGWO0,키움,이주형,2,CF,4,4,2,0,0,1,0,0,0,0,0,0,0,0,2951426,1,1,중
2026,2026-04-03,20260403LGWO0,키움,안치홍,3,DH,4,3,1,1,0,2,0,0,0,0,0,0,0,0,247494,0,0,지
2026,2026-04-03,20260403LGWO0,키움,최주환,4,3B,4,3,0,1,0,0,0,0,0,0,0,1,0,0,450682,0,2,三
2026,2026-04-03,20260403LGWO0,키움,박찬혁,5,RF,4,3,2,1,0,0,0,0,0,0,0,0,0,0,3196410,0,1,우
2026,2026-04-03,20260403LGWO0,키움,이형종,6,LF,3,2,0,0,0,2,0,0,0,1,0,0,0,0,424743,0,0,좌
2026,2026-04-03,20260403LGWO0,키움,박주홍,6,LF,1,1,0,0,0,0,0,0,0,0,0,1,0,0,2622616,0,0,좌
2026,2026-04-03,20260403LGWO0,키움,어준서,7,SS,3,3,0,0,0,0,0,0,0,0,0,0,0,0,3976950,0,0,유
2026,2026-04-03,20260403LGWO0,키움,김태진,7,PH,1,1,0,0,0,1,0,0,0,0,0,0,0,0,1039515,0,0,타
2026,2026-04-03,20260403LGWO0,키움,오선진,7,SS,0,0,0,0,0,0,0,0,0,0,0,0,0,0,308768,0,0,유
2026,2026-04-03,20260403LGWO0,키움,김건희,8,C,4,4,1,0,0,1,1,0,0,0,0,0,0,0,3612591,1,0,포
2026,2026-04-03,20260403LGWO0,키움,박한결,9,2B,4,4,1,0,0,2,0,0,0,0,0,0,0,0,10000014,1,0,二
2026,2026-04-04,20260404HHOB0,한화,오재원,1,CF,6,6,1,0,0,2,0,0,0,0,0,1,0,0,10000015,1,0,중
2026,2026-04-04,20260404HHOB0,한화,페라자,2,RF,6,6,3,0,0,1,2,0,0,0,0,1,0,0,3716511,3,0,우
2026,2026-04-04,20260404HHOB0,한화,문현빈,3,LF,5,4,1,1,0,3,1,0,0,0,0,0,0,0,3611452,2,2,좌
2026,2026-04-04,20260404HHOB0,한화,김태연,3,LF,0,0,0,0,0,0,0,0,0,0,0,0,0,0,1795455,0,0,좌
2026,2026-04-04,20260404HHOB0,한화,노시환,4,3B,5,5,1,0,0,2,0,0,0,0,0,0,0,0,2484601,0,0,三
2026,2026-04-04,20260404HHOB0,한화,강백호,5,DH,5,4,2,1,0,0,0,0,0,0,0,0,0,0,1882039,2,2,지
2026,2026-04-04,20260404HHOB0,한화,채은성,6,1B,5,4,2,0,0,1,0,0,0,0,1,0,0,0,730963,1,1,一
2026,2026-04-04,20260404HHOB0,한화,하주석,7,2B,5,4,2,1,0,0,1,0,0,0,0,0,0,0,675949,0,3,二
2026,2026-04-04,20260404HHOB0,한화,최재훈,8,C,5,3,0,1,1,1,0,0,0,0,0,0,0,0,450681,0,0,포
2026,2026-04-04,20260404HHOB0,한화,이도윤,9,SS,5,2,1,2,1,0,0,0,0,0,0,0,0,0,1971980,0,1,유
2026,2026-04-04,20260404HHOB0,두산,박준순,1,2B,3,3,1,0,0,0,0,0,0,0,0,0,0,0,3988775,0,0,二
2026,2026-04-04,20260404HHOB0,두산,이유찬,1,2B,1,1,0,0,0,0,0,0,0,0,0,0,0,0,1962778,0,0,二
2026,2026-04-04,20260404HHOB0,두산,정수빈,2,CF,4,3,1,1,0,1,0,0,0,0,0,0,0,0,323457,0,0,중
2026,2026-04-04,20260404HHOB0,두산,카메론,3,RF,4,4,0,0,0,1,0,0,0,0,0,0,0,0,10000010,0,0,우
2026,2026-04-04,20260404HHOB0,두산,양의지,4,DH,4,4,0,0,0,1,0,0,0,0,0,1,0,0,450095,0,0,지
2026,2026-04-04,20260404HHOB0,두산,안재석,5,3B,4,4,2,0,0,0,1,0,0,0,0,0,0,0,2851314,2,0,三
2026,2026-04-04,20260404HHOB0,두산,양석환,6,1B,4,3,1,1,0,0,0,0,0,0,0,0,0,0,1035495,0,0,一
2026,2026-04-04,20260404HHOB0,두산,박찬호,7,SS,4,4,2,0,0,0,1,0,0,0,0,0,0,0,1138034,1,0,유
2026,2026-04-04,20260404HHOB0,두산,박지훈,8,LF,2,2,0,0,0,1,0,0,0,0,0,0,0,0,2736212,0,0,좌
2026,2026-04-04,20260404HHOB0,두산,김인태,8,PH→LF,1,1,0,0,0,1,0,0,0,0,0,0,0,0,864844,0,0,타좌
2026,2026-04-04,20260404HHOB0,두산,강승호,8,PH,1,1,0,0,0,1,0,0,0,0,0,0,0,0,873434,0,0,타
2026,2026-04-04,20260404HHOB0,두산,윤준호,9,C,4,4,1,0,0,1,0,0,0,0,0,0,0,0,3891756,0,1,포
2026,2026-04-04,20260404SKLT0,SSG,박성한,1,SS,6,5,2,1,0,0,1,0,0,0,0,0,0,0,1838428,1,0,유
2026,2026-04-04,20260404SKLT0,SSG,에레디아,2,LF,5,5,2,0,0,1,1,0,0,0,0,0,0,0,3329386,1,1,좌
2026,2026-04-04,20260404SKLT0,SSG,최정,3,3B,5,4,2,1,0,0,0,0,0,0,0,0,0,0,74405,2,1,三
2026,2026-04-04,20260404SKLT0,SSG,김재환,4,DH,5,5,2,0,0,1,0,0,0,0,0,0,0,0,450679,1,1,지
2026,2026-04-04,20260404SKLT0,SSG,고명준,5,1B,5,4,2,1,0,1,1,0,0,0,0,0,0,0,2966322,0,1,一
2026,2026-04-04,20260404SKLT0,SSG,최지훈,6,CF,5,4,2,1,0,0,0,0,0,0,0,0,0,0,2698101,1,1,중
2026,2026-04-04,20260404SKLT0,SSG,김성욱,7,RF,3,2,1,1,0,0,0,0,0,0,0,0,0,0,678893,0,2,우
2026,2026-04-04,20260404SKLT0,SSG,한유섬,7,PH→RF,2,2,0,0,0,1,0,0,0,0,0,0,0,0,792323,0,0,타우
2026,2026-04-04,20260404SKLT0,SSG,채현우,7,RF,0,0,0,0,0,0,0,0,0,0,0,0,0,0,2527084,0,0,우
2026,2026-04-04,20260404SKLT0,SSG,정준재,8,2B,3,3,0,0,0,2,0,0,0,0,0,0,0,0,3839080,0,0,二
2026,2026-04-04,20260404SKLT0,SSG,안상현,8,PH→2B,2,2,1,0,0,1,0,0,0,0,0,0,0,0,2020561,1,0,타二
2026,2026-04-04,20260404SKLT0,SSG,조형우,9,C,5,4,0,0,0,1,0,0,0,1,0,0,0,0,3234622,0,0,포
2026,2026-04-04,20260404SKLT0,롯데,레이예스,1,LF,5,3,0,2,0,0,0,0,0,0,0,0,0,1,3730363,1,0,좌
2026,2026-04-04,20260404SKLT0,롯데,손호영,2,CF,2,1,0,1,0,0,0,0,0,0,0,0,0,0,2699438,1,0,중
2026,2026-04-04,20260404SKLT0,롯데,황성빈,2,CF,3,3,1,0,0,1,0,0,0,0,0,0,0,0,3212874,0,0,중
2026,2026-04-04,20260404SKLT0,롯데,전준우,3,DH,5,3,0,2,0,0,0,0,0,0,0,0,0,0,247282,1,0,지
2026,2026-04-04,20260404SKLT0,롯데,장두성,3,PR,0,0,0,0,0,0,0,0,0,0,0,0,0,0,2966767,0,0,주
2026,2026-04-04,20260404SKLT0,롯데,한동희,4,3B,4,3,2,1,0,0,1,0,0,0,0,0,0,0,1797510,1,2,三
2026,2026-04-04,20260404SKLT0,롯데,박승욱,4,PR→3B,1,1,0,0,0,1,0,0,0,0,0,0,0,0,792296,0,0,주三
2026,2026-04-04,20260404SKLT0,롯데,노진혁,5,1B,5,3,1,1,0,1,0,0,1,0,1,0,0,0,678900,1,3,一
2026,2026-04-04,20260404SKLT0,롯데,이호준,5,PR,0,0,0,0,0,0,0,0,0,0,0,0,0,0,4070532,0,0,주
2026,2026-04-04,20260404SKLT0,롯데,윤동희,6,RF,5,4,0,1,0,1,0,0,0,0,0,1,0,1,3227755,0,0,우
2026,2026-04-04,20260404SKLT0,롯데,유강남,7,C,4,4,1,0,0,1,0,0,1,0,0,0,0,0,588862,1,1,포
2026,2026-04-04,20260404SKLT0,롯데,손성빈,7,C,0,0,0,0,0,0,0,0,0,0,0,0,0,0,2852561,0,0,포
2026,2026-04-04,20260404SKLT0,롯데,한태양,8,2B,4,3,0,1,0,0,0,0,0,0,0,0,0,0,3224552,0,0,二
2026,2026-04-04,20260404SKLT0,롯데,전민재,9,SS,4,4,2,0,0,1,0,0,0,0,0,0,0,0,2647420,0,0,유
2026,2026-04-04,20260404SSKT0,삼성,김지찬,1,CF,5,5,1,0,0,0,0,0,0,0,0,0,0,0,2697432,1,0,중
2026,2026-04-04,20260404SSKT0,삼성,김성윤,2,RF,1,1,0,0,0,1,0,0,0,0,0,0,0,0,1786762,0,0,우
2026,2026-04-04,20260404SSKT0,삼성,함수호,2,RF,3,3,0,0,0,0,0,0,0,0,0,0,0,0,4070424,0,0,우
2026,2026-04-04,20260404SSKT0,삼성,김헌곤,2,RF,1,1,0,0,0,0,0,0,0,0,0,0,0,0,588813,0,0,우
2026,2026-04-04,20260404SSKT0,삼성,구자욱,3,LF,5,5,1,0,0,1,1,0,0,0,0,0,0,0,844051,1,0,좌
2026,2026-04-04,20260404SSKT0,삼성,디아즈,4,1B,5,5,4,0,0,0,0,0,1,0,0,0,0,0,3869434,1,3,一
2026,2026-04-04,20260404SSKT0,삼성,최형우,5,DH,5,5,1,0,0,2,0,0,1,0,0,0,0,0,223389,1,1,지
2026,2026-04-04,20260404SSKT0,삼성,류지혁,6,2B,5,4,3,1,0,0,1,0,0,0,0,0,0,1,793973,3,0,二
2026,2026-04-04,20260404SSKT0,삼성,이재현,7,SS,1,1,0,0,0,0,0,0,0,0,0,0,0,0,3196393,0,0,유
2026,2026-04-04,20260404SSKT0,삼성,이해승,7,SS,3,2,0,0,0,2,0,0,0,1,0,0,0,0,3227761,0,0,유
2026,2026-04-04,20260404SSKT0,삼성,김영웅,8,3B,4,4,1,0,0,2,1,0,0,0,0,0,0,0,3283321,1,0,三
2026,2026-04-04,20260404SSKT0,삼성,강민호,9,C,4,4,3,0,0,1,1,0,0,0,0,0,0,0,149157,0,4,포
2026,2026-04-04,20260404SSKT0,KT,최원준,1,CF,5,5,0,0,0,2,0,0,0,0,0,0,0,0,1631314,0,0,중
2026,2026-04-04,20260404SSKT0,KT,김현수,2,DH,5,5,1,0,0,2,1,0,0,0,0,0,0,0,203566,0,2,지
2026,2026-04-04,20260404SSKT0,KT,안현민,3,RF,5,5,3,0,0,2,0,0,1,0,0,0,0,0,3891049,1,1,우
2026,2026-04-04,20260404SSKT0,KT,힐리어드,4,LF,5,5,1,0,0,2,0,0,0,0,0,1,0,0,10000007,0,0,좌
2026,2026-04-04,20260404SSKT0,KT,장성우,5,C,3,1,1,2,0,0,0,0,0,0,0,0,0,0,352927,1,0,포
2026,2026-04-04,20260404SSKT0,KT,한승택,5,C,1,0,0,1,0,0,0,0,0,0,0,0,0,0,912207,0,0,포
2026,2026-04-04,20260404SSKT0,KT,이정훈,5,PH,1,1,0,0,0,0,0,0,0,0,0,0,0,0,1757008,0,0,타
2026,2026-04-04,20260404SSKT0,KT,김상수,6,2B,4,3,1,1,0,1,0,0,0,0,0,0,0,0,299583,1,0,二
2026,2026-04-04,20260404SSKT0,KT,오윤석,7,1B,4,4,1,0,0,0,0,0,0,0,0,1,0,0,1627509,1,0,一
2026,2026-04-04,20260404SSKT0,KT,류현인,8,3B,4,4,2,0,0,2,1,0,0,0,0,0,0,0,3611499,1,2,三
2026,2026-04-04,20260404SSKT0,KT,이강민,9,SS,4,3,1,0,1,2,0,0,0,0,0,0,0,0,10000008,1,1,유
2026,2026-04-04,20260404NCHT0,NC,김주원,1,SS,5,4,1,1,0,0,0,0,1,0,0,0,0,0,2852202,1,1,유
2026,2026-04-04,20260404NCHT0,NC,서호철,1,PH→2B,1,1,0,0,0,0,0,0,0,0,0,0,0,0,2715863,0,0,타二
2026,2026-04-04,20260404NCHT0,NC,박민우,2,2B,5,3,2,2,0,0,1,0,0,0,0,0,0,0,678905,2,1,二
2026,2026-04-04,20260404NCHT0,NC,김한별,2,SS,0,0,0,0,0,0,0,0,0,0,0,0,0,0,3196401,0,0,유
2026,2026-04-04,20260404NCHT0,NC,데이비슨,3,DH,5,5,2,0,0,2,0,0,1,0,0,0,0,0,3747555,1,1,지
2026,2026-04-04,20260404NCHT0,NC,박건우,4,RF,4,4,1,0,0,2,0,0,0,0,0,0,0,0,373391,0,1,우
2026,2026-04-04,20260404NCHT0,NC,한석현,4,RF,1,1,0,0,0,0,0,0,0,0,0,0,0,0,2715047,0,0,우
2026,2026-04-04,20260404NCHT0,NC,김휘집,5,3B,5,5,0,0,0,2,0,0,0,0,0,0,0,0,2851452,0,0,三
2026,2026-04-04,20260404NCHT0,NC,김형준,6,C,5,2,1,3,0,1,0,0,0,0,0,0,0,0,1986399,1,0,포
2026,2026-04-04,20260404NCHT0,NC,김정호,6,C,0,0,0,0,0,0,0,0,0,0,0,0,0,0,4070752,0,0,포
2026,2026-04-04,20260404NCHT0,NC,이우성,7,LF,3,3,0,0,0,1,0,0,0,0,0,0,0,0,1116690,0,0,좌
2026,2026-04-04,20260404NCHT0,NC,천재환,7,LF,2,1,0,1,0,0,0,0,0,0,0,0,0,0,3243743,0,0,좌
2026,2026-04-04,20260404NCHT0,NC,신재인,8,1B,5,4,1,1,0,1,0,0,1,0,0,0,0,0,10000033,1,1,一
2026,2026-04-04,20260404NCHT0,NC,최정원,9,CF,5,4,2,1,0,0,0,0,0,0,0,0,0,0,2697419,0,0,중
2026,2026-04-04,20260404NCHT0,KIA,고종욱,1,DH,4,2,0,2,0,1,0,0,0,0,0,0,0,0,699428,0,0,지
2026,2026-04-04,20260404NCHT0,KIA,카스트로,2,LF,4,4,0,0,0,1,0,0,0,0,0,1,0,0,10000009,0,0,좌
2026,2026-04-04,20260404NCHT0,KIA,김도영,3,3B,4,3,0,1,0,2,0,0,0,0,0,0,0,0,3196494,0,0,三
2026,2026-04-04,20260404NCHT0,KIA,나성범,4,RF,4,3,1,1,0,1,0,0,0,0,0,0,0,0,678785,0,0,우
2026,2026-04-04,20260404NCHT0,KIA,박재현,4,RF,0,0,0,0,0,0,0,0,0,0,0,0,0,0,3977734,0,0,우
2026,2026-04-04,20260404NCHT0,KIA,김선빈,5,2B,4,4,0,0,0,0,0,0,0,0,0,0,0,0,222661,0,0,二
2026,2026-04-04,20260404NCHT0,KIA,정현창,5,2B,0,0,0,0,0,0,0,0,0,0,0,0,0,0,4063300,0,0,二
2026,2026-04-04,20260404NCHT0,KIA,한준수,6,C,3,1,0,2,0,1,0,0,0,0,0,0,0,0,1797505,0,0,포
2026,2026-04-04,20260404NCHT0,KIA,김태군,6,PH,1,1,0,0,0,0,0,0,0,0,0,0,0,0,289623,0,0,타
2026,2026-04-04,20260404NCHT0,KIA,데일,7,SS,4,4,1,0,0,0,0,0,0,0,0,1,0,0,10000022,0,0,유
2026,2026-04-04,20260404NCHT0,KIA,박상준,8,1B,4,4,1,0,0,1,0,0,0,0,0,0,0,0,10000040,0,0,一
2026,2026-04-04,20260404NCHT0,KIA,김호령,9,CF,4,4,2,0,0,0,0,0,0,0,0,0,0,0,1146368,0,0,중
2026,2026-04-04,20260404LGWO0,LG,홍창기,1,RF,5,4,2,1,0,0,0,0,0,0,0,0,0,0,1607303,0,1,우
2026,2026-04-04,20260404LGWO0,LG,신민재,2,2B,5,5,0,0,0,0,0,0,0,0,0,1,0,0,2484309,0,0,二
2026,2026-04-04,20260404LGWO0,LG,오스틴,3,1B,5,4,4,1,0,0,0,0,2,0,0,0,0,0,3333938,2,2,一
2026,2026-04-04,20260404LGWO0,LG,문보경,4,DH,5,2,0,2,1,1,0,0,0,0,0,0,0,0,2966754,0,0,지
2026,2026-04-04,20260404LGWO0,LG,박동원,5,C,5,5,1,0,0,2,0,0,0,0,0,1,0,0,468477,1,0,포
2026,2026-04-04,20260404LGWO0,LG,문성주,6,LF,5,4,0,1,0,0,0,0,0,0,0,0,0,0,1983121,1,0,좌
2026,2026-04-04,20260404LGWO0,LG,천성호,7,3B,5,4,0,1,0,3,0,0,0,0,0,0,0,0,2717987,1,0,三
2026,2026-04-04,20260404LGWO0,LG,오지환,8,SS,3,2,0,1,0,0,0,0,0,0,0,0,0,0,273675,0,0,유
2026,2026-04-04,20260404LGWO0,LG,이재원,8,PH,1,0,0,1,0,0,0,0,0,0,0,0,0,0,2600568,0,1,타
2026,2026-04-04,20260404LGWO0,LG,구본혁,8,PR→SS,0,0,0,0,0,0,0,0,0,0,0,0,0,0,2522898,1,0,주유
2026,2026-04-04,20260404LGWO0,LG,박해민,9,CF,4,4,2,0,0,0,1,0,0,0,0,0,0,0,844422,0,2,중
2026,2026-04-04,20260404LGWO0,키움,브룩스,1,1B,5,5,0,0,0,2,0,0,0,0,0,0,0,0,10000012,0,0,一
2026,2026-04-04,20260404LGWO0,키움,이주형,2,CF,5,5,1,0,0,1,0,0,0,0,0,0,0,0,2951426,0,0,중
2026,2026-04-04,20260404LGWO0,키움,안치홍,3,DH,5,4,1,1,0,0,1,0,0,0,0,0,0,0,247494,0,0,지
2026,2026-04-04,20260404LGWO0,키움,최주환,4,3B,4,4,3,0,0,0,0,0,0,0,0,0,0,0,450682,1,0,三
2026,2026-04-04,20260404LGWO0,키움,박찬혁,5,RF,4,4,2,0,0,0,1,0,0,0,0,0,0,0,3196410,1,0,우
2026,2026-04-04,20260404LGWO0,키움,어준서,6,SS,4,4,1,0,0,1,0,0,0,0,0,0,0,0,3976950,1,0,유
2026,2026-04-04,20260404LGWO0,키움,김건희,7,C,4,3,1,0,0,1,1,0,0,0,1,0,0,0,3612591,1,2,포
2026,2026-04-04,20260404LGWO0,키움,박주홍,8,LF,4,3,1,1,0,0,1,0,0,0,0,0,0,0,2622616,0,2,좌
2026,2026-04-04,20260404LGWO0,키움,박한결,9,2B,4,4,0,0,0,3,0,0,0,0,0,0,0,0,10000014,0,0,二
2026,2026-04-05,20260405HHOB0,한화,오재원,1,CF,4,3,0,0,0,0,0,0,0,1,0,0,0,0,10000015,0,0,중
2026,2026-04-05,20260405HHOB0,한화,페라자,2,RF,4,4,1,0,0,1,0,0,0,0,0,0,0,0,3716511,0,0,우
2026,2026-04-05,20260405HHOB0,한화,김태연,3,LF,4,4,0,0,0,2,0,0,0,0,0,0,0,0,1795455,0,0,좌
2026,2026-04-05,20260405HHOB0,한화,노시환,4,3B,4,3,0,1,0,1,0,0,0,0,0,0,0,0,2484601,0,0,三
2026,2026-04-05,20260405HHOB0,한화,강백호,5,DH,4,4,0,0,0,1,0,0,0,0,0,0,0,0,1882039,0,0,지
2026,2026-04-05,20260405HHOB0,한화,채은성,6,1B,4,3,0,1,0,1,0,0,0,0,0,0,0,0,730963,0,0,一
2026,2026-04-05,20260405HHOB0,한화,하주석,7,2B,3,3,0,0,0,1,0,0,0,0,0,0,0,0,675949,0,0,二
2026,2026-04-05,20260405HHOB0,한화,황영묵,7,2B,1,1,0,0,0,0,0,0,0,0,0,0,0,0,3836247,0,0,二
2026,2026-04-05,20260405HHOB0,한화,최재훈,8,C,3,2,1,0,1,0,0,0,0,0,0,0,0,0,450681,0,0,포
2026,2026-04-05,20260405HHOB0,한화,허인서,8,C,1,0,0,1,0,0,0,0,0,0,0,0,0,0,3206992,0,0,포
2026,2026-04-05,20260405HHOB0,한화,이도윤,9,SS,3,3,3,0,0,0,1,0,0,0,0,0,0,0,1971980,0,0,유
2026,2026-04-05,20260405HHOB0,한화,최인호,9,PH,1,1,0,0,0,1,0,0,0,0,0,0,0,0,2723238,0,0,타
2026,2026-04-05,20260405HHOB0,두산,박준순,1,DH,5,5,4,0,0,1,0,1,1,0,0,0,0,0,3988775,1,3,지
2026,2026-04-05,20260405HHOB0,두산,정수빈,2,CF,5,4,1,1,0,0,0,0,0,0,0,0,0,0,323457,0,0,중
2026,2026-04-05,20260405HHOB0,두산,양의지,3,C,5,3,0,1,1,0,0,0,0,0,0,0,0,0,450095,1,0,포
2026,2026-04-05,20260405HHOB0,두산,카메론,4,RF,4,4,0,0,0,4,0,0,0,0,0,0,0,0,10000010,0,0,우
2026,2026-04-05,20260405HHOB0,두산,조수행,4,RF,0,0,0,0,0,0,0,0,0,0,0,0,0,0,1608621,0,0,우
2026,2026-04-05,20260405HHOB0,두산,안재석,5,3B,4,3,0,1,0,2,0,0,0,0,0,0,0,0,2851314,1,0,三
2026,2026-04-05,20260405HHOB0,두산,양석환,6,1B,4,4,0,0,0,2,0,0,0,0,0,0,0,0,1035495,0,0,一
2026,2026-04-05,20260405HHOB0,두산,박찬호,7,SS,4,3,2,1,0,1,0,0,0,0,0,0,0,0,1138034,3,0,유
2026,2026-04-05,20260405HHOB0,두산,박지훈,8,LF,4,2,1,0,0,0,0,1,0,2,0,0,0,0,2736212,1,3,좌
2026,2026-04-05,20260405HHOB0,두산,이유찬,9,2B,4,2,0,1,1,0,0,0,0,0,0,0,0,0,1962778,1,1,二
2026,2026-04-05,20260405HHOB0,두산,오명진,9,PR→2B,0,0,0,0,0,0,0,0,0,0,0,0,0,0,2745405,0,0,주二
2026,2026-04-05,20260405SKLT0,SSG,박성한,1,SS,5,4,2,1,0,0,0,0,0,0,0,0,0,0,1838428,0,1,유
2026,2026-04-05,20260405SKLT0,SSG,에레디아,2,LF,5,5,0,0,0,2,0,0,0,0,0,0,0,0,3329386,0,0,좌
2026,2026-04-05,20260405SKLT0,SSG,최정,3,3B,5,1,1,4,0,0,1,0,0,0,0,0,0,1,74405,1,0,三
2026,2026-04-05,20260405SKLT0,SSG,정준재,3,PR→2B,0,0,0,0,0,0,0,0,0,0,0,0,0,0,3839080,1,0,주二
2026,2026-04-05,20260405SKLT0,SSG,김재환,4,DH,5,4,0,1,0,1,0,0,0,0,0,0,0,0,450679,0,0,지
2026,2026-04-05,20260405SKLT0,SSG,채현우,4,PR,0,0,0,0,0,0,0,0,0,0,0,0,0,0,2527084,0,0,주
2026,2026-04-05,20260405SKLT0,SSG,고명준,5,1B,5,5,1,0,0,0,0,0,0,0,0,0,0,0,2966322,0,1,一
2026,2026-04-05,20260405SKLT0,SSG,최지훈,6,CF,5,3,0,1,1,0,0,0,0,0,0,0,0,0,2698101,1,0,중
2026,2026-04-05,20260405SKLT0,SSG,한유섬,7,RF,4,4,2,0,0,2,0,0,0,0,0,0,0,0,792323,1,1,우
2026,2026-04-05,20260405SKLT0,SSG,김성욱,7,RF,1,1,0,0,0,1,0,0,0,0,0,0,0,0,678893,0,0,우
2026,2026-04-05,20260405SKLT0,SSG,조형우,8,C,3,2,1,0,1,0,0,0,0,0,0,0,0,0,3234622,0,1,포
2026,2026-04-05,20260405SKLT0,SSG,오태곤,8,PH,1,1,0,0,0,0,0,0,0,0,0,0,0,0,510675,0,0,타
2026,2026-04-05,20260405SKLT0,SSG,이지영,8,C,0,0,0,0,0,0,0,0,0,0,0,0,0,0,289476,0,0,포
2026,2026-04-05,20260405SKLT0,SSG,안상현,9,2B→3B,4,2,0,2,0,0,0,0,0,0,0,0,0,0,2020561,0,0,二三
2026,2026-04-05,20260405SKLT0,롯데,윤동희,1,RF,5,4,1,1,0,0,0,0,1,0,0,0,0,0,3227755,1,2,우
2026,2026-04-05,20260405SKLT0,롯데,레이예스,2,LF,5,5,3,0,0,0,1,0,0,0,0,0,0,0,3730363,0,0,좌
2026,2026-04-05,20260405SKLT0,롯데,박승욱,2,PR,0,0,0,0,0,0,0,0,0,0,0,0,0,0,792296,0,0,주
2026,2026-04-05,20260405SKLT0,롯데,한동희,3,3B→1B,5,4,0,1,0,0,0,0,0,0,0,0,0,0,1797510,0,0,三一
2026,2026-04-05,20260405SKLT0,롯데,전준우,4,DH,4,3,1,1,0,0,0,0,0,0,0,0,0,0,247282,0,0,지
2026,2026-04-05,20260405SKLT0,롯데,노진혁,5,1B,4,4,1,0,0,1,1,0,0,0,0,1,0,0,678900,0,0,一
2026,2026-04-05,20260405SKLT0,롯데,장두성,5,PR,0,0,0,0,0,0,0,0,0,0,0,0,0,0,2966767,0,0,주
2026,2026-04-05,20260405SKLT0,롯데,손호영,5,3B,0,0,0,0,0,0,0,0,0,0,0,0,0,0,2699438,0,0,三
2026,2026-04-05,20260405SKLT0,롯데,유강남,6,C,4,4,1,0,0,1,0,0,0,0,0,0,0,0,588862,0,0,포
2026,2026-04-05,20260405SKLT0,롯데,손성빈,6,C,0,0,0,0,0,0,0,0,0,0,0,0,0,0,2852561,0,0,포
2026,2026-04-05,20260405SKLT0,롯데,한태양,7,2B,4,4,1,0,0,1,1,0,0,0,0,0,0,0,3224552,1,0,二
2026,2026-04-05,20260405SKLT0,롯데,전민재,8,SS,4,4,0,0,0,1,0,0,0,0,0,0,0,0,2647420,0,0,유
2026,2026-04-05,20260405SKLT0,롯데,황성빈,9,CF,4,4,2,0,0,1,1,0,0,0,0,0,0,0,3212874,1,1,중
2026,2026-04-05,20260405SSKT0,삼성,김지찬,1,CF,4,4,0,0,0,0,0,0,0,0,0,0,0,0,2697432,0,0,중
2026,2026-04-05,20260405SSKT0,삼성,함수호,2,RF,3,2,0,1,0,2,0,0,0,0,0,0,0,0,4070424,0,0,우
2026,2026-04-05,20260405SSKT0,삼성,김헌곤,2,PH→RF,1,1,0,0,0,0,0,0,0,0,0,0,0,0,588813,0,0,타우
2026,2026-04-05,20260405SSKT0,삼성,구자욱,3,LF,4,2,0,2,0,0,0,0,0,0,0,0,0,0,844051,0,0,좌
2026,2026-04-05,20260405SSKT0,삼성,디아즈,4,1B,4,4,1,0,0,1,0,0,0,0,0,0,0,0,3869434,0,0,一
2026,2026-04-05,20260405SSKT0,삼성,최형우,5,DH,4,4,1,0,0,0,0,0,0,0,0,2,0,0,223389,0,0,지
2026,2026-04-05,20260405SSKT0,삼성,류지혁,6,2B,4,4,0,0,0,0,0,0,0,0,0,0,0,0,793973,0,0,二
2026,2026-04-05,20260405SSKT0,삼성,김영웅,7,3B,4,4,2,0,0,0,0,0,0,0,0,0,0,0,3283321,0,0,三
2026,2026-04-05,20260405SSKT0,삼성,박세혁,8,C,2,2,0,0,0,0,0,0,0,0,0,0,0,0,836256,0,0,포
2026,2026-04-05,20260405SSKT0,삼성,강민호,8,PH→C,1,1,0,0,0,0,0,0,0,0,0,0,0,0,149157,0,0,타포
2026,2026-04-05,20260405SSKT0,삼성,양우현,9,SS,3,3,2,0,0,1,0,0,0,0,0,0,0,0,2575182,0,0,유
2026,2026-04-05,20260405SSKT0,KT,최원준,1,CF,4,3,1,1,0,1,0,0,0,0,0,0,0,0,1631314,1,0,중
2026,2026-04-05,20260405SSKT0,KT,김현수,2,1B,4,4,2,0,0,0,0,0,0,0,0,0,0,0,203566,0,0,一
2026,2026-04-05,20260405SSKT0,KT,류현인,2,3B,0,0,0,0,0,0,0,0,0,0,0,0,0,0,3611499,0,0,三
2026,2026-04-05,20260405SSKT0,KT,안현민,3,RF,4,3,1,1,0,2,0,0,0,0,0,0,0,0,3891049,0,0,우
2026,2026-04-05,20260405SSKT0,KT,힐리어드,4,LF,4,2,1,1,0,1,0,0,0,0,1,0,0,0,10000007,1,1,좌
2026,2026-04-05,20260405SSKT0,KT,장성우,5,DH,4,4,0,0,0,0,0,0,0,0,0,0,0,0,352927,0,0,지
2026,2026-04-05,20260405SSKT0,KT,김상수,6,2B,3,3,0,0,0,0,0,0,0,0,0,0,0,0,299583,0,0,二
2026,2026-04-05,20260405SSKT0,KT,오윤석,7,3B→1B,3,3,1,0,0,0,1,0,0,0,0,0,0,0,1627509,0,1,三一
2026,2026-04-05,20260405SSKT0,KT,한승택,8,C,3,3,0,0,0,2,0,0,0,0,0,0,0,0,912207,0,0,포
2026,2026-04-05,20260405SSKT0,KT,이강민,9,SS,3,3,0,0,0,0,0,0,0,0,0,0,0,0,10000008,0,0,유
2026,2026-04-05,20260405NCHT0,NC,김주원,1,SS,4,4,0,0,0,1,0,0,0,0,0,0,0,0,2852202,0,0,유
2026,2026-04-05,20260405NCHT0,NC,박민우,2,2B,4,4,1,0,0,1,1,0,0,0,0,0,0,0,678905,0,0,二
2026,2026-04-05,20260405NCHT0,NC,데이비슨,3,1B,4,4,1,0,0,0,0,0,0,0,0,0,0,0,3747555,0,0,一
2026,2026-04-05,20260405NCHT0,NC,박건우,4,DH,4,4,0,0,0,1,0,0,0,0,0,0,0,0,373391,0,0,지
2026,2026-04-05,20260405NCHT0,NC,김휘집,5,3B,2,2,0,0,0,0,0,0,0,0,0,0,0,0,2851452,0,0,三
2026,2026-04-05,20260405NCHT0,NC,서호철,5,3B,2,2,0,0,0,1,0,0,0,0,0,0,0,0,2715863,0,0,三
2026,2026-04-05,20260405NCHT0,NC,이우성,6,LF,3,3,0,0,0,2,0,0,0,0,0,0,0,0,1116690,0,0,좌
2026,2026-04-05,20260405NCHT0,NC,한석현,7,RF,3,3,0,0,0,0,0,0,0,0,0,0,0,0,2715047,0,0,우
2026,2026-04-05,20260405NCHT0,NC,김정호,8,C,2,2,1,0,0,0,0,0,0,0,0,0,0,0,4070752,0,0,포
2026,2026-04-05,20260405NCHT0,NC,신재인,8,PH,1,1,1,0,0,0,0,0,0,0,0,0,0,0,10000033,0,0,타
2026,2026-04-05,20260405NCHT0,NC,김형준,8,C,0,0,0,0,0,0,0,0,0,0,0,0,0,0,1986399,0,0,포
2026,2026-04-05,20260405NCHT0,NC,최정원,9,CF,3,3,0,0,0,0,0,0,0,0,0,0,0,0,2697419,0,0,중
2026,2026-04-05,20260405NCHT0,KIA,박재현,1,RF,4,4,1,0,0,1,1,0,0,0,0,0,0,0,3977734,1,0,우
2026,2026-04-05,20260405NCHT0,KIA,박상준,2,1B,3,3,0,0,0,0,0,0,0,0,0,0,0,0,10000040,0,0,一
2026,2026-04-05,20260405NCHT0,KIA,김규성,2,1B,1,0,0,0,0,0,0,0,0,1,0,0,0,0,2704538,0,0,一
2026,2026-04-05,20260405NCHT0,KIA,김도영,3,3B,4,3,1,1,0,0,0,0,0,0,0,0,0,1,3196494,1,0,三
2026,2026-04-05,20260405NCHT0,KIA,카스트로,4,LF,4,3,1,0,0,1,0,0,0,0,1,0,0,0,10000009,1,1,좌
2026,2026-04-05,20260405NCHT0,KIA,박정우,4,LF,0,0,0,0,0,0,0,0,0,0,0,0,0,0,2966764,0,0,좌
2026,2026-04-05,20260405NCHT0,KIA,김선빈,5,DH,4,4,1,0,0,0,0,0,0,0,0,0,0,0,222661,0,0,지
2026,2026-04-05,20260405NCHT0,KIA,한준수,6,C,3,1,0,1,0,0,0,0,0,0,1,0,0,0,1797505,0,1,포
2026,2026-04-05,20260405NCHT0,KIA,김호령,7,CF,3,3,2,0,0,0,0,0,0,0,0,0,0,0,1146368,0,0,중
2026,2026-04-05,20260405NCHT0,KIA,정현창,8,2B,3,3,0,0,0,0,0,0,0,0,0,0,0,0,4063300,0,1,二
2026,2026-04-05,20260405NCHT0,KIA,데일,9,SS,3,3,1,0,0,0,0,0,0,0,0,0,0,0,10000022,0,0,유
2026,2026-04-05,20260405LGWO0,LG,홍창기,1,RF,6,4,1,2,0,1,0,0,0,0,0,0,0,0,1607303,1,0,우
2026,2026-04-05,20260405LGWO0,LG,문성주,2,LF,5,4,1,1,0,1,0,0,0,0,0,0,0,0,1983121,0,0,좌
2026,2026-04-05,20260405LGWO0,LG,이주헌,2,C,0,0,0,0,0,0,0,0,0,0,0,0,0,0,3890122,0,0,포
2026,2026-04-05,20260405LGWO0,LG,오스틴,3,1B,5,4,1,1,0,0,0,0,0,0,0,0,0,0,3333938,1,0,一
2026,2026-04-05,20260405LGWO0,LG,이영빈,3,1B,0,0,0,0,0,0,0,0,0,0,0,0,0,0,2852445,0,0,一
2026,2026-04-05,20260405LGWO0,LG,문보경,4,DH,5,5,3,0,0,0,0,0,1,0,0,0,0,0,2966754,1,2,지
2026,2026-04-05,20260405LGWO0,LG,박동원,5,C,5,4,1,0,0,3,0,0,0,0,1,0,0,0,468477,0,1,포
2026,2026-04-05,20260405LGWO0,LG,최원영,5,PR→LF,0,0,0,0,0,0,0,0,0,0,0,0,0,0,3806394,1,0,주좌
2026,2026-04-05,20260405LGWO0,LG,천성호,6,3B,4,4,3,0,0,0,0,0,0,0,0,0,0,0,2717987,1,0,三
2026,2026-04-05,20260405LGWO0,LG,구본혁,6,3B,1,0,0,0,0,0,0,0,0,1,0,0,0,0,2522898,0,0,三
2026,2026-04-05,20260405LGWO0,LG,박해민,7,CF,5,4,1,0,1,0,1,0,0,0,0,0,0,0,844422,1,0,중
2026,2026-04-05,20260405LGWO0,LG,오지환,8,SS,5,5,3,0,0,0,1,0,0,0,0,0,0,0,273675,0,3,유
2026,2026-04-05,20260405LGWO0,LG,신민재,9,2B,5,4,1,0,0,2,0,0,0,1,0,0,0,0,2484309,0,0,二
2026,2026-04-05,20260405LGWO0,키움,브룩스,1,1B,5,4,0,1,0,1,0,0,0,0,0,0,0,0,10000012,0,0,一
2026,2026-04-05,20260405LGWO0,키움,최재영,1,PR,0,0,0,0,0,0,0,0,0,0,0,0,0,0,10000013,0,0,주
2026,2026-04-05,20260405LGWO0,키움,이주형,2,CF,5,3,0,1,1,0,0,0,0,0,0,0,0,0,2951426,0,0,중
2026,2026-04-05,20260405LGWO0,키움,안치홍,3,DH,5,3,1,2,0,0,0,0,0,0,0,1,0,0,247494,0,0,지
2026,2026-04-05,20260405LGWO0,키움,최주환,4,3B,5,5,0,0,0,3,0,0,0,0,0,0,0,0,450682,0,0,三
2026,2026-04-05,20260405LGWO0,키움,박찬혁,5,RF,4,4,0,0,0,1,0,0,0,0,0,1,0,0,3196410,0,0,우
2026,2026-04-05,20260405LGWO0,키움,김건희,6,C,4,4,2,0,0,2,0,0,1,0,0,0,0,0,3612591,2,1,포
2026,2026-04-05,20260405LGWO0,키움,박주홍,7,LF,4,4,3,0,0,1,1,0,0,0,0,0,0,0,2622616,1,0,좌
2026,2026-04-05,20260405LGWO0,키움,박한결,8,2B,2,2,0,0,0,1,0,0,0,0,0,0,0,0,10000014,0,0,二
2026,2026-04-05,20260405LGWO0,키움,김태진,8,PH→2B,1,1,0,0,0,0,0,0,0,0,0,0,0,0,1039515,0,0,타二
2026,2026-04-05,20260405LGWO0,키움,임지열,8,PH,1,1,1,0,0,0,0,0,0,0,0,0,0,0,1004270,1,0,타
2026,2026-04-05,20260405LGWO0,키움,어준서,9,SS,3,3,1,0,0,0,0,0,0,0,0,0,0,0,3976950,0,0,유
2026,2026-04-05,20260405LGWO0,키움,이형종,9,PH,1,1,1,0,0,0,0,0,1,0,0,0,0,0,424743,1,4,타
2026,2026-04-07,20260407WOOB0,키움,브룩스,1,1B,5,4,1,1,0,0,0,0,0,0,0,0,0,0,10000012,2,0,一
2026,2026-04-07,20260407WOOB0,키움,안치홍,2,DH,5,4,1,1,0,0,0,0,0,0,0,0,0,0,247494,0,0,지
2026,2026-04-07,20260407WOOB0,키움,이주형,3,CF,5,4,1,1,0,1,0,0,0,0,0,0,0,0,2951426,1,1,중
2026,2026-04-07,20260407WOOB0,키움,김건희,4,C,5,4,0,1,0,2,0,0,0,0,0,1,0,0,3612591,0,0,포
2026,2026-04-07,20260407WOOB0,키움,최주환,5,3B,4,2,1,1,0,0,0,0,0,0,1,0,0,0,450682,0,2,三
2026,2026-04-07,20260407WOOB0,키움,박찬혁,6,RF,2,2,0,0,0,2,0,0,0,0,0,0,0,0,3196410,0,0,우
2026,2026-04-07,20260407WOOB0,키움,박주홍,6,PH→RF,2,2,0,0,0,2,0,0,0,0,0,0,0,0,2622616,0,0,타우
2026,2026-04-07,20260407WOOB0,키움,이형종,7,LF,4,4,1,0,0,2,0,0,0,0,0,0,0,0,424743,1,0,좌
2026,2026-04-07,20260407WOOB0,키움,박한결,8,2B,4,4,0,0,0,1,0,0,0,0,0,0,0,0,10000014,0,0,二
2026,2026-04-07,20260407WOOB0,키움,어준서,9,SS,4,4,2,0,0,2,0,0,0,0,0,0,0,0,3976950,1,0,유
2026,2026-04-07,20260407WOOB0,두산,박준순,1,DH,5,5,0,0,0,2,0,0,0,0,0,0,0,0,3988775,0,0,지
2026,2026-04-07,20260407WOOB0,두산,정수빈,2,CF,5,4,0,1,0,1,0,0,0,0,0,0,0,0,323457,0,0,중
2026,2026-04-07,20260407WOOB0,두산,안재석,3,3B,4,4,1,0,0,2,0,0,0,0,0,0,0,0,2851314,1,0,三
2026,2026-04-07,20260407WOOB0,두산,양의지,4,C,4,3,1,0,1,0,0,0,0,0,0,0,0,0,450095,0,0,포
2026,2026-04-07,20260407WOOB0,두산,카메론,5,RF,4,4,2,0,0,0,2,0,0,0,0,0,0,0,10000010,0,0,우
2026,2026-04-07,20260407WOOB0,두산,박찬호,6,SS,4,3,1,1,0,1,0,0,0,0,0,0,0,0,1138034,0,0,유
2026,2026-04-07,20260407WOOB0,두산,양석환,7,1B,3,2,0,0,0,0,0,0,0,0,1,0,0,0,1035495,0,1,一
2026,2026-04-07,20260407WOOB0,두산,김인태,7,PH,1,1,0,0,0,1,0,0,0,0,0,0,0,0,864844,0,0,타
2026,2026-04-07,20260407WOOB0,두산,강승호,7,1B,0,0,0,0,0,0,0,0,0,0,0,0,0,0,873434,0,0,一
2026,2026-04-07,20260407WOOB0,두산,김민석,8,LF,4,2,1,2,0,0,0,1,0,0,0,0,0,0,3611562,1,0,좌
2026,2026-04-07,20260407WOOB0,두산,이유찬,9,2B,3,2,0,0,0,1,0,0,0,0,1,0,0,0,1962778,0,1,二
2026,2026-04-07,20260407WOOB0,두산,박지훈,9,PH,1,1,0,0,0,0,0,0,0,0,0,0,0,0,2736212,0,0,타
2026,2026-04-07,20260407HHSK0,한화,오재원,1,CF,5,4,0,1,0,2,0,0,0,0,0,0,0,0,10000015,1,0,중
2026,2026-04-07,20260407HHSK0,한화,페라자,2,RF,5,3,1,2,0,0,1,0,0,0,0,0,0,1,3716511,2,0,우
2026,2026-04-07,20260407HHSK0,한화,김서현,2,P,0,0,0,0,0,0,0,0,0,0,0,0,0,0,3618453,0,0,투
2026,2026-04-07,20260407HHSK0,한화,문현빈,3,LF,5,3,1,2,0,0,0,0,0,0,0,0,0,0,3611452,2,1,좌
2026,2026-04-07,20260407HHSK0,한화,노시환,4,3B,5,3,1,1,1,2,0,0,0,0,0,0,0,0,2484601,1,1,三
2026,2026-04-07,20260407HHSK0,한화,강백호,5,DH,5,5,2,0,0,0,0,0,0,0,0,0,0,0,1882039,0,1,지
2026,2026-04-07,20260407HHSK0,한화,이원석,5,PR→RF,0,0,0,0,0,0,0,0,0,0,0,0,0,0,2507570,0,0,주우
2026,2026-04-07,20260407HHSK0,한화,채은성,6,1B,5,5,0,0,0,1,0,0,0,0,0,0,0,0,730963,0,1,一
2026,2026-04-07,20260407HHSK0,한화,하주석,7,2B,5,4,1,1,0,3,0,0,0,0,0,0,0,0,675949,0,2,二
2026,2026-04-07,20260407HHSK0,한화,이도윤,7,2B,0,0,0,0,0,0,0,0,0,0,0,0,0,0,1971980,0,0,二
2026,2026-04-07,20260407HHSK0,한화,최재훈,8,C,4,3,0,0,0,0,0,0,0,1,0,0,0,0,450681,0,0,포
2026,2026-04-07,20260407HHSK0,한화,심우준,9,SS,4,4,2,0,0,1,0,0,0,0,0,0,0,0,1501462,0,0,유
2026,2026-04-07,20260407HHSK0,SSG,박성한,1,SS,4,3,1,1,0,1,1,0,0,0,0,0,0,0,1838428,1,0,유
2026,2026-04-07,20260407HHSK0,SSG,에레디아,2,LF,4,4,1,0,0,2,0,0,0,0,0,0,0,0,3329386,0,0,좌
2026,2026-04-07,20260407HHSK0,SSG,최정,3,3B,4,4,1,0,0,1,0,0,1,0,0,0,0,0,74405,1,2,三
2026,2026-04-07,20260407HHSK0,SSG,김재환,4,DH,4,2,0,2,0,1,0,0,0,0,0,0,0,0,450679,0,0,지
2026,2026-04-07,20260407HHSK0,SSG,고명준,5,1B,4,4,1,0,0,3,1,0,0,0,0,0,0,0,2966322,0,0,一
2026,2026-04-07,20260407HHSK0,SSG,최지훈,6,CF,4,4,0,0,0,1,0,0,0,0,0,0,0,0,2698101,0,0,중
2026,2026-04-07,20260407HHSK0,SSG,안상현,7,2B,3,3,0,0,0,3,0,0,0,0,0,0,0,0,2020561,0,0,二
2026,2026-04-07,20260407HHSK0,SSG,한유섬,7,PH,1,1,0,0,0,0,0,0,0,0,0,0,0,0,792323,0,0,타
2026,2026-04-07,20260407HHSK0,SSG,김성욱,8,RF,3,2,0,1,0,2,0,0,0,0,0,0,0,0,678893,0,0,우
2026,2026-04-07,20260407HHSK0,SSG,이지영,9,C,3,3,0,0,0,0,0,0,0,0,0,0,0,0,289476,0,0,포
2026,2026-04-07,20260407KTLT0,KT,최원준,1,CF,6,5,0,1,0,2,0,0,0,0,0,0,0,0,1631314,1,0,중
2026,2026-04-07,20260407KTLT0,KT,김현수,2,1B,5,4,2,1,0,0,0,0,0,0,0,0,0,0,203566,1,0,一
2026,2026-04-07,20260407KTLT0,KT,류현인,2,PR→3B,0,0,0,0,0,0,0,0,0,0,0,0,0,0,3611499,0,0,주三
2026,2026-04-07,20260407KTLT0,KT,안현민,3,RF,5,2,0,2,1,2,0,0,0,0,0,0,0,0,3891049,2,0,우
2026,2026-04-07,20260407KTLT0,KT,장진혁,3,RF,0,0,0,0,0,0,0,0,0,0,0,0,0,0,1945252,0,0,우
2026,2026-04-07,20260407KTLT0,KT,힐리어드,4,LF,5,3,0,1,0,1,0,0,0,0,1,0,0,0,10000007,0,1,좌
2026,2026-04-07,20260407KTLT0,KT,장성우,5,DH,5,4,2,1,0,1,1,0,0,0,0,0,0,0,352927,1,2,지
2026,2026-04-07,20260407KTLT0,KT,권동진,5,PR,0,0,0,0,0,0,0,0,0,0,0,0,0,0,2852168,1,0,주
2026,2026-04-07,20260407KTLT0,KT,김상수,6,2B,5,5,1,0,0,0,0,0,0,0,0,0,0,0,299583,0,0,二
2026,2026-04-07,20260407KTLT0,KT,오윤석,7,3B→1B,5,5,2,0,0,2,2,0,0,0,0,0,0,0,1627509,1,3,三一
2026,2026-04-07,20260407KTLT0,KT,한승택,8,C,5,3,1,2,0,1,0,0,0,0,0,0,0,0,912207,0,0,포
2026,2026-04-07,20260407KTLT0,KT,이강민,9,SS,5,5,1,0,0,1,0,0,0,0,0,0,0,0,10000008,0,1,유
2026,2026-04-07,20260407KTLT0,롯데,황성빈,1,CF,5,5,2,0,0,2,0,0,0,0,0,0,0,0,3212874,1,0,중
2026,2026-04-07,20260407KTLT0,롯데,레이예스,2,LF,5,4,1,0,1,1,0,0,0,0,0,0,0,0,3730363,0,0,좌
2026,2026-04-07,20260407KTLT0,롯데,장두성,2,PR,0,0,0,0,0,0,0,0,0,0,0,0,0,0,2966767,1,0,주
2026,2026-04-07,20260407KTLT0,롯데,노진혁,3,1B,5,4,2,1,0,1,0,0,0,0,0,0,0,0,678900,0,1,一
2026,2026-04-07,20260407KTLT0,롯데,한동희,4,3B,5,5,2,0,0,2,0,0,0,0,0,0,0,0,1797510,1,1,三
2026,2026-04-07,20260407KTLT0,롯데,윤동희,5,RF,4,4,1,0,0,1,1,0,0,0,0,0,0,0,3227755,0,0,우
2026,2026-04-07,20260407KTLT0,롯데,손호영,5,PH,1,1,1,0,0,0,1,0,0,0,0,0,0,0,2699438,0,1,타
2026,2026-04-07,20260407KTLT0,롯데,전준우,6,DH,5,4,1,1,0,1,0,0,0,0,0,0,0,0,247282,0,0,지
2026,2026-04-07,20260407KTLT0,롯데,유강남,7,C,3,3,0,0,0,3,0,0,0,0,0,0,0,0,588862,0,0,포
2026,2026-04-07,20260407KTLT0,롯데,손성빈,7,C,1,1,0,0,0,0,0,0,0,0,0,0,0,0,2852561,0,0,포
2026,2026-04-07,20260407KTLT0,롯데,전민재,8,SS,2,2,0,0,0,2,0,0,0,0,0,0,0,0,2647420,0,0,유
2026,2026-04-07,20260407KTLT0,롯데,김민성,8,PH,1,1,0,0,0,0,0,0,0,0,0,0,0,0,319585,0,0,타
2026,2026-04-07,20260407KTLT0,롯데,이호준,8,SS,1,0,0,1,0,0,0,0,0,0,0,0,0,0,4070532,0,0,유
2026,2026-04-07,20260407KTLT0,롯데,한태양,9,2B,4,4,1,0,0,0,0,0,0,0,0,0,0,0,3224552,0,0,二
2026,2026-04-07,20260407KTLT0,롯데,박승욱,9,2B,0,0,0,0,0,0,0,0,0,0,0,0,0,0,792296,0,0,二
2026,2026-04-07,20260407LGNC0,LG,홍창기,1,RF,5,4,0,1,0,2,0,0,0,0,0,0,0,0,1607303,0,0,우
2026,2026-04-07,20260407LGNC0,LG,박해민,2,CF,5,5,1,0,0,1,0,0,0,0,0,0,0,0,844422,0,0,중
2026,2026-04-07,20260407LGNC0,LG,오스틴,3,1B,5,4,0,1,0,1,0,0,0,0,0,0,0,0,3333938,1,0,一
2026,2026-04-07,20260407LGNC0,LG,문보경,4,DH,4,2,0,2,0,1,0,0,0,0,0,0,0,1,2966754,1,0,지
2026,2026-04-07,20260407LGNC0,LG,문성주,5,LF,2,2,1,0,0,0,0,0,0,0,0,0,0,0,1983121,0,0,좌
2026,2026-04-07,20260407LGNC0,LG,구본혁,5,PH→3B,2,1,1,1,0,0,0,0,0,0,0,0,0,0,2522898,0,1,타三
2026,2026-04-07,20260407LGNC0,LG,천성호,6,3B,2,2,0,0,0,0,0,0,0,0,0,0,0,0,2717987,0,0,三
2026,2026-04-07,20260407LGNC0,LG,박동원,6,PH→C,2,2,0,0,0,1,0,0,0,0,0,0,0,0,468477,0,0,타포
2026,2026-04-07,20260407LGNC0,LG,오지환,7,SS,4,4,2,0,0,1,0,0,0,0,0,0,0,0,273675,0,1,유
2026,2026-04-07,20260407LGNC0,LG,이주헌,8,C,2,2,1,0,0,0,0,0,0,0,0,0,0,0,3890122,0,0,포
2026,2026-04-07,20260407LGNC0,LG,이재원,8,PH,1,1,0,0,0,1,0,0,0,0,0,0,0,0,2600568,0,0,타
2026,2026-04-07,20260407LGNC0,LG,최원영,8,LF,1,1,0,0,0,0,0,0,0,0,0,0,0,0,3806394,0,0,좌
2026,2026-04-07,20260407LGNC0,LG,신민재,9,2B,4,3,0,0,0,2,0,0,0,1,0,0,0,0,2484309,0,0,二
2026,2026-04-07,20260407LGNC0,NC,김주원,1,SS,5,5,2,0,0,1,0,0,0,0,0,0,0,0,2852202,0,0,유
2026,2026-04-07,20260407LGNC0,NC,신재인,2,1B,5,5,0,0,0,0,0,0,0,0,0,0,0,0,10000033,0,0,一
2026,2026-04-07,20260407LGNC0,NC,박민우,3,2B,5,5,1,0,0,0,0,0,0,0,0,0,0,0,678905,0,0,二
2026,2026-04-07,20260407LGNC0,NC,데이비슨,4,DH,4,3,0,1,0,2,0,0,0,0,0,0,0,0,3747555,0,0,지
2026,2026-04-07,20260407LGNC0,NC,박건우,5,RF,4,3,0,1,0,1,0,0,0,0,0,0,0,0,373391,0,0,우
2026,2026-04-07,20260407LGNC0,NC,김휘집,6,3B,4,4,3,0,0,1,0,0,0,0,0,0,0,0,2851452,0,0,三
2026,2026-04-07,20260407LGNC0,NC,이우성,7,LF,2,2,0,0,0,0,0,0,0,0,0,0,0,0,1116690,0,0,좌
2026,2026-04-07,20260407LGNC0,NC,서호철,7,PH,1,1,1,0,0,0,0,0,0,0,0,0,0,0,2715863,0,0,타
2026,2026-04-07,20260407LGNC0,NC,천재환,7,PR→LF,0,0,0,0,0,0,0,0,0,0,0,0,0,0,3243743,0,0,주좌
2026,2026-04-07,20260407LGNC0,NC,한석현,7,PH→LF,1,1,0,0,0,1,0,0,0,0,0,0,0,0,2715047,0,0,타좌
2026,2026-04-07,20260407LGNC0,NC,김형준,8,C,4,3,1,1,0,2,0,0,0,0,0,0,0,0,1986399,0,0,포
2026,2026-04-07,20260407LGNC0,NC,최정원,9,CF,4,4,1,0,0,1,0,0,0,0,0,0,0,0,2697419,0,0,중
2026,2026-04-07,20260407SSHT0,삼성,김지찬,1,CF,5,5,1,0,0,1,0,0,0,0,0,0,0,0,2697432,1,0,중
2026,2026-04-07,20260407SSHT0,삼성,류지혁,2,2B,5,4,3,1,0,0,1,0,1,0,0,0,0,0,793973,3,2,二
2026,2026-04-07,20260407SSHT0,삼성,최형우,3,DH,5,3,2,2,0,0,1,0,1,0,0,0,0,0,223389,1,4,지
2026,2026-04-07,20260407SSHT0,삼성,디아즈,4,1B,5,5,1,0,0,0,0,0,0,0,0,0,0,0,3869434,1,1,一
2026,2026-04-07,20260407SSHT0,삼성,구자욱,5,LF,5,5,0,0,0,1,0,0,0,0,0,0,0,0,844051,1,0,좌
2026,2026-04-07,20260407SSHT0,삼성,함수호,5,LF,0,0,0,0,0,0,0,0,0,0,0,0,0,0,4070424,0,0,좌
2026,2026-04-07,20260407SSHT0,삼성,김영웅,6,3B,4,3,1,1,0,1,0,0,0,0,0,0,0,0,3283321,1,1,三
2026,2026-04-07,20260407SSHT0,삼성,이해승,6,SS,1,1,0,0,0,0,0,0,0,0,0,0,0,0,3227761,0,0,유
2026,2026-04-07,20260407SSHT0,삼성,강민호,7,C,4,4,1,0,0,1,1,0,0,0,0,0,0,0,149157,0,2,포
2026,2026-04-07,20260407SSHT0,삼성,김헌곤,8,RF,2,2,0,0,0,0,0,0,0,0,0,0,0,0,588813,0,0,우
2026,2026-04-07,20260407SSHT0,삼성,김태훈,8,PH→RF,2,2,0,0,0,1,0,0,0,0,0,0,0,0,1501469,0,0,타우
2026,2026-04-07,20260407SSHT0,삼성,이재현,9,SS,2,2,0,0,0,0,0,0,0,0,0,0,0,0,3196393,0,0,유
2026,2026-04-07,20260407SSHT0,삼성,양우현,9,PH,1,1,1,0,0,0,1,0,0,0,0,0,0,0,2575182,1,0,타
2026,2026-04-07,20260407SSHT0,삼성,전병우,9,3B,1,1,1,0,0,0,1,0,0,0,0,0,0,0,2034879,1,0,三
2026,2026-04-07,20260407SSHT0,KIA,데일,1,SS,5,4,1,1,0,1,1,0,0,0,0,0,0,0,10000022,1,0,유
2026,2026-04-07,20260407SSHT0,KIA,김호령,2,CF,5,3,2,0,1,1,1,0,0,1,0,0,0,0,1146368,0,1,중
2026,2026-04-07,20260407SSHT0,KIA,정현창,2,PR,0,0,0,0,0,0,0,0,0,0,0,0,0,0,4063300,0,0,주
2026,2026-04-07,20260407SSHT0,KIA,김도영,3,3B,5,4,1,1,0,1,1,0,0,0,0,0,0,1,3196494,1,0,三
2026,2026-04-07,20260407SSHT0,KIA,카스트로,4,LF,5,5,1,0,0,1,0,0,0,0,0,0,0,0,10000009,0,2,좌
2026,2026-04-07,20260407SSHT0,KIA,나성범,5,DH,4,4,0,0,0,2,0,0,0,0,0,0,0,0,678785,0,0,지
2026,2026-04-07,20260407SSHT0,KIA,김선빈,6,2B,4,1,0,3,0,0,0,0,0,0,0,0,0,0,222661,0,0,二
2026,2026-04-07,20260407SSHT0,KIA,박상준,7,1B,3,1,0,2,0,1,0,0,0,0,0,0,0,0,10000040,0,0,一
2026,2026-04-07,20260407SSHT0,KIA,김규성,7,PR→1B,1,1,0,0,0,0,0,0,0,0,0,0,0,0,2704538,0,0,주一
2026,2026-04-07,20260407SSHT0,KIA,김태군,8,C,3,3,0,0,0,0,0,0,0,0,0,1,0,0,289623,0,0,포
2026,2026-04-07,20260407SSHT0,KIA,한준수,8,C,1,1,0,0,0,0,0,0,0,0,0,0,0,0,1797505,0,0,포
2026,2026-04-07,20260407SSHT0,KIA,박재현,9,RF,3,3,1,0,0,0,0,0,0,0,0,0,0,0,3977734,1,0,우
2026,2026-04-07,20260407SSHT0,KIA,고종욱,9,PH,1,1,0,0,0,1,0,0,0,0,0,0,0,0,699428,0,0,타
2026,2026-04-07,20260407SSHT0,KIA,박정우,9,RF,0,0,0,0,0,0,0,0,0,0,0,0,0,0,2966764,0,0,우
2026,2026-04-08,20260408WOOB0,키움,브룩스,1,1B,5,2,0,2,1,1,0,0,0,0,0,0,0,0,10000012,0,0,一
2026,2026-04-08,20260408WOOB0,키움,안치홍,2,DH,5,3,0,2,0,0,0,0,0,0,0,0,0,0,247494,0,0,지
2026,2026-04-08,20260408WOOB0,키움,이주형,3,CF,5,4,2,1,0,1,0,1,0,0,0,0,0,0,2951426,1,0,중
2026,2026-04-08,20260408WOOB0,키움,최주환,4,3B,4,3,2,1,0,0,0,0,0,0,0,0,0,0,450682,0,1,三
2026,2026-04-08,20260408WOOB0,키움,오선진,4,PR→SS,1,1,0,0,0,1,0,0,0,0,0,0,0,0,308768,1,0,주유
2026,2026-04-08,20260408WOOB0,키움,박찬혁,5,RF,3,3,0,0,0,2,0,0,0,0,0,0,0,0,3196410,0,0,우
2026,2026-04-08,20260408WOOB0,키움,임지열,5,PH→LF,2,2,0,0,0,2,0,0,0,0,0,0,0,0,1004270,0,0,타좌
2026,2026-04-08,20260408WOOB0,키움,박주홍,6,LF,3,3,0,0,0,0,0,0,0,0,0,1,0,0,2622616,0,0,좌
2026,2026-04-08,20260408WOOB0,키움,이형종,6,PH→RF,1,1,1,0,0,0,0,0,1,0,0,0,0,0,424743,1,2,타우
2026,2026-04-08,20260408WOOB0,키움,어준서,7,SS,3,3,0,0,0,1,0,0,0,0,0,0,0,0,3976950,0,0,유
2026,2026-04-08,20260408WOOB0,키움,김지석,7,PH→3B,1,1,0,0,0,0,0,0,0,0,0,0,0,0,10000043,0,0,타三
2026,2026-04-08,20260408WOOB0,키움,김재현,8,C,2,2,0,0,0,2,0,0,0,0,0,0,0,0,715619,0,0,포
2026,2026-04-08,20260408WOOB0,키움,김건희,8,PH→C,2,2,0,0,0,0,0,0,0,0,0,0,0,0,3612591,0,0,타포
2026,2026-04-08,20260408WOOB0,키움,박한결,9,2B,4,3,2,1,0,0,1,0,0,0,0,0,0,0,10000014,0,0,二
2026,2026-04-08,20260408WOOB0,두산,박찬호,1,SS,5,3,1,2,0,0,0,0,0,0,0,0,0,0,1138034,2,0,유
2026,2026-04-08,20260408WOOB0,두산,정수빈,2,CF,5,3,0,1,0,0,0,0,0,1,0,0,0,0,323457,0,0,중
2026,2026-04-08,20260408WOOB0,두산,박준순,3,2B,4,4,2,0,0,0,1,0,0,0,0,0,0,0,3988775,1,1,二
2026,2026-04-08,20260408WOOB0,두산,이유찬,3,PR→2B,1,1,1,0,0,0,0,0,0,0,0,0,0,0,1962778,1,0,주二
2026,2026-04-08,20260408WOOB0,두산,양의지,4,DH,4,2,1,1,0,0,1,0,0,0,1,0,0,0,450095,0,2,지
2026,2026-04-08,20260408WOOB0,두산,오명진,4,PR→DH,1,1,0,0,0,0,0,0,0,0,0,0,0,0,2745405,1,0,주지
2026,2026-04-08,20260408WOOB0,두산,카메론,5,RF,4,3,0,0,1,0,0,0,0,0,0,0,0,0,10000010,0,0,우
2026,2026-04-08,20260408WOOB0,두산,조수행,5,PR→RF,1,1,0,0,0,0,0,0,0,0,0,0,0,0,1608621,0,0,주우
2026,2026-04-08,20260408WOOB0,두산,김민석,6,LF,4,3,1,1,0,0,0,0,0,0,0,0,0,0,3611562,1,1,좌
2026,2026-04-08,20260408WOOB0,두산,강승호,7,1B,4,4,1,0,0,1,0,0,0,0,0,0,0,0,873434,1,1,一
2026,2026-04-08,20260408WOOB0,두산,윤준호,8,C,4,3,0,0,0,1,0,0,0,0,1,0,0,0,3891756,0,1,포
2026,2026-04-08,20260408WOOB0,두산,박지훈,9,3B,4,2,1,1,1,0,0,0,0,0,0,0,0,0,2736212,0,0,三
2026,2026-04-08,20260408HHSK0,한화,오재원,1,CF,4,4,0,0,0,1,0,0,0,0,0,0,0,0,10000015,1,0,중
2026,2026-04-08,20260408HHSK0,한화,페라자,2,RF,4,3,1,1,0,1,1,0,0,0,0,0,0,0,3716511,0,0,우
2026,2026-04-08,20260408HHSK0,한화,문현빈,3,LF,4,3,1,1,0,0,0,0,0,0,0,0,0,0,3611452,1,0,좌
2026,2026-04-08,20260408HHSK0,한화,노시환,4,3B,4,3,0,1,0,0,0,0,0,0,0,1,0,0,2484601,1,0,三
2026,2026-04-08,20260408HHSK0,한화,강백호,5,DH,4,4,1,0,0,0,0,0,1,0,0,0,0,0,1882039,1,3,지
2026,2026-04-08,20260408HHSK0,한화,채은성,6,1B,4,4,0,0,0,2,0,0,0,0,0,0,0,0,730963,0,0,一
2026,2026-04-08,20260408HHSK0,한화,하주석,7,2B,4,4,1,0,0,1,0,0,0,0,0,0,0,0,675949,0,0,二
2026,2026-04-08,20260408HHSK0,한화,최재훈,8,C,4,4,0,0,0,1,0,0,0,0,0,0,0,0,450681,0,0,포
2026,2026-04-08,20260408HHSK0,한화,심우준,9,SS,3,3,1,0,0,1,0,0,0,0,0,0,0,0,1501462,0,0,유
2026,2026-04-08,20260408HHSK0,SSG,박성한,1,SS,5,3,1,2,0,0,0,1,0,0,0,0,0,0,1838428,0,0,유
2026,2026-04-08,20260408HHSK0,SSG,에레디아,2,LF,5,5,2,0,0,0,0,0,1,0,0,0,0,0,3329386,2,1,좌
2026,2026-04-08,20260408HHSK0,SSG,최정,3,3B,5,5,1,0,0,2,1,0,0,0,0,0,0,0,74405,0,1,三
2026,2026-04-08,20260408HHSK0,SSG,김재환,4,DH,5,3,0,2,0,2,0,0,0,0,0,0,0,0,450679,0,0,지
2026,2026-04-08,20260408HHSK0,SSG,고명준,5,1B,4,4,1,0,0,1,1,0,0,0,0,0,0,0,2966322,0,1,一
2026,2026-04-08,20260408HHSK0,SSG,채현우,5,PR→RF,0,0,0,0,0,0,0,0,0,0,0,0,0,0,2527084,0,0,주우
2026,2026-04-08,20260408HHSK0,SSG,김성욱,5,PH,1,1,0,0,0,0,0,0,0,0,0,0,0,0,678893,0,0,타
2026,2026-04-08,20260408HHSK0,SSG,한유섬,6,RF,4,3,1,1,0,2,0,0,0,0,0,0,0,0,792323,0,0,우
2026,2026-04-08,20260408HHSK0,SSG,안상현,6,PR,0,0,0,0,0,0,0,0,0,0,0,0,0,0,2020561,0,0,주
2026,2026-04-08,20260408HHSK0,SSG,이지영,6,C,0,0,0,0,0,0,0,0,0,0,0,0,0,0,289476,0,0,포
2026,2026-04-08,20260408HHSK0,SSG,최지훈,7,CF,4,3,1,0,1,0,1,0,0,0,0,1,0,0,2698101,0,0,중
2026,2026-04-08,20260408HHSK0,SSG,조형우,8,C,3,3,0,0,0,0,0,0,0,0,0,0,0,0,3234622,0,0,포
2026,2026-04-08,20260408HHSK0,SSG,오태곤,8,PH→1B,1,1,0,0,0,1,0,0,0,0,0,0,0,0,510675,0,0,타一
2026,2026-04-08,20260408HHSK0,SSG,정준재,9,2B,4,4,2,0,0,1,0,0,0,0,0,0,0,0,3839080,1,0,二
2026,2026-04-08,20260408KTLT0,KT,최원준,1,RF,4,4,0,0,0,0,0,0,0,0,0,0,0,0,1631314,0,0,우
2026,2026-04-08,20260408KTLT0,KT,김현수,2,DH,4,3,0,1,0,0,0,0,0,0,0,0,0,0,203566,0,0,지
2026,2026-04-08,20260408KTLT0,KT,장성우,3,C,4,4,0,0,0,2,0,0,0,0,0,1,0,0,352927,0,0,포
2026,2026-04-08,20260408KTLT0,KT,힐리어드,4,LF,3,3,1,0,0,1,0,0,1,0,0,0,0,0,10000007,1,1,좌
2026,2026-04-08,20260408KTLT0,KT,김상수,5,2B,3,3,0,0,0,0,0,0,0,0,0,0,0,0,299583,0,0,二
2026,2026-04-08,20260408KTLT0,KT,권동진,5,3B,0,0,0,0,0,0,0,0,0,0,0,0,0,0,2852168,0,0,三
2026,2026-04-08,20260408KTLT0,KT,오윤석,6,1B,3,3,1,0,0,0,0,0,0,0,0,0,0,0,1627509,0,0,一
2026,2026-04-08,20260408KTLT0,KT,류현인,7,3B→2B,3,3,1,0,0,0,1,0,0,0,0,0,0,0,3611499,0,0,三二
2026,2026-04-08,20260408KTLT0,KT,배정대,8,CF,3,3,0,0,0,1,0,0,0,0,0,0,0,0,1015525,0,0,중
2026,2026-04-08,20260408KTLT0,KT,이강민,9,SS,3,3,0,0,0,3,0,0,0,0,0,0,0,0,10000008,0,0,유
2026,2026-04-08,20260408KTLT0,롯데,레이예스,1,LF,5,4,3,1,0,0,0,0,0,0,0,0,0,0,3730363,0,1,좌
2026,2026-04-08,20260408KTLT0,롯데,윤동희,2,RF,4,4,0,0,0,2,0,0,0,0,0,1,0,0,3227755,0,0,우
2026,2026-04-08,20260408KTLT0,롯데,노진혁,2,PH,1,1,0,0,0,0,0,0,0,0,0,0,0,0,678900,0,0,타
2026,2026-04-08,20260408KTLT0,롯데,장두성,2,RF,0,0,0,0,0,0,0,0,0,0,0,0,0,0,2966767,0,0,우
2026,2026-04-08,20260408KTLT0,롯데,전준우,3,DH,5,5,3,0,0,1,0,0,0,0,0,0,0,0,247282,0,1,지
2026,2026-04-08,20260408KTLT0,롯데,한동희,4,1B,4,4,2,0,0,0,0,0,0,0,0,0,0,0,1797510,2,0,一
2026,2026-04-08,20260408KTLT0,롯데,박승욱,4,1B,0,0,0,0,0,0,0,0,0,0,0,0,0,0,792296,0,0,一
2026,2026-04-08,20260408KTLT0,롯데,김민성,5,3B,4,4,1,0,0,1,0,0,1,0,0,0,0,0,319585,1,2,三
2026,2026-04-08,20260408KTLT0,롯데,손호영,6,2B,4,4,1,0,0,2,1,0,0,0,0,0,0,0,2699438,1,0,二
2026,2026-04-08,20260408KTLT0,롯데,이호준,6,2B,0,0,0,0,0,0,0,0,0,0,0,0,0,0,4070532,0,0,二
2026,2026-04-08,20260408KTLT0,롯데,전민재,7,SS,4,3,1,1,0,0,0,0,0,0,0,0,0,0,2647420,0,0,유
2026,2026-04-08,20260408KTLT0,롯데,손성빈,8,C,4,2,1,1,0,1,0,0,0,0,1,0,0,0,2852561,0,1,포
2026,2026-04-08,20260408KTLT0,롯데,황성빈,9,CF,4,4,1,0,0,0,0,0,0,0,0,0,0,0,3212874,2,0,중
2026,2026-04-08,20260408LGNC0,LG,홍창기,1,RF,5,4,0,1,0,1,0,0,0,0,0,0,0,0,1607303,0,0,우
2026,2026-04-08,20260408LGNC0,LG,박해민,2,CF,5,5,1,0,0,2,0,0,0,0,0,0,0,0,844422,0,0,중
2026,2026-04-08,20260408LGNC0,LG,오스틴,3,1B,5,4,0,1,0,1,0,0,0,0,0,0,0,0,3333938,1,0,一
2026,2026-04-08,20260408LGNC0,LG,문보경,4,DH,4,3,1,1,0,1,1,0,0,0,0,0,0,0,2966754,0,0,지
2026,2026-04-08,20260408LGNC0,LG,최원영,4,PR→DH,1,1,0,0,0,0,0,0,0,0,0,0,0,0,3806394,1,0,주지
2026,2026-04-08,20260408LGNC0,LG,천성호,5,3B,4,4,2,0,0,1,1,0,1,0,0,1,0,0,2717987,1,2,三
2026,2026-04-08,20260408LGNC0,LG,구본혁,5,3B,0,0,0,0,0,0,0,0,0,0,0,0,0,0,2522898,0,0,三
2026,2026-04-08,20260408LGNC0,LG,오지환,6,SS,4,4,2,0,0,1,0,0,1,0,0,0,0,0,273675,1,2,유
2026,2026-04-08,20260408LGNC0,LG,박동원,7,C,4,3,0,1,0,1,0,0,0,0,0,0,0,0,468477,1,0,포
2026,2026-04-08,20260408LGNC0,LG,이재원,8,LF,2,2,1,0,0,0,0,0,0,0,0,0,0,0,2600568,0,0,좌
2026,2026-04-08,20260408LGNC0,LG,문성주,8,LF,2,2,2,0,0,0,0,0,0,0,0,0,0,0,1983121,0,0,좌
2026,2026-04-08,20260408LGNC0,LG,이영빈,9,2B,2,2,1,0,0,0,0,0,0,0,0,0,0,0,2852445,0,0,二
2026,2026-04-08,20260408LGNC0,LG,신민재,9,2B,2,2,1,0,0,0,0,0,0,0,0,0,0,0,2484309,0,1,二
2026,2026-04-08,20260408LGNC0,NC,김주원,1,SS,5,3,0,2,0,0,0,0,0,0,0,0,0,0,2852202,1,0,유
2026,2026-04-08,20260408LGNC0,NC,박민우,2,2B,5,5,1,0,0,2,0,0,0,0,0,0,0,0,678905,0,1,二
2026,2026-04-08,20260408LGNC0,NC,데이비슨,3,DH,4,4,0,0,0,2,0,0,0,0,0,0,0,0,3747555,0,0,지
2026,2026-04-08,20260408LGNC0,NC,박건우,4,RF,4,4,1,0,0,1,0,0,1,0,0,0,0,0,373391,1,1,우
2026,2026-04-08,20260408LGNC0,NC,김휘집,5,3B,4,4,1,0,0,2,0,0,0,0,0,0,0,0,2851452,0,0,三
2026,2026-04-08,20260408LGNC0,NC,허윤,5,PR,0,0,0,0,0,0,0,0,0,0,0,0,0,0,10000023,0,0,주
2026,2026-04-08,20260408LGNC0,NC,김한별,5,3B,0,0,0,0,0,0,0,0,0,0,0,0,0,0,3196401,0,0,三
2026,2026-04-08,20260408LGNC0,NC,이우성,6,LF,4,4,1,0,0,1,0,0,0,0,0,0,0,0,1116690,1,0,좌
2026,2026-04-08,20260408LGNC0,NC,김형준,7,C,4,3,1,1,0,1,0,0,0,0,0,0,0,0,1986399,0,0,포
2026,2026-04-08,20260408LGNC0,NC,신재인,8,1B,2,1,0,1,0,0,0,0,0,0,0,0,0,0,10000033,0,0,一
2026,2026-04-08,20260408LGNC0,NC,최정원,8,CF,2,2,0,0,0,0,0,0,0,0,0,0,0,0,2697419,0,0,중
2026,2026-04-08,20260408LGNC0,NC,천재환,9,CF,1,1,0,0,0,1,0,0,0,0,0,0,0,0,3243743,0,0,중
2026,2026-04-08,20260408LGNC0,NC,서호철,9,PH→1B,3,3,2,0,0,0,1,0,1,0,0,0,0,0,2715863,1,2,타一
2026,2026-04-08,20260408SSHT0,삼성,김지찬,1,CF,5,5,2,0,0,0,0,0,0,0,0,0,0,0,2697432,1,0,중
2026,2026-04-08,20260408SSHT0,삼성,류지혁,2,2B,4,3,2,1,0,1,1,0,0,0,0,0,0,0,793973,1,2,二
2026,2026-04-08,20260408SSHT0,삼성,양우현,2,2B,1,1,0,0,0,0,0,0,0,0,0,0,0,0,2575182,0,0,二
2026,2026-04-08,20260408SSHT0,삼성,최형우,3,DH,5,4,1,1,0,0,0,0,1,0,0,0,0,0,223389,2,2,지
2026,2026-04-08,20260408SSHT0,삼성,디아즈,4,1B,4,4,1,0,0,0,0,0,0,0,0,0,0,0,3869434,0,0,一
2026,2026-04-08,20260408SSHT0,삼성,함수호,4,RF,1,1,0,0,0,0,0,0,0,0,0,0,0,0,4070424,0,0,우
2026,2026-04-08,20260408SSHT0,삼성,구자욱,5,LF,4,4,3,0,0,0,0,0,0,0,0,0,0,0,844051,0,1,좌
2026,2026-04-08,20260408SSHT0,삼성,김헌곤,5,LF,1,1,1,0,0,0,0,0,0,0,0,0,0,0,588813,0,0,좌
2026,2026-04-08,20260408SSHT0,삼성,전병우,6,3B→1B,4,3,1,0,1,0,0,0,0,0,0,0,0,0,2034879,0,0,三一
2026,2026-04-08,20260408SSHT0,삼성,강민호,6,PH,1,1,0,0,0,0,0,0,0,0,0,0,0,0,149157,0,0,타
2026,2026-04-08,20260408SSHT0,삼성,김태훈,7,RF→1B,4,3,1,1,0,0,1,0,0,0,0,1,0,0,1501469,0,0,우一
2026,2026-04-08,20260408SSHT0,삼성,이해승,7,PR→3B,1,1,0,0,0,0,0,0,0,0,0,0,0,0,3227761,0,0,주三
2026,2026-04-08,20260408SSHT0,삼성,박세혁,8,C,5,5,0,0,0,0,0,0,0,0,0,0,0,0,836256,0,0,포
2026,2026-04-08,20260408SSHT0,삼성,이재현,9,SS,4,3,1,1,0,0,0,0,0,0,0,0,0,0,3196393,1,0,유
2026,2026-04-08,20260408SSHT0,KIA,데일,1,SS,6,6,2,0,0,1,0,0,0,0,0,0,0,0,10000022,2,0,유
2026,2026-04-08,20260408SSHT0,KIA,김호령,2,DH,6,5,2,0,0,0,1,0,0,1,0,0,0,0,1146368,1,1,지
2026,2026-04-08,20260408SSHT0,KIA,김선빈,3,2B,5,2,2,3,0,0,0,0,0,0,0,0,0,0,222661,3,1,二
2026,2026-04-08,20260408SSHT0,KIA,정현창,3,PH→3B,1,1,0,0,0,1,0,0,0,0,0,0,0,0,4063300,0,0,타三
2026,2026-04-08,20260408SSHT0,KIA,김도영,4,3B,6,5,1,1,0,1,0,0,1,0,0,1,0,0,3196494,2,2,三
2026,2026-04-08,20260408SSHT0,KIA,김규성,4,2B,0,0,0,0,0,0,0,0,0,0,0,0,0,0,2704538,0,0,二
2026,2026-04-08,20260408SSHT0,KIA,카스트로,5,LF,6,5,3,1,0,1,1,0,0,0,0,0,0,0,10000009,2,4,좌
2026,2026-04-08,20260408SSHT0,KIA,박정우,5,LF→RF,0,0,0,0,0,0,0,0,0,0,0,0,0,0,2966764,0,0,좌우
2026,2026-04-08,20260408SSHT0,KIA,나성범,6,RF,5,4,3,0,0,0,0,0,1,0,1,0,0,0,678785,2,5,우
2026,2026-04-08,20260408SSHT0,KIA,고종욱,6,PH→LF,1,1,0,0,0,0,0,0,0,0,0,0,0,0,699428,0,0,타좌
2026,2026-04-08,20260408SSHT0,KIA,한준수,7,C,5,3,2,2,0,0,0,0,0,0,0,0,0,0,1797505,1,0,포
2026,2026-04-08,20260408SSHT0,KIA,김태군,7,PH→C,1,1,0,0,0,0,0,0,0,0,0,0,0,0,289623,0,0,타포
2026,2026-04-08,20260408SSHT0,KIA,박상준,8,1B,6,4,2,2,0,0,0,0,0,0,0,0,0,0,10000040,1,0,一
2026,2026-04-08,20260408SSHT0,KIA,박재현,9,CF,6,5,2,1,0,1,0,0,0,0,0,0,0,0,3977734,1,2,중
2026,2026-04-10,20260410SKLG0,SSG,박성한,1,SS,4,3,2,1,0,0,1,0,0,0,0,0,0,0,1838428,2,0,유
2026,2026-04-10,20260410SKLG0,SSG,안상현,1,SS,1,1,0,0,0,0,0,0,0,0,0,0,0,0,2020561,0,0,유
2026,2026-04-10,20260410SKLG0,SSG,에레디아,2,LF,4,4,1,0,0,1,0,0,0,0,0,1,0,0,3329386,0,0,좌
2026,2026-04-10,20260410SKLG0,SSG,김성욱,2,LF,1,1,0,0,0,0,0,0,0,0,0,0,0,0,678893,0,0,좌
2026,2026-04-10,20260410SKLG0,SSG,최정,3,3B,4,4,1,0,0,0,0,0,0,0,0,0,0,0,74405,0,0,三
2026,2026-04-10,20260410SKLG0,SSG,김민준,3,3B→2B,1,1,0,0,0,1,0,0,0,0,0,0,0,0,10000044,0,0,三二
2026,2026-04-10,20260410SKLG0,SSG,김재환,4,DH,4,2,1,2,0,1,0,0,0,0,0,0,0,0,450679,0,1,지
2026,2026-04-10,20260410SKLG0,SSG,고명준,5,1B→3B,4,3,0,1,0,0,0,0,0,0,0,0,0,0,2966322,0,0,一三
2026,2026-04-10,20260410SKLG0,SSG,한유섬,6,RF,4,4,1,0,0,1,0,0,0,0,0,0,0,0,792323,0,0,우
2026,2026-04-10,20260410SKLG0,SSG,채현우,6,RF,0,0,0,0,0,0,0,0,0,0,0,0,0,0,2527084,0,0,우
2026,2026-04-10,20260410SKLG0,SSG,최지훈,7,CF,4,3,1,0,0,0,0,0,0,1,0,0,0,0,2698101,0,0,중
2026,2026-04-10,20260410SKLG0,SSG,조형우,8,C,3,3,1,0,0,1,0,0,0,0,0,0,0,0,3234622,0,0,포
2026,2026-04-10,20260410SKLG0,SSG,이지영,8,C,1,1,0,0,0,0,0,0,0,0,0,0,0,0,289476,0,0,포
2026,2026-04-10,20260410SKLG0,SSG,정준재,9,2B,3,3,0,0,0,1,0,0,0,0,0,0,0,0,3839080,0,0,二
2026,2026-04-10,20260410SKLG0,SSG,오태곤,9,PH→1B,1,1,0,0,0,1,0,0,0,0,0,0,0,0,510675,0,0,타一
2026,2026-04-10,20260410SKLG0,LG,천성호,1,3B→1B,5,4,3,1,0,0,0,0,0,0,0,0,0,0,2717987,4,0,三一
2026,2026-04-10,20260410SKLG0,LG,문성주,2,LF,4,2,1,0,2,0,0,0,0,0,0,0,0,0,1983121,2,0,좌
2026,2026-04-10,20260410SKLG0,LG,이재원,2,PH,1,1,0,0,0,1,0,0,0,0,0,0,0,0,2600568,0,0,타
2026,2026-04-10,20260410SKLG0,LG,구본혁,2,3B→SS,0,0,0,0,0,0,0,0,0,0,0,0,0,0,2522898,0,0,三유
2026,2026-04-10,20260410SKLG0,LG,오스틴,3,1B,5,3,2,2,0,0,0,0,1,0,0,0,0,0,3333938,3,3,一
2026,2026-04-10,20260410SKLG0,LG,최원영,3,PR→LF,0,0,0,0,0,0,0,0,0,0,0,0,0,0,3806394,0,0,주좌
2026,2026-04-10,20260410SKLG0,LG,문보경,4,DH,5,2,1,2,0,0,0,0,0,0,1,0,0,0,2966754,0,3,지
2026,2026-04-10,20260410SKLG0,LG,오지환,5,SS,5,4,2,0,0,1,0,0,0,0,1,0,0,0,273675,1,3,유
2026,2026-04-10,20260410SKLG0,LG,이영빈,5,3B,0,0,0,0,0,0,0,0,0,0,0,0,0,0,2852445,0,0,三
2026,2026-04-10,20260410SKLG0,LG,홍창기,6,RF,5,4,0,0,1,2,0,0,0,0,0,0,0,0,1607303,0,0,우
2026,2026-04-10,20260410SKLG0,LG,박동원,7,C,4,3,1,1,0,1,1,0,0,0,0,0,0,0,468477,0,0,포
2026,2026-04-10,20260410SKLG0,LG,이주헌,7,PH→C,1,1,0,0,0,0,0,0,0,0,0,0,0,0,3890122,0,0,타포
2026,2026-04-10,20260410SKLG0,LG,박해민,8,CF,5,4,0,0,0,2,0,0,0,0,1,0,0,0,844422,0,1,중
2026,2026-04-10,20260410SKLG0,LG,신민재,9,2B,4,3,0,1,0,1,0,0,0,0,0,0,0,0,2484309,0,0,二
2026,2026-04-10,20260410NCSS0,NC,김주원,1,SS,5,4,0,0,1,0,0,0,0,0,0,0,0,0,2852202,0,0,유
2026,2026-04-10,20260410NCSS0,NC,박민우,2,2B,5,4,2,0,1,0,0,0,0,0,0,0,0,0,678905,1,2,二
2026,2026-04-10,20260410NCSS0,NC,박건우,3,RF,5,4,2,1,0,2,0,0,0,0,0,0,0,0,373391,0,0,우
2026,2026-04-10,20260410NCSS0,NC,데이비슨,4,DH,5,4,2,0,1,0,0,0,1,0,0,0,0,0,3747555,1,1,지
2026,2026-04-10,20260410NCSS0,NC,김휘집,5,3B,5,5,0,0,0,1,0,0,0,0,0,1,0,0,2851452,0,0,三
2026,2026-04-10,20260410NCSS0,NC,이우성,6,LF,4,4,1,0,0,0,0,0,1,0,0,0,0,0,1116690,1,1,좌
2026,2026-04-10,20260410NCSS0,NC,천재환,6,PR→CF,1,1,1,0,0,0,0,0,0,0,0,0,0,0,3243743,1,0,주중
2026,2026-04-10,20260410NCSS0,NC,서호철,7,1B,5,5,1,0,0,2,0,0,0,0,0,0,0,0,2715863,0,0,一
2026,2026-04-10,20260410NCSS0,NC,김형준,8,C,4,3,1,1,0,1,0,0,0,0,0,0,0,0,1986399,0,0,포
2026,2026-04-10,20260410NCSS0,NC,허윤,8,PR,0,0,0,0,0,0,0,0,0,0,0,0,0,0,10000023,1,0,주
2026,2026-04-10,20260410NCSS0,NC,김정호,8,C,0,0,0,0,0,0,0,0,0,0,0,0,0,0,4070752,0,0,포
2026,2026-04-10,20260410NCSS0,NC,신재인,8,PH,1,1,1,0,0,0,0,0,0,0,0,0,0,0,10000033,0,0,타
2026,2026-04-10,20260410NCSS0,NC,최정원,9,CF,3,1,0,1,0,0,0,0,0,1,0,0,0,0,2697419,0,0,중
2026,2026-04-10,20260410NCSS0,NC,오장한,9,PH→LF,2,2,0,0,0,2,0,0,0,0,0,0,0,0,3044815,0,0,타좌
2026,2026-04-10,20260410NCSS0,삼성,박승규,1,RF→CF,5,5,4,0,0,0,0,2,1,0,0,0,0,0,2561065,3,4,우중
2026,2026-04-10,20260410NCSS0,삼성,류지혁,2,2B,5,5,1,0,0,2,1,0,0,0,0,1,0,0,793973,0,1,二
2026,2026-04-10,20260410NCSS0,삼성,최형우,3,DH,5,3,0,2,0,0,0,0,0,0,0,0,0,0,223389,0,1,지
2026,2026-04-10,20260410NCSS0,삼성,디아즈,4,1B,4,4,1,0,0,0,1,0,0,0,0,0,0,0,3869434,1,0,一
2026,2026-04-10,20260410NCSS0,삼성,구자욱,5,LF,4,4,2,0,0,1,0,0,1,0,0,0,0,0,844051,1,1,좌
2026,2026-04-10,20260410NCSS0,삼성,김영웅,6,3B,4,3,0,1,0,0,0,0,0,0,0,0,0,0,3283321,0,1,三
2026,2026-04-10,20260410NCSS0,삼성,이해승,6,SS,0,0,0,0,0,0,0,0,0,0,0,0,0,0,3227761,0,0,유
2026,2026-04-10,20260410NCSS0,삼성,강민호,7,C,4,2,0,2,0,0,0,0,0,0,0,0,0,0,149157,0,0,포
2026,2026-04-10,20260410NCSS0,삼성,이성규,7,PR→RF,0,0,0,0,0,0,0,0,0,0,0,0,0,0,1466914,1,0,주우
2026,2026-04-10,20260410NCSS0,삼성,이재현,8,SS,3,3,0,0,0,1,0,0,0,0,0,0,0,0,3196393,0,0,유
2026,2026-04-10,20260410NCSS0,삼성,전병우,8,PH→3B,1,1,1,0,0,0,0,0,0,0,0,0,0,0,2034879,1,0,타三
2026,2026-04-10,20260410NCSS0,삼성,김지찬,9,CF,4,2,1,2,0,0,0,0,0,0,0,0,0,0,2697432,1,0,중
2026,2026-04-10,20260410NCSS0,삼성,박세혁,9,C,0,0,0,0,0,0,0,0,0,0,0,0,0,0,836256,0,0,포
2026,2026-04-10,20260410OBKT0,두산,박찬호,1,SS,6,4,1,2,0,2,1,0,0,0,0,1,0,1,1138034,3,0,유
2026,2026-04-10,20260410OBKT0,두산,안재석,2,3B,6,6,2,0,0,0,0,0,0,0,0,0,0,0,2851314,0,2,三
2026,2026-04-10,20260410OBKT0,두산,박준순,3,2B,5,5,2,0,0,3,1,0,0,0,0,0,0,0,3988775,0,2,二
2026,2026-04-10,20260410OBKT0,두산,이유찬,3,2B,1,1,0,0,0,1,0,0,0,0,0,0,0,0,1962778,0,0,二
2026,2026-04-10,20260410OBKT0,두산,양의지,4,DH→C,5,3,0,1,1,1,0,0,0,0,0,0,0,0,450095,1,0,지포
2026,2026-04-10,20260410OBKT0,두산,카메론,5,RF,5,5,2,0,0,1,1,1,0,0,0,1,0,0,10000010,2,1,우
2026,2026-04-10,20260410OBKT0,두산,김민석,6,LF,5,4,1,0,0,2,0,0,0,0,1,0,0,0,3611562,1,2,좌
2026,2026-04-10,20260410OBKT0,두산,박신지,6,P,0,0,0,0,0,0,0,0,0,0,0,0,0,0,1953587,0,0,투
2026,2026-04-10,20260410OBKT0,두산,윤태호,6,P,0,0,0,0,0,0,0,0,0,0,0,0,0,0,4078875,0,0,투
2026,2026-04-10,20260410OBKT0,두산,양석환,7,1B,4,4,2,0,0,1,0,0,0,0,0,0,0,0,1035495,0,0,一
2026,2026-04-10,20260410OBKT0,두산,조수행,7,PR→CF,1,0,0,0,0,0,0,0,0,1,0,0,0,0,1608621,0,0,주중
2026,2026-04-10,20260410OBKT0,두산,윤준호,8,C,4,3,1,0,0,1,0,0,0,1,0,0,0,0,3891756,0,0,포
2026,2026-04-10,20260410OBKT0,두산,박지훈,8,PH→LF,1,1,0,0,0,0,0,0,0,0,0,0,0,0,2736212,1,1,타좌
2026,2026-04-10,20260410OBKT0,두산,정수빈,9,CF,3,2,0,1,0,0,0,0,0,0,0,0,0,0,323457,0,0,중
2026,2026-04-10,20260410OBKT0,두산,김인태,9,PH,1,1,0,0,0,1,0,0,0,0,0,0,0,0,864844,0,0,타
2026,2026-04-10,20260410OBKT0,두산,강승호,9,1B,1,1,0,0,0,0,0,0,0,0,0,0,0,0,873434,0,0,一
2026,2026-04-10,20260410OBKT0,KT,최원준,1,CF,7,4,0,3,0,2,0,0,0,0,0,0,0,0,1631314,1,1,중
2026,2026-04-10,20260410OBKT0,KT,김현수,2,1B,6,6,1,0,0,2,0,0,0,0,0,0,0,0,203566,0,2,一
2026,2026-04-10,20260410OBKT0,KT,강민성,2,1B,0,0,0,0,0,0,0,0,0,0,0,0,0,0,3624657,0,0,一
2026,2026-04-10,20260410OBKT0,KT,장진혁,2,PH,1,1,0,0,0,1,0,0,0,0,0,0,0,0,1945252,0,0,타
2026,2026-04-10,20260410OBKT0,KT,안현민,3,RF,6,4,0,2,0,3,0,0,0,0,0,0,0,0,3891049,0,0,우
2026,2026-04-10,20260410OBKT0,KT,힐리어드,4,LF,6,5,2,1,0,1,0,0,0,0,0,0,0,0,10000007,1,1,좌
2026,2026-04-10,20260410OBKT0,KT,장성우,5,DH,6,5,0,1,0,3,0,0,0,0,0,0,0,0,352927,0,0,지
2026,2026-04-10,20260410OBKT0,KT,류현인,6,3B,6,6,3,0,0,0,0,0,0,0,0,0,0,0,3611499,2,0,三
2026,2026-04-10,20260410OBKT0,KT,오윤석,7,2B,4,4,1,0,0,2,0,0,0,0,0,0,0,0,1627509,0,0,二
2026,2026-04-10,20260410OBKT0,KT,권동진,7,PR→SS,2,1,0,1,0,0,0,0,0,0,0,0,0,0,2852168,1,0,주유
2026,2026-04-10,20260410OBKT0,KT,한승택,8,C,2,2,0,0,0,1,0,0,0,0,0,0,0,0,912207,0,0,포
2026,2026-04-10,20260410OBKT0,KT,이정훈,8,PH,1,1,1,0,0,0,0,0,0,0,0,0,0,0,1757008,1,0,타
2026,2026-04-10,20260410OBKT0,KT,김민석,8,C,2,1,0,1,0,0,0,0,0,0,0,0,0,0,9000001,0,0,포
2026,2026-04-10,20260410OBKT0,KT,배정대,8,PH,1,1,1,0,0,0,1,0,0,0,0,0,0,0,1015525,0,3,타
2026,2026-04-10,20260410OBKT0,KT,이강민,9,SS,2,2,0,0,0,1,0,0,0,0,0,0,0,0,10000008,0,0,유
2026,2026-04-10,20260410OBKT0,KT,김상수,9,PH→SS,4,2,2,2,0,0,0,0,0,0,0,0,0,0,299583,1,0,타유
2026,2026-04-10,20260410LTWO0,롯데,황성빈,1,CF,4,4,2,0,0,0,0,1,0,0,0,0,0,0,3212874,1,1,중
2026,2026-04-10,20260410LTWO0,롯데,레이예스,2,LF,4,4,2,0,0,1,0,0,1,0,0,0,0,0,3730363,1,1,좌
2026,2026-04-10,20260410LTWO0,롯데,노진혁,3,1B,4,4,2,0,0,1,0,0,0,0,0,0,0,0,678900,0,1,一
2026,2026-04-10,20260410LTWO0,롯데,박승욱,3,1B,0,0,0,0,0,0,0,0,0,0,0,0,0,0,792296,0,0,一
2026,2026-04-10,20260410LTWO0,롯데,한동희,4,3B,4,4,3,0,0,1,0,0,0,0,0,0,0,0,1797510,0,0,三
2026,2026-04-10,20260410LTWO0,롯데,장두성,4,PR→RF,0,0,0,0,0,0,0,0,0,0,0,0,0,0,2966767,0,0,주우
2026,2026-04-10,20260410LTWO0,롯데,전준우,5,DH,4,4,0,0,0,2,0,0,0,0,0,1,0,0,247282,0,0,지
2026,2026-04-10,20260410LTWO0,롯데,손호영,5,PR→3B,0,0,0,0,0,0,0,0,0,0,0,0,0,0,2699438,0,0,주三
2026,2026-04-10,20260410LTWO0,롯데,윤동희,6,RF,4,4,0,0,0,2,0,0,0,0,0,0,0,0,3227755,0,0,우
2026,2026-04-10,20260410LTWO0,롯데,로드리게스,6,P,0,0,0,0,0,0,0,0,0,0,0,0,0,0,10000002,0,0,투
2026,2026-04-10,20260410LTWO0,롯데,최준용,6,P,0,0,0,0,0,0,0,0,0,0,0,0,0,0,2790445,0,0,투
2026,2026-04-10,20260410LTWO0,롯데,한태양,7,2B,3,3,1,0,0,2,0,0,0,0,0,0,0,0,3224552,1,0,二
2026,2026-04-10,20260410LTWO0,롯데,김민성,7,PH,1,0,0,1,0,0,0,0,0,0,0,0,0,0,319585,0,0,타
2026,2026-04-10,20260410LTWO0,롯데,이호준,7,PR→2B,0,0,0,0,0,0,0,0,0,0,0,0,0,0,4070532,0,0,주二
2026,2026-04-10,20260410LTWO0,롯데,전민재,8,SS,4,4,1,0,0,2,0,0,0,0,0,0,0,0,2647420,0,0,유
2026,2026-04-10,20260410LTWO0,롯데,손성빈,9,C,4,4,0,0,0,1,0,0,0,0,0,0,0,0,2852561,0,0,포
2026,2026-04-10,20260410LTWO0,키움,브룩스,1,1B,4,4,0,0,0,1,0,0,0,0,0,0,0,0,10000012,0,0,一
2026,2026-04-10,20260410LTWO0,키움,이주형,2,CF,4,4,1,0,0,1,1,0,0,0,0,0,0,0,2951426,0,0,중
2026,2026-04-10,20260410LTWO0,키움,안치홍,3,DH,4,4,0,0,0,2,0,0,0,0,0,0,0,0,247494,0,0,지
2026,2026-04-10,20260410LTWO0,키움,최주환,4,3B,4,4,1,0,0,2,0,0,1,0,0,0,0,0,450682,1,1,三
2026,2026-04-10,20260410LTWO0,키움,이형종,5,LF,2,2,0,0,0,0,0,0,0,0,0,0,0,0,424743,0,0,좌
2026,2026-04-10,20260410LTWO0,키움,박주홍,5,PH→RF,1,1,1,0,0,0,0,0,0,0,0,0,0,0,2622616,0,0,타우
2026,2026-04-10,20260410LTWO0,키움,박찬혁,6,RF,2,2,0,0,0,2,0,0,0,0,0,0,0,0,3196410,0,0,우
2026,2026-04-10,20260410LTWO0,키움,임지열,6,PH→LF,1,1,0,0,0,1,0,0,0,0,0,0,0,0,1004270,0,0,타좌
2026,2026-04-10,20260410LTWO0,키움,김건희,7,C,3,3,0,0,0,1,0,0,0,0,0,1,0,0,3612591,0,0,포
2026,2026-04-10,20260410LTWO0,키움,박한결,8,2B,3,3,1,0,0,0,0,0,0,0,0,0,0,0,10000014,0,0,二
2026,2026-04-10,20260410LTWO0,키움,어준서,9,SS,3,3,0,0,0,1,0,0,0,0,0,0,0,0,3976950,0,0,유
2026,2026-04-10,20260410HTHH0,KIA,데일,1,SS,5,3,1,1,0,0,1,0,0,1,0,0,0,0,10000022,0,1,유
2026,2026-04-10,20260410HTHH0,KIA,김호령,2,CF,5,5,0,0,0,2,0,0,0,0,0,1,0,0,1146368,0,1,중
2026,2026-04-10,20260410HTHH0,KIA,김선빈,3,2B,5,4,2,1,0,0,1,0,1,0,0,0,0,0,222661,1,1,二
2026,2026-04-10,20260410HTHH0,KIA,정현창,3,PR→2B,0,0,0,0,0,0,0,0,0,0,0,0,0,0,4063300,0,0,주二
2026,2026-04-10,20260410HTHH0,KIA,김도영,4,3B,4,4,1,0,0,0,0,0,1,0,0,0,0,0,3196494,2,1,三
2026,2026-04-10,20260410HTHH0,KIA,카스트로,5,LF,4,4,0,0,0,2,0,0,0,0,0,0,0,0,10000009,0,0,좌
2026,2026-04-10,20260410HTHH0,KIA,박정우,5,LF,0,0,0,0,0,0,0,0,0,0,0,0,0,0,2966764,0,0,좌
2026,2026-04-10,20260410HTHH0,KIA,나성범,6,DH,4,3,1,1,0,1,0,0,1,0,0,0,0,0,678785,1,2,지
2026,2026-04-10,20260410HTHH0,KIA,한준수,7,C,4,4,0,0,0,0,0,0,0,0,0,0,0,0,1797505,0,0,포
2026,2026-04-10,20260410HTHH0,KIA,박상준,8,1B,3,1,0,2,0,1,0,0,0,0,0,0,0,0,10000040,1,0,一
2026,2026-04-10,20260410HTHH0,KIA,김규성,8,PR→1B,1,1,1,0,0,0,0,0,0,0,0,0,0,0,2704538,1,0,주一
2026,2026-04-10,20260410HTHH0,KIA,박재현,9,RF,4,2,1,0,0,0,0,0,0,2,0,0,0,0,3977734,0,0,우
2026,2026-04-10,20260410HTHH0,한화,오재원,1,CF,4,4,0,0,0,1,0,0,0,0,0,0,0,0,10000015,0,0,중
2026,2026-04-10,20260410HTHH0,한화,페라자,2,RF,4,4,2,0,0,0,0,0,0,0,0,0,0,0,3716511,1,0,우
2026,2026-04-10,20260410HTHH0,한화,문현빈,3,LF,4,3,1,1,0,0,1,0,0,0,0,1,0,0,3611452,0,1,좌
2026,2026-04-10,20260410HTHH0,한화,노시환,4,3B,4,4,0,0,0,1,0,0,0,0,0,0,0,0,2484601,0,0,三
2026,2026-04-10,20260410HTHH0,한화,김태연,4,PR,0,0,0,0,0,0,0,0,0,0,0,0,0,0,1795455,1,0,주
2026,2026-04-10,20260410HTHH0,한화,강백호,5,DH,4,4,2,0,0,0,1,0,1,0,0,0,0,0,1882039,2,2,지
2026,2026-04-10,20260410HTHH0,한화,채은성,6,1B,4,4,2,0,0,1,0,0,1,0,0,0,0,0,730963,1,2,一
2026,2026-04-10,20260410HTHH0,한화,하주석,7,2B,3,3,0,0,0,2,0,0,0,0,0,0,0,0,675949,0,0,二
2026,2026-04-10,20260410HTHH0,한화,허인서,7,C,1,0,0,1,0,0,0,0,0,0,0,0,0,0,3206992,0,0,포
2026,2026-04-10,20260410HTHH0,한화,이원석,7,PR,0,0,0,0,0,0,0,0,0,0,0,0,0,0,2507570,0,0,주
2026,2026-04-10,20260410HTHH0,한화,최재훈,8,C,2,2,0,0,0,1,0,0,0,0,0,0,0,0,450681,0,0,포
2026,2026-04-10,20260410HTHH0,한화,이도윤,8,PH→2B,2,2,0,0,0,1,0,0,0,0,0,0,0,0,1971980,0,0,타二
2026,2026-04-10,20260410HTHH0,한화,심우준,9,SS,3,3,0,0,0,0,0,0,0,0,0,0,0,0,1501462,0,0,유
2026,2026-04-11,20260411HTHH0,KIA,데일,1,SS,5,5,2,0,0,1,0,0,0,0,0,0,0,0,10000022,1,0,유
2026,2026-04-11,20260411HTHH0,KIA,김호령,2,CF,5,4,1,1,0,1,0,0,0,0,0,0,0,0,1146368,1,0,중
2026,2026-04-11,20260411HTHH0,KIA,김선빈,3,2B,5,5,2,0,0,1,0,0,0,0,0,0,0,0,222661,1,1,二
2026,2026-04-11,20260411HTHH0,KIA,정현창,3,2B,0,0,0,0,0,0,0,0,0,0,0,0,0,0,4063300,0,0,二
2026,2026-04-11,20260411HTHH0,KIA,김도영,4,3B,4,3,0,0,0,0,0,0,0,0,1,1,0,0,3196494,0,1,三
2026,2026-04-11,20260411HTHH0,KIA,카스트로,5,LF,4,4,1,0,0,2,0,0,0,0,0,0,0,0,10000009,0,0,좌
2026,2026-04-11,20260411HTHH0,KIA,박정우,5,LF,0,0,0,0,0,0,0,0,0,0,0,0,0,0,2966764,0,0,좌
2026,2026-04-11,20260411HTHH0,KIA,나성범,6,DH,4,4,1,0,0,1,0,0,0,0,0,0,0,0,678785,1,0,지
2026,2026-04-11,20260411HTHH0,KIA,한준수,7,C,4,3,2,1,0,0,1,0,0,0,0,1,0,0,1797505,1,1,포
2026,2026-04-11,20260411HTHH0,KIA,박상준,8,1B,3,3,0,0,0,3,0,0,0,0,0,0,0,0,10000040,0,0,一
2026,2026-04-11,20260411HTHH0,KIA,고종욱,8,PH,1,1,1,0,0,0,0,0,0,0,0,0,0,0,699428,0,1,타
2026,2026-04-11,20260411HTHH0,KIA,김규성,8,PR→1B,0,0,0,0,0,0,0,0,0,0,0,0,0,0,2704538,0,0,주一
2026,2026-04-11,20260411HTHH0,KIA,박재현,9,RF,4,4,2,0,0,1,0,0,0,0,0,0,0,0,3977734,1,1,우
2026,2026-04-11,20260411HTHH0,한화,이원석,1,CF,5,5,2,0,0,1,0,1,0,0,0,0,0,0,2507570,1,1,중
2026,2026-04-11,20260411HTHH0,한화,페라자,2,RF,4,3,0,0,0,1,0,0,0,0,1,0,0,0,3716511,0,1,우
2026,2026-04-11,20260411HTHH0,한화,오재원,2,RF,0,0,0,0,0,0,0,0,0,0,0,0,0,0,10000015,0,0,우
2026,2026-04-11,20260411HTHH0,한화,최인호,2,PH,1,1,1,0,0,0,0,0,0,0,0,0,0,0,2723238,0,1,타
2026,2026-04-11,20260411HTHH0,한화,문현빈,3,LF,5,4,2,1,0,0,0,0,1,0,0,0,0,0,3611452,1,1,좌
2026,2026-04-11,20260411HTHH0,한화,강백호,4,DH,4,4,1,0,0,1,0,0,0,0,0,0,0,0,1882039,0,0,지
2026,2026-04-11,20260411HTHH0,한화,채은성,5,1B,4,3,1,1,0,0,0,0,0,0,0,0,0,0,730963,1,0,一
2026,2026-04-11,20260411HTHH0,한화,노시환,6,3B,4,3,0,0,0,1,0,0,0,1,0,0,0,0,2484601,0,0,三
2026,2026-04-11,20260411HTHH0,한화,하주석,7,2B,4,4,1,0,0,0,0,0,0,0,0,0,0,0,675949,0,0,二
2026,2026-04-11,20260411HTHH0,한화,허인서,8,C,4,4,1,0,0,2,0,0,0,0,0,0,0,0,3206992,0,1,포
2026,2026-04-11,20260411HTHH0,한화,심우준,9,SS,4,3,1,1,0,0,1,0,0,0,0,0,0,0,1501462,2,0,유
2026,2026-04-11,20260411SKLG0,SSG,박성한,1,SS,5,5,3,0,0,2,0,0,0,0,0,0,0,0,1838428,0,2,유
2026,2026-04-11,20260411SKLG0,SSG,최지훈,2,CF,5,5,0,0,0,2,0,0,0,0,0,0,0,0,2698101,0,0,중
2026,2026-04-11,20260411SKLG0,SSG,최정,3,3B,5,5,1,0,0,0,0,0,0,0,0,0,0,0,74405,0,0,三
2026,2026-04-11,20260411SKLG0,SSG,에레디아,4,LF,5,5,2,0,0,2,0,0,0,0,0,0,0,0,3329386,0,0,좌
2026,2026-04-11,20260411SKLG0,SSG,김재환,5,DH,5,5,2,0,0,0,0,0,1,0,0,0,0,0,450679,1,1,지
2026,2026-04-11,20260411SKLG0,SSG,고명준,6,1B,4,4,2,0,0,0,1,0,0,0,0,0,0,0,2966322,0,0,一
2026,2026-04-11,20260411SKLG0,SSG,오태곤,6,PR→1B,0,0,0,0,0,0,0,0,0,0,0,0,0,0,510675,0,0,주一
2026,2026-04-11,20260411SKLG0,SSG,한유섬,7,RF,4,2,0,2,0,1,0,0,0,0,0,0,0,0,792323,0,0,우
2026,2026-04-11,20260411SKLG0,SSG,김성욱,7,RF,0,0,0,0,0,0,0,0,0,0,0,0,0,0,678893,0,0,우
2026,2026-04-11,20260411SKLG0,SSG,안상현,8,2B,4,4,0,0,0,1,0,0,0,0,0,1,0,0,2020561,1,0,二
2026,2026-04-11,20260411SKLG0,SSG,조형우,9,C,4,4,3,0,0,0,1,0,0,0,0,0,0,0,3234622,1,0,포
2026,2026-04-11,20260411SKLG0,LG,천성호,1,3B,4,3,0,0,1,1,0,0,0,0,0,1,0,0,2717987,0,0,三
2026,2026-04-11,20260411SKLG0,LG,구본혁,1,3B,0,0,0,0,0,0,0,0,0,0,0,0,0,0,2522898,0,0,三
2026,2026-04-11,20260411SKLG0,LG,문성주,2,RF→LF,4,4,2,0,0,1,0,0,0,0,0,0,0,0,1983121,0,1,우좌
2026,2026-04-11,20260411SKLG0,LG,오스틴,3,1B,4,4,0,0,0,2,0,0,0,0,0,0,0,0,3333938,0,0,一
2026,2026-04-11,20260411SKLG0,LG,문보경,4,DH,4,4,1,0,0,1,0,0,0,0,0,0,0,0,2966754,0,0,지
2026,2026-04-11,20260411SKLG0,LG,최원영,4,PR,0,0,0,0,0,0,0,0,0,0,0,0,0,0,3806394,1,0,주
2026,2026-04-11,20260411SKLG0,LG,오지환,5,SS,4,4,1,0,0,1,0,0,0,0,0,0,0,0,273675,2,0,유
2026,2026-04-11,20260411SKLG0,LG,박해민,6,CF,4,3,2,1,0,0,2,0,0,0,0,0,0,0,844422,0,2,중
2026,2026-04-11,20260411SKLG0,LG,박동원,7,C,4,0,0,2,1,0,0,0,0,0,1,0,0,0,468477,1,1,포
2026,2026-04-11,20260411SKLG0,LG,이재원,8,LF,3,3,0,0,0,2,0,0,0,0,0,0,0,0,2600568,0,0,좌
2026,2026-04-11,20260411SKLG0,LG,홍창기,8,RF,1,1,0,0,0,0,0,0,0,0,0,0,0,0,1607303,0,0,우
2026,2026-04-11,20260411SKLG0,LG,신민재,9,2B,3,3,1,0,0,0,0,0,0,0,0,0,0,0,2484309,0,0,二
2026,2026-04-11,20260411NCSS0,NC,김주원,1,SS,5,5,1,0,0,1,0,0,0,0,0,0,0,0,2852202,0,0,유
2026,2026-04-11,20260411NCSS0,NC,박민우,2,DH,5,4,0,1,0,0,0,0,0,0,0,0,0,0,678905,1,0,지
2026,2026-04-11,20260411NCSS0,NC,박건우,3,RF,4,3,2,1,0,0,2,0,0,0,0,0,0,0,373391,1,0,우
2026,2026-04-11,20260411NCSS0,NC,천재환,3,PR→RF,1,1,0,0,0,0,0,0,0,0,0,0,0,0,3243743,0,0,주우
2026,2026-04-11,20260411NCSS0,NC,데이비슨,4,1B,5,4,0,0,1,1,0,0,0,0,0,0,0,0,3747555,1,0,一
2026,2026-04-11,20260411NCSS0,NC,이우성,5,LF,4,4,0,0,0,2,0,0,0,0,0,0,0,0,1116690,0,0,좌
2026,2026-04-11,20260411NCSS0,NC,서호철,6,2B,4,3,0,1,0,1,0,0,0,0,0,0,0,0,2715863,1,0,二
2026,2026-04-11,20260411NCSS0,NC,김휘집,7,3B,2,0,0,0,2,0,0,0,0,0,0,0,0,0,2851452,0,1,三
2026,2026-04-11,20260411NCSS0,NC,신재인,7,3B,2,2,0,0,0,0,0,0,0,0,0,0,0,0,10000033,0,0,三
2026,2026-04-11,20260411NCSS0,NC,김형준,8,C,4,4,4,0,0,0,2,0,0,0,0,0,0,0,1986399,0,2,포
2026,2026-04-11,20260411NCSS0,NC,허윤,8,PR,0,0,0,0,0,0,0,0,0,0,0,0,0,0,10000023,0,0,주
2026,2026-04-11,20260411NCSS0,NC,김정호,8,C,0,0,0,0,0,0,0,0,0,0,0,0,0,0,4070752,0,0,포
2026,2026-04-11,20260411NCSS0,NC,최정원,9,CF,4,2,0,1,1,1,0,0,0,0,0,0,0,0,2697419,0,0,중
2026,2026-04-11,20260411NCSS0,삼성,박승규,1,RF→CF,5,3,1,1,1,0,0,0,0,0,0,0,0,0,2561065,1,1,우중
2026,2026-04-11,20260411NCSS0,삼성,김지찬,2,CF,4,3,1,1,0,0,1,0,0,0,0,1,0,0,2697432,0,2,중
2026,2026-04-11,20260411NCSS0,삼성,김헌곤,2,LF,0,0,0,0,0,0,0,0,0,0,0,0,0,0,588813,0,0,좌
2026,2026-04-11,20260411NCSS0,삼성,최형우,3,LF,4,2,0,2,0,0,0,0,0,0,0,0,0,0,223389,0,1,좌
2026,2026-04-11,20260411NCSS0,삼성,이성규,3,PR→LF,0,0,0,0,0,0,0,0,0,0,0,0,0,0,1466914,0,0,주좌
2026,2026-04-11,20260411NCSS0,삼성,디아즈,4,1B,4,4,0,0,0,1,0,0,0,0,0,1,0,0,3869434,0,0,一
2026,2026-04-11,20260411NCSS0,삼성,구자욱,5,DH,4,3,0,1,0,1,0,0,0,0,0,0,0,0,844051,0,0,지
2026,2026-04-11,20260411NCSS0,삼성,류지혁,6,2B,4,4,2,0,0,0,1,0,0,0,0,0,0,0,793973,1,0,二
2026,2026-04-11,20260411NCSS0,삼성,전병우,7,3B,4,3,1,0,1,0,0,0,0,0,0,0,0,0,2034879,1,1,三
2026,2026-04-11,20260411NCSS0,삼성,박세혁,8,C,2,1,0,1,0,1,0,0,0,0,0,0,0,0,836256,1,0,포
2026,2026-04-11,20260411NCSS0,삼성,강민호,8,C,2,2,1,0,0,0,0,0,0,0,0,0,0,0,149157,0,0,포
2026,2026-04-11,20260411NCSS0,삼성,양우현,9,SS,2,1,0,1,0,1,0,0,0,0,0,0,0,0,2575182,1,0,유
2026,2026-04-11,20260411NCSS0,삼성,이해승,9,SS,1,1,0,0,0,1,0,0,0,0,0,0,0,0,3227761,0,0,유
2026,2026-04-11,20260411NCSS0,삼성,이재현,9,PH→SS,1,1,0,0,0,1,0,0,0,0,0,0,0,0,3196393,0,0,타유
2026,2026-04-11,20260411OBKT0,두산,김민석,1,LF,4,4,1,0,0,2,1,0,0,0,0,0,0,0,3611562,1,0,좌
2026,2026-04-11,20260411OBKT0,두산,안재석,2,3B,4,4,1,0,0,0,0,0,0,0,0,1,0,0,2851314,0,2,三
2026,2026-04-11,20260411OBKT0,두산,박준순,3,2B,4,4,2,0,0,1,0,0,0,0,0,0,0,0,3988775,1,0,二
2026,2026-04-11,20260411OBKT0,두산,양의지,4,C,4,4,1,0,0,2,1,0,0,0,0,0,0,0,450095,1,0,포
2026,2026-04-11,20260411OBKT0,두산,카메론,5,RF,4,3,0,1,0,2,0,0,0,0,0,0,0,0,10000010,0,0,우
2026,2026-04-11,20260411OBKT0,두산,양석환,6,1B,4,3,1,0,0,0,0,0,0,0,1,0,0,0,1035495,0,1,一
2026,2026-04-11,20260411OBKT0,두산,오명진,7,DH,2,2,0,0,0,2,0,0,0,0,0,0,0,0,2745405,0,0,지
2026,2026-04-11,20260411OBKT0,두산,박찬호,7,PH→DH,2,2,1,0,0,0,1,0,0,0,0,0,0,0,1138034,0,1,타지
2026,2026-04-11,20260411OBKT0,두산,이유찬,8,SS,2,2,0,0,0,0,0,0,0,0,0,0,0,0,1962778,0,0,유
2026,2026-04-11,20260411OBKT0,두산,박지훈,8,PH→SS,2,2,0,0,0,0,0,0,0,0,0,0,0,0,2736212,0,0,타유
2026,2026-04-11,20260411OBKT0,두산,정수빈,9,CF,4,3,1,0,1,0,0,0,0,0,0,0,0,0,323457,1,0,중
2026,2026-04-11,20260411OBKT0,KT,배정대,1,CF,5,5,2,0,0,2,1,0,0,0,0,0,0,0,1015525,1,1,중
2026,2026-04-11,20260411OBKT0,KT,김현수,2,DH,4,4,2,0,0,0,1,0,0,0,0,0,0,0,203566,0,0,지
2026,2026-04-11,20260411OBKT0,KT,안현민,3,RF,4,4,3,0,0,1,0,0,1,0,0,0,0,0,3891049,1,2,우
2026,2026-04-11,20260411OBKT0,KT,힐리어드,4,LF,4,3,0,1,0,1,0,0,0,0,0,0,0,0,10000007,0,0,좌
2026,2026-04-11,20260411OBKT0,KT,장성우,5,C,4,4,0,0,0,3,0,0,0,0,0,0,0,0,352927,0,0,포
2026,2026-04-11,20260411OBKT0,KT,오윤석,6,1B,4,4,0,0,0,1,0,0,0,0,0,0,0,0,1627509,0,0,一
2026,2026-04-11,20260411OBKT0,KT,김상수,7,2B,4,3,1,1,0,0,0,0,0,0,0,0,0,0,299583,0,0,二
2026,2026-04-11,20260411OBKT0,KT,유준규,7,PR,0,0,0,0,0,0,0,0,0,0,0,0,0,0,3220191,1,0,주
2026,2026-04-11,20260411OBKT0,KT,권동진,7,SS,0,0,0,0,0,0,0,0,0,0,0,0,0,0,2852168,0,0,유
2026,2026-04-11,20260411OBKT0,KT,허경민,8,3B,4,3,1,0,0,1,0,0,0,1,0,0,0,0,450683,2,0,三
2026,2026-04-11,20260411OBKT0,KT,이강민,9,SS,3,2,1,0,0,0,0,0,0,1,0,0,0,0,10000008,1,1,유
2026,2026-04-11,20260411OBKT0,KT,류현인,9,PH→2B,1,1,0,0,0,0,0,0,0,0,0,0,0,0,3611499,0,1,타二
2026,2026-04-11,20260411LTWO0,롯데,황성빈,1,CF,5,5,1,0,0,0,0,0,0,0,0,0,0,0,3212874,0,0,중
2026,2026-04-11,20260411LTWO0,롯데,레이예스,2,LF,5,5,3,0,0,1,1,0,0,0,0,0,0,0,3730363,1,0,좌
2026,2026-04-11,20260411LTWO0,롯데,노진혁,3,1B,5,5,1,0,0,3,0,0,0,0,0,0,0,0,678900,1,0,一
2026,2026-04-11,20260411LTWO0,롯데,최준용,3,P,0,0,0,0,0,0,0,0,0,0,0,0,0,0,2790445,0,0,투
2026,2026-04-11,20260411LTWO0,롯데,한동희,4,3B,5,5,0,0,0,1,0,0,0,0,0,0,0,0,1797510,0,1,三
2026,2026-04-11,20260411LTWO0,롯데,전준우,5,DH,4,4,2,0,0,0,0,0,0,0,0,0,0,0,247282,0,0,지
2026,2026-04-11,20260411LTWO0,롯데,박승욱,5,PR→DH,1,1,1,0,0,0,0,0,0,0,0,0,0,0,792296,1,1,주지
2026,2026-04-11,20260411LTWO0,롯데,윤동희,6,RF,2,2,0,0,0,1,0,0,0,0,0,0,0,0,3227755,0,0,우
2026,2026-04-11,20260411LTWO0,롯데,장두성,6,RF,3,3,1,0,0,1,0,0,0,0,0,0,0,0,2966767,0,0,우
2026,2026-04-11,20260411LTWO0,롯데,한태양,7,2B,5,4,2,0,0,0,0,0,0,1,0,0,0,0,3224552,0,0,二
2026,2026-04-11,20260411LTWO0,롯데,손성빈,8,C,3,3,0,0,0,1,0,0,0,0,0,0,0,0,2852561,0,0,포
2026,2026-04-11,20260411LTWO0,롯데,김민성,8,PH,1,1,0,0,0,0,0,0,0,0,0,0,0,0,319585,0,1,타
2026,2026-04-11,20260411LTWO0,롯데,유강남,8,C,0,0,0,0,0,0,0,0,0,0,0,0,0,0,588862,0,0,포
2026,2026-04-11,20260411LTWO0,롯데,전민재,9,SS,3,3,0,0,0,0,0,0,0,0,0,0,0,0,2647420,0,0,유
2026,2026-04-11,20260411LTWO0,롯데,손호영,9,PH,1,1,0,0,0,0,0,0,0,0,0,0,0,0,2699438,0,0,타
2026,2026-04-11,20260411LTWO0,롯데,이호준,9,SS,0,0,0,0,0,0,0,0,0,0,0,0,0,0,4070532,0,0,유
2026,2026-04-11,20260411LTWO0,키움,이주형,1,CF,4,4,1,0,0,2,0,0,0,0,0,0,0,0,2951426,0,0,중
2026,2026-04-11,20260411LTWO0,키움,브룩스,2,1B,4,3,0,1,0,1,0,0,0,0,0,0,0,0,10000012,1,0,一
2026,2026-04-11,20260411LTWO0,키움,안치홍,3,DH,4,4,1,0,0,2,0,0,0,0,0,0,0,0,247494,0,0,지
2026,2026-04-11,20260411LTWO0,키움,최주환,4,3B,4,4,2,0,0,0,0,0,0,0,0,0,0,0,450682,0,1,三
2026,2026-04-11,20260411LTWO0,키움,이형종,5,LF,3,3,0,0,0,2,0,0,0,0,0,0,0,0,424743,0,0,좌
2026,2026-04-11,20260411LTWO0,키움,박주홍,5,LF,1,1,0,0,0,0,0,0,0,0,0,0,0,0,2622616,0,0,좌
2026,2026-04-11,20260411LTWO0,키움,어준서,6,SS,4,4,1,0,0,1,0,0,0,0,0,0,0,0,3976950,0,0,유
2026,2026-04-11,20260411LTWO0,키움,박찬혁,7,RF,4,3,0,0,0,1,0,0,0,1,0,0,0,0,3196410,0,0,우
2026,2026-04-11,20260411LTWO0,키움,박한결,8,2B,3,3,0,0,0,1,0,0,0,0,0,0,0,0,10000014,0,0,二
2026,2026-04-11,20260411LTWO0,키움,김지석,8,PH,1,1,0,0,0,1,0,0,0,0,0,0,0,0,10000043,0,0,타
2026,2026-04-11,20260411LTWO0,키움,김건희,9,C,3,3,0,0,0,1,0,0,0,0,0,0,0,0,3612591,0,0,포
2026,2026-04-12,20260412SKLG0,SSG,박성한,1,SS,4,4,1,0,0,0,0,0,0,0,0,0,0,0,1838428,0,0,유
2026,2026-04-12,20260412SKLG0,SSG,김민준,1,SS,1,1,0,0,0,0,0,0,0,0,0,0,0,0,10000044,0,0,유
2026,2026-04-12,20260412SKLG0,SSG,에레디아,2,LF,3,3,0,0,0,1,0,0,0,0,0,0,0,0,3329386,0,0,좌
2026,2026-04-12,20260412SKLG0,SSG,오태곤,2,PH→1B,1,1,0,0,0,0,0,0,0,0,0,0,0,0,510675,0,0,타一
2026,2026-04-12,20260412SKLG0,SSG,최정,3,3B,4,4,1,0,0,1,0,0,0,0,0,0,0,0,74405,0,0,三
2026,2026-04-12,20260412SKLG0,SSG,채현우,3,LF,0,0,0,0,0,0,0,0,0,0,0,0,0,0,2527084,0,0,좌
2026,2026-04-12,20260412SKLG0,SSG,김재환,4,DH,4,4,0,0,0,1,0,0,0,0,0,0,0,0,450679,0,0,지
2026,2026-04-12,20260412SKLG0,SSG,고명준,5,1B→3B,4,4,2,0,0,0,1,0,0,0,0,0,0,0,2966322,1,0,一三
2026,2026-04-12,20260412SKLG0,SSG,한유섬,6,RF,3,2,1,0,1,0,1,0,0,0,0,1,0,0,792323,0,0,우
2026,2026-04-12,20260412SKLG0,SSG,김성욱,6,RF,1,1,1,0,0,0,0,0,0,0,0,0,0,0,678893,0,0,우
2026,2026-04-12,20260412SKLG0,SSG,최지훈,7,CF,4,3,0,0,0,0,0,0,0,0,1,0,0,0,2698101,0,1,중
2026,2026-04-12,20260412SKLG0,SSG,조형우,8,C,3,2,0,1,0,0,0,0,0,0,0,0,0,0,3234622,0,0,포
2026,2026-04-12,20260412SKLG0,SSG,이지영,8,PH,1,1,0,0,0,0,0,0,0,0,0,0,0,0,289476,0,0,타
2026,2026-04-12,20260412SKLG0,SSG,석정우,9,2B,2,1,0,1,0,1,0,0,0,0,0,0,0,0,3229171,0,0,二
2026,2026-04-12,20260412SKLG0,SSG,정준재,9,2B,2,2,2,0,0,0,0,0,0,0,0,0,0,0,3839080,0,0,二
2026,2026-04-12,20260412SKLG0,LG,천성호,1,3B→1B,5,4,0,0,0,0,0,0,0,1,0,0,0,0,2717987,0,2,三一
2026,2026-04-12,20260412SKLG0,LG,문성주,2,LF,5,5,1,0,0,0,1,0,0,0,0,0,0,0,1983121,1,1,좌
2026,2026-04-12,20260412SKLG0,LG,오스틴,3,1B,4,4,1,0,0,0,0,0,0,0,0,0,0,0,3333938,0,1,一
2026,2026-04-12,20260412SKLG0,LG,구본혁,3,3B→SS,1,1,1,0,0,0,0,0,0,0,0,0,0,0,2522898,0,0,三유
2026,2026-04-12,20260412SKLG0,LG,문보경,4,DH,5,3,0,2,0,2,0,0,0,0,0,0,0,0,2966754,1,0,지
2026,2026-04-12,20260412SKLG0,LG,오지환,5,SS,4,4,3,0,0,0,1,0,0,0,0,0,0,0,273675,2,0,유
2026,2026-04-12,20260412SKLG0,LG,이주헌,5,C,1,1,0,0,0,0,0,0,0,0,0,0,0,0,3890122,0,0,포
2026,2026-04-12,20260412SKLG0,LG,박해민,6,CF,4,3,2,0,0,0,0,0,0,1,0,0,0,0,844422,1,1,중
2026,2026-04-12,20260412SKLG0,LG,이영빈,6,3B,1,1,1,0,0,0,0,0,0,0,0,0,0,0,2852445,0,0,三
2026,2026-04-12,20260412SKLG0,LG,홍창기,7,RF,3,1,0,1,1,0,0,0,0,0,0,0,0,0,1607303,1,1,우
2026,2026-04-12,20260412SKLG0,LG,최원영,7,PR→RF,2,2,0,0,0,1,0,0,0,0,0,0,0,0,3806394,1,0,주우
2026,2026-04-12,20260412SKLG0,LG,박동원,8,C,3,3,0,0,0,0,0,0,0,0,0,0,0,0,468477,1,1,포
2026,2026-04-12,20260412SKLG0,LG,이재원,8,PH→RF,1,0,0,0,1,0,0,0,0,0,0,0,0,0,2600568,0,0,타우
2026,2026-04-12,20260412SKLG0,LG,신민재,9,2B,4,3,0,1,0,0,0,0,0,0,0,0,0,0,2484309,1,1,二
2026,2026-04-12,20260412NCSS0,NC,김주원,1,SS,4,4,1,0,0,0,0,0,0,0,0,0,0,0,2852202,0,0,유
2026,2026-04-12,20260412NCSS0,NC,허윤,1,PH,1,1,0,0,0,0,0,0,0,0,0,0,0,0,10000023,0,0,타
2026,2026-04-12,20260412NCSS0,NC,최정원,2,CF,3,3,1,0,0,1,0,0,0,0,0,0,0,0,2697419,0,0,중
2026,2026-04-12,20260412NCSS0,NC,천재환,2,PH→CF,2,2,0,0,0,0,0,0,0,0,0,0,0,0,3243743,0,0,타중
2026,2026-04-12,20260412NCSS0,NC,데이비슨,3,1B,2,1,0,0,1,0,0,0,0,0,0,0,0,0,3747555,0,0,一
2026,2026-04-12,20260412NCSS0,NC,김휘집,3,1B,3,3,0,0,0,0,0,0,0,0,0,0,0,0,2851452,0,0,一
2026,2026-04-12,20260412NCSS0,NC,박건우,4,RF,2,1,0,1,0,0,0,0,0,0,0,0,0,0,373391,0,0,우
2026,2026-04-12,20260412NCSS0,NC,오태양,4,RF,2,2,0,0,0,1,0,0,0,0,0,0,0,0,3044819,0,0,우
2026,2026-04-12,20260412NCSS0,NC,오영수,5,DH,4,3,2,1,0,0,0,0,1,0,0,1,0,0,1958785,2,1,지
2026,2026-04-12,20260412NCSS0,NC,이우성,6,LF,4,3,2,1,0,0,1,0,1,0,0,0,0,0,1116690,1,1,좌
2026,2026-04-12,20260412NCSS0,NC,한석현,6,LF,0,0,0,0,0,0,0,0,0,0,0,0,0,0,2715047,0,0,좌
2026,2026-04-12,20260412NCSS0,NC,서호철,7,2B,4,3,0,1,0,0,0,0,0,0,0,0,0,0,2715863,0,0,二
2026,2026-04-12,20260412NCSS0,NC,신재인,8,3B,4,4,0,0,0,3,0,0,0,0,0,0,0,0,10000033,0,0,三
2026,2026-04-12,20260412NCSS0,NC,김정호,9,C,3,3,0,0,0,2,0,0,0,0,0,0,0,0,4070752,0,0,포
2026,2026-04-12,20260412NCSS0,NC,김형준,9,PH→C,1,1,0,0,0,0,0,0,0,0,0,0,0,0,1986399,0,0,타포
2026,2026-04-12,20260412NCSS0,삼성,박승규,1,RF,5,5,1,0,0,2,0,0,0,0,0,0,0,0,2561065,1,1,우
2026,2026-04-12,20260412NCSS0,삼성,김지찬,2,CF,5,5,2,0,0,1,0,0,0,0,0,0,0,0,2697432,1,0,중
2026,2026-04-12,20260412NCSS0,삼성,최형우,3,DH,5,4,1,0,1,0,0,0,0,0,0,0,0,0,223389,0,1,지
2026,2026-04-12,20260412NCSS0,삼성,디아즈,4,1B,5,4,4,1,0,0,0,0,1,0,0,0,0,0,3869434,2,2,一
2026,2026-04-12,20260412NCSS0,삼성,구자욱,5,LF,2,2,1,0,0,0,0,1,0,0,0,0,0,0,844051,1,1,좌
2026,2026-04-12,20260412NCSS0,삼성,이성규,5,LF,3,3,1,0,0,1,0,0,0,0,0,0,0,0,1466914,0,0,좌
2026,2026-04-12,20260412NCSS0,삼성,류지혁,6,2B,5,4,1,1,0,1,0,0,0,0,0,0,0,0,793973,1,0,二
2026,2026-04-12,20260412NCSS0,삼성,이해승,6,2B,0,0,0,0,0,0,0,0,0,0,0,0,0,0,3227761,0,0,二
2026,2026-04-12,20260412NCSS0,삼성,전병우,7,3B,5,5,1,0,0,2,0,0,0,0,0,0,0,0,2034879,1,1,三
2026,2026-04-12,20260412NCSS0,삼성,강민호,8,C,4,3,2,1,0,1,0,0,0,0,0,0,0,0,149157,2,0,포
2026,2026-04-12,20260412NCSS0,삼성,이재현,9,SS,4,1,0,2,0,0,0,0,0,0,1,0,0,0,3196393,0,1,유
2026,2026-04-12,20260412OBKT0,두산,박찬호,1,SS,4,4,1,0,0,2,0,0,0,0,0,0,0,0,1138034,1,0,유
2026,2026-04-12,20260412OBKT0,두산,김민석,2,LF,4,3,0,1,0,1,0,0,0,0,0,0,0,0,3611562,0,0,좌
2026,2026-04-12,20260412OBKT0,두산,박준순,3,2B,4,4,2,0,0,1,0,1,0,0,0,0,0,0,3988775,0,0,二
2026,2026-04-12,20260412OBKT0,두산,양의지,4,DH,4,3,1,1,0,0,0,0,0,0,0,0,0,0,450095,0,1,지
2026,2026-04-12,20260412OBKT0,두산,카메론,5,RF,4,4,0,0,0,1,0,0,0,0,0,0,0,0,10000010,0,0,우
2026,2026-04-12,20260412OBKT0,두산,양석환,6,1B,4,3,2,1,0,0,1,0,0,0,0,0,0,0,1035495,0,0,一
2026,2026-04-12,20260412OBKT0,두산,안재석,7,3B,4,4,0,0,0,1,0,0,0,0,0,0,0,0,2851314,0,0,三
2026,2026-04-12,20260412OBKT0,두산,윤준호,8,C,3,3,0,0,0,2,0,0,0,0,0,0,0,0,3891756,0,0,포
2026,2026-04-12,20260412OBKT0,두산,김인태,8,PH,1,1,0,0,0,0,0,0,0,0,0,0,0,0,864844,0,0,타
2026,2026-04-12,20260412OBKT0,두산,정수빈,9,CF,4,4,0,0,0,1,0,0,0,0,0,0,0,0,323457,0,0,중
2026,2026-04-12,20260412OBKT0,KT,최원준,1,CF,4,3,1,0,0,0,0,0,0,0,1,0,0,0,1631314,0,2,중
2026,2026-04-12,20260412OBKT0,KT,김현수,2,1B,4,4,0,0,0,1,0,0,0,0,0,1,0,0,203566,0,0,一
2026,2026-04-12,20260412OBKT0,KT,안현민,3,RF,4,2,0,2,0,0,0,0,0,0,0,0,0,0,3891049,1,0,우
2026,2026-04-12,20260412OBKT0,KT,힐리어드,4,LF,4,3,0,1,0,2,0,0,0,0,0,0,0,0,10000007,0,0,좌
2026,2026-04-12,20260412OBKT0,KT,장성우,5,DH,4,4,1,0,0,1,0,0,0,0,0,0,0,0,352927,1,1,지
2026,2026-04-12,20260412OBKT0,KT,허경민,6,3B,4,4,3,0,0,0,1,0,0,0,0,0,0,0,450683,2,0,三
2026,2026-04-12,20260412OBKT0,KT,김상수,7,2B,4,4,1,0,0,1,1,0,0,0,0,1,0,0,299583,1,0,二
2026,2026-04-12,20260412OBKT0,KT,한승택,8,C,3,3,2,0,0,0,1,0,0,0,0,0,0,0,912207,1,2,포
2026,2026-04-12,20260412OBKT0,KT,이강민,9,SS,3,3,0,0,0,0,0,0,0,0,0,0,0,0,10000008,0,0,유
2026,2026-04-12,20260412OBKT0,KT,권동진,9,SS,0,0,0,0,0,0,0,0,0,0,0,0,0,0,2852168,0,0,유
2026,2026-04-12,20260412LTWO0,롯데,황성빈,1,CF,4,4,1,0,0,1,0,1,0,0,0,0,0,0,3212874,0,0,중
2026,2026-04-12,20260412LTWO0,롯데,레이예스,2,LF,4,4,1,0,0,2,0,0,0,0,0,0,0,0,3730363,0,0,좌
2026,2026-04-12,20260412LTWO0,롯데,노진혁,3,1B,4,3,1,1,0,1,1,0,0,0,0,0,0,0,678900,0,0,一
2026,2026-04-12,20260412LTWO0,롯데,한동희,4,3B,4,4,1,0,0,0,0,0,0,0,0,1,0,0,1797510,0,0,三
2026,2026-04-12,20260412LTWO0,롯데,전준우,5,DH,4,4,0,0,0,0,0,0,0,0,0,0,0,0,247282,0,0,지
2026,2026-04-12,20260412LTWO0,롯데,한태양,6,2B,4,4,1,0,0,1,0,0,0,0,0,0,0,0,3224552,0,0,二
2026,2026-04-12,20260412LTWO0,롯데,윤동희,7,RF,2,2,0,0,0,0,0,0,0,0,0,0,0,0,3227755,0,0,우
2026,2026-04-12,20260412LTWO0,롯데,손호영,7,PH→RF,1,1,0,0,0,1,0,0,0,0,0,0,0,0,2699438,0,0,타우
2026,2026-04-12,20260412LTWO0,롯데,전민재,8,SS,2,2,0,0,0,0,0,0,0,0,0,0,0,0,2647420,0,0,유
2026,2026-04-12,20260412LTWO0,롯데,김민성,8,PH,1,1,0,0,0,0,0,0,0,0,0,0,0,0,319585,0,0,타
2026,2026-04-12,20260412LTWO0,롯데,이호준,8,SS,0,0,0,0,0,0,0,0,0,0,0,0,0,0,4070532,0,0,유
2026,2026-04-12,20260412LTWO0,롯데,손성빈,9,C,2,2,1,0,0,1,1,0,0,0,0,0,0,0,2852561,0,0,포
2026,2026-04-12,20260412LTWO0,롯데,유강남,9,PH→C,1,1,0,0,0,1,0,0,0,0,0,0,0,0,588862,0,0,타포
2026,2026-04-12,20260412LTWO0,키움,이주형,1,CF,4,3,1,1,0,1,0,0,1,0,0,0,0,0,2951426,2,1,중
2026,2026-04-12,20260412LTWO0,키움,최주환,2,1B,4,4,0,0,0,1,0,0,0,0,0,0,0,0,450682,0,0,一
2026,2026-04-12,20260412LTWO0,키움,안치홍,3,DH,4,4,1,0,0,0,1,0,0,0,0,0,0,0,247494,0,1,지
2026,2026-04-12,20260412LTWO0,키움,브룩스,4,LF,4,2,1,2,0,1,0,0,0,0,0,0,0,0,10000012,0,0,좌
2026,2026-04-12,20260412LTWO0,키움,박주홍,5,RF,4,4,1,0,0,2,0,0,0,0,0,0,0,0,2622616,0,0,우
2026,2026-04-12,20260412LTWO0,키움,김건희,6,C,4,4,1,0,0,2,0,0,0,0,0,0,0,0,3612591,0,0,포
2026,2026-04-12,20260412LTWO0,키움,염승원,7,2B,2,1,0,0,0,1,0,0,0,1,0,0,0,0,4073227,0,0,二
2026,2026-04-12,20260412LTWO0,키움,이형종,7,PH,1,1,0,0,0,1,0,0,0,0,0,0,0,0,424743,0,0,타
2026,2026-04-12,20260412LTWO0,키움,박한결,7,2B,0,0,0,0,0,0,0,0,0,0,0,0,0,0,10000014,0,0,二
2026,2026-04-12,20260412LTWO0,키움,오선진,8,SS,3,2,0,1,0,0,0,0,0,0,0,0,0,0,308768,0,0,유
2026,2026-04-12,20260412LTWO0,키움,김지석,9,3B,3,2,0,0,0,0,0,0,0,1,0,0,0,0,10000043,0,0,三
2026,2026-04-12,20260412HTHH0,KIA,데일,1,SS,5,4,2,0,0,0,0,0,0,0,1,0,0,0,10000022,1,1,유
2026,2026-04-12,20260412HTHH0,KIA,김호령,2,CF,5,5,0,0,0,2,0,0,0,0,0,0,0,0,1146368,0,0,중
2026,2026-04-12,20260412HTHH0,KIA,김선빈,3,2B,5,5,0,0,0,1,0,0,0,0,0,0,0,0,222661,0,0,二
2026,2026-04-12,20260412HTHH0,KIA,정현창,3,2B,0,0,0,0,0,0,0,0,0,0,0,0,0,0,4063300,0,0,二
2026,2026-04-12,20260412HTHH0,KIA,김도영,4,3B,5,5,1,0,0,1,1,0,0,0,0,0,0,0,3196494,0,1,三
2026,2026-04-12,20260412HTHH0,KIA,카스트로,5,LF,5,5,3,0,0,1,2,0,0,0,0,0,0,0,10000009,2,0,좌
2026,2026-04-12,20260412HTHH0,KIA,박정우,5,LF,0,0,0,0,0,0,0,0,0,0,0,0,0,0,2966764,0,0,좌
2026,2026-04-12,20260412HTHH0,KIA,나성범,6,DH,5,4,1,1,0,2,0,0,0,0,0,0,0,0,678785,2,1,지
2026,2026-04-12,20260412HTHH0,KIA,한준수,7,C,5,5,4,0,0,0,1,0,1,0,0,0,0,0,1797505,4,3,포
2026,2026-04-12,20260412HTHH0,KIA,박상준,8,1B,1,1,0,0,0,0,0,0,0,0,0,0,0,0,10000040,0,0,一
2026,2026-04-12,20260412HTHH0,KIA,김규성,8,PH→1B,4,1,1,1,0,0,0,0,0,2,0,0,0,0,2704538,0,1,타一
2026,2026-04-12,20260412HTHH0,KIA,박재현,9,RF,5,4,1,1,0,1,0,0,0,0,0,0,0,0,3977734,0,1,우
2026,2026-04-12,20260412HTHH0,한화,이원석,1,CF,5,5,2,0,0,1,0,0,0,0,0,0,0,0,2507570,0,1,중
2026,2026-04-12,20260412HTHH0,한화,페라자,2,RF,5,4,1,1,0,1,0,0,0,0,0,0,0,0,3716511,0,1,우
2026,2026-04-12,20260412HTHH0,한화,문현빈,3,LF,4,3,1,1,0,0,0,0,0,0,0,1,0,0,3611452,0,0,좌
2026,2026-04-12,20260412HTHH0,한화,강백호,4,DH,4,2,1,2,0,0,1,0,0,0,0,0,0,0,1882039,1,0,지
2026,2026-04-12,20260412HTHH0,한화,채은성,5,1B,3,3,0,0,0,1,0,0,0,0,0,0,0,0,730963,0,0,一
2026,2026-04-12,20260412HTHH0,한화,김태연,5,1B,1,1,0,0,0,0,0,0,0,0,0,0,0,0,1795455,0,0,一
2026,2026-04-12,20260412HTHH0,한화,노시환,6,3B,4,4,0,0,0,1,0,0,0,0,0,0,0,0,2484601,0,0,三
2026,2026-04-12,20260412HTHH0,한화,이도윤,6,3B,0,0,0,0,0,0,0,0,0,0,0,0,0,0,1971980,0,0,三
2026,2026-04-12,20260412HTHH0,한화,하주석,7,2B,4,4,1,0,0,2,0,0,0,0,0,0,0,0,675949,0,1,二
2026,2026-04-12,20260412HTHH0,한화,허인서,8,C,4,4,0,0,0,4,0,0,0,0,0,0,0,0,3206992,0,0,포
2026,2026-04-12,20260412HTHH0,한화,심우준,9,SS,4,4,2,0,0,1,0,0,0,0,0,0,0,0,1501462,2,0,유
