날짜,팀,선수명,타점,득점,타석,타수,안타,볼넷,사구,삼진,2루타,3루타,홈런,희번,희비,병살타,타격방해,고의사구,page_id,단타,TB,Outs,타율,출루율,장타율,OPS,순출루율,순장타율,K%,BB%,BB/K,BABIP,SecA,PA/HR,AB/HR,GPA,RC,RC/27,XR,TAVG,연도,home_stadium,FinalPF,wOBA,wRAA,wRC+,stint_id
2026-03-28,SSG,최정,0.0,0.0,5.0,3.0,1.0,1.0,1.0,1.0,0.0,0.0,0.0,0.0,0.0,0.0,0.0,0.0,74405,1.0,1.0,2.0,0.3333333333333333,0.6,0.3333333333333333,0.9333333333333332,0.2666666666666666,0.0,0.2,0.2,1.0,0.5,0.3333333333333333,0.0,0.0,0.3533333333333333,0.4285714285714285,5.785714285714286,1.1720000000000002,1.5,2026,문학,1.027807913649001,0.5219145668215701,0.6320133030499677,182.00622405964944,0
2026-03-29,SSG,최정,1.0,0.0,10.0,6.0,1.0,2.0,1.0,2.0,0.0,0.0,0.0,0.0,1.0,0.0,0.0,0.0,74405,1.0,1.0,6.0,0.1666666666666666,0.4,0.1666666666666666,0.5666666666666667,0.2333333333333333,0.0,0.2,0.2,1.0,0.2,0.3333333333333333,0.0,0.0,0.2216666666666666,0.2307692307692307,1.0384615384615383,1.964,0.6666666666666666,2026,문학,1.027807913649001,0.3315391790447634,-0.4123356882894454,70.6711339352333,0
2026-03-30,SSG,최정,1.0,0.0,10.0,6.0,1.0,2.0,1.0,2.0,0.0,0.0,0.0,0.0,1.0,0.0,0.0,0.0,74405,1.0,1.0,6.0,0.1666666666666666,0.4,0.1666666666666666,0.5666666666666667,0.2333333333333333,0.0,0.2,0.2,1.0,0.2,0.3333333333333333,0.0,0.0,0.2216666666666666,0.2307692307692307,1.0384615384615383,1.964,0.6666666666666666,2026,문학,1.027807913649001,0.3315391790447634,-0.4123356882894454,70.6711339352333,0
2026-03-31,SSG,최정,1.0,2.0,15.0,10.0,3.0,3.0,1.0,2.0,1.0,0.0,0.0,0.0,1.0,0.0,0.0,0.0,74405,2.0,4.0,8.0,0.3,0.4666666666666667,0.4,0.8666666666666667,0.1666666666666666,0.1,0.1333333333333333,0.2,1.5,0.3333333333333333,0.4,0.0,0.0,0.31,1.263157894736842,4.263157894736842,3.704,1.0,2026,문학,1.027807913649001,0.4211378440794192,0.7126836840931078,129.65594712193217,0
2026-04-01,SSG,최정,1.0,2.0,19.0,14.0,4.0,3.0,1.0,3.0,1.0,0.0,0.0,0.0,1.0,0.0,0.0,0.0,74405,3.0,5.0,11.0,0.2857142857142857,0.4210526315789473,0.3571428571428571,0.7781954887218046,0.1353383458646616,0.0714285714285714,0.1578947368421052,0.1578947368421052,1.0,0.3333333333333333,0.2857142857142857,0.0,0.0,0.2787593984962406,1.5217391304347827,3.735177865612648,4.286,0.8181818181818182,2026,문학,1.027807913649001,0.382777855509765,0.1891471861471871,103.76169475843795,0
2026-04-02,SSG,최정,3.0,4.0,23.0,17.0,5.0,4.0,1.0,3.0,1.0,0.0,1.0,0.0,1.0,0.0,0.0,0.0,74405,3.0,9.0,13.0,0.2941176470588235,0.4347826086956521,0.5294117647058824,0.9641943734015346,0.1406649616368286,0.2352941176470588,0.1304347826086956,0.1739130434782608,1.3333333333333333,0.2857142857142857,0.4705882352941176,23.0,17.0,0.3280051150895141,2.892857142857143,6.008241758241758,6.246,1.0769230769230769,2026,문학,1.027807913649001,0.4325631717232706,1.3870909103452085,137.30876476742938,0
2026-04-03,SSG,최정,4.0,5.0,27.0,20.0,7.0,4.0,2.0,3.0,3.0,0.0,1.0,0.0,1.0,0.0,0.0,0.0,74405,3.0,13.0,14.0,0.35,0.4814814814814814,0.65,1.1314814814814815,0.1314814814814814,0.3,0.1111111111111111,0.1481481481481481,1.3333333333333333,0.3529411764705882,0.5,27.0,20.0,0.3791666666666666,4.727272727272728,9.116883116883118,8.115999999999998,1.3571428571428572,2026,문학,1.027807913649001,0.4944819734443016,3.0728044205588425,174.51481653530658,0
2026-04-04,SSG,최정,5.0,7.0,32.0,24.0,9.0,5.0,2.0,3.0,3.0,0.0,1.0,0.0,1.0,0.0,0.0,0.0,74405,5.0,15.0,16.0,0.375,0.5,0.625,1.125,0.125,0.25,0.09375,0.15625,1.6666666666666667,0.3809523809523809,0.4583333333333333,32.0,24.0,0.38125,5.769230769230769,9.735576923076923,9.636,1.375,2026,문학,1.027807913649001,0.5007042359964105,3.7840796894170543,178.78527158332318,0
2026-04-05,SSG,최정,5.0,8.0,37.0,25.0,10.0,9.0,2.0,3.0,4.0,0.0,1.0,0.0,1.0,0.0,0.0,1.0,74405,5.0,17.0,16.0,0.4,0.5675675675675675,0.68,1.2475675675675677,0.1675675675675675,0.28,0.081081081081081,0.2432432432432432,3.0,0.4090909090909091,0.64,37.0,25.0,0.4254054054054054,7.083333333333333,11.953125,11.626,1.75,2026,문학,1.027807913649001,0.5462854741800988,5.85268442278667,211.90895551897603,0
2026-04-06,SSG,최정,5.0,8.0,37.0,25.0,10.0,9.0,2.0,3.0,4.0,0.0,1.0,0.0,1.0,0.0,0.0,1.0,74405,5.0,17.0,16.0,0.4,0.5675675675675675,0.68,1.2475675675675677,0.1675675675675675,0.28,0.081081081081081,0.2432432432432432,3.0,0.4090909090909091,0.64,37.0,25.0,0.4254054054054054,7.083333333333333,11.953125,11.626,1.75,2026,문학,1.027807913649001,0.5462854741800988,5.85268442278667,211.90895551897603,0
2026-04-07,SSG,최정,7.0,9.0,41.0,29.0,11.0,9.0,2.0,4.0,4.0,0.0,2.0,0.0,1.0,0.0,0.0,1.0,74405,5.0,21.0,19.0,0.3793103448275862,0.5365853658536586,0.7241379310344828,1.2607232968881412,0.1572750210260723,0.3448275862068966,0.0975609756097561,0.2195121951219512,2.25,0.375,0.6551724137931034,20.5,14.5,0.422497897392767,8.48076923076923,12.05161943319838,13.148,1.6842105263157894,2026,문학,1.027807913649001,0.5441909421324059,6.392628544354169,213.8558617741037,0
2026-04-08,SSG,최정,8.0,9.0,46.0,34.0,12.0,9.0,2.0,6.0,5.0,0.0,2.0,0.0,1.0,0.0,0.0,1.0,74405,5.0,23.0,23.0,0.3529411764705882,0.5,0.6764705882352942,1.1764705882352942,0.1470588235294117,0.3235294117647059,0.1304347826086956,0.1956521739130435,1.5,0.3703703703703703,0.5882352941176471,23.0,17.0,0.3941176470588236,8.87719298245614,10.421052631578949,13.852,1.4782608695652173,2026,문학,1.027807913649001,0.5115530528450389,5.905466191295297,193.40958665507927,0
2026-04-09,SSG,최정,8.0,9.0,46.0,34.0,12.0,9.0,2.0,6.0,5.0,0.0,2.0,0.0,1.0,0.0,0.0,1.0,74405,5.0,23.0,23.0,0.3529411764705882,0.5,0.6764705882352942,1.1764705882352942,0.1470588235294117,0.3235294117647059,0.1304347826086956,0.1956521739130435,1.5,0.3703703703703703,0.5882352941176471,23.0,17.0,0.3941176470588236,8.87719298245614,10.421052631578949,13.852,1.4782608695652173,2026,문학,1.027807913649001,0.5115530528450389,5.905466191295297,193.40958665507927,0
2026-04-10,SSG,최정,8.0,9.0,50.0,38.0,13.0,9.0,2.0,6.0,5.0,0.0,2.0,0.0,1.0,0.0,0.0,1.0,74405,6.0,24.0,26.0,0.3421052631578947,0.48,0.631578947368421,1.111578947368421,0.1378947368421052,0.2894736842105262,0.12,0.18,1.5,0.3548387096774194,0.5263157894736842,25.0,19.0,0.3738947368421053,9.049180327868852,9.397225725094575,14.621999999999998,1.3461538461538465,2026,문학,1.027807913649001,0.4879549841484241,5.478892088749314,179.32026938403789,0
2026-04-11,SSG,최정,8.0,9.0,55.0,43.0,14.0,9.0,2.0,6.0,5.0,0.0,2.0,0.0,1.0,0.0,0.0,1.0,74405,7.0,25.0,30.0,0.3255813953488372,0.4545454545454545,0.5813953488372093,1.0359408033826638,0.1289640591966173,0.2558139534883721,0.109090909090909,0.1636363636363636,1.5,0.3333333333333333,0.4651162790697674,27.5,21.5,0.3498942917547568,9.090909090909092,8.181818181818182,15.482,1.2,2026,문학,1.027807913649001,0.4611619641153616,4.831825463947603,164.06861207096588,0
2026-04-12,SSG,최정,8.0,9.0,59.0,47.0,15.0,9.0,2.0,7.0,5.0,0.0,2.0,0.0,1.0,0.0,0.0,1.0,74405,8.0,26.0,33.0,0.3191489361702128,0.4406779661016949,0.5531914893617021,0.9938694554633972,0.1215290299314821,0.2340425531914893,0.1186440677966101,0.1525423728813559,1.2857142857142858,0.3333333333333333,0.425531914893617,29.5,23.5,0.3366029570861882,9.285714285714286,7.597402597402597,16.064000000000004,1.121212121212121,2026,문학,1.027807913649001,0.4457636555829334,4.507531543087738,155.9557104410748,0
2026-03-28,삼성,강민호,0.0,0.0,3.0,3.0,0.0,0.0,0.0,3.0,0.0,0.0,0.0,0.0,0.0,0.0,0.0,0.0,149157,0.0,0.0,3.0,0.0,0.0,0.0,0.0,0.0,0.0,1.0,0.0,0.0,0.0,0.0,0.0,0.0,0.0,0.0,0.0,-0.294,0.0,2026,대구,1.0406172533521605,0.0,-1.0117626541207003,-130.28147774374193,0
2026-03-29,삼성,강민호,0.0,0.0,5.0,5.0,0.0,0.0,0.0,4.0,0.0,0.0,0.0,0.0,0.0,0.0,0.0,0.0,149157,0.0,0.0,5.0,0.0,0.0,0.0,0.0,0.0,0.0,0.8,0.0,0.0,0.0,0.0,0.0,0.0,0.0,0.0,0.0,-0.302,0.0,2026,대구,1.0406172533521605,0.0,-1.7627488760436736,-131.049542142686,0
2026-03-30,삼성,강민호,0.0,0.0,5.0,5.0,0.0,0.0,0.0,4.0,0.0,0.0,0.0,0.0,0.0,0.0,0.0,0.0,149157,0.0,0.0,5.0,0.0,0.0,0.0,0.0,0.0,0.0,0.8,0.0,0.0,0.0,0.0,0.0,0.0,0.0,0.0,0.0,-0.302,0.0,2026,대구,1.0406172533521605,0.0,-1.7627488760436736,-131.049542142686,0
2026-03-31,삼성,강민호,0.0,0.0,7.0,7.0,0.0,0.0,0.0,4.0,0.0,0.0,0.0,0.0,0.0,0.0,0.0,0.0,149157,0.0,0.0,7.0,0.0,0.0,0.0,0.0,0.0,0.0,0.5714285714285714,0.0,0.0,0.0,0.0,0.0,0.0,0.0,0.0,0.0,-0.122,0.0,2026,대구,1.0406172533521605,0.0,-2.313785354849904,-129.72279893949624,0
2026-04-01,삼성,강민호,0.0,0.0,11.0,11.0,0.0,0.0,0.0,5.0,0.0,0.0,0.0,0.0,0.0,0.0,0.0,0.0,149157,0.0,0.0,11.0,0.0,0.0,0.0,0.0,0.0,0.0,0.4545454545454545,0.0,0.0,0.0,0.0,0.0,0.0,0.0,0.0,0.0,0.05,0.0,2026,대구,1.0406172533521605,0.0,-3.783088435374149,-130.08352821271646,0
2026-04-02,삼성,강민호,0.0,0.0,11.0,11.0,0.0,0.0,0.0,5.0,0.0,0.0,0.0,0.0,0.0,0.0,0.0,0.0,149157,0.0,0.0,11.0,0.0,0.0,0.0,0.0,0.0,0.0,0.4545454545454545,0.0,0.0,0.0,0.0,0.0,0.0,0.0,0.0,0.0,0.05,0.0,2026,대구,1.0406172533521605,0.0,-3.6551354204034334,-124.94607445866362,0
2026-04-03,삼성,강민호,0.0,0.0,15.0,15.0,0.0,0.0,0.0,5.0,0.0,0.0,0.0,0.0,0.0,0.0,0.0,0.0,149157,0.0,0.0,15.0,0.0,0.0,0.0,0.0,0.0,0.0,0.3333333333333333,0.0,0.0,0.0,0.0,0.0,0.0,0.0,0.0,0.0,0.4099999999999999,0.0,2026,대구,1.0406172533521605,0.0,-4.949541828164272,-128.16974710725682,0
2026-04-04,삼성,강민호,4.0,0.0,19.0,19.0,3.0,0.0,0.0,6.0,1.0,0.0,0.0,0.0,0.0,0.0,0.0,0.0,149157,2.0,4.0,16.0,0.1578947368421052,0.1578947368421052,0.2105263157894736,0.3684210526315789,0.0,0.0526315789473684,0.3157894736842105,0.0,0.0,0.2307692307692307,0.0526315789473684,0.0,0.0,0.1236842105263157,0.631578947368421,1.0657894736842104,2.032,0.25,2026,대구,1.0406172533521605,0.167547340200012,-3.4117905721953314,-27.920839215540315,0
2026-04-05,삼성,강민호,4.0,0.0,20.0,20.0,3.0,0.0,0.0,6.0,1.0,0.0,0.0,0.0,0.0,0.0,0.0,0.0,149157,2.0,4.0,17.0,0.15,0.15,0.2,0.35,0.0,0.05,0.3,0.0,0.0,0.2142857142857142,0.05,0.0,0.0,0.1175,0.6,0.9529411764705882,2.122,0.2352941176470588,2026,대구,1.0406172533521605,0.1596968144839097,-3.521062045933618,-31.70998354145696,0
2026-04-06,삼성,강민호,4.0,0.0,20.0,20.0,3.0,0.0,0.0,6.0,1.0,0.0,0.0,0.0,0.0,0.0,0.0,0.0,149157,2.0,4.0,17.0,0.15,0.15,0.2,0.35,0.0,0.05,0.3,0.0,0.0,0.2142857142857142,0.05,0.0,0.0,0.1175,0.6,0.9529411764705882,2.122,0.2352941176470588,2026,대구,1.0406172533521605,0.1596968144839097,-3.521062045933618,-31.70998354145696,0
2026-04-07,삼성,강민호,6.0,0.0,24.0,24.0,4.0,0.0,0.0,7.0,2.0,0.0,0.0,0.0,0.0,0.0,0.0,0.0,149157,2.0,6.0,20.0,0.1666666666666666,0.1666666666666666,0.25,0.4166666666666666,0.0,0.0833333333333333,0.2916666666666667,0.0,0.0,0.2352941176470588,0.0833333333333333,0.0,0.0,0.1375,1.0,1.35,2.924,0.3,2026,대구,1.0406172533521605,0.1882877078679728,-3.454507092104764,-11.73657724713726,0
2026-04-08,삼성,강민호,6.0,0.0,25.0,25.0,4.0,0.0,0.0,7.0,2.0,0.0,0.0,0.0,0.0,0.0,0.0,0.0,149157,2.0,6.0,21.0,0.16,0.16,0.24,0.4,0.0,0.0799999999999999,0.28,0.0,0.0,0.2222222222222222,0.08,0.0,0.0,0.132,0.96,1.2342857142857142,3.014,0.2857142857142857,2026,대구,1.0406172533521605,0.1802915800364628,-3.799783905768305,-17.943484158095547,0
2026-04-09,삼성,강민호,6.0,0.0,25.0,25.0,4.0,0.0,0.0,7.0,2.0,0.0,0.0,0.0,0.0,0.0,0.0,0.0,149157,2.0,6.0,21.0,0.16,0.16,0.24,0.4,0.0,0.0799999999999999,0.28,0.0,0.0,0.2222222222222222,0.08,0.0,0.0,0.132,0.96,1.2342857142857142,3.014,0.2857142857142857,2026,대구,1.0406172533521605,0.1802915800364628,-3.799783905768305,-17.943484158095547,0
2026-04-10,삼성,강민호,6.0,0.0,29.0,27.0,4.0,2.0,0.0,7.0,2.0,0.0,0.0,0.0,0.0,0.0,0.0,0.0,149157,2.0,6.0,23.0,0.1481481481481481,0.2068965517241379,0.2222222222222222,0.4291187739463601,0.0587484035759897,0.074074074074074,0.2413793103448276,0.0689655172413793,0.2857142857142857,0.2,0.1481481481481481,0.0,0.0,0.1486590038314176,1.1612903225806452,1.3632538569424966,3.874000000000001,0.3478260869565217,2026,대구,1.0406172533521605,0.2077461611050639,-3.708907244944362,0.1143398578626664,0
2026-04-11,삼성,강민호,6.0,0.0,31.0,29.0,5.0,2.0,0.0,7.0,2.0,0.0,0.0,0.0,0.0,0.0,0.0,0.0,149157,3.0,7.0,24.0,0.1724137931034483,0.2258064516129032,0.2413793103448276,0.4671857619577308,0.0533926585094549,0.0689655172413793,0.2258064516129032,0.064516129032258,0.2857142857142857,0.2272727272727272,0.1379310344827586,0.0,0.0,0.1619577308120133,1.4848484848484849,1.6704545454545456,4.464,0.375,2026,대구,1.0406172533521605,0.2251121992922365,-3.3965339434569435,12.565692484162415,0
2026-04-12,삼성,강민호,6.0,2.0,35.0,32.0,7.0,3.0,0.0,8.0,2.0,0.0,0.0,0.0,0.0,0.0,0.0,0.0,149157,5.0,9.0,25.0,0.21875,0.2857142857142857,0.28125,0.5669642857142857,0.0669642857142857,0.0625,0.2285714285714285,0.0857142857142857,0.375,0.2916666666666667,0.15625,0.0,0.0,0.1988839285714285,2.3684210526315788,2.557894736842105,5.706,0.48,2026,대구,1.0406172533521605,0.2751176516308448,-2.28244479928491,45.80182772462471,0
2026-03-28,KT,김현수,1.0,1.0,6.0,5.0,1.0,1.0,0.0,0.0,0.0,0.0,0.0,0.0,0.0,0.0,0.0,0.0,203566,1.0,1.0,4.0,0.2,0.3333333333333333,0.2,0.5333333333333333,0.1333333333333333,0.0,0.0,0.1666666666666666,0.0,0.2,0.2,0.0,0.0,0.2,0.2857142857142857,1.9285714285714284,1.2000000000000002,0.5,2026,수원,1.0287682311922934,0.2965188187420699,-0.4430023794073109,47.59778267010717,0
2026-03-29,KT,김현수,2.0,2.0,11.0,9.0,1.0,2.0,0.0,0.0,0.0,0.0,0.0,0.0,0.0,1.0,0.0,0.0,203566,1.0,1.0,9.0,0.1111111111111111,0.2727272727272727,0.1111111111111111,0.3838383838383838,0.1616161616161616,0.0,0.0,0.1818181818181818,0.0,0.1111111111111111,0.2222222222222222,0.0,0.0,0.1505050505050505,0.1538461538461538,0.4615384615384615,1.5300000000000002,0.3333333333333333,2026,수원,1.0287682311922934,0.2279857304187324,-1.5231759794476551,7.96944997184148,0
2026-03-30,KT,김현수,2.0,2.0,11.0,9.0,1.0,2.0,0.0,0.0,0.0,0.0,0.0,0.0,0.0,1.0,0.0,0.0,203566,1.0,1.0,9.0,0.1111111111111111,0.2727272727272727,0.1111111111111111,0.3838383838383838,0.1616161616161616,0.0,0.0,0.1818181818181818,0.0,0.1111111111111111,0.2222222222222222,0.0,0.0,0.1505050505050505,0.1538461538461538,0.4615384615384615,1.5300000000000002,0.3333333333333333,2026,수원,1.0287682311922934,0.2279857304187324,-1.5231759794476551,7.96944997184148,0
2026-03-31,KT,김현수,2.0,3.0,17.0,13.0,3.0,4.0,0.0,1.0,1.0,0.0,0.0,0.0,0.0,1.0,0.0,0.0,203566,2.0,4.0,11.0,0.2307692307692307,0.4117647058823529,0.3076923076923077,0.7194570135746606,0.1809954751131221,0.0769230769230769,0.0588235294117647,0.2352941176470588,4.0,0.25,0.3846153846153846,0.0,0.0,0.2622171945701357,1.1428571428571428,2.805194805194805,3.422,0.7272727272727273,2026,수원,1.0287682311922934,0.3699540314545285,0.0266021541359917,98.19149232349749,0
2026-04-01,KT,김현수,6.0,4.0,23.0,19.0,6.0,4.0,0.0,1.0,2.0,0.0,0.0,0.0,0.0,1.0,0.0,0.0,203566,4.0,8.0,14.0,0.3157894736842105,0.4347826086956521,0.4210526315789473,0.8558352402745995,0.1189931350114416,0.1052631578947368,0.0434782608695652,0.1739130434782608,4.0,0.3333333333333333,0.3157894736842105,0.0,0.0,0.3009153318077803,2.6666666666666665,5.142857142857143,5.412,0.8571428571428571,2026,수원,1.0287682311922934,0.4116613597444759,0.8431218305504021,121.21440969754664,0
2026-04-02,KT,김현수,7.0,6.0,28.0,24.0,8.0,4.0,0.0,1.0,3.0,0.0,0.0,0.0,0.0,1.0,0.0,0.0,203566,5.0,11.0,17.0,0.3333333333333333,0.4285714285714285,0.4583333333333333,0.8869047619047619,0.0952380952380952,0.125,0.0357142857142857,0.1428571428571428,4.0,0.3478260869565217,0.2916666666666667,0.0,0.0,0.3074404761904761,3.78125,6.005514705882353,6.902,0.8823529411764706,2026,수원,1.0287682311922934,0.4174999443084923,1.3058345980849353,128.12479039299774,0
2026-04-03,KT,김현수,7.0,6.0,32.0,27.0,9.0,5.0,0.0,1.0,3.0,0.0,0.0,0.0,0.0,2.0,0.0,0.0,203566,6.0,12.0,20.0,0.3333333333333333,0.4375,0.4444444444444444,0.8819444444444444,0.1041666666666666,0.1111111111111111,0.03125,0.15625,5.0,0.3461538461538461,0.2962962962962963,0.0,0.0,0.307986111111111,3.891891891891892,5.254054054054054,7.552,0.85,2026,수원,1.0287682311922934,0.420017539328237,1.503322731967066,129.03017219366754,0
2026-04-04,KT,김현수,9.0,6.0,37.0,32.0,10.0,5.0,0.0,3.0,4.0,0.0,0.0,0.0,0.0,2.0,0.0,0.0,203566,6.0,14.0,24.0,0.3125,0.4054054054054054,0.4375,0.8429054054054055,0.0929054054054054,0.125,0.081081081081081,0.1351351351351351,1.6666666666666667,0.3448275862068966,0.28125,0.0,0.0,0.2918074324324324,4.333333333333333,4.874999999999999,8.255999999999998,0.7916666666666666,2026,수원,1.0287682311922934,0.3976877905390008,0.9680141378176448,115.16910324665044,0
2026-04-05,KT,김현수,9.0,6.0,41.0,36.0,12.0,5.0,0.0,3.0,4.0,0.0,0.0,0.0,0.0,2.0,0.0,0.0,203566,8.0,16.0,26.0,0.3333333333333333,0.4146341463414634,0.4444444444444444,0.8590785907859078,0.08130081300813,0.1111111111111111,0.073170731707317,0.1219512195121951,1.6666666666666667,0.3636363636363636,0.25,0.0,0.0,0.2976964769647696,5.217391304347826,5.418060200668896,9.436,0.8076923076923077,2026,수원,1.0287682311922934,0.4054696175984278,1.4938432729330129,123.54071786011708,0
2026-04-06,KT,김현수,9.0,6.0,41.0,36.0,12.0,5.0,0.0,3.0,4.0,0.0,0.0,0.0,0.0,2.0,0.0,0.0,203566,8.0,16.0,26.0,0.3333333333333333,0.4146341463414634,0.4444444444444444,0.8590785907859078,0.08130081300813,0.1111111111111111,0.073170731707317,0.1219512195121951,1.6666666666666667,0.3636363636363636,0.25,0.0,0.0,0.2976964769647696,5.217391304347826,5.418060200668896,9.436,0.8076923076923077,2026,수원,1.0287682311922934,0.4054696175984278,1.4938432729330129,123.54071786011708,0
2026-04-07,KT,김현수,9.0,7.0,46.0,40.0,14.0,6.0,0.0,3.0,4.0,0.0,0.0,0.0,0.0,2.0,0.0,0.0,203566,10.0,18.0,28.0,0.35,0.4347826086956521,0.45,0.8847826086956522,0.0847826086956521,0.1,0.0652173913043478,0.1304347826086956,2.0,0.3783783783783784,0.25,0.0,0.0,0.3081521739130435,6.230769230769231,6.008241758241758,10.956,0.8571428571428571,2026,수원,1.0287682311922934,0.4207444669237651,2.3879361213619794,135.9564779246144,0
2026-04-08,KT,김현수,9.0,7.0,50.0,43.0,14.0,7.0,0.0,3.0,4.0,0.0,0.0,0.0,0.0,2.0,0.0,0.0,203566,10.0,18.0,31.0,0.3255813953488372,0.42,0.4186046511627907,0.8386046511627907,0.0944186046511627,0.0930232558139534,0.06,0.14,2.333333333333333,0.35,0.2558139534883721,0.0,0.0,0.2936511627906977,6.0,5.225806451612903,11.566,0.8064516129032258,2026,수원,1.0287682311922934,0.401547682923683,1.7637014355882534,123.55276162877698,0
2026-04-09,KT,김현수,9.0,7.0,50.0,43.0,14.0,7.0,0.0,3.0,4.0,0.0,0.0,0.0,0.0,2.0,0.0,0.0,203566,10.0,18.0,31.0,0.3255813953488372,0.42,0.4186046511627907,0.8386046511627907,0.0944186046511627,0.0930232558139534,0.06,0.14,2.333333333333333,0.35,0.2558139534883721,0.0,0.0,0.2936511627906977,6.0,5.225806451612903,11.566,0.8064516129032258,2026,수원,1.0287682311922934,0.401547682923683,1.7637014355882534,123.55276162877698,0
2026-04-10,KT,김현수,11.0,7.0,56.0,49.0,15.0,7.0,0.0,5.0,4.0,0.0,0.0,0.0,0.0,2.0,0.0,0.0,203566,11.0,19.0,36.0,0.3061224489795918,0.3928571428571428,0.3877551020408163,0.7806122448979591,0.086734693877551,0.0816326530612244,0.0892857142857142,0.125,1.4,0.3409090909090909,0.2244897959183673,0.0,0.0,0.2737244897959183,6.031746031746032,4.523809523809524,12.14,0.7222222222222222,2026,수원,1.0287682311922934,0.374488163672758,0.7513549657619203,107.17588701176128,0
2026-04-11,KT,김현수,11.0,7.0,60.0,53.0,17.0,7.0,0.0,5.0,5.0,0.0,0.0,0.0,0.0,2.0,0.0,0.0,203566,12.0,22.0,38.0,0.320754716981132,0.4,0.4150943396226415,0.8150943396226416,0.0792452830188679,0.0943396226415094,0.0833333333333333,0.1166666666666666,1.4,0.3541666666666667,0.2264150943396226,0.0,0.0,0.2837735849056604,7.223880597014926,5.132757266300079,13.54,0.7631578947368421,2026,수원,1.0287682311922934,0.3872260670056164,1.560965917732288,116.91980193117752,0
2026-04-12,KT,김현수,11.0,7.0,64.0,57.0,17.0,7.0,0.0,6.0,5.0,0.0,0.0,0.0,0.0,3.0,0.0,0.0,203566,12.0,22.0,43.0,0.2982456140350877,0.375,0.3859649122807017,0.7609649122807017,0.0767543859649123,0.087719298245614,0.09375,0.109375,1.1666666666666667,0.3333333333333333,0.2105263157894736,0.0,0.0,0.2652412280701754,6.507042253521127,4.0858172289551264,13.342000000000002,0.6744186046511628,2026,수원,1.0287682311922934,0.3628053181896952,0.4835453321077895,102.93187137861564,0
2026-03-28,KIA,김선빈,4.0,0.0,5.0,4.0,2.0,1.0,0.0,0.0,0.0,0.0,0.0,0.0,0.0,0.0,0.0,1.0,222661,2.0,2.0,2.0,0.5,0.6,0.5,1.1,0.0999999999999999,0.0,0.0,0.2,0.0,0.5,0.25,0.0,0.0,0.395,1.0,13.5,1.43,1.5,2026,광주,0.9987402594586288,0.4883970988677271,0.4831325708414452,164.94006663471257,0
2026-03-29,KIA,김선빈,4.0,1.0,9.0,6.0,3.0,3.0,0.0,0.0,0.0,0.0,0.0,0.0,0.0,0.0,0.0,1.0,222661,3.0,3.0,3.0,0.5,0.6666666666666666,0.5,1.1666666666666663,0.1666666666666666,0.0,0.0,0.3333333333333333,0.0,0.5,0.5,0.0,0.0,0.425,1.5,13.5,2.7,2.0,2026,광주,0.9987402594586288,0.5499787549129401,1.4749361753371868,205.640638905182,0
2026-03-30,KIA,김선빈,4.0,1.0,9.0,6.0,3.0,3.0,0.0,0.0,0.0,0.0,0.0,0.0,0.0,0.0,0.0,1.0,222661,3.0,3.0,3.0,0.5,0.6666666666666666,0.5,1.1666666666666663,0.1666666666666666,0.0,0.0,0.3333333333333333,0.0,0.5,0.5,0.0,0.0,0.425,1.5,13.5,2.7,2.0,2026,광주,0.9987402594586288,0.5499787549129401,1.4749361753371868,205.640638905182,0
2026-03-31,KIA,김선빈,4.0,2.0,14.0,11.0,5.0,3.0,0.0,1.0,0.0,0.0,0.0,0.0,0.0,0.0,0.0,1.0,222661,5.0,5.0,6.0,0.4545454545454545,0.5714285714285714,0.4545454545454545,1.025974025974026,0.1168831168831168,0.0,0.0714285714285714,0.2142857142857142,3.0,0.5,0.2727272727272727,0.0,0.0,0.3707792207792207,2.3529411764705883,10.588235294117649,3.782,1.3333333333333333,2026,광주,0.9987402594586288,0.4846429373317467,1.4632856151310096,171.4823343595605,0
2026-04-01,KIA,김선빈,4.0,2.0,18.0,15.0,5.0,3.0,0.0,2.0,0.0,0.0,0.0,0.0,0.0,1.0,0.0,1.0,222661,5.0,5.0,11.0,0.3333333333333333,0.4444444444444444,0.3333333333333333,0.7777777777777777,0.1111111111111111,0.0,0.1111111111111111,0.1666666666666666,1.5,0.3846153846153846,0.2,0.0,0.0,0.2833333333333333,1.6666666666666667,4.090909090909091,3.584,0.7272727272727273,2026,광주,0.9987402594586288,0.3710335002131175,-0.0162424969987991,99.53294384594491,0
2026-04-02,KIA,김선빈,4.0,2.0,22.0,18.0,6.0,4.0,0.0,2.0,1.0,0.0,0.0,0.0,0.0,1.0,0.0,1.0,222661,5.0,7.0,13.0,0.3333333333333333,0.4545454545454545,0.3888888888888889,0.8434343434343434,0.1212121212121212,0.0555555555555555,0.0909090909090909,0.1818181818181818,2.0,0.375,0.2777777777777778,0.0,0.0,0.3017676767676767,2.423076923076923,5.0325443786982245,4.824000000000001,0.8461538461538461,2026,광주,0.9987402594586288,0.3978247700469958,0.6331557556381648,119.257166320943,0
2026-04-03,KIA,김선빈,4.0,2.0,26.0,21.0,7.0,5.0,0.0,2.0,1.0,0.0,0.0,0.0,0.0,1.0,0.0,1.0,222661,6.0,8.0,15.0,0.3333333333333333,0.4615384615384615,0.3809523809523809,0.8424908424908425,0.1282051282051282,0.0476190476190476,0.0769230769230769,0.1923076923076923,2.5,0.3684210526315789,0.2857142857142857,0.0,0.0,0.3029304029304029,2.838709677419355,5.109677419354839,5.844,0.8666666666666667,2026,광주,0.9987402594586288,0.4037776998492976,0.8425106086101428,122.13423326113968,0
2026-04-04,KIA,김선빈,4.0,2.0,30.0,25.0,7.0,5.0,0.0,2.0,1.0,0.0,0.0,0.0,0.0,1.0,0.0,1.0,222661,6.0,8.0,19.0,0.28,0.4,0.32,0.72,0.12,0.0399999999999999,0.0666666666666666,0.1666666666666666,2.5,0.3043478260869565,0.24,0.0,0.0,0.26,2.5142857142857142,3.572932330827068,6.204,0.6842105263157895,2026,광주,0.9987402594586288,0.3477234923843906,-0.5550678430898732,87.36381896341203,0
2026-04-05,KIA,김선빈,4.0,2.0,34.0,29.0,8.0,5.0,0.0,2.0,1.0,0.0,0.0,0.0,0.0,1.0,0.0,1.0,222661,7.0,9.0,22.0,0.2758620689655172,0.3823529411764705,0.3103448275862069,0.6926977687626774,0.1064908722109533,0.0344827586206896,0.0588235294117647,0.1470588235294117,2.5,0.2962962962962963,0.2068965517241379,0.0,0.0,0.2496450304259634,2.769230769230769,3.3986013986013988,6.974,0.6363636363636364,2026,광주,0.9987402594586288,0.3338681815250062,-0.8659596298449098,81.65924658842137,0
2026-04-06,KIA,김선빈,4.0,2.0,34.0,29.0,8.0,5.0,0.0,2.0,1.0,0.0,0.0,0.0,0.0,1.0,0.0,1.0,222661,7.0,9.0,22.0,0.2758620689655172,0.3823529411764705,0.3103448275862069,0.6926977687626774,0.1064908722109533,0.0344827586206896,0.0588235294117647,0.1470588235294117,2.5,0.2962962962962963,0.2068965517241379,0.0,0.0,0.2496450304259634,2.769230769230769,3.3986013986013988,6.974,0.6363636363636364,2026,광주,0.9987402594586288,0.3338681815250062,-0.8659596298449098,81.65924658842137,0
2026-04-07,KIA,김선빈,4.0,2.0,38.0,30.0,8.0,8.0,0.0,2.0,1.0,0.0,0.0,0.0,0.0,1.0,0.0,1.0,222661,7.0,9.0,23.0,0.2666666666666666,0.4210526315789473,0.3,0.7210526315789474,0.1543859649122806,0.0333333333333333,0.0526315789473684,0.2105263157894736,4.0,0.2857142857142857,0.3,0.0,0.0,0.2644736842105263,2.9347826086956523,3.445179584120983,8.084,0.7391304347826086,2026,광주,0.9987402594586288,0.3606379729222064,0.0482879765059399,101.07656756740926,0
2026-04-08,KIA,김선빈,5.0,5.0,43.0,32.0,10.0,11.0,0.0,2.0,1.0,0.0,0.0,0.0,0.0,1.0,0.0,1.0,222661,9.0,11.0,23.0,0.3125,0.4883720930232558,0.34375,0.8321220930232558,0.1758720930232558,0.03125,0.0465116279069767,0.2558139534883721,5.5,0.3333333333333333,0.375,0.0,0.0,0.3057049418604651,4.074074074074074,4.782608695652175,10.104000000000005,0.9565217391304348,2026,광주,0.9987402594586288,0.4170244277753692,2.0800450719652988,136.37026147432593,0
2026-04-09,KIA,김선빈,5.0,5.0,43.0,32.0,10.0,11.0,0.0,2.0,1.0,0.0,0.0,0.0,0.0,1.0,0.0,1.0,222661,9.0,11.0,23.0,0.3125,0.4883720930232558,0.34375,0.8321220930232558,0.1758720930232558,0.03125,0.0465116279069767,0.2558139534883721,5.5,0.3333333333333333,0.375,0.0,0.0,0.3057049418604651,4.074074074074074,4.782608695652175,10.104000000000005,0.9565217391304348,2026,광주,0.9987402594586288,0.4170244277753692,2.0800450719652988,136.37026147432593,0
2026-04-10,KIA,김선빈,6.0,6.0,48.0,36.0,12.0,12.0,0.0,2.0,2.0,0.0,1.0,0.0,0.0,1.0,0.0,1.0,222661,9.0,17.0,25.0,0.3333333333333333,0.5,0.4722222222222222,0.9722222222222222,0.1666666666666666,0.1388888888888889,0.0416666666666666,0.25,6.0,0.3333333333333333,0.4722222222222222,48.0,36.0,0.3430555555555555,6.516666666666667,7.037999999999999,12.784,1.16,2026,광주,0.9987402594586288,0.458348684365688,4.055381456368291,163.42783818943516,0
2026-04-11,KIA,김선빈,7.0,7.0,53.0,41.0,14.0,12.0,0.0,3.0,2.0,0.0,1.0,0.0,0.0,1.0,0.0,1.0,222661,11.0,19.0,28.0,0.3414634146341463,0.490566037735849,0.4634146341463415,0.9539806718821906,0.1491026231017027,0.1219512195121951,0.0566037735849056,0.2264150943396226,4.0,0.3513513513513513,0.4146341463414634,53.0,41.0,0.3366083755177174,7.3076923076923075,7.0467032967032965,13.866,1.1071428571428572,2026,광주,0.9987402594586288,0.4508884598424727,4.200741187280514,160.43732305784027,0
2026-04-12,KIA,김선빈,7.0,7.0,58.0,46.0,14.0,12.0,0.0,4.0,2.0,0.0,1.0,0.0,0.0,1.0,0.0,1.0,222661,11.0,19.0,33.0,0.3043478260869565,0.4482758620689655,0.4130434782608695,0.8613193403298351,0.1439280359820089,0.108695652173913,0.0689655172413793,0.2068965517241379,3.0,0.3170731707317073,0.3695652173913043,58.0,46.0,0.3049850074962519,6.785714285714286,5.551948051948052,14.128,0.9393939393939394,2026,광주,0.9987402594586288,0.4110287324189212,2.7592843401988807,136.70143240316605,0
2026-03-28,삼성,최형우,0.0,0.0,4.0,3.0,1.0,1.0,0.0,0.0,0.0,0.0,0.0,0.0,0.0,0.0,0.0,0.0,223389,1.0,1.0,2.0,0.3333333333333333,0.5,0.3333333333333333,0.8333333333333333,0.1666666666666666,0.0,0.0,0.25,0.0,0.3333333333333333,0.3333333333333333,0.0,0.0,0.3083333333333333,0.4,5.4,1.02,1.0,2026,대구,1.0406172533521605,0.4447782281131048,0.2315060566731561,134.76005955305166,0
2026-03-29,삼성,최형우,0.0,1.0,8.0,7.0,2.0,1.0,0.0,0.0,0.0,0.0,0.0,0.0,0.0,1.0,0.0,0.0,223389,2.0,2.0,6.0,0.2857142857142857,0.375,0.2857142857142857,0.6607142857142857,0.0892857142857143,0.0,0.0,0.125,0.0,0.2857142857142857,0.1428571428571428,0.0,0.0,0.2401785714285714,0.4444444444444444,2.0,1.42,0.5,2026,대구,1.0406172533521605,0.3341139713532658,-0.3105266538214513,70.94685069857675,0
2026-03-30,삼성,최형우,0.0,1.0,8.0,7.0,2.0,1.0,0.0,0.0,0.0,0.0,0.0,0.0,0.0,1.0,0.0,0.0,223389,2.0,2.0,6.0,0.2857142857142857,0.375,0.2857142857142857,0.6607142857142857,0.0892857142857143,0.0,0.0,0.125,0.0,0.2857142857142857,0.1428571428571428,0.0,0.0,0.2401785714285714,0.4444444444444444,2.0,1.42,0.5,2026,대구,1.0406172533521605,0.3341139713532658,-0.3105266538214513,70.94685069857675,0
2026-03-31,삼성,최형우,1.0,2.0,13.0,12.0,5.0,1.0,0.0,1.0,0.0,0.0,1.0,0.0,0.0,1.0,0.0,0.0,223389,4.0,8.0,8.0,0.4166666666666667,0.4615384615384615,0.6666666666666666,1.1282051282051282,0.0448717948717948,0.2499999999999999,0.0769230769230769,0.0769230769230769,1.0,0.4,0.3333333333333333,13.0,12.0,0.3743589743589743,2.857142857142857,9.642857142857142,3.852,1.125,2026,대구,1.0406172533521605,0.5001551460565371,1.5397930765226455,176.8014204297778,0
2026-04-01,삼성,최형우,1.0,3.0,18.0,17.0,6.0,1.0,0.0,2.0,0.0,0.0,1.0,0.0,0.0,2.0,0.0,0.0,223389,5.0,9.0,13.0,0.3529411764705882,0.3888888888888889,0.5294117647058824,0.9183006535947712,0.0359477124183006,0.1764705882352941,0.1111111111111111,0.0555555555555555,0.5,0.3571428571428571,0.2352941176470588,18.0,17.0,0.3073529411764706,2.3684210526315788,4.919028340080971,4.154,0.7692307692307693,2026,대구,1.0406172533521605,0.4118118222347585,0.662338280766852,120.12092395607692,0
2026-04-02,삼성,최형우,2.0,3.0,22.0,19.0,7.0,2.0,0.0,2.0,0.0,0.0,1.0,0.0,1.0,3.0,0.0,0.0,223389,6.0,10.0,16.0,0.3684210526315789,0.4090909090909091,0.5263157894736842,0.9354066985645932,0.0406698564593301,0.1578947368421052,0.0909090909090909,0.0909090909090909,1.0,0.3529411764705882,0.2631578947368421,22.0,19.0,0.3156698564593301,2.083333333333333,3.5156250000000004,5.0840000000000005,0.75,2026,대구,1.0406172533521605,0.416124939704268,0.9985579762134712,126.11032074093109,0
2026-04-03,삼성,최형우,2.0,3.0,26.0,22.0,7.0,3.0,0.0,2.0,0.0,0.0,1.0,0.0,1.0,3.0,0.0,0.0,223389,6.0,10.0,19.0,0.3181818181818182,0.3846153846153846,0.4545454545454545,0.8391608391608392,0.0664335664335664,0.1363636363636363,0.0769230769230769,0.1153846153846153,1.5,0.3,0.2727272727272727,26.0,22.0,0.2867132867132867,2.0689655172413794,2.9401088929219603,5.694,0.6842105263157895,2026,대구,1.0406172533521605,0.383089392780618,0.3597713117588983,105.33630503201586,0
2026-04-04,삼성,최형우,3.0,4.0,31.0,27.0,8.0,3.0,0.0,4.0,0.0,0.0,2.0,0.0,1.0,3.0,0.0,0.0,223389,6.0,14.0,23.0,0.2962962962962963,0.3548387096774194,0.5185185185185185,0.8733572281959379,0.058542413381123,0.2222222222222222,0.1290322580645161,0.0967741935483871,0.75,0.2727272727272727,0.3333333333333333,15.5,13.5,0.2893070489844683,2.8823529411764706,3.383631713554988,7.117999999999999,0.7391304347826086,2026,대구,1.0406172533521605,0.3836226991151396,0.4212675242112536,105.31163885556738,0
2026-04-05,삼성,최형우,3.0,4.0,35.0,31.0,9.0,3.0,0.0,4.0,0.0,0.0,2.0,0.0,1.0,5.0,0.0,0.0,223389,7.0,15.0,28.0,0.2903225806451613,0.3428571428571428,0.4838709677419355,0.8267281105990784,0.0525345622119815,0.1935483870967742,0.1142857142857142,0.0857142857142857,0.75,0.2692307692307692,0.2903225806451613,17.5,15.5,0.2752534562211982,2.3684210526315788,2.2838345864661656,7.148000000000001,0.6428571428571429,2026,대구,1.0406172533521605,0.3690635736325731,0.1735843393099439,99.53422518454016,0
2026-04-06,삼성,최형우,3.0,4.0,35.0,31.0,9.0,3.0,0.0,4.0,0.0,0.0,2.0,0.0,1.0,5.0,0.0,0.0,223389,7.0,15.0,28.0,0.2903225806451613,0.3428571428571428,0.4838709677419355,0.8267281105990784,0.0525345622119815,0.1935483870967742,0.1142857142857142,0.0857142857142857,0.75,0.2692307692307692,0.2903225806451613,17.5,15.5,0.2752534562211982,2.3684210526315788,2.2838345864661656,7.148000000000001,0.6428571428571429,2026,대구,1.0406172533521605,0.3690635736325731,0.1735843393099439,99.53422518454016,0
2026-04-07,삼성,최형우,7.0,5.0,40.0,34.0,11.0,5.0,0.0,4.0,1.0,0.0,3.0,0.0,1.0,5.0,0.0,0.0,223389,7.0,21.0,29.0,0.3235294117647059,0.4,0.6176470588235294,1.0176470588235291,0.0764705882352941,0.2941176470588235,0.1,0.125,1.25,0.2857142857142857,0.4411764705882353,13.333333333333334,11.333333333333334,0.3344117647058824,4.666666666666667,4.344827586206897,10.078,0.896551724137931,2026,대구,1.0406172533521605,0.4467651368288884,2.9533835027854303,151.17135819701858,0
2026-04-08,삼성,최형우,9.0,7.0,45.0,38.0,12.0,6.0,0.0,4.0,1.0,0.0,4.0,0.0,1.0,5.0,0.0,0.0,223389,7.0,25.0,32.0,0.3157894736842105,0.4,0.6578947368421053,1.0578947368421052,0.0842105263157895,0.3421052631578948,0.0888888888888888,0.1333333333333333,1.5,0.2580645161290322,0.5,11.25,9.5,0.3444736842105264,5.882352941176471,4.963235294117648,12.128,0.96875,2026,대구,1.0406172533521605,0.4579096401557138,3.733979255971444,158.1102495313673,0
2026-04-09,삼성,최형우,9.0,7.0,45.0,38.0,12.0,6.0,0.0,4.0,1.0,0.0,4.0,0.0,1.0,5.0,0.0,0.0,223389,7.0,25.0,32.0,0.3157894736842105,0.4,0.6578947368421053,1.0578947368421052,0.0842105263157895,0.3421052631578948,0.0888888888888888,0.1333333333333333,1.5,0.2580645161290322,0.5,11.25,9.5,0.3444736842105264,5.882352941176471,4.963235294117648,12.128,0.96875,2026,대구,1.0406172533521605,0.4579096401557138,3.733979255971444,158.1102495313673,0
2026-04-10,삼성,최형우,10.0,7.0,50.0,41.0,12.0,8.0,0.0,4.0,1.0,0.0,4.0,0.0,1.0,5.0,0.0,0.0,223389,7.0,25.0,35.0,0.2926829268292683,0.4,0.6097560975609756,1.0097560975609756,0.1073170731707317,0.3170731707317073,0.08,0.16,2.0,0.2352941176470588,0.5121951219512195,12.5,10.25,0.3324390243902439,6.0344827586206895,4.655172413793103,13.078,0.9428571428571428,2026,대구,1.0406172533521605,0.4417295590072196,3.520137394535412,148.68744537154498,0
2026-04-11,삼성,최형우,11.0,7.0,54.0,43.0,12.0,10.0,0.0,4.0,1.0,0.0,4.0,0.0,1.0,5.0,0.0,0.0,223389,7.0,25.0,37.0,0.2790697674418604,0.4074074074074074,0.5813953488372093,0.9888027562446168,0.1283376399655469,0.3023255813953489,0.074074074074074,0.1851851851851851,2.5,0.2222222222222222,0.5348837209302325,13.5,10.75,0.3286821705426356,6.25,4.5608108108108105,13.938,0.945945945945946,2026,대구,1.0406172533521605,0.4384953063377149,3.7202988817082816,148.36262522589314,0
2026-04-12,삼성,최형우,12.0,7.0,59.0,47.0,13.0,10.0,1.0,4.0,1.0,0.0,4.0,0.0,1.0,5.0,0.0,0.0,223389,8.0,26.0,40.0,0.2765957446808511,0.4067796610169492,0.5531914893617021,0.9599711503786512,0.1301839163360981,0.2765957446808511,0.0677966101694915,0.1694915254237288,2.5,0.225,0.4893617021276595,14.75,11.75,0.3213487197980527,6.685714285714286,4.512857142857143,15.048000000000002,0.925,2026,대구,1.0406172533521605,0.4310661532578785,3.78792003922386,145.29770123739357,0
2026-03-28,롯데,전준우,1.0,1.0,4.0,4.0,1.0,0.0,0.0,0.0,0.0,0.0,1.0,0.0,0.0,0.0,0.0,0.0,247282,0.0,4.0,3.0,0.25,0.25,1.0,1.25,0.0,0.75,0.0,0.0,0.0,0.0,0.75,4.0,4.0,0.3625,1.0,9.0,1.71,1.3333333333333333,2026,사직,1.0488000917921212,0.4888843045459312,0.3882373458792992,160.2244072836242,0
2026-03-29,롯데,전준우,1.0,1.0,8.0,8.0,3.0,0.0,0.0,1.0,0.0,0.0,1.0,0.0,0.0,0.0,0.0,0.0,247282,2.0,6.0,5.0,0.375,0.375,0.75,1.125,0.0,0.375,0.125,0.0,0.0,0.3333333333333333,0.375,8.0,8.0,0.35625,2.25,12.15,2.702,1.2,2026,사직,1.0488000917921212,0.4697977115198224,0.708732605437808,152.15933608534996,0
2026-03-30,롯데,전준우,1.0,1.0,8.0,8.0,3.0,0.0,0.0,1.0,0.0,0.0,1.0,0.0,0.0,0.0,0.0,0.0,247282,2.0,6.0,5.0,0.375,0.375,0.75,1.125,0.0,0.375,0.125,0.0,0.0,0.3333333333333333,0.375,8.0,8.0,0.35625,2.25,12.15,2.702,1.2,2026,사직,1.0488000917921212,0.4697977115198224,0.708732605437808,152.15933608534996,0
2026-03-31,롯데,전준우,1.0,2.0,12.0,12.0,5.0,0.0,0.0,1.0,1.0,0.0,1.0,0.0,0.0,0.0,0.0,0.0,247282,3.0,9.0,7.0,0.4166666666666667,0.4166666666666667,0.75,1.1666666666666667,0.0,0.3333333333333333,0.0833333333333333,0.0,0.0,0.4,0.3333333333333333,12.0,12.0,0.375,3.75,14.464285714285714,4.101999999999999,1.2857142857142858,2026,사직,1.0488000917921212,0.5049572577288926,1.473077390248135,178.92615045517502,0
2026-04-01,롯데,전준우,1.0,3.0,17.0,16.0,5.0,1.0,0.0,2.0,1.0,0.0,1.0,0.0,0.0,0.0,0.0,0.0,247282,3.0,9.0,11.0,0.3125,0.3529411764705882,0.5625,0.9154411764705884,0.0404411764705882,0.25,0.1176470588235294,0.0588235294117647,0.5,0.3076923076923077,0.3125,17.0,16.0,0.2994485294117647,3.0,7.363636363636363,4.614,0.9090909090909092,2026,사직,1.0488000917921212,0.3993019663861582,0.4289338280766863,111.70202871553548,0
2026-04-02,롯데,전준우,2.0,3.0,21.0,19.0,5.0,1.0,0.0,2.0,1.0,0.0,1.0,0.0,1.0,0.0,0.0,0.0,247282,3.0,9.0,15.0,0.2631578947368421,0.2857142857142857,0.4736842105263157,0.7593984962406015,0.0225563909774436,0.2105263157894736,0.0952380952380952,0.0476190476190476,0.5,0.2352941176470588,0.2631578947368421,21.0,19.0,0.2469924812030074,2.0454545454545454,3.6818181818181817,5.254,0.6666666666666666,2026,사직,1.0488000917921212,0.3243190088867833,-0.7966109026187267,69.9037055333758,0
2026-04-03,롯데,전준우,2.0,3.0,24.0,21.0,5.0,2.0,0.0,2.0,1.0,0.0,1.0,0.0,1.0,0.0,0.0,0.0,247282,3.0,9.0,17.0,0.238095238095238,0.2916666666666667,0.4285714285714285,0.7202380952380952,0.0535714285714286,0.1904761904761904,0.0833333333333333,0.0833333333333333,1.0,0.2105263157894736,0.2857142857142857,24.0,21.0,0.2383928571428571,2.076923076923077,3.298642533936652,5.774,0.6470588235294118,2026,사직,1.0488000917921212,0.3173765579031644,-1.0832923418300937,64.46380685507096,0
2026-04-04,롯데,전준우,2.0,4.0,29.0,24.0,5.0,4.0,0.0,2.0,1.0,0.0,1.0,0.0,1.0,0.0,0.0,0.0,247282,3.0,9.0,20.0,0.2083333333333333,0.3103448275862069,0.375,0.6853448275862069,0.1020114942528735,0.1666666666666666,0.0689655172413793,0.1379310344827586,2.0,0.1818181818181818,0.3333333333333333,29.0,24.0,0.2334051724137931,2.1818181818181817,2.9454545454545453,6.724,0.65,2026,사직,1.0488000917921212,0.3162313231908862,-1.3529716642564429,62.939704192291046,0
2026-04-05,롯데,전준우,2.0,4.0,33.0,27.0,6.0,5.0,0.0,2.0,1.0,0.0,1.0,0.0,1.0,0.0,0.0,0.0,247282,4.0,10.0,22.0,0.2222222222222222,0.3333333333333333,0.3703703703703703,0.7037037037037037,0.1111111111111111,0.1481481481481481,0.0606060606060606,0.1515151515151515,2.5,0.2,0.3333333333333333,33.0,27.0,0.2425925925925925,2.631578947368421,3.229665071770335,7.744000000000001,0.6818181818181818,2026,사직,1.0488000917921212,0.3310010100335612,-0.9222931510141538,74.85594053646159,0
2026-04-06,롯데,전준우,2.0,4.0,33.0,27.0,6.0,5.0,0.0,2.0,1.0,0.0,1.0,0.0,1.0,0.0,0.0,0.0,247282,4.0,10.0,22.0,0.2222222222222222,0.3333333333333333,0.3703703703703703,0.7037037037037037,0.1111111111111111,0.1481481481481481,0.0606060606060606,0.1515151515151515,2.5,0.2,0.3333333333333333,33.0,27.0,0.2425925925925925,2.631578947368421,3.229665071770335,7.744000000000001,0.6818181818181818,2026,사직,1.0488000917921212,0.3310010100335612,-0.9222931510141538,74.85594053646159,0
2026-04-07,롯데,전준우,2.0,4.0,38.0,31.0,7.0,6.0,0.0,3.0,1.0,0.0,1.0,0.0,1.0,0.0,0.0,0.0,247282,5.0,11.0,25.0,0.2258064516129032,0.3421052631578947,0.3548387096774194,0.6969439728353142,0.1162988115449915,0.1290322580645161,0.0789473684210526,0.1578947368421052,2.0,0.2142857142857142,0.3225806451612903,38.0,31.0,0.2426570458404074,3.0,3.24,8.665999999999999,0.68,2026,사직,1.0488000917921212,0.3340347805521546,-0.8034333659629009,79.30366134720157,0
2026-04-08,롯데,전준우,3.0,4.0,43.0,36.0,10.0,6.0,0.0,4.0,1.0,0.0,1.0,0.0,1.0,0.0,0.0,0.0,247282,8.0,14.0,27.0,0.2777777777777778,0.3720930232558139,0.3888888888888889,0.7609819121447028,0.0943152454780361,0.1111111111111111,0.0930232558139534,0.1395348837209302,1.5,0.28125,0.2777777777777778,43.0,36.0,0.2646640826873385,4.285714285714286,4.285714285714286,10.158,0.7407407407407407,2026,사직,1.0488000917921212,0.3607807082323947,0.0331068357087782,95.69686950730028,0
2026-04-09,롯데,전준우,3.0,4.0,43.0,36.0,10.0,6.0,0.0,4.0,1.0,0.0,1.0,0.0,1.0,0.0,0.0,0.0,247282,8.0,14.0,27.0,0.2777777777777778,0.3720930232558139,0.3888888888888889,0.7609819121447028,0.0943152454780361,0.1111111111111111,0.0930232558139534,0.1395348837209302,1.5,0.28125,0.2777777777777778,43.0,36.0,0.2646640826873385,4.285714285714286,4.285714285714286,10.158,0.7407407407407407,2026,사직,1.0488000917921212,0.3607807082323947,0.0331068357087782,95.69686950730028,0
2026-04-10,롯데,전준우,3.0,4.0,47.0,40.0,10.0,6.0,0.0,6.0,1.0,0.0,1.0,0.0,1.0,1.0,0.0,0.0,247282,8.0,14.0,32.0,0.25,0.3404255319148936,0.35,0.6904255319148935,0.0904255319148936,0.0999999999999999,0.1276595744680851,0.1276595744680851,1.0,0.2647058823529412,0.25,47.0,40.0,0.2406914893617021,3.69811320754717,3.1202830188679247,9.771999999999998,0.625,2026,사직,1.0488000917921212,0.329220250328355,-1.1724887634910102,76.42880490615124,0
2026-04-11,롯데,전준우,3.0,4.0,51.0,44.0,12.0,6.0,0.0,6.0,1.0,0.0,1.0,0.0,1.0,1.0,0.0,0.0,247282,10.0,16.0,34.0,0.2727272727272727,0.3529411764705882,0.3636363636363636,0.7165775401069518,0.0802139037433155,0.0909090909090909,0.1176470588235294,0.1176470588235294,1.0,0.2894736842105263,0.2272727272727272,51.0,44.0,0.2497326203208556,4.491228070175438,3.56656346749226,10.951999999999998,0.6470588235294118,2026,사직,1.0488000917921212,0.3408318737487875,-0.6520374764926974,85.39136793316706,0
2026-04-12,롯데,전준우,3.0,4.0,55.0,48.0,12.0,6.0,0.0,6.0,1.0,0.0,1.0,0.0,1.0,1.0,0.0,0.0,247282,10.0,16.0,38.0,0.25,0.3272727272727272,0.3333333333333333,0.6606060606060606,0.0772727272727272,0.0833333333333333,0.109090909090909,0.109090909090909,1.0,0.2619047619047619,0.2083333333333333,55.0,48.0,0.2306060606060606,4.19672131147541,2.981880931837792,11.311999999999998,0.5789473684210527,2026,사직,1.0488000917921212,0.315900349531995,-1.7252926249266671,71.00309590932794,0
2026-03-28,한화,손아섭,0.0,0.0,1.0,1.0,0.0,0.0,0.0,0.0,0.0,0.0,0.0,0.0,0.0,0.0,0.0,0.0,247288,0.0,0.0,1.0,0.0,0.0,0.0,0.0,0.0,0.0,0.0,0.0,0.0,0.0,0.0,0.0,0.0,0.0,0.0,0.0,0.09,0.0,2026,대전,1.019564452032887,0.0,-0.3372542180402336,-128.17619761181462,0
2026-03-29,한화,손아섭,0.0,0.0,1.0,1.0,0.0,0.0,0.0,0.0,0.0,0.0,0.0,0.0,0.0,0.0,0.0,0.0,247288,0.0,0.0,1.0,0.0,0.0,0.0,0.0,0.0,0.0,0.0,0.0,0.0,0.0,0.0,0.0,0.0,0.0,0.0,0.0,0.09,0.0,2026,대전,1.019564452032887,0.0,-0.3525497752087347,-128.94426201075865,0
2026-03-30,한화,손아섭,0.0,0.0,1.0,1.0,0.0,0.0,0.0,0.0,0.0,0.0,0.0,0.0,0.0,0.0,0.0,0.0,247288,0.0,0.0,1.0,0.0,0.0,0.0,0.0,0.0,0.0,0.0,0.0,0.0,0.0,0.0,0.0,0.0,0.0,0.0,0.0,0.09,0.0,2026,대전,1.019564452032887,0.0,-0.3525497752087347,-128.94426201075865,0
2026-03-31,한화,손아섭,0.0,0.0,1.0,1.0,0.0,0.0,0.0,0.0,0.0,0.0,0.0,0.0,0.0,0.0,0.0,0.0,247288,0.0,0.0,1.0,0.0,0.0,0.0,0.0,0.0,0.0,0.0,0.0,0.0,0.0,0.0,0.0,0.0,0.0,0.0,0.0,0.09,0.0,2026,대전,1.019564452032887,0.0,-0.3305407649785577,-127.61751880756891,0
2026-04-01,한화,손아섭,0.0,0.0,1.0,1.0,0.0,0.0,0.0,0.0,0.0,0.0,0.0,0.0,0.0,0.0,0.0,0.0,247288,0.0,0.0,1.0,0.0,0.0,0.0,0.0,0.0,0.0,0.0,0.0,0.0,0.0,0.0,0.0,0.0,0.0,0.0,0.0,0.09,0.0,2026,대전,1.019564452032887,0.0,-0.343917130488559,-127.97824808078916,0
2026-04-02,한화,손아섭,0.0,0.0,1.0,1.0,0.0,0.0,0.0,0.0,0.0,0.0,0.0,0.0,0.0,0.0,0.0,0.0,247288,0.0,0.0,1.0,0.0,0.0,0.0,0.0,0.0,0.0,0.0,0.0,0.0,0.0,0.0,0.0,0.0,0.0,0.0,0.0,0.09,0.0,2026,대전,1.019564452032887,0.0,-0.3322850382184939,-122.84079432673629,0
2026-04-03,한화,손아섭,0.0,0.0,1.0,1.0,0.0,0.0,0.0,0.0,0.0,0.0,0.0,0.0,0.0,0.0,0.0,0.0,247288,0.0,0.0,1.0,0.0,0.0,0.0,0.0,0.0,0.0,0.0,0.0,0.0,0.0,0.0,0.0,0.0,0.0,0.0,0.0,0.09,0.0,2026,대전,1.019564452032887,0.0,-0.3299694552109515,-126.06446697532948,0
2026-04-04,한화,손아섭,0.0,0.0,1.0,1.0,0.0,0.0,0.0,0.0,0.0,0.0,0.0,0.0,0.0,0.0,0.0,0.0,247288,0.0,0.0,1.0,0.0,0.0,0.0,0.0,0.0,0.0,0.0,0.0,0.0,0.0,0.0,0.0,0.0,0.0,0.0,0.0,0.09,0.0,2026,대전,1.019564452032887,0.0,-0.3293442585999017,-129.12556833755428,0
2026-04-05,한화,손아섭,0.0,0.0,1.0,1.0,0.0,0.0,0.0,0.0,0.0,0.0,0.0,0.0,0.0,0.0,0.0,0.0,247288,0.0,0.0,1.0,0.0,0.0,0.0,0.0,0.0,0.0,0.0,0.0,0.0,0.0,0.0,0.0,0.0,0.0,0.0,0.0,0.09,0.0,2026,대전,1.019564452032887,0.0,-0.3141225096759011,-129.71267727428574,0
2026-04-06,한화,손아섭,0.0,0.0,1.0,1.0,0.0,0.0,0.0,0.0,0.0,0.0,0.0,0.0,0.0,0.0,0.0,0.0,247288,0.0,0.0,1.0,0.0,0.0,0.0,0.0,0.0,0.0,0.0,0.0,0.0,0.0,0.0,0.0,0.0,0.0,0.0,0.0,0.09,0.0,2026,대전,1.019564452032887,0.0,-0.3141225096759011,-129.71267727428574,0
2026-04-07,한화,손아섭,0.0,0.0,1.0,1.0,0.0,0.0,0.0,0.0,0.0,0.0,0.0,0.0,0.0,0.0,0.0,0.0,247288,0.0,0.0,1.0,0.0,0.0,0.0,0.0,0.0,0.0,0.0,0.0,0.0,0.0,0.0,0.0,0.0,0.0,0.0,0.0,0.09,0.0,2026,대전,1.019564452032887,0.0,-0.302573940295754,-128.30147223104927,0
2026-04-08,한화,손아섭,0.0,0.0,1.0,1.0,0.0,0.0,0.0,0.0,0.0,0.0,0.0,0.0,0.0,0.0,0.0,0.0,247288,0.0,0.0,1.0,0.0,0.0,0.0,0.0,0.0,0.0,0.0,0.0,0.0,0.0,0.0,0.0,0.0,0.0,0.0,0.0,0.09,0.0,2026,대전,1.019564452032887,0.0,-0.3045854392722689,-130.17156477567258,0
2026-04-09,한화,손아섭,0.0,0.0,1.0,1.0,0.0,0.0,0.0,0.0,0.0,0.0,0.0,0.0,0.0,0.0,0.0,0.0,247288,0.0,0.0,1.0,0.0,0.0,0.0,0.0,0.0,0.0,0.0,0.0,0.0,0.0,0.0,0.0,0.0,0.0,0.0,0.0,0.09,0.0,2026,대전,1.019564452032887,0.0,-0.3045854392722689,-130.17156477567258,0
2026-04-10,한화,손아섭,0.0,0.0,1.0,1.0,0.0,0.0,0.0,0.0,0.0,0.0,0.0,0.0,0.0,0.0,0.0,0.0,247288,0.0,0.0,1.0,0.0,0.0,0.0,0.0,0.0,0.0,0.0,0.0,0.0,0.0,0.0,0.0,0.0,0.0,0.0,0.0,0.09,0.0,2026,대전,1.019564452032887,0.0,-0.3039539376932035,-129.69355244320485,0
2026-04-11,한화,손아섭,0.0,0.0,1.0,1.0,0.0,0.0,0.0,0.0,0.0,0.0,0.0,0.0,0.0,0.0,0.0,0.0,247288,0.0,0.0,1.0,0.0,0.0,0.0,0.0,0.0,0.0,0.0,0.0,0.0,0.0,0.0,0.0,0.0,0.0,0.0,0.0,0.09,0.0,2026,대전,1.019564452032887,0.0,-0.2978351113181873,-128.59035022197185,0
2026-04-12,한화,손아섭,0.0,0.0,1.0,1.0,0.0,0.0,0.0,0.0,0.0,0.0,0.0,0.0,0.0,0.0,0.0,0.0,247288,0.0,0.0,1.0,0.0,0.0,0.0,0.0,0.0,0.0,0.0,0.0,0.0,0.0,0.0,0.0,0.0,0.0,0.0,0.0,0.09,0.0,2026,대전,1.019564452032887,0.0,-0.2935206425195788,-127.61924079191364,0
2026-03-28,키움,안치홍,0.0,2.0,6.0,3.0,2.0,3.0,0.0,0.0,2.0,0.0,0.0,0.0,0.0,0.0,0.0,0.0,247494,0.0,4.0,1.0,0.6666666666666666,0.8333333333333334,1.3333333333333333,2.1666666666666665,0.1666666666666667,0.6666666666666666,0.0,0.5,0.0,0.6666666666666666,1.6666666666666667,0.0,0.0,0.7083333333333333,2.2222222222222223,60.0,2.55,7.0,2026,고척,0.9666905138306804,0.8393222510241646,2.4502820138438244,377.25991221588254,0
2026-03-29,키움,안치홍,0.0,2.0,10.0,6.0,3.0,4.0,0.0,1.0,2.0,0.0,0.0,0.0,0.0,0.0,0.0,0.0,247494,1.0,5.0,3.0,0.5,0.7,0.8333333333333334,1.5333333333333332,0.1999999999999999,0.3333333333333333,0.1,0.4,4.0,0.6,1.0,0.0,0.0,0.5233333333333333,2.5,22.5,3.382,3.0,2026,고척,0.9666905138306804,0.6600655324670791,2.67253585955898,275.4011420362293,0
2026-03-30,키움,안치홍,0.0,2.0,10.0,6.0,3.0,4.0,0.0,1.0,2.0,0.0,0.0,0.0,0.0,0.0,0.0,0.0,247494,1.0,5.0,3.0,0.5,0.7,0.8333333333333334,1.5333333333333332,0.1999999999999999,0.3333333333333333,0.1,0.4,4.0,0.6,1.0,0.0,0.0,0.5233333333333333,2.5,22.5,3.382,3.0,2026,고척,0.9666905138306804,0.6600655324670791,2.67253585955898,275.4011420362293,0
2026-03-31,키움,안치홍,0.0,2.0,15.0,11.0,5.0,4.0,0.0,2.0,2.0,0.0,0.0,0.0,0.0,0.0,0.0,0.0,247494,3.0,7.0,6.0,0.4545454545454545,0.6,0.6363636363636364,1.2363636363636363,0.1454545454545454,0.1818181818181818,0.1333333333333333,0.2666666666666666,2.0,0.5555555555555556,0.5454545454545454,0.0,0.0,0.4290909090909091,3.3157894736842106,14.921052631578949,4.464,1.8333333333333333,2026,고척,0.9666905138306804,0.5681450578383852,2.692196586599243,225.86227434215152,0
2026-04-01,키움,안치홍,2.0,4.0,21.0,16.0,7.0,5.0,0.0,3.0,3.0,0.0,0.0,0.0,0.0,0.0,0.0,0.0,247494,4.0,10.0,9.0,0.4375,0.5714285714285714,0.625,1.1964285714285714,0.1339285714285714,0.1875,0.1428571428571428,0.238095238095238,1.6666666666666667,0.5384615384615384,0.5,0.0,0.0,0.4133928571428571,4.615384615384615,13.846153846153843,6.106,1.6666666666666667,2026,고척,0.9666905138306804,0.5487154479439619,3.4305992578849707,210.69211494207028,0
2026-04-02,키움,안치홍,2.0,4.0,25.0,20.0,7.0,5.0,0.0,5.0,3.0,0.0,0.0,0.0,0.0,1.0,0.0,0.0,247494,4.0,10.0,14.0,0.35,0.48,0.5,0.98,0.13,0.15,0.2,0.2,1.0,0.4666666666666667,0.4,0.0,0.0,0.3409999999999999,3.6666666666666665,7.071428571428571,5.72,1.0714285714285714,2026,고척,0.9666905138306804,0.4607687171219197,2.147689712740417,160.43746738902968,0
2026-04-03,키움,안치홍,2.0,4.0,29.0,23.0,8.0,6.0,0.0,7.0,3.0,0.0,0.0,0.0,0.0,1.0,0.0,0.0,247494,5.0,11.0,16.0,0.3478260869565217,0.4827586206896552,0.4782608695652174,0.9610194902548724,0.1349325337331334,0.1304347826086956,0.2413793103448276,0.2068965517241379,0.8571428571428571,0.5,0.391304347826087,0.0,0.0,0.3368065967016492,4.085714285714285,6.894642857142856,6.364,1.0625,2026,고척,0.9666905138306804,0.4575121142531538,2.3382310975999188,158.092166292418,0
2026-04-04,키움,안치홍,2.0,4.0,34.0,27.0,9.0,7.0,0.0,7.0,4.0,0.0,0.0,0.0,0.0,1.0,0.0,0.0,247494,5.0,13.0,19.0,0.3333333333333333,0.4705882352941176,0.4814814814814814,0.9520697167755992,0.1372549019607843,0.1481481481481481,0.2058823529411764,0.2058823529411764,1.0,0.45,0.4074074074074074,0.0,0.0,0.3321350762527233,4.7560975609756095,6.758664955070603,7.694,1.0526315789473684,2026,고척,0.9666905138306804,0.4504980818487007,2.494630360684952,153.93980124231223,0
2026-04-05,키움,안치홍,2.0,4.0,39.0,30.0,10.0,9.0,0.0,7.0,4.0,0.0,0.0,0.0,0.0,2.0,0.0,0.0,247494,6.0,14.0,22.0,0.3333333333333333,0.4871794871794871,0.4666666666666667,0.9538461538461538,0.1538461538461538,0.1333333333333333,0.1794871794871795,0.2307692307692307,1.2857142857142858,0.4347826086956521,0.4333333333333333,0.0,0.0,0.3358974358974359,4.958333333333333,6.0852272727272725,8.684,1.0454545454545454,2026,고척,0.9666905138306804,0.4565410026573906,3.1430137240077505,161.76323514547448,0
2026-04-06,키움,안치홍,2.0,4.0,39.0,30.0,10.0,9.0,0.0,7.0,4.0,0.0,0.0,0.0,0.0,2.0,0.0,0.0,247494,6.0,14.0,22.0,0.3333333333333333,0.4871794871794871,0.4666666666666667,0.9538461538461538,0.1538461538461538,0.1333333333333333,0.1794871794871795,0.2307692307692307,1.2857142857142858,0.4347826086956521,0.4333333333333333,0.0,0.0,0.3358974358974359,4.958333333333333,6.0852272727272725,8.684,1.0454545454545454,2026,고척,0.9666905138306804,0.4565410026573906,3.1430137240077505,161.76323514547448,0
2026-04-07,키움,안치홍,2.0,4.0,44.0,34.0,11.0,10.0,0.0,7.0,4.0,0.0,0.0,0.0,0.0,2.0,0.0,0.0,247494,7.0,15.0,25.0,0.3235294117647059,0.4772727272727273,0.4411764705882353,0.9184491978609626,0.1537433155080214,0.1176470588235293,0.1590909090909091,0.2272727272727272,1.4285714285714286,0.4074074074074074,0.4117647058823529,0.0,0.0,0.3250668449197861,5.277777777777778,5.7,9.794,1.0,2026,고척,0.9666905138306804,0.4447737897319587,3.17490087070182,157.30896610484058,0
2026-04-08,키움,안치홍,2.0,4.0,49.0,37.0,11.0,12.0,0.0,7.0,4.0,0.0,0.0,0.0,0.0,2.0,0.0,0.0,247494,7.0,15.0,28.0,0.2972972972972973,0.4693877551020408,0.4054054054054054,0.8747931605074463,0.1720904578047435,0.1081081081081081,0.1428571428571428,0.2448979591836734,1.7142857142857142,0.3666666666666666,0.4324324324324324,0.0,0.0,0.3125758411472697,5.163934426229508,4.979508196721311,10.744000000000002,0.9642857142857144,2026,고척,0.9666905138306804,0.4298143801074571,2.900712912879732,147.68608754587024,0
2026-04-09,키움,안치홍,2.0,4.0,49.0,37.0,11.0,12.0,0.0,7.0,4.0,0.0,0.0,0.0,0.0,2.0,0.0,0.0,247494,7.0,15.0,28.0,0.2972972972972973,0.4693877551020408,0.4054054054054054,0.8747931605074463,0.1720904578047435,0.1081081081081081,0.1428571428571428,0.2448979591836734,1.7142857142857142,0.3666666666666666,0.4324324324324324,0.0,0.0,0.3125758411472697,5.163934426229508,4.979508196721311,10.744000000000002,0.9642857142857144,2026,고척,0.9666905138306804,0.4298143801074571,2.900712912879732,147.68608754587024,0
2026-04-10,키움,안치홍,2.0,4.0,53.0,41.0,11.0,12.0,0.0,9.0,4.0,0.0,0.0,0.0,0.0,2.0,0.0,0.0,247494,7.0,15.0,32.0,0.2682926829268293,0.4339622641509434,0.3658536585365853,0.7998159226875288,0.1656695812241141,0.097560975609756,0.1698113207547169,0.2264150943396226,1.3333333333333333,0.34375,0.3902439024390244,0.0,0.0,0.2867464335020708,4.846153846153846,4.088942307692308,10.728000000000002,0.84375,2026,고척,0.9666905138306804,0.3963006640761187,1.6908429368679514,127.234004340822,0
2026-04-11,키움,안치홍,2.0,4.0,57.0,45.0,12.0,12.0,0.0,11.0,4.0,0.0,0.0,0.0,0.0,2.0,0.0,0.0,247494,8.0,16.0,35.0,0.2666666666666666,0.4210526315789473,0.3555555555555555,0.776608187134503,0.1543859649122806,0.0888888888888889,0.1929824561403508,0.2105263157894736,1.0909090909090908,0.3529411764705882,0.3555555555555555,0.0,0.0,0.2783625730994152,5.101449275362318,3.935403726708074,11.122000000000002,0.8,2026,고척,0.9666905138306804,0.3850560683651178,1.3794712516868488,121.746587311326,0
2026-04-12,키움,안치홍,3.0,4.0,61.0,49.0,13.0,12.0,0.0,11.0,5.0,0.0,0.0,0.0,0.0,2.0,0.0,0.0,247494,8.0,18.0,38.0,0.2653061224489796,0.4098360655737705,0.3673469387755102,0.7771830043492807,0.1445299431247909,0.1020408163265306,0.180327868852459,0.1967213114754098,1.0909090909090908,0.3421052631578947,0.3469387755102041,0.0,0.0,0.2762629642020743,5.671232876712328,4.029560201874549,12.112,0.7894736842105263,2026,고척,0.9666905138306804,0.3808571619841114,1.3746850285565628,120.65680389607776,0
2026-03-28,LG,오지환,0.0,0.0,3.0,3.0,0.0,0.0,0.0,0.0,0.0,0.0,0.0,0.0,0.0,0.0,0.0,0.0,273675,0.0,0.0,3.0,0.0,0.0,0.0,0.0,0.0,0.0,0.0,0.0,0.0,0.0,0.0,0.0,0.0,0.0,0.0,0.0,0.27,0.0,2026,잠실,0.9512583942824044,0.0,-1.0117626541207003,-121.34559183676632,0
2026-03-29,LG,오지환,1.0,0.0,7.0,7.0,1.0,0.0,0.0,1.0,1.0,0.0,0.0,0.0,0.0,0.0,0.0,0.0,273675,0.0,2.0,6.0,0.1428571428571428,0.1428571428571428,0.2857142857142857,0.4285714285714285,0.0,0.1428571428571428,0.1428571428571428,0.0,0.0,0.1666666666666666,0.1428571428571428,0.0,0.0,0.1357142857142857,0.2857142857142857,1.2857142857142856,1.0719999999999998,0.3333333333333333,2026,잠실,0.9512583942824044,0.1807830541291007,-1.2795579105116677,-12.817045043434485,0
2026-03-30,LG,오지환,1.0,0.0,7.0,7.0,1.0,0.0,0.0,1.0,1.0,0.0,0.0,0.0,0.0,0.0,0.0,0.0,273675,0.0,2.0,6.0,0.1428571428571428,0.1428571428571428,0.2857142857142857,0.4285714285714285,0.0,0.1428571428571428,0.1428571428571428,0.0,0.0,0.1666666666666666,0.1428571428571428,0.0,0.0,0.1357142857142857,0.2857142857142857,1.2857142857142856,1.0719999999999998,0.3333333333333333,2026,잠실,0.9512583942824044,0.1807830541291007,-1.2795579105116677,-12.817045043434485,0
2026-03-31,LG,오지환,2.0,0.0,11.0,11.0,1.0,0.0,0.0,1.0,1.0,0.0,0.0,0.0,0.0,0.0,0.0,0.0,273675,0.0,2.0,10.0,0.0909090909090909,0.0909090909090909,0.1818181818181818,0.2727272727272727,0.0,0.0909090909090909,0.0909090909090909,0.0,0.0,0.1,0.0909090909090909,0.0,0.0,0.0863636363636363,0.1818181818181818,0.4909090909090909,1.4319999999999995,0.2,2026,잠실,0.9512583942824044,0.1166884932009283,-2.483691963511068,-49.273404534603024,0
2026-04-01,LG,오지환,3.0,0.0,16.0,15.0,1.0,0.0,1.0,2.0,1.0,0.0,0.0,0.0,0.0,0.0,0.0,0.0,273675,0.0,2.0,14.0,0.0666666666666666,0.125,0.1333333333333333,0.2583333333333333,0.0583333333333333,0.0666666666666666,0.125,0.0,0.0,0.0769230769230769,0.0666666666666666,0.0,0.0,0.0895833333333333,0.2352941176470588,0.453781512605042,1.944,0.2142857142857142,2026,잠실,0.9512583942824044,0.1301159516439721,-3.578030921459492,-42.09311146970644,0
2026-04-02,LG,오지환,3.0,0.0,16.0,15.0,1.0,0.0,1.0,2.0,1.0,0.0,0.0,0.0,0.0,0.0,0.0,0.0,273675,0.0,2.0,14.0,0.0666666666666666,0.125,0.1333333333333333,0.2583333333333333,0.0583333333333333,0.0666666666666666,0.125,0.0,0.0,0.0769230769230769,0.0666666666666666,0.0,0.0,0.0895833333333333,0.2352941176470588,0.453781512605042,1.944,0.2142857142857142,2026,잠실,0.9512583942824044,0.1302639339795229,-3.4249246667954423,-37.41938427867608,0
2026-04-03,LG,오지환,3.0,0.0,17.0,15.0,1.0,1.0,1.0,2.0,1.0,0.0,0.0,0.0,0.0,0.0,0.0,0.0,273675,0.0,2.0,14.0,0.0666666666666666,0.1764705882352941,0.1333333333333333,0.3098039215686274,0.1098039215686274,0.0666666666666666,0.1176470588235294,0.0588235294117647,0.5,0.0769230769230769,0.1333333333333333,0.0,0.0,0.1127450980392157,0.3157894736842105,0.6090225563909774,2.284,0.2857142857142857,2026,잠실,0.9512583942824044,0.1686463498035352,-3.03647817457528,-16.438158441489747,0
2026-04-04,LG,오지환,3.0,0.0,20.0,17.0,1.0,2.0,1.0,2.0,1.0,0.0,0.0,0.0,0.0,0.0,0.0,0.0,273675,0.0,2.0,16.0,0.0588235294117647,0.2,0.1176470588235294,0.3176470588235294,0.1411764705882353,0.0588235294117647,0.1,0.1,1.0,0.0666666666666666,0.1764705882352941,0.0,0.0,0.1194117647058823,0.3478260869565217,0.5869565217391304,2.804,0.3125,2026,잠실,0.9512583942824044,0.1820230729064625,-3.332551383727633,-10.059188936085128,0
2026-04-05,LG,오지환,6.0,0.0,25.0,22.0,4.0,2.0,1.0,2.0,2.0,0.0,0.0,0.0,0.0,0.0,0.0,0.0,273675,2.0,6.0,18.0,0.1818181818181818,0.28,0.2727272727272727,0.5527272727272727,0.0981818181818182,0.0909090909090908,0.08,0.08,1.0,0.2,0.1818181818181818,0.0,0.0,0.1941818181818182,1.5,2.25,4.704000000000001,0.5,2026,잠실,0.9512583942824044,0.2731172627139308,-1.949823730867252,48.32494904239446,0
2026-04-06,LG,오지환,6.0,0.0,25.0,22.0,4.0,2.0,1.0,2.0,2.0,0.0,0.0,0.0,0.0,0.0,0.0,0.0,273675,2.0,6.0,18.0,0.1818181818181818,0.28,0.2727272727272727,0.5527272727272727,0.0981818181818182,0.0909090909090908,0.08,0.08,1.0,0.2,0.1818181818181818,0.0,0.0,0.1941818181818182,1.5,2.25,4.704000000000001,0.5,2026,잠실,0.9512583942824044,0.2731172627139308,-1.949823730867252,48.32494904239446,0
2026-04-07,LG,오지환,7.0,0.0,29.0,26.0,6.0,2.0,1.0,3.0,2.0,0.0,0.0,0.0,0.0,0.0,0.0,0.0,273675,4.0,8.0,20.0,0.2307692307692307,0.3103448275862069,0.3076923076923077,0.6180371352785146,0.0795755968169761,0.0769230769230769,0.1034482758620689,0.0689655172413793,0.6666666666666666,0.2608695652173913,0.1538461538461538,0.0,0.0,0.21657824933687,2.25,3.0375,5.696,0.55,2026,잠실,0.9512583942824044,0.3019002315240234,-1.3982924498418672,68.80471631114308,0
2026-04-08,LG,오지환,9.0,1.0,33.0,30.0,8.0,2.0,1.0,4.0,2.0,0.0,1.0,0.0,0.0,0.0,0.0,0.0,273675,5.0,13.0,22.0,0.2666666666666666,0.3333333333333333,0.4333333333333333,0.7666666666666666,0.0666666666666666,0.1666666666666666,0.1212121212121212,0.0606060606060606,0.5,0.28,0.2333333333333333,33.0,30.0,0.2583333333333333,3.9722222222222223,4.875,7.627999999999999,0.7272727272727273,2026,잠실,0.9512583942824044,0.3545147103343004,-0.1496038666165572,101.4774061135984,0
2026-04-09,LG,오지환,9.0,1.0,33.0,30.0,8.0,2.0,1.0,4.0,2.0,0.0,1.0,0.0,0.0,0.0,0.0,0.0,273675,5.0,13.0,22.0,0.2666666666666666,0.3333333333333333,0.4333333333333333,0.7666666666666666,0.0666666666666666,0.1666666666666666,0.1212121212121212,0.0606060606060606,0.5,0.28,0.2333333333333333,33.0,30.0,0.2583333333333333,3.9722222222222223,4.875,7.627999999999999,0.7272727272727273,2026,잠실,0.9512583942824044,0.3545147103343004,-0.1496038666165572,101.4774061135984,0
2026-04-10,LG,오지환,12.0,2.0,38.0,34.0,10.0,2.0,1.0,5.0,2.0,0.0,1.0,0.0,1.0,0.0,0.0,0.0,273675,7.0,15.0,25.0,0.2941176470588235,0.3421052631578947,0.4411764705882353,0.78328173374613,0.0479876160990712,0.1470588235294117,0.131578947368421,0.0526315789473684,0.4,0.3103448275862069,0.2058823529411764,38.0,34.0,0.2642414860681115,4.390243902439025,4.741463414634147,8.989999999999998,0.72,2026,잠실,0.9512583942824044,0.3569553718800704,-0.0547817983314485,103.79402389259454,0
2026-04-11,LG,오지환,12.0,4.0,42.0,38.0,11.0,2.0,1.0,6.0,2.0,0.0,1.0,0.0,1.0,0.0,0.0,0.0,273675,8.0,16.0,28.0,0.2894736842105263,0.3333333333333333,0.4210526315789473,0.7543859649122806,0.0438596491228069,0.131578947368421,0.1428571428571428,0.0476190476190476,0.3333333333333333,0.3125,0.1842105263157894,42.0,38.0,0.2552631578947368,4.622222222222222,4.457142857142856,9.571999999999996,0.6785714285714286,2026,잠실,0.9512583942824044,0.3461300709655744,-0.3508669074329352,98.5173084914084,0
2026-04-12,LG,오지환,12.0,6.0,46.0,42.0,14.0,2.0,1.0,6.0,3.0,0.0,1.0,0.0,1.0,0.0,0.0,0.0,273675,10.0,20.0,29.0,0.3333333333333333,0.3695652173913043,0.4761904761904761,0.8457556935817805,0.036231884057971,0.1428571428571428,0.1304347826086956,0.0434782608695652,0.3333333333333333,0.3611111111111111,0.1904761904761904,46.0,42.0,0.285351966873706,6.530612244897959,6.080225193525687,11.382,0.7931034482758621,2026,잠실,0.9512583942824044,0.3856816695945342,1.220815388859508,125.27807427378154,0
2026-04-01,SSG,이지영,0.0,0.0,1.0,1.0,1.0,0.0,0.0,0.0,1.0,0.0,0.0,0.0,0.0,0.0,0.0,0.0,289476,0.0,2.0,0.0,1.0,1.0,2.0,3.0,0.0,1.0,0.0,0.0,0.0,1.0,1.0,0.0,0.0,0.95,2.0,0.0,0.72,0.0,2026,문학,1.027807913649001,1.273489618140152,0.833404452690167,644.9313178155248,0
2026-04-02,SSG,이지영,0.0,2.0,5.0,3.0,1.0,2.0,0.0,0.0,1.0,0.0,0.0,0.0,0.0,0.0,0.0,0.0,289476,0.0,2.0,2.0,0.3333333333333333,0.6,0.6666666666666666,1.2666666666666666,0.2666666666666666,0.3333333333333333,0.0,0.4,0.0,0.3333333333333333,1.0,0.0,0.0,0.4366666666666666,0.8571428571428571,11.571428571428571,1.5799999999999998,2.0,2026,문학,1.027807913649001,0.5668709658935883,0.9110287259582218,218.33930976569937,0
2026-04-03,SSG,이지영,0.0,2.0,5.0,3.0,1.0,2.0,0.0,0.0,1.0,0.0,0.0,0.0,0.0,0.0,0.0,0.0,289476,0.0,2.0,2.0,0.3333333333333333,0.6,0.6666666666666666,1.2666666666666666,0.2666666666666666,0.3333333333333333,0.0,0.4,0.0,0.3333333333333333,1.0,0.0,0.0,0.4366666666666666,0.8571428571428571,11.571428571428571,1.5799999999999998,2.0,2026,문학,1.027807913649001,0.5678263007784031,0.8981552879561381,219.2206858319912,0
2026-04-04,SSG,이지영,0.0,2.0,5.0,3.0,1.0,2.0,0.0,0.0,1.0,0.0,0.0,0.0,0.0,0.0,0.0,0.0,289476,0.0,2.0,2.0,0.3333333333333333,0.6,0.6666666666666666,1.2666666666666666,0.2666666666666666,0.3333333333333333,0.0,0.4,0.0,0.3333333333333333,1.0,0.0,0.0,0.4366666666666666,0.8571428571428571,11.571428571428571,1.5799999999999998,2.0,2026,문학,1.027807913649001,0.5673235743585543,0.8890290482032925,219.8628825705732,0
2026-04-05,SSG,이지영,0.0,2.0,5.0,3.0,1.0,2.0,0.0,0.0,1.0,0.0,0.0,0.0,0.0,0.0,0.0,0.0,289476,0.0,2.0,2.0,0.3333333333333333,0.6,0.6666666666666666,1.2666666666666666,0.2666666666666666,0.3333333333333333,0.0,0.4,0.0,0.3333333333333333,1.0,0.0,0.0,0.4366666666666666,0.8571428571428571,11.571428571428571,1.5799999999999998,2.0,2026,문학,1.027807913649001,0.5670754813303562,0.8807755992048988,224.94143521603203,0
2026-04-06,SSG,이지영,0.0,2.0,5.0,3.0,1.0,2.0,0.0,0.0,1.0,0.0,0.0,0.0,0.0,0.0,0.0,0.0,289476,0.0,2.0,2.0,0.3333333333333333,0.6,0.6666666666666666,1.2666666666666666,0.2666666666666666,0.3333333333333333,0.0,0.4,0.0,0.3333333333333333,1.0,0.0,0.0,0.4366666666666666,0.8571428571428571,11.571428571428571,1.5799999999999998,2.0,2026,문학,1.027807913649001,0.5670754813303562,0.8807755992048988,224.94143521603203,0
2026-04-07,SSG,이지영,0.0,2.0,8.0,6.0,1.0,2.0,0.0,0.0,1.0,0.0,0.0,0.0,0.0,0.0,0.0,0.0,289476,0.0,2.0,5.0,0.1666666666666666,0.375,0.3333333333333333,0.7083333333333333,0.2083333333333333,0.1666666666666666,0.0,0.25,0.0,0.1666666666666666,0.5,0.0,0.0,0.2520833333333333,0.6,3.24,1.85,0.8,2026,문학,1.027807913649001,0.3553996982796224,-0.0251409161210326,94.86832816380272,0
2026-04-08,SSG,이지영,0.0,2.0,8.0,6.0,1.0,2.0,0.0,0.0,1.0,0.0,0.0,0.0,0.0,0.0,0.0,0.0,289476,0.0,2.0,5.0,0.1666666666666666,0.375,0.3333333333333333,0.7083333333333333,0.2083333333333333,0.1666666666666666,0.0,0.25,0.0,0.1666666666666666,0.5,0.0,0.0,0.2520833333333333,0.6,3.24,1.85,0.8,2026,문학,1.027807913649001,0.3546215110787986,-0.035544457149337,93.89018273113166,0
2026-04-09,SSG,이지영,0.0,2.0,8.0,6.0,1.0,2.0,0.0,0.0,1.0,0.0,0.0,0.0,0.0,0.0,0.0,0.0,289476,0.0,2.0,5.0,0.1666666666666666,0.375,0.3333333333333333,0.7083333333333333,0.2083333333333333,0.1666666666666666,0.0,0.25,0.0,0.1666666666666666,0.5,0.0,0.0,0.2520833333333333,0.6,3.24,1.85,0.8,2026,문학,1.027807913649001,0.3546215110787986,-0.035544457149337,93.89018273113166,0
2026-04-10,SSG,이지영,0.0,2.0,9.0,7.0,1.0,2.0,0.0,0.0,1.0,0.0,0.0,0.0,0.0,0.0,0.0,0.0,289476,0.0,2.0,6.0,0.1428571428571428,0.3333333333333333,0.2857142857142857,0.6190476190476191,0.1904761904761904,0.1428571428571428,0.0,0.2222222222222222,0.0,0.1428571428571428,0.4285714285714285,0.0,0.0,0.2214285714285714,0.5454545454545454,2.4545454545454546,1.94,0.6666666666666666,2026,문학,1.027807913649001,0.3143804474589096,-0.3377069651595618,69.10515076761494,0
2026-04-11,SSG,이지영,0.0,2.0,9.0,7.0,1.0,2.0,0.0,0.0,1.0,0.0,0.0,0.0,0.0,0.0,0.0,0.0,289476,0.0,2.0,6.0,0.1428571428571428,0.3333333333333333,0.2857142857142857,0.6190476190476191,0.1904761904761904,0.1428571428571428,0.0,0.2222222222222222,0.0,0.1428571428571428,0.4285714285714285,0.0,0.0,0.2214285714285714,0.5454545454545454,2.4545454545454546,1.94,0.6666666666666666,2026,문학,1.027807913649001,0.3144680116371738,-0.3135069272607445,70.71263336149181,0
2026-04-12,SSG,이지영,0.0,2.0,10.0,8.0,1.0,2.0,0.0,0.0,1.0,0.0,0.0,0.0,0.0,0.0,0.0,0.0,289476,0.0,2.0,7.0,0.125,0.3,0.25,0.55,0.175,0.125,0.0,0.2,0.0,0.125,0.375,0.0,0.0,0.1975,0.5,1.9285714285714288,2.03,0.5714285714285714,2026,문학,1.027807913649001,0.2827881384200228,-0.5884731185256837,51.97656814639762,0
2026-03-28,KIA,김태군,0.0,0.0,4.0,4.0,1.0,0.0,0.0,2.0,1.0,0.0,0.0,0.0,0.0,0.0,0.0,0.0,289623,0.0,2.0,3.0,0.25,0.25,0.5,0.75,0.0,0.25,0.5,0.0,0.0,0.5,0.25,0.0,0.0,0.2375,0.5,4.5,0.6139999999999999,0.6666666666666666,2026,광주,0.9987402594586288,0.3286221702492615,-0.181255407743889,69.73083644785419,0
2026-03-29,KIA,김태군,0.0,0.0,4.0,4.0,1.0,0.0,0.0,2.0,1.0,0.0,0.0,0.0,0.0,0.0,0.0,0.0,289623,0.0,2.0,3.0,0.25,0.25,0.5,0.75,0.0,0.25,0.5,0.0,0.0,0.5,0.25,0.0,0.0,0.2375,0.5,4.5,0.6139999999999999,0.6666666666666666,2026,광주,0.9987402594586288,0.3163703447259263,-0.2219085848854634,64.40722683315003,0
2026-03-30,KIA,김태군,0.0,0.0,4.0,4.0,1.0,0.0,0.0,2.0,1.0,0.0,0.0,0.0,0.0,0.0,0.0,0.0,289623,0.0,2.0,3.0,0.25,0.25,0.5,0.75,0.0,0.25,0.5,0.0,0.0,0.5,0.25,0.0,0.0,0.2375,0.5,4.5,0.6139999999999999,0.6666666666666666,2026,광주,0.9987402594586288,0.3163703447259263,-0.2219085848854634,64.40722683315003,0
2026-03-31,KIA,김태군,0.0,0.0,4.0,4.0,1.0,0.0,0.0,2.0,1.0,0.0,0.0,0.0,0.0,0.0,0.0,0.0,289623,0.0,2.0,3.0,0.25,0.25,0.5,0.75,0.0,0.25,0.5,0.0,0.0,0.5,0.25,0.0,0.0,0.2375,0.5,4.5,0.6139999999999999,0.6666666666666666,2026,광주,0.9987402594586288,0.320893356302553,-0.1699066086611633,71.12704881913048,0
2026-04-01,KIA,김태군,0.0,0.0,7.0,7.0,2.0,0.0,0.0,2.0,1.0,0.0,0.0,0.0,0.0,0.0,0.0,0.0,289623,1.0,3.0,5.0,0.2857142857142857,0.2857142857142857,0.4285714285714285,0.7142857142857142,0.0,0.1428571428571428,0.2857142857142857,0.0,0.0,0.4,0.1428571428571428,0.0,0.0,0.2357142857142857,0.8571428571428571,4.628571428571428,1.294,0.6,2026,광주,0.9987402594586288,0.3174963018629587,-0.3527767470624609,67.0053556111968,0
2026-04-02,KIA,김태군,0.0,0.0,9.0,9.0,3.0,0.0,0.0,2.0,1.0,0.0,0.0,0.0,0.0,0.0,0.0,0.0,289623,2.0,4.0,6.0,0.3333333333333333,0.3333333333333333,0.4444444444444444,0.7777777777777777,0.0,0.1111111111111111,0.2222222222222222,0.0,0.0,0.4285714285714285,0.1111111111111111,0.0,0.0,0.261111111111111,1.3333333333333333,6.0,1.884,0.6666666666666666,2026,광주,0.9987402594586288,0.3528795394052803,-0.1081114269157536,92.1408209407727,0
2026-04-03,KIA,김태군,0.0,0.0,9.0,9.0,3.0,0.0,0.0,2.0,1.0,0.0,0.0,0.0,0.0,0.0,0.0,0.0,289623,2.0,4.0,6.0,0.3333333333333333,0.3333333333333333,0.4444444444444444,0.7777777777777777,0.0,0.1111111111111111,0.2222222222222222,0.0,0.0,0.4285714285714285,0.1111111111111111,0.0,0.0,0.261111111111111,1.3333333333333333,6.0,1.884,0.6666666666666666,2026,광주,0.9987402594586288,0.3538390438018061,-0.1117225328876679,91.69491898477553,0
2026-04-04,KIA,김태군,0.0,0.0,10.0,10.0,3.0,0.0,0.0,2.0,1.0,0.0,0.0,0.0,0.0,0.0,0.0,0.0,289623,2.0,4.0,7.0,0.3,0.3,0.4,0.7,0.0,0.1,0.2,0.0,0.0,0.375,0.1,0.0,0.0,0.235,1.2,4.628571428571428,1.974,0.5714285714285714,2026,광주,0.9987402594586288,0.3183399463800229,-0.4476922447962156,69.24586850236005,0
2026-04-05,KIA,김태군,0.0,0.0,10.0,10.0,3.0,0.0,0.0,2.0,1.0,0.0,0.0,0.0,0.0,0.0,0.0,0.0,289623,2.0,4.0,7.0,0.3,0.3,0.4,0.7,0.0,0.1,0.2,0.0,0.0,0.375,0.1,0.0,0.0,0.235,1.2,4.628571428571428,1.974,0.5714285714285714,2026,광주,0.9987402594586288,0.3193936289678195,-0.3798369491746065,72.58568971265235,0
2026-04-06,KIA,김태군,0.0,0.0,10.0,10.0,3.0,0.0,0.0,2.0,1.0,0.0,0.0,0.0,0.0,0.0,0.0,0.0,289623,2.0,4.0,7.0,0.3,0.3,0.4,0.7,0.0,0.1,0.2,0.0,0.0,0.375,0.1,0.0,0.0,0.235,1.2,4.628571428571428,1.974,0.5714285714285714,2026,광주,0.9987402594586288,0.3193936289678195,-0.3798369491746065,72.58568971265235,0
2026-04-07,KIA,김태군,0.0,0.0,13.0,13.0,3.0,0.0,0.0,2.0,1.0,0.0,0.0,0.0,0.0,1.0,0.0,0.0,289623,2.0,4.0,11.0,0.2307692307692307,0.2307692307692307,0.3076923076923077,0.5384615384615385,0.0,0.0769230769230769,0.1538461538461538,0.0,0.0,0.2727272727272727,0.0769230769230769,0.0,0.0,0.1807692307692308,0.6153846153846154,1.5104895104895106,1.874,0.3636363636363636,2026,광주,0.9987402594586288,0.2470108775650226,-1.2280106175998022,29.46197595850697,0
2026-04-08,KIA,김태군,0.0,0.0,14.0,14.0,3.0,0.0,0.0,2.0,1.0,0.0,0.0,0.0,0.0,1.0,0.0,0.0,289623,2.0,4.0,12.0,0.2142857142857142,0.2142857142857142,0.2857142857142857,0.5,0.0,0.0714285714285714,0.1428571428571428,0.0,0.0,0.25,0.0714285714285714,0.0,0.0,0.1678571428571428,0.5714285714285714,1.2857142857142856,1.9639999999999995,0.3333333333333333,2026,광주,0.9987402594586288,0.2288028916547358,-1.553057092782951,17.008055065385697,0
2026-04-09,KIA,김태군,0.0,0.0,14.0,14.0,3.0,0.0,0.0,2.0,1.0,0.0,0.0,0.0,0.0,1.0,0.0,0.0,289623,2.0,4.0,12.0,0.2142857142857142,0.2142857142857142,0.2857142857142857,0.5,0.0,0.0714285714285714,0.1428571428571428,0.0,0.0,0.25,0.0714285714285714,0.0,0.0,0.1678571428571428,0.5714285714285714,1.2857142857142856,1.9639999999999995,0.3333333333333333,2026,광주,0.9987402594586288,0.2288028916547358,-1.553057092782951,17.008055065385697,0
2026-04-10,KIA,김태군,0.0,0.0,14.0,14.0,3.0,0.0,0.0,2.0,1.0,0.0,0.0,0.0,0.0,1.0,0.0,0.0,289623,2.0,4.0,12.0,0.2142857142857142,0.2142857142857142,0.2857142857142857,0.5,0.0,0.0714285714285714,0.1428571428571428,0.0,0.0,0.25,0.0714285714285714,0.0,0.0,0.1678571428571428,0.5714285714285714,1.2857142857142856,1.9639999999999995,0.3333333333333333,2026,광주,0.9987402594586288,0.2282296174940476,-1.5474766536255788,17.308477971718816,0
2026-04-11,KIA,김태군,0.0,0.0,14.0,14.0,3.0,0.0,0.0,2.0,1.0,0.0,0.0,0.0,0.0,1.0,0.0,0.0,289623,2.0,4.0,12.0,0.2142857142857142,0.2142857142857142,0.2857142857142857,0.5,0.0,0.0714285714285714,0.1428571428571428,0.0,0.0,0.25,0.0714285714285714,0.0,0.0,0.1678571428571428,0.5714285714285714,1.2857142857142856,1.9639999999999995,0.3333333333333333,2026,광주,0.9987402594586288,0.2286340286300657,-1.4926824838516812,18.994682800145068,0
2026-04-12,KIA,김태군,0.0,0.0,14.0,14.0,3.0,0.0,0.0,2.0,1.0,0.0,0.0,0.0,0.0,1.0,0.0,0.0,289623,2.0,4.0,12.0,0.2142857142857142,0.2142857142857142,0.2857142857142857,0.5,0.0,0.0714285714285714,0.1428571428571428,0.0,0.0,0.25,0.0714285714285714,0.0,0.0,0.1678571428571428,0.5714285714285714,1.2857142857142856,1.9639999999999995,0.3333333333333333,2026,광주,0.9987402594586288,0.2286743095593218,-1.4525556886039994,20.3584576259882,0
2026-03-29,KT,김상수,0.0,1.0,4.0,4.0,3.0,0.0,0.0,0.0,0.0,0.0,0.0,0.0,0.0,0.0,0.0,0.0,299583,3.0,3.0,1.0,0.75,0.75,0.75,1.5,0.0,0.0,0.0,0.0,0.0,0.75,0.0,0.0,0.0,0.525,2.25,60.75,1.59,3.0,2026,수원,1.0287682311922934,0.709495126761549,1.2546724470134876,299.0771842173647,0
2026-03-30,KT,김상수,0.0,1.0,4.0,4.0,3.0,0.0,0.0,0.0,0.0,0.0,0.0,0.0,0.0,0.0,0.0,0.0,299583,3.0,3.0,1.0,0.75,0.75,0.75,1.5,0.0,0.0,0.0,0.0,0.0,0.75,0.0,0.0,0.0,0.525,2.25,60.75,1.59,3.0,2026,수원,1.0287682311922934,0.709495126761549,1.2546724470134876,299.0771842173647,0
2026-03-31,KT,김상수,1.0,1.0,10.0,7.0,4.0,2.0,1.0,0.0,1.0,0.0,0.0,0.0,0.0,0.0,0.0,0.0,299583,3.0,5.0,3.0,0.5714285714285714,0.7,0.7142857142857143,1.414285714285714,0.1285714285714285,0.1428571428571429,0.0,0.2,0.0,0.5714285714285714,0.4285714285714285,0.0,0.0,0.4935714285714285,2.6923076923076925,24.23076923076923,3.51,2.6666666666666665,2026,수원,1.0287682311922934,0.6489732245269965,2.520387508985896,269.1907133050511,0
2026-04-01,KT,김상수,1.0,1.0,15.0,12.0,4.0,2.0,1.0,2.0,1.0,0.0,0.0,0.0,0.0,0.0,0.0,0.0,299583,3.0,5.0,8.0,0.3333333333333333,0.4666666666666667,0.4166666666666667,0.8833333333333333,0.1333333333333333,0.0833333333333333,0.1333333333333333,0.1333333333333333,1.0,0.4,0.25,0.0,0.0,0.3141666666666667,1.9444444444444444,6.5625,3.584,1.0,2026,수원,1.0287682311922934,0.4327637160083623,0.8424941249226972,134.03556538905693,0
2026-04-02,KT,김상수,2.0,1.0,21.0,17.0,5.0,3.0,1.0,2.0,1.0,0.0,0.0,0.0,0.0,0.0,0.0,0.0,299583,4.0,6.0,12.0,0.2941176470588235,0.4285714285714285,0.3529411764705882,0.7815126050420168,0.134453781512605,0.0588235294117647,0.0952380952380952,0.1428571428571428,1.5,0.3333333333333333,0.2352941176470588,0.0,0.0,0.2810924369747899,2.16,4.86,4.784000000000001,0.8333333333333334,2026,수원,1.0287682311922934,0.3910040429696769,0.4743759485637011,112.13928978249707,0
2026-04-03,KT,김상수,2.0,1.0,25.0,21.0,6.0,3.0,1.0,3.0,1.0,0.0,0.0,0.0,0.0,1.0,0.0,0.0,299583,5.0,7.0,16.0,0.2857142857142857,0.4,0.3333333333333333,0.7333333333333334,0.1142857142857143,0.0476190476190476,0.12,0.12,1.0,0.3333333333333333,0.1904761904761904,0.0,0.0,0.2633333333333333,2.1724137931034484,3.665948275862069,4.996,0.6875,2026,수원,1.0287682311922934,0.3668883031466976,-0.0175611669041362,96.6460904944106,0
2026-04-04,KT,김상수,2.0,2.0,29.0,24.0,7.0,4.0,1.0,4.0,1.0,0.0,0.0,0.0,0.0,1.0,0.0,0.0,299583,6.0,8.0,18.0,0.2916666666666667,0.4137931034482758,0.3333333333333333,0.7471264367816092,0.1221264367816091,0.0416666666666666,0.1379310344827586,0.1379310344827586,1.0,0.35,0.2083333333333333,0.0,0.0,0.2695402298850575,2.588235294117647,3.882352941176471,5.827999999999999,0.7222222222222222,2026,수원,1.0287682311922934,0.3754422367408209,0.1820178654140557,101.4524523824498,0
2026-04-05,KT,김상수,2.0,2.0,32.0,27.0,7.0,4.0,1.0,4.0,1.0,0.0,0.0,0.0,0.0,1.0,0.0,0.0,299583,6.0,8.0,21.0,0.2592592592592592,0.375,0.2962962962962963,0.6712962962962963,0.1157407407407407,0.037037037037037,0.125,0.125,1.0,0.3043478260869565,0.1851851851851851,0.0,0.0,0.242824074074074,2.3783783783783785,3.0579150579150585,6.097999999999999,0.6190476190476191,2026,수원,1.0287682311922934,0.3396027058676794,-0.6563677192912178,82.25120873995661,0
2026-04-06,KT,김상수,2.0,2.0,32.0,27.0,7.0,4.0,1.0,4.0,1.0,0.0,0.0,0.0,0.0,1.0,0.0,0.0,299583,6.0,8.0,21.0,0.2592592592592592,0.375,0.2962962962962963,0.6712962962962963,0.1157407407407407,0.037037037037037,0.125,0.125,1.0,0.3043478260869565,0.1851851851851851,0.0,0.0,0.242824074074074,2.3783783783783785,3.0579150579150585,6.097999999999999,0.6190476190476191,2026,수원,1.0287682311922934,0.3396027058676794,-0.6563677192912178,82.25120873995661,0
2026-04-07,KT,김상수,2.0,2.0,37.0,32.0,8.0,4.0,1.0,4.0,1.0,0.0,0.0,0.0,0.0,1.0,0.0,0.0,299583,7.0,9.0,25.0,0.25,0.3513513513513513,0.28125,0.6326013513513513,0.1013513513513513,0.03125,0.1081081081081081,0.1081081081081081,1.0,0.2857142857142857,0.15625,0.0,0.0,0.2284206081081081,2.571428571428572,2.777142857142857,6.957999999999999,0.56,2026,수원,1.0287682311922934,0.3199417265202814,-1.2216164972145678,72.42456184103318,0
2026-04-08,KT,김상수,2.0,2.0,40.0,35.0,8.0,4.0,1.0,4.0,1.0,0.0,0.0,0.0,0.0,1.0,0.0,0.0,299583,7.0,9.0,28.0,0.2285714285714285,0.325,0.2571428571428571,0.5821428571428571,0.0964285714285714,0.0285714285714285,0.1,0.1,1.0,0.2580645161290322,0.1428571428571428,0.0,0.0,0.2105357142857143,2.4,2.314285714285714,7.228,0.5,2026,수원,1.0287682311922934,0.2953266149421143,-2.1851483237658944,56.19181397787643,0
2026-04-09,KT,김상수,2.0,2.0,40.0,35.0,8.0,4.0,1.0,4.0,1.0,0.0,0.0,0.0,0.0,1.0,0.0,0.0,299583,7.0,9.0,28.0,0.2285714285714285,0.325,0.2571428571428571,0.5821428571428571,0.0964285714285714,0.0285714285714285,0.1,0.1,1.0,0.2580645161290322,0.1428571428571428,0.0,0.0,0.2105357142857143,2.4,2.314285714285714,7.228,0.5,2026,수원,1.0287682311922934,0.2953266149421143,-2.1851483237658944,56.19181397787643,0
2026-04-10,KT,김상수,2.0,3.0,44.0,37.0,10.0,6.0,1.0,4.0,1.0,0.0,0.0,0.0,0.0,1.0,0.0,0.0,299583,9.0,11.0,28.0,0.2702702702702703,0.3863636363636363,0.2972972972972973,0.6836609336609336,0.116093366093366,0.027027027027027,0.0909090909090909,0.1363636363636363,1.5,0.303030303030303,0.1891891891891892,0.0,0.0,0.2481879606879606,3.450980392156863,3.327731092436975,8.908000000000001,0.6428571428571429,2026,수원,1.0287682311922934,0.3455338812181479,-0.4893285720517571,88.79070370059048,0
2026-04-11,KT,김상수,2.0,3.0,48.0,40.0,11.0,7.0,1.0,4.0,1.0,0.0,0.0,0.0,0.0,1.0,0.0,0.0,299583,10.0,12.0,30.0,0.275,0.3958333333333333,0.3,0.6958333333333333,0.1208333333333332,0.0249999999999999,0.0833333333333333,0.1458333333333333,1.75,0.3055555555555556,0.2,0.0,0.0,0.253125,3.857142857142857,3.471428571428571,9.928,0.6666666666666666,2026,수원,1.0287682311922934,0.3522155470516565,-0.1566945374543629,94.6391195975586,0
2026-04-12,KT,김상수,2.0,4.0,52.0,44.0,12.0,7.0,1.0,5.0,2.0,0.0,0.0,0.0,0.0,2.0,0.0,0.0,299583,10.0,14.0,34.0,0.2727272727272727,0.3846153846153846,0.3181818181818182,0.7027972027972028,0.1118881118881119,0.0454545454545454,0.0961538461538461,0.1346153846153846,1.4,0.3076923076923077,0.2045454545454545,0.0,0.0,0.2526223776223776,4.2,3.335294117647059,10.36,0.6470588235294118,2026,수원,1.0287682311922934,0.3498420204693881,-0.166518033217405,94.66122679510616,0
2026-03-29,키움,오선진,0.0,1.0,2.0,2.0,0.0,0.0,0.0,0.0,0.0,0.0,0.0,0.0,0.0,0.0,0.0,0.0,308768,0.0,0.0,2.0,0.0,0.0,0.0,0.0,0.0,0.0,0.0,0.0,0.0,0.0,0.0,0.0,0.0,0.0,0.0,0.0,0.18,0.0,2026,고척,0.9666905138306804,0.0,-0.7050995504174694,-123.65686819053798,0
2026-03-30,키움,오선진,0.0,1.0,2.0,2.0,0.0,0.0,0.0,0.0,0.0,0.0,0.0,0.0,0.0,0.0,0.0,0.0,308768,0.0,0.0,2.0,0.0,0.0,0.0,0.0,0.0,0.0,0.0,0.0,0.0,0.0,0.0,0.0,0.0,0.0,0.0,0.0,0.18,0.0,2026,고척,0.9666905138306804,0.0,-0.7050995504174694,-123.65686819053798,0
2026-03-31,키움,오선진,0.0,1.0,4.0,4.0,0.0,0.0,0.0,0.0,0.0,0.0,0.0,0.0,0.0,0.0,0.0,0.0,308768,0.0,0.0,4.0,0.0,0.0,0.0,0.0,0.0,0.0,0.0,0.0,0.0,0.0,0.0,0.0,0.0,0.0,0.0,0.0,0.36,0.0,2026,고척,0.9666905138306804,0.0,-1.3221630599142309,-122.33012498734826,0
2026-04-01,키움,오선진,0.0,1.0,4.0,4.0,0.0,0.0,0.0,0.0,0.0,0.0,0.0,0.0,0.0,0.0,0.0,0.0,308768,0.0,0.0,4.0,0.0,0.0,0.0,0.0,0.0,0.0,0.0,0.0,0.0,0.0,0.0,0.0,0.0,0.0,0.0,0.0,0.36,0.0,2026,고척,0.9666905138306804,0.0,-1.375668521954236,-122.69085426056851,0
2026-04-02,키움,오선진,1.0,1.0,5.0,5.0,1.0,0.0,0.0,0.0,0.0,0.0,0.0,0.0,0.0,0.0,0.0,0.0,308768,1.0,1.0,4.0,0.2,0.2,0.2,0.4,0.0,0.0,0.0,0.0,0.0,0.2,0.0,0.0,0.0,0.14,0.2,1.35,0.86,0.25,2026,고척,0.9666905138306804,0.1896915284702919,-0.8006072187422392,-3.108754695337524,0
2026-04-03,키움,오선진,1.0,1.0,5.0,5.0,1.0,0.0,0.0,0.0,0.0,0.0,0.0,0.0,0.0,0.0,0.0,0.0,308768,1.0,1.0,4.0,0.2,0.2,0.2,0.4,0.0,0.0,0.0,0.0,0.0,0.2,0.0,0.0,0.0,0.14,0.2,1.35,0.86,0.25,2026,고척,0.9666905138306804,0.1900182720666166,-0.7971797547177923,-4.954454777336926,0
2026-04-04,키움,오선진,1.0,1.0,5.0,5.0,1.0,0.0,0.0,0.0,0.0,0.0,0.0,0.0,0.0,0.0,0.0,0.0,308768,1.0,1.0,4.0,0.2,0.2,0.2,0.4,0.0,0.0,0.0,0.0,0.0,0.2,0.0,0.0,0.0,0.14,0.2,1.35,0.86,0.25,2026,고척,0.9666905138306804,0.1898536249840502,-0.7981378459319082,-6.774067557579377,0
2026-04-05,키움,오선진,1.0,1.0,5.0,5.0,1.0,0.0,0.0,0.0,0.0,0.0,0.0,0.0,0.0,0.0,0.0,0.0,308768,1.0,1.0,4.0,0.2,0.2,0.2,0.4,0.0,0.0,0.0,0.0,0.0,0.2,0.0,0.0,0.0,0.14,0.2,1.35,0.86,0.25,2026,고척,0.9666905138306804,0.1897962548155519,-0.7501498325180374,-5.449093615173684,0
2026-04-06,키움,오선진,1.0,1.0,5.0,5.0,1.0,0.0,0.0,0.0,0.0,0.0,0.0,0.0,0.0,0.0,0.0,0.0,308768,1.0,1.0,4.0,0.2,0.2,0.2,0.4,0.0,0.0,0.0,0.0,0.0,0.2,0.0,0.0,0.0,0.14,0.2,1.35,0.86,0.25,2026,고척,0.9666905138306804,0.1897962548155519,-0.7501498325180374,-5.449093615173684,0
2026-04-07,키움,오선진,1.0,1.0,5.0,5.0,1.0,0.0,0.0,0.0,0.0,0.0,0.0,0.0,0.0,0.0,0.0,0.0,308768,1.0,1.0,4.0,0.2,0.2,0.2,0.4,0.0,0.0,0.0,0.0,0.0,0.2,0.0,0.0,0.0,0.14,0.2,1.35,0.86,0.25,2026,고척,0.9666905138306804,0.190337782785924,-0.7110528327304368,-3.051823465304071,0
2026-04-08,키움,오선진,1.0,2.0,6.0,6.0,1.0,0.0,0.0,1.0,0.0,0.0,0.0,0.0,0.0,0.0,0.0,0.0,308768,1.0,1.0,5.0,0.1666666666666666,0.1666666666666666,0.1666666666666666,0.3333333333333333,0.0,0.0,0.1666666666666666,0.0,0.0,0.2,0.0,0.0,0.0,0.1166666666666666,0.1666666666666666,0.9,0.762,0.2,2026,고척,0.9666905138306804,0.1582659554517526,-1.0237996166240086,-24.518537821776988,0
2026-04-09,키움,오선진,1.0,2.0,6.0,6.0,1.0,0.0,0.0,1.0,0.0,0.0,0.0,0.0,0.0,0.0,0.0,0.0,308768,1.0,1.0,5.0,0.1666666666666666,0.1666666666666666,0.1666666666666666,0.3333333333333333,0.0,0.0,0.1666666666666666,0.0,0.0,0.2,0.0,0.0,0.0,0.1166666666666666,0.1666666666666666,0.9,0.762,0.2,2026,고척,0.9666905138306804,0.1582659554517526,-1.0237996166240086,-24.518537821776988,0
2026-04-10,키움,오선진,1.0,2.0,6.0,6.0,1.0,0.0,0.0,1.0,0.0,0.0,0.0,0.0,0.0,0.0,0.0,0.0,308768,1.0,1.0,5.0,0.1666666666666666,0.1666666666666666,0.1666666666666666,0.3333333333333333,0.0,0.0,0.1666666666666666,0.0,0.0,0.2,0.0,0.0,0.0,0.1166666666666666,0.1666666666666666,0.9,0.762,0.2,2026,고척,0.9666905138306804,0.1578457624710076,-1.0210974681327978,-24.17838463237236,0
2026-04-11,키움,오선진,1.0,2.0,6.0,6.0,1.0,0.0,0.0,1.0,0.0,0.0,0.0,0.0,0.0,0.0,0.0,0.0,308768,1.0,1.0,5.0,0.1666666666666666,0.1666666666666666,0.1666666666666666,0.3333333333333333,0.0,0.0,0.1666666666666666,0.0,0.0,0.2,0.0,0.0,0.0,0.1166666666666666,0.1666666666666666,0.9,0.762,0.2,2026,고척,0.9666905138306804,0.1578982787506413,-0.9946743097081434,-22.81654847365809,0
2026-04-12,키움,오선진,1.0,2.0,9.0,8.0,1.0,1.0,0.0,1.0,0.0,0.0,0.0,0.0,0.0,0.0,0.0,0.0,308768,1.0,1.0,7.0,0.125,0.2222222222222222,0.125,0.3472222222222222,0.0972222222222222,0.0,0.1111111111111111,0.1111111111111111,1.0,0.1428571428571428,0.125,0.0,0.0,0.1312499999999999,0.2,0.7714285714285715,1.282,0.2857142857142857,2026,고척,0.9666905138306804,0.1896120341240942,-1.2255302448961398,-1.358482259099103,0
2026-03-28,롯데,김민성,0.0,0.0,1.0,1.0,0.0,0.0,0.0,0.0,0.0,0.0,0.0,0.0,0.0,0.0,0.0,0.0,319585,0.0,0.0,1.0,0.0,0.0,0.0,0.0,0.0,0.0,0.0,0.0,0.0,0.0,0.0,0.0,0.0,0.0,0.0,0.0,0.09,0.0,2026,사직,1.0488000917921212,0.0,-0.3372542180402336,-131.09976158773804,0
2026-03-29,롯데,김민성,0.0,0.0,1.0,1.0,0.0,0.0,0.0,0.0,0.0,0.0,0.0,0.0,0.0,0.0,0.0,0.0,319585,0.0,0.0,1.0,0.0,0.0,0.0,0.0,0.0,0.0,0.0,0.0,0.0,0.0,0.0,0.0,0.0,0.0,0.0,0.0,0.09,0.0,2026,사직,1.0488000917921212,0.0,-0.3525497752087347,-131.86782598668205,0
2026-03-30,롯데,김민성,0.0,0.0,1.0,1.0,0.0,0.0,0.0,0.0,0.0,0.0,0.0,0.0,0.0,0.0,0.0,0.0,319585,0.0,0.0,1.0,0.0,0.0,0.0,0.0,0.0,0.0,0.0,0.0,0.0,0.0,0.0,0.0,0.0,0.0,0.0,0.0,0.09,0.0,2026,사직,1.0488000917921212,0.0,-0.3525497752087347,-131.86782598668205,0
2026-03-31,롯데,김민성,0.0,0.0,2.0,1.0,0.0,1.0,0.0,0.0,0.0,0.0,0.0,0.0,0.0,0.0,0.0,0.0,319585,0.0,0.0,1.0,0.0,0.5,0.0,0.5,0.5,0.0,0.0,0.5,0.0,0.0,1.0,0.0,0.0,0.225,0.0,0.0,0.43,1.0,2026,사직,1.0488000917921212,0.3883596617799516,0.0361749212959521,107.46834909018992,0
2026-04-01,롯데,김민성,0.0,0.0,2.0,1.0,0.0,1.0,0.0,0.0,0.0,0.0,0.0,0.0,0.0,0.0,0.0,0.0,319585,0.0,0.0,1.0,0.0,0.5,0.0,0.5,0.5,0.0,0.0,0.5,0.0,0.0,1.0,0.0,0.0,0.225,0.0,0.0,0.43,1.0,2026,사직,1.0488000917921212,0.390661757280051,0.0344873222016079,106.4524980578532,0
2026-04-02,롯데,김민성,0.0,0.0,3.0,2.0,0.0,1.0,0.0,0.0,0.0,0.0,0.0,0.0,0.0,0.0,0.0,0.0,319585,0.0,0.0,2.0,0.0,0.3333333333333333,0.0,0.3333333333333333,0.3333333333333333,0.0,0.0,0.3333333333333333,0.0,0.0,0.5,0.0,0.0,0.15,0.0,0.0,0.52,0.5,2026,사직,1.0488000917921212,0.2592257099205565,-0.2910371423052513,30.631632579218305,0
2026-04-03,롯데,김민성,0.0,0.0,5.0,3.0,0.0,2.0,0.0,0.0,0.0,0.0,0.0,0.0,0.0,0.0,0.0,0.0,319585,0.0,0.0,3.0,0.0,0.4,0.0,0.4,0.4,0.0,0.0,0.4,0.0,0.0,0.6666666666666666,0.0,0.0,0.18,0.0,0.0,0.95,0.6666666666666666,2026,사직,1.0488000917921212,0.3109525660683853,-0.2545122333808272,60.548164708400456,0
2026-04-04,롯데,김민성,0.0,0.0,5.0,3.0,0.0,2.0,0.0,0.0,0.0,0.0,0.0,0.0,0.0,0.0,0.0,0.0,319585,0.0,0.0,3.0,0.0,0.4,0.0,0.4,0.4,0.0,0.0,0.4,0.0,0.0,0.6666666666666666,0.0,0.0,0.18,0.0,0.0,0.95,0.6666666666666666,2026,사직,1.0488000917921212,0.3103509315666092,-0.2595543988643077,59.31384351079265,0
2026-04-05,롯데,김민성,0.0,0.0,5.0,3.0,0.0,2.0,0.0,0.0,0.0,0.0,0.0,0.0,0.0,0.0,0.0,0.0,319585,0.0,0.0,3.0,0.0,0.4,0.0,0.4,0.4,0.0,0.0,0.4,0.0,0.0,0.6666666666666666,0.0,0.0,0.18,0.0,0.0,0.95,0.6666666666666666,2026,사직,1.0488000917921212,0.3078807330258211,-0.2396871166565693,60.362701620478255,0
2026-04-06,롯데,김민성,0.0,0.0,5.0,3.0,0.0,2.0,0.0,0.0,0.0,0.0,0.0,0.0,0.0,0.0,0.0,0.0,319585,0.0,0.0,3.0,0.0,0.4,0.0,0.4,0.4,0.0,0.0,0.4,0.0,0.0,0.6666666666666666,0.0,0.0,0.18,0.0,0.0,0.95,0.6666666666666666,2026,사직,1.0488000917921212,0.3078807330258211,-0.2396871166565693,60.362701620478255,0
2026-04-07,롯데,김민성,0.0,0.0,6.0,4.0,0.0,2.0,0.0,0.0,0.0,0.0,0.0,0.0,0.0,0.0,0.0,0.0,319585,0.0,0.0,4.0,0.0,0.3333333333333333,0.0,0.3333333333333333,0.3333333333333333,0.0,0.0,0.3333333333333333,0.0,0.0,0.5,0.0,0.0,0.15,0.0,0.0,1.04,0.5,2026,사직,1.0488000917921212,0.2559056676251543,-0.5218099042778579,30.06202142457022,0
2026-04-08,롯데,김민성,2.0,1.0,10.0,8.0,1.0,2.0,0.0,1.0,0.0,0.0,1.0,0.0,0.0,0.0,0.0,0.0,319585,0.0,4.0,7.0,0.125,0.3,0.5,0.8,0.175,0.375,0.1,0.2,2.0,0.0,0.625,10.0,8.0,0.26,1.0,3.857142857142857,2.5620000000000003,0.8571428571428571,2026,사직,1.0488000917921212,0.3546909432793338,-0.0438429154312113,91.83499590722874,0
2026-04-09,롯데,김민성,2.0,1.0,10.0,8.0,1.0,2.0,0.0,1.0,0.0,0.0,1.0,0.0,0.0,0.0,0.0,0.0,319585,0.0,4.0,7.0,0.125,0.3,0.5,0.8,0.175,0.375,0.1,0.2,2.0,0.0,0.625,10.0,8.0,0.26,1.0,3.857142857142857,2.5620000000000003,0.8571428571428571,2026,사직,1.0488000917921212,0.3546909432793338,-0.0438429154312113,91.83499590722874,0
2026-04-10,롯데,김민성,2.0,1.0,11.0,8.0,1.0,3.0,0.0,1.0,0.0,0.0,1.0,0.0,0.0,0.0,0.0,0.0,319585,0.0,4.0,7.0,0.125,0.3636363636363636,0.5,0.8636363636363636,0.2386363636363636,0.375,0.0909090909090909,0.2727272727272727,3.0,0.0,0.75,11.0,8.0,0.2886363636363636,1.1428571428571428,4.408163265306122,2.902,1.0,2026,사직,1.0488000917921212,0.3911956248873933,0.3033390971472346,115.78148525084993,0
2026-04-11,롯데,김민성,3.0,1.0,12.0,9.0,1.0,3.0,0.0,1.0,0.0,0.0,1.0,0.0,0.0,0.0,0.0,0.0,319585,0.0,4.0,8.0,0.1111111111111111,0.3333333333333333,0.4444444444444444,0.7777777777777777,0.2222222222222222,0.3333333333333333,0.0833333333333333,0.25,3.0,0.0,0.6666666666666666,12.0,9.0,0.261111111111111,1.0666666666666669,3.6,2.992,0.875,2026,사직,1.0488000917921212,0.3596882672462038,0.0358228501028803,97.39156998746792,0
2026-04-12,롯데,김민성,3.0,1.0,13.0,10.0,1.0,3.0,0.0,1.0,0.0,0.0,1.0,0.0,0.0,0.0,0.0,0.0,319585,0.0,4.0,9.0,0.1,0.3076923076923077,0.4,0.7076923076923077,0.2076923076923077,0.3,0.0769230769230769,0.2307692307692307,3.0,0.0,0.6,13.0,10.0,0.2384615384615384,1.0,3.0,3.082,0.7777777777777778,2026,사직,1.0488000917921212,0.3323334241729778,-0.2305144035648415,81.48747439867974,0
2026-03-28,두산,정수빈,0.0,0.0,4.0,3.0,0.0,1.0,0.0,1.0,0.0,0.0,0.0,0.0,0.0,0.0,0.0,0.0,323457,0.0,0.0,3.0,0.0,0.25,0.0,0.25,0.25,0.0,0.25,0.25,1.0,0.0,0.3333333333333333,0.0,0.0,0.1125,0.0,0.0,0.422,0.3333333333333333,2026,잠실,0.9512583942824044,0.2005796786792412,-0.6362554077438891,-1.8209770345233969,0
2026-03-29,두산,정수빈,1.0,1.0,9.0,7.0,1.0,2.0,0.0,2.0,0.0,0.0,0.0,0.0,0.0,0.0,0.0,0.0,323457,1.0,1.0,6.0,0.1428571428571428,0.3333333333333333,0.1428571428571428,0.4761904761904761,0.1904761904761904,0.0,0.2222222222222222,0.2222222222222222,1.0,0.2,0.2857142857142857,0.0,0.0,0.1857142857142857,0.2727272727272727,1.2272727272727273,1.344,0.5,2026,잠실,0.9512583942824044,0.2786492260673396,-0.818076429030186,46.35023141806165,0
2026-03-30,두산,정수빈,1.0,1.0,9.0,7.0,1.0,2.0,0.0,2.0,0.0,0.0,0.0,0.0,0.0,0.0,0.0,0.0,323457,1.0,1.0,6.0,0.1428571428571428,0.3333333333333333,0.1428571428571428,0.4761904761904761,0.1904761904761904,0.0,0.2222222222222222,0.2222222222222222,1.0,0.2,0.2857142857142857,0.0,0.0,0.1857142857142857,0.2727272727272727,1.2272727272727273,1.344,0.5,2026,잠실,0.9512583942824044,0.2786492260673396,-0.818076429030186,46.35023141806165,0
2026-03-31,두산,정수빈,2.0,1.0,15.0,12.0,2.0,3.0,0.0,3.0,0.0,0.0,0.0,0.0,0.0,0.0,0.0,0.0,323457,2.0,2.0,10.0,0.1666666666666666,0.3333333333333333,0.1666666666666666,0.5,0.1666666666666666,0.0,0.2,0.2,1.0,0.2222222222222222,0.25,0.0,0.0,0.1916666666666666,0.5555555555555556,1.5,2.356,0.5,2026,잠실,0.9512583942824044,0.281928385730458,-1.161829218413028,51.99523073912338,0
2026-04-01,두산,정수빈,2.0,1.0,18.0,15.0,4.0,3.0,0.0,3.0,0.0,0.0,0.0,0.0,0.0,0.0,0.0,0.0,323457,4.0,4.0,11.0,0.2666666666666666,0.3888888888888889,0.2666666666666666,0.6555555555555556,0.1222222222222222,0.0,0.1666666666666666,0.1666666666666666,1.0,0.3333333333333333,0.2,0.0,0.0,0.2416666666666667,1.3333333333333333,3.272727272727273,3.446,0.6363636363636364,2026,잠실,0.9512583942824044,0.3411060290712522,-0.5142572665429804,86.09810084000222,0
2026-04-02,두산,정수빈,2.0,1.0,22.0,19.0,5.0,3.0,0.0,5.0,0.0,0.0,0.0,0.0,0.0,0.0,0.0,0.0,323457,5.0,5.0,14.0,0.2631578947368421,0.3636363636363636,0.2631578947368421,0.6267942583732058,0.1004784688995215,0.0,0.2272727272727272,0.1363636363636363,0.6,0.3571428571428571,0.1578947368421052,0.0,0.0,0.2294258373205741,1.6,3.085714285714286,3.84,0.5714285714285714,2026,잠실,0.9512583942824044,0.321605436411014,-0.8887270620050223,78.02072341269172,0
2026-04-03,두산,정수빈,2.0,3.0,27.0,22.0,5.0,5.0,0.0,5.0,0.0,0.0,0.0,0.0,0.0,0.0,0.0,0.0,323457,5.0,5.0,17.0,0.2272727272727272,0.3703703703703703,0.2272727272727272,0.5976430976430976,0.143097643097643,0.0,0.1851851851851851,0.1851851851851851,1.0,0.2941176470588235,0.2272727272727272,0.0,0.0,0.2234848484848484,1.5625,2.481617647058824,4.79,0.5882352941176471,2026,잠실,0.9512583942824044,0.3199023658340827,-1.157500077326037,75.75754269564341,0
2026-04-04,두산,정수빈,2.0,3.0,31.0,25.0,6.0,6.0,0.0,6.0,0.0,0.0,0.0,0.0,0.0,0.0,0.0,0.0,323457,6.0,6.0,19.0,0.24,0.3870967741935484,0.24,0.6270967741935484,0.1470967741935483,0.0,0.1935483870967742,0.1935483870967742,1.0,0.3157894736842105,0.24,0.0,0.0,0.2341935483870967,1.945945945945946,2.7652916073968705,5.622,0.631578947368421,2026,잠실,0.9512583942824044,0.3338991200974402,-0.956670651785748,83.58787118448372,0
2026-04-05,두산,정수빈,2.0,3.0,36.0,29.0,7.0,7.0,0.0,6.0,0.0,0.0,0.0,0.0,0.0,0.0,0.0,0.0,323457,7.0,7.0,22.0,0.2413793103448276,0.3888888888888889,0.2413793103448276,0.6302681992337165,0.1475095785440613,0.0,0.1666666666666666,0.1944444444444444,1.1666666666666667,0.3043478260869565,0.2413793103448276,0.0,0.0,0.2353448275862069,2.2790697674418605,2.7970401691331923,6.732,0.6363636363636364,2026,잠실,0.9512583942824044,0.3341883818471163,-0.906932326271886,86.6081547396022,0
2026-04-06,두산,정수빈,2.0,3.0,36.0,29.0,7.0,7.0,0.0,6.0,0.0,0.0,0.0,0.0,0.0,0.0,0.0,0.0,323457,7.0,7.0,22.0,0.2413793103448276,0.3888888888888889,0.2413793103448276,0.6302681992337165,0.1475095785440613,0.0,0.1666666666666666,0.1944444444444444,1.1666666666666667,0.3043478260869565,0.2413793103448276,0.0,0.0,0.2353448275862069,2.2790697674418605,2.7970401691331923,6.732,0.6363636363636364,2026,잠실,0.9512583942824044,0.3341883818471163,-0.906932326271886,86.6081547396022,0
2026-04-07,두산,정수빈,2.0,3.0,41.0,33.0,7.0,8.0,0.0,7.0,0.0,0.0,0.0,0.0,0.0,0.0,0.0,0.0,323457,7.0,7.0,26.0,0.2121212121212121,0.3658536585365853,0.2121212121212121,0.5779748706577975,0.1537324464153732,0.0,0.1707317073170731,0.1951219512195122,1.1428571428571428,0.2692307692307692,0.2424242424242424,0.0,0.0,0.2176644493717664,2.142857142857143,2.2252747252747254,7.244000000000001,0.5769230769230769,2026,잠실,0.9512583942824044,0.3122819126953913,-1.6182785209009174,75.34787272083776,0
2026-04-08,두산,정수빈,2.0,3.0,46.0,36.0,7.0,9.0,0.0,7.0,0.0,0.0,0.0,1.0,0.0,0.0,0.0,0.0,323457,7.0,7.0,30.0,0.1944444444444444,0.3555555555555555,0.1944444444444444,0.55,0.1611111111111111,0.0,0.1521739130434782,0.1956521739130435,1.2857142857142858,0.2413793103448276,0.25,0.0,0.0,0.2086111111111111,1.9090909090909087,1.7181818181818185,7.894000000000001,0.5333333333333333,2026,잠실,0.9512583942824044,0.3010071988434809,-2.2917572733895013,67.5451858021959,0
2026-04-09,두산,정수빈,2.0,3.0,46.0,36.0,7.0,9.0,0.0,7.0,0.0,0.0,0.0,1.0,0.0,0.0,0.0,0.0,323457,7.0,7.0,30.0,0.1944444444444444,0.3555555555555555,0.1944444444444444,0.55,0.1611111111111111,0.0,0.1521739130434782,0.1956521739130435,1.2857142857142858,0.2413793103448276,0.25,0.0,0.0,0.2086111111111111,1.9090909090909087,1.7181818181818185,7.894000000000001,0.5333333333333333,2026,잠실,0.9512583942824044,0.3010071988434809,-2.2917572733895013,67.5451858021959,0
2026-04-10,두산,정수빈,2.0,3.0,49.0,38.0,7.0,10.0,0.0,7.0,0.0,0.0,0.0,1.0,0.0,0.0,0.0,0.0,323457,7.0,7.0,32.0,0.1842105263157894,0.3541666666666667,0.1842105263157894,0.5383771929824561,0.1699561403508772,0.0,0.1428571428571428,0.2040816326530612,1.4285714285714286,0.2258064516129032,0.2631578947368421,0.0,0.0,0.2054276315789474,1.8983050847457628,1.6016949152542372,8.414,0.53125,2026,잠실,0.9512583942824044,0.2973190558981329,-2.547126496216749,65.92658224386349,0
2026-04-11,두산,정수빈,2.0,4.0,53.0,41.0,8.0,10.0,1.0,7.0,0.0,0.0,0.0,1.0,0.0,0.0,0.0,0.0,323457,8.0,8.0,34.0,0.1951219512195122,0.3653846153846153,0.1951219512195122,0.5605065666041276,0.1702626641651031,0.0,0.1320754716981132,0.1886792452830188,1.4285714285714286,0.2352941176470588,0.2439024390243902,0.0,0.0,0.213203564727955,2.25,1.786764705882353,9.434,0.5588235294117647,2026,잠실,0.9512583942824044,0.3075315852123192,-2.153670270856481,73.95324601081892,0
2026-04-12,두산,정수빈,2.0,4.0,57.0,45.0,8.0,10.0,1.0,8.0,0.0,0.0,0.0,1.0,0.0,0.0,0.0,0.0,323457,8.0,8.0,38.0,0.1777777777777777,0.3392857142857143,0.1777777777777777,0.5170634920634921,0.1615079365079365,0.0,0.1403508771929824,0.175438596491228,1.25,0.2162162162162162,0.2222222222222222,0.0,0.0,0.1971230158730159,2.117647058823529,1.5046439628482973,9.605999999999998,0.5,2026,잠실,0.9512583942824044,0.2850318826273522,-3.2481637002605,61.06303938281532,0
2026-03-28,KT,장성우,0.0,0.0,2.0,2.0,1.0,0.0,0.0,1.0,0.0,0.0,0.0,0.0,0.0,0.0,0.0,0.0,352927,1.0,1.0,1.0,0.5,0.5,0.5,1.0,0.0,0.0,0.5,0.0,0.0,1.0,0.0,0.0,0.0,0.35,0.5,13.5,0.402,1.0,2026,수원,1.0287682311922934,0.4883970988677271,0.1932530283365781,161.9372694613461,0
2026-03-29,KT,장성우,1.0,1.0,6.0,5.0,2.0,1.0,0.0,1.0,1.0,0.0,0.0,0.0,0.0,1.0,0.0,0.0,352927,1.0,3.0,4.0,0.4,0.5,0.6,1.1,0.0999999999999999,0.1999999999999999,0.1666666666666666,0.1666666666666666,1.0,0.5,0.4,0.0,0.0,0.375,0.8571428571428571,5.785714285714286,1.2719999999999998,1.0,2026,수원,1.0287682311922934,0.4987332745635166,0.694572896596018,171.6561915539587,0
2026-03-30,KT,장성우,1.0,1.0,6.0,5.0,2.0,1.0,0.0,1.0,1.0,0.0,0.0,0.0,0.0,1.0,0.0,0.0,352927,1.0,3.0,4.0,0.4,0.5,0.6,1.1,0.0999999999999999,0.1999999999999999,0.1666666666666666,0.1666666666666666,1.0,0.5,0.4,0.0,0.0,0.375,0.8571428571428571,5.785714285714286,1.2719999999999998,1.0,2026,수원,1.0287682311922934,0.4987332745635166,0.694572896596018,171.6561915539587,0
2026-03-31,KT,장성우,3.0,3.0,12.0,10.0,5.0,1.0,0.0,1.0,2.0,0.0,1.0,0.0,1.0,1.0,0.0,0.0,352927,2.0,10.0,7.0,0.5,0.5,1.0,1.5,0.0,0.5,0.0833333333333333,0.0833333333333333,1.0,0.4444444444444444,0.6,12.0,10.0,0.475,3.076923076923077,11.868131868131869,4.482,1.5714285714285714,2026,수원,1.0287682311922934,0.5975329944898539,2.470333841501203,237.66514272833908,0
2026-04-01,KT,장성우,3.0,3.0,17.0,15.0,5.0,1.0,0.0,2.0,2.0,0.0,1.0,0.0,1.0,1.0,0.0,0.0,352927,2.0,10.0,12.0,0.3333333333333333,0.3529411764705882,0.6666666666666666,1.0196078431372548,0.0196078431372549,0.3333333333333333,0.1176470588235294,0.0588235294117647,0.5,0.3076923076923077,0.4,17.0,15.0,0.3254901960784314,2.2222222222222223,5.0,4.744,0.9166666666666666,2026,수원,1.0287682311922934,0.4183905030473107,0.7289338280766857,125.30283436810234,0
2026-04-02,KT,장성우,9.0,6.0,23.0,20.0,7.0,2.0,0.0,5.0,2.0,0.0,3.0,0.0,1.0,1.0,0.0,0.0,352927,2.0,18.0,15.0,0.35,0.391304347826087,0.9,1.291304347826087,0.0413043478260869,0.55,0.217391304347826,0.0869565217391304,0.4,0.3076923076923077,0.65,7.666666666666667,6.666666666666667,0.4010869565217391,5.04,9.072,7.67,1.3333333333333333,2026,수원,1.0287682311922934,0.510270276682646,3.0092070697315023,184.0949642640362,0
2026-04-03,KT,장성우,9.0,6.0,27.0,23.0,9.0,3.0,0.0,5.0,2.0,0.0,3.0,0.0,1.0,1.0,0.0,0.0,352927,4.0,20.0,16.0,0.391304347826087,0.4444444444444444,0.8695652173913043,1.3140096618357489,0.0531400966183574,0.4782608695652173,0.1851851851851851,0.1111111111111111,0.6,0.375,0.6086956521739131,9.0,7.666666666666667,0.417391304347826,6.666666666666667,11.25,9.1,1.4375,2026,수원,1.0287682311922934,0.5364497203073869,4.089740766969851,199.99955802047904,0
2026-04-04,KT,장성우,9.0,7.0,30.0,24.0,10.0,5.0,0.0,5.0,2.0,0.0,3.0,0.0,1.0,1.0,0.0,0.0,352927,5.0,21.0,16.0,0.4166666666666667,0.5,0.875,1.375,0.0833333333333333,0.4583333333333333,0.1666666666666666,0.1666666666666666,1.0,0.4117647058823529,0.6666666666666666,10.0,8.0,0.44375,7.8,13.1625,10.28,1.625,2026,수원,1.0287682311922934,0.5666349367183567,5.31570638261386,219.34223553499567,0
2026-04-05,KT,장성우,9.0,7.0,34.0,28.0,10.0,5.0,0.0,5.0,2.0,0.0,3.0,0.0,1.0,1.0,0.0,0.0,352927,5.0,21.0,20.0,0.3571428571428571,0.4411764705882353,0.75,1.1911764705882353,0.0840336134453781,0.3928571428571428,0.1470588235294117,0.1470588235294117,1.0,0.3333333333333333,0.5714285714285714,11.333333333333334,9.333333333333334,0.3860294117647058,7.0,9.45,10.64,1.3,2026,수원,1.0287682311922934,0.5039187943414718,4.132754790384683,185.25483309935623,0
2026-04-06,KT,장성우,9.0,7.0,34.0,28.0,10.0,5.0,0.0,5.0,2.0,0.0,3.0,0.0,1.0,1.0,0.0,0.0,352927,5.0,21.0,20.0,0.3571428571428571,0.4411764705882353,0.75,1.1911764705882353,0.0840336134453781,0.3928571428571428,0.1470588235294117,0.1470588235294117,1.0,0.3333333333333333,0.5714285714285714,11.333333333333334,9.333333333333334,0.3860294117647058,7.0,9.45,10.64,1.3,2026,수원,1.0287682311922934,0.5039187943414718,4.132754790384683,185.25483309935623,0
2026-04-07,KT,장성우,11.0,8.0,39.0,32.0,12.0,6.0,0.0,6.0,3.0,0.0,3.0,0.0,1.0,1.0,0.0,0.0,352927,6.0,24.0,22.0,0.375,0.4615384615384615,0.75,1.2115384615384617,0.0865384615384615,0.375,0.1538461538461538,0.1538461538461538,1.0,0.375,0.5625,13.0,10.666666666666666,0.3951923076923077,8.533333333333333,10.472727272727273,12.192,1.3636363636363635,2026,수원,1.0287682311922934,0.520568223668551,5.3045911805778525,198.87137995279767,0
2026-04-08,KT,장성우,11.0,8.0,43.0,36.0,12.0,6.0,0.0,8.0,3.0,0.0,3.0,0.0,1.0,2.0,0.0,0.0,352927,6.0,24.0,27.0,0.3333333333333333,0.4186046511627907,0.6666666666666666,1.0852713178294573,0.0852713178294574,0.3333333333333333,0.1860465116279069,0.1395348837209302,0.75,0.3461538461538461,0.5,14.333333333333334,12.0,0.3550387596899225,7.346938775510204,7.346938775510204,11.805999999999996,1.1111111111111112,2026,수원,1.0287682311922934,0.4709406918111377,4.042277714253314,167.55889833809155,0
2026-04-09,KT,장성우,11.0,8.0,43.0,36.0,12.0,6.0,0.0,8.0,3.0,0.0,3.0,0.0,1.0,2.0,0.0,0.0,352927,6.0,24.0,27.0,0.3333333333333333,0.4186046511627907,0.6666666666666666,1.0852713178294573,0.0852713178294574,0.3333333333333333,0.1860465116279069,0.1395348837209302,0.75,0.3461538461538461,0.5,14.333333333333334,12.0,0.3550387596899225,7.346938775510204,7.346938775510204,11.805999999999996,1.1111111111111112,2026,수원,1.0287682311922934,0.4709406918111377,4.042277714253314,167.55889833809155,0
2026-04-10,KT,장성우,11.0,8.0,49.0,41.0,12.0,7.0,0.0,11.0,3.0,0.0,3.0,0.0,1.0,2.0,0.0,0.0,352927,6.0,24.0,32.0,0.2926829268292683,0.3877551020408163,0.5853658536585366,0.9731209556993528,0.095072175211548,0.2926829268292683,0.2244897959183673,0.1428571428571428,0.6363636363636364,0.3214285714285714,0.4634146341463415,16.333333333333332,13.666666666666666,0.3208312593330015,6.857142857142857,5.785714285714286,12.032,0.96875,2026,수원,1.0287682311922934,0.4278926739626198,2.875137394535414,141.08630122636342,0
2026-04-11,KT,장성우,11.0,8.0,53.0,45.0,12.0,7.0,0.0,14.0,3.0,0.0,3.0,0.0,1.0,2.0,0.0,0.0,352927,6.0,24.0,36.0,0.2666666666666666,0.3584905660377358,0.5333333333333333,0.8918238993710692,0.0918238993710691,0.2666666666666666,0.2641509433962264,0.1320754716981132,0.5,0.3103448275862069,0.4222222222222222,17.666666666666668,15.0,0.2946540880503144,6.4,4.800000000000001,11.828,0.8611111111111112,2026,수원,1.0287682311922934,0.396741354234052,1.8006261653063211,122.97532730837028,0
2026-04-12,KT,장성우,12.0,9.0,57.0,49.0,13.0,7.0,0.0,15.0,3.0,0.0,3.0,0.0,1.0,2.0,0.0,0.0,352927,7.0,25.0,39.0,0.2653061224489796,0.3508771929824561,0.5102040816326531,0.8610812746151092,0.0855710705334765,0.2448979591836734,0.2631578947368421,0.1228070175438596,0.4666666666666667,0.3125,0.3877551020408163,19.0,16.333333333333332,0.2854457572502685,6.640625,4.597355769230769,12.41,0.8205128205128205,2026,수원,1.0287682311922934,0.3858287649631918,1.519707375073336,117.62093811605897,0
2026-03-28,NC,박건우,3.0,1.0,4.0,4.0,2.0,0.0,0.0,1.0,0.0,0.0,1.0,0.0,0.0,0.0,0.0,0.0,373391,1.0,5.0,2.0,0.5,0.5,1.25,1.75,0.0,0.75,0.25,0.0,0.0,0.5,0.75,4.0,4.0,0.5375,2.5,33.75,1.932,2.5,2026,창원,1.0100284809306723,0.7330828539797948,1.2559988102963446,309.6184908643198,0
2026-03-29,NC,박건우,4.0,2.0,9.0,9.0,4.0,0.0,0.0,4.0,0.0,0.0,2.0,0.0,0.0,0.0,0.0,0.0,373391,2.0,10.0,5.0,0.4444444444444444,0.4444444444444444,1.1111111111111112,1.5555555555555556,0.0,0.6666666666666667,0.4444444444444444,0.0,0.0,0.6666666666666666,0.6666666666666666,4.5,4.5,0.4777777777777777,4.444444444444445,24.0,3.578,2.0,2026,창원,1.0100284809306723,0.6249751532910772,2.1087326054378086,249.8526382959452,0
2026-03-30,NC,박건우,4.0,2.0,9.0,9.0,4.0,0.0,0.0,4.0,0.0,0.0,2.0,0.0,0.0,0.0,0.0,0.0,373391,2.0,10.0,5.0,0.4444444444444444,0.4444444444444444,1.1111111111111112,1.5555555555555556,0.0,0.6666666666666667,0.4444444444444444,0.0,0.0,0.6666666666666666,0.6666666666666666,4.5,4.5,0.4777777777777777,4.444444444444445,24.0,3.578,2.0,2026,창원,1.0100284809306723,0.6249751532910772,2.1087326054378086,249.8526382959452,0
2026-03-31,NC,박건우,5.0,3.0,13.0,12.0,6.0,1.0,0.0,4.0,1.0,0.0,2.0,0.0,0.0,0.0,0.0,0.0,373391,3.0,13.0,6.0,0.5,0.5384615384615384,1.0833333333333333,1.6217948717948718,0.0384615384615384,0.5833333333333333,0.3076923076923077,0.0769230769230769,0.25,0.6666666666666666,0.6666666666666666,6.5,6.0,0.5131410256410256,6.5,29.25,5.227999999999999,2.333333333333333,2026,창원,1.0100284809306723,0.6741514123790286,3.5703338415012027,286.49534907184,0
2026-04-01,NC,박건우,5.0,3.0,18.0,16.0,6.0,2.0,0.0,5.0,1.0,0.0,2.0,0.0,0.0,0.0,0.0,1.0,373391,3.0,13.0,10.0,0.375,0.4444444444444444,0.8125,1.2569444444444444,0.0694444444444444,0.4375,0.2777777777777778,0.1111111111111111,0.4,0.4444444444444444,0.5625,9.0,8.0,0.4031249999999999,5.2,14.04,5.65,1.5,2026,창원,1.0100284809306723,0.5102647199839677,2.300665720833792,182.9968147363377,0
2026-04-02,NC,박건우,7.0,4.0,22.0,18.0,7.0,4.0,0.0,6.0,2.0,0.0,2.0,0.0,0.0,0.0,0.0,1.0,373391,3.0,15.0,11.0,0.3888888888888889,0.5,0.8333333333333334,1.3333333333333337,0.1111111111111111,0.4444444444444445,0.2727272727272727,0.1818181818181818,0.6666666666666666,0.5,0.6666666666666666,11.0,9.0,0.4333333333333333,6.346153846153846,15.576923076923077,6.952,1.7272727272727273,2026,창원,1.0100284809306723,0.5501763131405806,3.67518176944334,210.0450392878402,0
2026-04-03,NC,박건우,7.0,4.0,26.0,21.0,9.0,5.0,0.0,7.0,3.0,0.0,2.0,0.0,0.0,0.0,0.0,1.0,373391,4.0,18.0,12.0,0.4285714285714285,0.5384615384615384,0.8571428571428571,1.3956043956043955,0.1098901098901098,0.4285714285714285,0.2692307692307692,0.1923076923076923,0.7142857142857143,0.5833333333333334,0.6666666666666666,13.0,10.5,0.4565934065934066,8.129032258064516,18.29032258064516,8.414,1.9166666666666667,2026,창원,1.0100284809306723,0.5847304292894328,5.064847075448924,231.3022720337808,0
2026-04-04,NC,박건우,8.0,4.0,30.0,25.0,10.0,5.0,0.0,9.0,3.0,0.0,2.0,0.0,0.0,0.0,0.0,1.0,373391,5.0,19.0,15.0,0.4,0.5,0.76,1.26,0.0999999999999999,0.36,0.3,0.1666666666666666,0.5555555555555556,0.5714285714285714,0.56,15.0,12.5,0.415,8.142857142857142,14.657142857142857,8.808000000000002,1.6,2026,창원,1.0100284809306723,0.5370173282222337,4.52142039580744,202.9539367216483,0
2026-04-05,NC,박건우,8.0,4.0,34.0,29.0,10.0,5.0,0.0,10.0,3.0,0.0,2.0,0.0,0.0,0.0,0.0,1.0,373391,5.0,19.0,19.0,0.3448275862068966,0.4411764705882353,0.6551724137931034,1.0963488843813387,0.0963488843813387,0.3103448275862068,0.2941176470588235,0.1470588235294117,0.5,0.4705882352941176,0.4827586206896552,17.0,14.5,0.3623225152129817,7.3076923076923075,10.384615384615383,8.98,1.263157894736842,2026,창원,1.0100284809306723,0.4750571389732461,3.2843534203963416,169.0365133566265,0
2026-04-06,NC,박건우,8.0,4.0,34.0,29.0,10.0,5.0,0.0,10.0,3.0,0.0,2.0,0.0,0.0,0.0,0.0,1.0,373391,5.0,19.0,19.0,0.3448275862068966,0.4411764705882353,0.6551724137931034,1.0963488843813387,0.0963488843813387,0.3103448275862068,0.2941176470588235,0.1470588235294117,0.5,0.4705882352941176,0.4827586206896552,17.0,14.5,0.3623225152129817,7.3076923076923075,10.384615384615383,8.98,1.263157894736842,2026,창원,1.0100284809306723,0.4750571389732461,3.2843534203963416,169.0365133566265,0
2026-04-07,NC,박건우,8.0,4.0,38.0,32.0,10.0,6.0,0.0,11.0,3.0,0.0,2.0,0.0,0.0,0.0,0.0,1.0,373391,5.0,19.0,22.0,0.3125,0.4210526315789473,0.59375,1.0148026315789471,0.1085526315789473,0.28125,0.2894736842105263,0.1578947368421052,0.5454545454545454,0.4210526315789473,0.46875,19.0,16.0,0.3379111842105263,6.909090909090909,8.479338842975208,9.402,1.1363636363636365,2026,창원,1.0100284809306723,0.4476200895317152,2.833086285630371,154.76907776779862,0
2026-04-08,NC,박건우,9.0,5.0,42.0,36.0,11.0,6.0,0.0,12.0,3.0,0.0,3.0,0.0,0.0,0.0,0.0,1.0,373391,5.0,23.0,25.0,0.3055555555555556,0.4047619047619047,0.6388888888888888,1.0436507936507935,0.0992063492063491,0.3333333333333332,0.2857142857142857,0.1428571428571428,0.5,0.3809523809523809,0.5,14.0,12.0,0.3418650793650793,8.145833333333334,8.797500000000001,10.924,1.16,2026,창원,1.0100284809306723,0.452058353164045,3.277047495139097,157.45848589759697,0
2026-04-09,NC,박건우,9.0,5.0,42.0,36.0,11.0,6.0,0.0,12.0,3.0,0.0,3.0,0.0,0.0,0.0,0.0,1.0,373391,5.0,23.0,25.0,0.3055555555555556,0.4047619047619047,0.6388888888888888,1.0436507936507935,0.0992063492063491,0.3333333333333332,0.2857142857142857,0.1428571428571428,0.5,0.3809523809523809,0.5,14.0,12.0,0.3418650793650793,8.145833333333334,8.797500000000001,10.924,1.16,2026,창원,1.0100284809306723,0.452058353164045,3.277047495139097,157.45848589759697,0
2026-04-10,NC,박건우,9.0,5.0,47.0,40.0,13.0,7.0,0.0,14.0,3.0,0.0,3.0,0.0,0.0,0.0,0.0,1.0,373391,7.0,25.0,27.0,0.325,0.425531914893617,0.625,1.050531914893617,0.100531914893617,0.3,0.2978723404255319,0.1489361702127659,0.5,0.4347826086956521,0.475,15.666666666666666,13.333333333333334,0.3477393617021276,9.25925925925926,9.25925925925926,12.068,1.1851851851851851,2026,창원,1.0100284809306723,0.4597747028926436,4.027694842563175,163.20449909346183,0
2026-04-11,NC,박건우,9.0,6.0,51.0,43.0,15.0,8.0,0.0,14.0,5.0,0.0,3.0,0.0,0.0,0.0,0.0,1.0,373391,7.0,29.0,28.0,0.3488372093023256,0.4509803921568627,0.6744186046511628,1.1253989968080256,0.1021431828545371,0.3255813953488372,0.2745098039215686,0.1568627450980392,0.5714285714285714,0.4615384615384615,0.5116279069767442,17.0,14.333333333333334,0.3715458276333789,11.305084745762713,10.901331719128327,13.938,1.3214285714285714,2026,창원,1.0100284809306723,0.4917375111707011,5.784563385341103,185.30482251542287,0
2026-04-12,NC,박건우,9.0,6.0,53.0,44.0,15.0,9.0,0.0,14.0,5.0,0.0,3.0,0.0,0.0,0.0,0.0,1.0,373391,7.0,29.0,29.0,0.3409090909090909,0.4528301886792453,0.6590909090909091,1.1119210977701544,0.1119210977701544,0.3181818181818182,0.2641509433962264,0.1698113207547169,0.6428571428571429,0.4444444444444444,0.5227272727272727,17.666666666666668,14.666666666666666,0.3685463121783876,11.225806451612904,10.451612903225808,14.368,1.3103448275862069,2026,창원,1.0100284809306723,0.4878540215932659,5.900371661540207,184.58750411209763,0
2026-03-28,키움,이형종,0.0,2.0,4.0,1.0,0.0,3.0,0.0,0.0,0.0,0.0,0.0,0.0,0.0,0.0,0.0,0.0,424743,0.0,0.0,1.0,0.0,0.75,0.0,0.75,0.75,0.0,0.0,0.75,0.0,0.0,3.0,0.0,0.0,0.3375,0.0,0.0,1.11,3.0,2026,고척,0.9666905138306804,0.6017390360377238,0.7892675210902012,235.6850406151349,0
2026-03-29,키움,이형종,0.0,2.0,8.0,4.0,0.0,3.0,1.0,1.0,0.0,0.0,0.0,0.0,0.0,0.0,0.0,0.0,424743,0.0,0.0,4.0,0.0,0.5,0.0,0.5,0.5,0.0,0.125,0.375,3.0,0.0,0.75,0.0,0.0,0.225,0.0,0.0,1.532,1.0,2026,고척,0.9666905138306804,0.3937903817784455,0.1377638621280238,114.41829021319694,0
2026-03-30,키움,이형종,0.0,2.0,8.0,4.0,0.0,3.0,1.0,1.0,0.0,0.0,0.0,0.0,0.0,0.0,0.0,0.0,424743,0.0,0.0,4.0,0.0,0.5,0.0,0.5,0.5,0.0,0.125,0.375,3.0,0.0,0.75,0.0,0.0,0.225,0.0,0.0,1.532,1.0,2026,고척,0.9666905138306804,0.3937903817784455,0.1377638621280238,114.41829021319694,0
2026-03-31,키움,이형종,0.0,2.0,8.0,4.0,0.0,3.0,1.0,1.0,0.0,0.0,0.0,0.0,0.0,0.0,0.0,0.0,424743,0.0,0.0,4.0,0.0,0.5,0.0,0.5,0.5,0.0,0.125,0.375,3.0,0.0,0.75,0.0,0.0,0.225,0.0,0.0,1.532,1.0,2026,고척,0.9666905138306804,0.3918408025879895,0.1696996851838085,117.81275283227993,0
2026-04-01,키움,이형종,0.0,2.0,8.0,4.0,0.0,3.0,1.0,1.0,0.0,0.0,0.0,0.0,0.0,0.0,0.0,0.0,424743,0.0,0.0,4.0,0.0,0.5,0.0,0.5,0.5,0.0,0.125,0.375,3.0,0.0,0.75,0.0,0.0,0.225,0.0,0.0,1.532,1.0,2026,고척,0.9666905138306804,0.3940420189804635,0.1629492888064318,116.71720099018404,0
2026-04-02,키움,이형종,0.0,2.0,9.0,5.0,0.0,3.0,1.0,1.0,0.0,0.0,0.0,0.0,0.0,0.0,0.0,0.0,424743,0.0,0.0,5.0,0.0,0.4444444444444444,0.0,0.4444444444444444,0.4444444444444444,0.0,0.1111111111111111,0.3333333333333333,3.0,0.0,0.6,0.0,0.0,0.1999999999999999,0.0,0.0,1.622,0.8,2026,고척,0.9666905138306804,0.3486948625569748,-0.1422934545655233,92.82109730749836,0
2026-04-03,키움,이형종,0.0,2.0,12.0,7.0,0.0,3.0,1.0,3.0,0.0,0.0,0.0,1.0,0.0,0.0,0.0,0.0,424743,0.0,0.0,8.0,0.0,0.3636363636363636,0.0,0.3636363636363636,0.3636363636363636,0.0,0.25,0.25,1.0,0.0,0.4285714285714285,0.0,0.0,0.1636363636363636,0.0,0.0,1.4660000000000002,0.5,2026,고척,0.9666905138306804,0.285216554859267,-0.8879933694246607,53.07214581319376,0
2026-04-04,키움,이형종,0.0,2.0,12.0,7.0,0.0,3.0,1.0,3.0,0.0,0.0,0.0,1.0,0.0,0.0,0.0,0.0,424743,0.0,0.0,8.0,0.0,0.3636363636363636,0.0,0.3636363636363636,0.3636363636363636,0.0,0.25,0.25,1.0,0.0,0.4285714285714285,0.0,0.0,0.1636363636363636,0.0,0.0,1.4660000000000002,0.5,2026,고척,0.9666905138306804,0.2846795975532771,-0.8983124250856547,51.69580783373472,0
2026-04-05,키움,이형종,4.0,3.0,13.0,8.0,1.0,3.0,1.0,3.0,0.0,0.0,1.0,1.0,0.0,0.0,0.0,0.0,424743,0.0,4.0,8.0,0.125,0.4166666666666667,0.5,0.9166666666666669,0.2916666666666667,0.375,0.2307692307692307,0.2307692307692307,1.0,0.0,0.75,13.0,8.0,0.3125,0.9411764705882352,3.176470588235294,2.906,1.0,2026,고척,0.9666905138306804,0.4241957249719164,0.6841285284285396,141.48718753832586,0
2026-04-06,키움,이형종,4.0,3.0,13.0,8.0,1.0,3.0,1.0,3.0,0.0,0.0,1.0,1.0,0.0,0.0,0.0,0.0,424743,0.0,4.0,8.0,0.125,0.4166666666666667,0.5,0.9166666666666669,0.2916666666666667,0.375,0.2307692307692307,0.2307692307692307,1.0,0.0,0.75,13.0,8.0,0.3125,0.9411764705882352,3.176470588235294,2.906,1.0,2026,고척,0.9666905138306804,0.4241957249719164,0.6841285284285396,141.48718753832586,0
2026-04-07,키움,이형종,4.0,4.0,17.0,12.0,2.0,3.0,1.0,5.0,0.0,0.0,1.0,1.0,0.0,0.0,0.0,0.0,424743,1.0,5.0,11.0,0.1666666666666666,0.375,0.4166666666666667,0.7916666666666667,0.2083333333333333,0.25,0.2941176470588235,0.1764705882352941,0.6,0.1666666666666666,0.5,17.0,12.0,0.2729166666666667,1.1904761904761905,2.9220779220779223,3.3,0.8181818181818182,2026,고척,0.9666905138306804,0.3795650817441324,0.2926924417619405,116.21053815319176,0
2026-04-08,키움,이형종,6.0,5.0,18.0,13.0,3.0,3.0,1.0,5.0,0.0,0.0,2.0,1.0,0.0,0.0,0.0,0.0,424743,1.0,9.0,11.0,0.2307692307692307,0.4117647058823529,0.6923076923076923,1.104072398190045,0.1809954751131221,0.4615384615384615,0.2777777777777778,0.1666666666666666,0.6,0.1666666666666666,0.6923076923076923,9.0,6.5,0.3583710407239819,2.4545454545454546,6.024793388429753,4.74,1.181818181818182,2026,고척,0.9666905138306804,0.474879551297064,1.7521237121971656,176.26452961076004,0
2026-04-09,키움,이형종,6.0,5.0,18.0,13.0,3.0,3.0,1.0,5.0,0.0,0.0,2.0,1.0,0.0,0.0,0.0,0.0,424743,1.0,9.0,11.0,0.2307692307692307,0.4117647058823529,0.6923076923076923,1.104072398190045,0.1809954751131221,0.4615384615384615,0.2777777777777778,0.1666666666666666,0.6,0.1666666666666666,0.6923076923076923,9.0,6.5,0.3583710407239819,2.4545454545454546,6.024793388429753,4.74,1.181818181818182,2026,고척,0.9666905138306804,0.474879551297064,1.7521237121971656,176.26452961076004,0
2026-04-10,키움,이형종,6.0,5.0,20.0,15.0,3.0,3.0,1.0,5.0,0.0,0.0,2.0,1.0,0.0,0.0,0.0,0.0,424743,1.0,9.0,13.0,0.2,0.3684210526315789,0.6,0.9684210526315788,0.1684210526315789,0.3999999999999999,0.25,0.15,0.6,0.125,0.6,10.0,7.5,0.3157894736842105,2.25,4.673076923076923,4.92,1.0,2026,고척,0.9666905138306804,0.423922054413314,1.1062251045764813,144.77283734263517,0
2026-04-11,키움,이형종,6.0,5.0,23.0,18.0,3.0,3.0,1.0,7.0,0.0,0.0,2.0,1.0,0.0,0.0,0.0,0.0,424743,1.0,9.0,16.0,0.1666666666666666,0.3181818181818182,0.5,0.8181818181818181,0.1515151515151515,0.3333333333333333,0.3043478260869565,0.1304347826086956,0.4285714285714285,0.1111111111111111,0.5,11.5,9.0,0.2681818181818182,2.0,3.375,4.814,0.8125,2026,고척,0.9666905138306804,0.3675311508833566,0.2195240903066615,110.5937361155287,0
2026-04-12,키움,이형종,6.0,5.0,24.0,19.0,3.0,3.0,1.0,8.0,0.0,0.0,2.0,1.0,0.0,0.0,0.0,0.0,424743,1.0,9.0,17.0,0.1578947368421052,0.3043478260869565,0.4736842105263157,0.7780320366132722,0.1464530892448513,0.3157894736842105,0.3333333333333333,0.125,0.375,0.1111111111111111,0.4736842105263157,12.0,9.5,0.2553775743707094,1.9285714285714288,3.0630252100840334,4.716,0.7647058823529411,2026,고척,0.9666905138306804,0.3520743395176558,-0.0323944157853714,102.29322852610116,0
2026-03-28,두산,양의지,0.0,0.0,3.0,3.0,0.0,0.0,0.0,0.0,0.0,0.0,0.0,0.0,0.0,0.0,0.0,0.0,450095,0.0,0.0,3.0,0.0,0.0,0.0,0.0,0.0,0.0,0.0,0.0,0.0,0.0,0.0,0.0,0.0,0.0,0.0,0.0,0.27,0.0,2026,잠실,0.9512583942824044,0.0,-1.0117626541207003,-121.34559183676632,0
2026-03-29,두산,양의지,0.0,0.0,8.0,8.0,0.0,0.0,0.0,1.0,0.0,0.0,0.0,0.0,0.0,0.0,0.0,0.0,450095,0.0,0.0,8.0,0.0,0.0,0.0,0.0,0.0,0.0,0.125,0.0,0.0,0.0,0.0,0.0,0.0,0.0,0.0,0.0,0.532,0.0,2026,잠실,0.9512583942824044,0.0,-2.8203982016698776,-122.11365623571038,0
2026-03-30,두산,양의지,0.0,0.0,8.0,8.0,0.0,0.0,0.0,1.0,0.0,0.0,0.0,0.0,0.0,0.0,0.0,0.0,450095,0.0,0.0,8.0,0.0,0.0,0.0,0.0,0.0,0.0,0.125,0.0,0.0,0.0,0.0,0.0,0.0,0.0,0.0,0.0,0.532,0.0,2026,잠실,0.9512583942824044,0.0,-2.8203982016698776,-122.11365623571038,0
2026-03-31,두산,양의지,0.0,0.0,14.0,14.0,0.0,0.0,0.0,1.0,0.0,0.0,0.0,0.0,0.0,0.0,0.0,0.0,450095,0.0,0.0,14.0,0.0,0.0,0.0,0.0,0.0,0.0,0.0714285714285714,0.0,0.0,0.0,0.0,0.0,0.0,0.0,0.0,0.0,1.0719999999999998,0.0,2026,잠실,0.9512583942824044,0.0,-4.627570709699808,-120.78691303252064,0
2026-04-01,두산,양의지,0.0,0.0,17.0,17.0,1.0,0.0,0.0,1.0,0.0,0.0,0.0,0.0,0.0,0.0,0.0,0.0,450095,1.0,1.0,16.0,0.0588235294117647,0.0588235294117647,0.0588235294117647,0.1176470588235294,0.0,0.0,0.0588235294117647,0.0,0.0,0.0625,0.0,0.0,0.0,0.0411764705882352,0.0588235294117647,0.0992647058823529,1.7519999999999998,0.0625,2026,잠실,0.9512583942824044,0.0558226173470916,-4.969269635126777,-87.23150236550588,0
2026-04-02,두산,양의지,0.0,1.0,21.0,20.0,1.0,0.0,1.0,1.0,0.0,0.0,0.0,0.0,0.0,0.0,0.0,0.0,450095,1.0,1.0,19.0,0.05,0.0952380952380952,0.05,0.1452380952380952,0.0452380952380952,0.0,0.0476190476190476,0.0,0.0,0.0526315789473684,0.0,0.0,0.0,0.0553571428571428,0.0909090909090909,0.1291866028708134,2.362,0.1052631578947368,2026,잠실,0.9512583942824044,0.0835085721942488,-5.386349857887912,-65.62781753049211,0
2026-04-03,두산,양의지,0.0,2.0,24.0,22.0,2.0,1.0,1.0,1.0,0.0,0.0,0.0,0.0,0.0,0.0,0.0,0.0,450095,2.0,2.0,20.0,0.0909090909090909,0.1666666666666666,0.0909090909090909,0.2575757575757575,0.0757575757575757,0.0,0.0416666666666666,0.0416666666666666,1.0,0.0952380952380952,0.0454545454545454,0.0,0.0,0.0977272727272727,0.3076923076923077,0.4153846153846154,3.2920000000000003,0.2,2026,잠실,0.9512583942824044,0.145116749740674,-4.793596839714976,-30.78025227816539,0
2026-04-04,두산,양의지,0.0,2.0,28.0,26.0,2.0,1.0,1.0,2.0,0.0,0.0,0.0,0.0,0.0,1.0,0.0,0.0,450095,2.0,2.0,25.0,0.0769230769230769,0.1428571428571428,0.0769230769230769,0.2197802197802197,0.0659340659340659,0.0,0.0714285714285714,0.0357142857142857,0.5,0.0833333333333333,0.0384615384615384,0.0,0.0,0.0835164835164835,0.2,0.216,3.094,0.16,2026,잠실,0.9512583942824044,0.1242234701819109,-6.112305452526846,-45.69853412186525,0
2026-04-05,두산,양의지,0.0,3.0,33.0,29.0,2.0,2.0,2.0,2.0,0.0,0.0,0.0,0.0,0.0,1.0,0.0,0.0,450095,2.0,2.0,28.0,0.0689655172413793,0.1818181818181818,0.0689655172413793,0.2507836990595611,0.1128526645768025,0.0,0.0606060606060606,0.0606060606060606,1.0,0.074074074074074,0.0689655172413793,0.0,0.0,0.0990595611285266,0.2702702702702703,0.2606177606177606,4.0440000000000005,0.2142857142857142,2026,잠실,0.9512583942824044,0.1525636956460974,-6.013266524135928,-27.24558365940679,0
2026-04-06,두산,양의지,0.0,3.0,33.0,29.0,2.0,2.0,2.0,2.0,0.0,0.0,0.0,0.0,0.0,1.0,0.0,0.0,450095,2.0,2.0,28.0,0.0689655172413793,0.1818181818181818,0.0689655172413793,0.2507836990595611,0.1128526645768025,0.0,0.0606060606060606,0.0606060606060606,1.0,0.074074074074074,0.0689655172413793,0.0,0.0,0.0990595611285266,0.2702702702702703,0.2606177606177606,4.0440000000000005,0.2142857142857142,2026,잠실,0.9512583942824044,0.1525636956460974,-6.013266524135928,-27.24558365940679,0
2026-04-07,두산,양의지,0.0,3.0,37.0,32.0,3.0,2.0,3.0,2.0,0.0,0.0,0.0,0.0,0.0,1.0,0.0,0.0,450095,3.0,3.0,30.0,0.09375,0.2162162162162162,0.09375,0.3099662162162162,0.1224662162162162,0.0,0.054054054054054,0.054054054054054,1.0,0.1,0.0625,0.0,0.0,0.1207347972972973,0.5,0.45,5.064,0.2666666666666666,2026,잠실,0.9512583942824044,0.1833154168325752,-5.480700840956233,-5.934526546819408,0
2026-04-08,두산,양의지,2.0,3.0,41.0,34.0,4.0,3.0,3.0,2.0,1.0,0.0,0.0,0.0,1.0,1.0,0.0,0.0,450095,3.0,5.0,32.0,0.1176470588235294,0.2439024390243902,0.1470588235294117,0.390961262553802,0.1262553802008608,0.0294117647058823,0.048780487804878,0.073170731707317,1.5,0.1212121212121212,0.1176470588235294,0.0,0.0,0.1465208034433285,0.851063829787234,0.7180851063829787,6.584,0.34375,2026,잠실,0.9512583942824044,0.2156150914583136,-5.005872820066978,13.39309163976079,0
2026-04-09,두산,양의지,2.0,3.0,41.0,34.0,4.0,3.0,3.0,2.0,1.0,0.0,0.0,0.0,1.0,1.0,0.0,0.0,450095,3.0,5.0,32.0,0.1176470588235294,0.2439024390243902,0.1470588235294117,0.390961262553802,0.1262553802008608,0.0294117647058823,0.048780487804878,0.073170731707317,1.5,0.1212121212121212,0.1176470588235294,0.0,0.0,0.1465208034433285,0.851063829787234,0.7180851063829787,6.584,0.34375,2026,잠실,0.9512583942824044,0.2156150914583136,-5.005872820066978,13.39309163976079,0
2026-04-10,두산,양의지,2.0,4.0,46.0,37.0,4.0,4.0,4.0,3.0,1.0,0.0,0.0,0.0,1.0,1.0,0.0,0.0,450095,3.0,5.0,35.0,0.1081081081081081,0.2608695652173913,0.1351351351351351,0.3960047003525264,0.1527614571092831,0.027027027027027,0.0652173913043478,0.0869565217391304,1.3333333333333333,0.1142857142857142,0.1351351351351351,0.0,0.0,0.1511750881316098,0.925925925925926,0.7142857142857143,7.345999999999998,0.3714285714285714,2026,잠실,0.9512583942824044,0.2255156591453188,-5.190367237570283,20.33337461612541,0
2026-04-11,두산,양의지,2.0,5.0,50.0,41.0,5.0,4.0,4.0,5.0,2.0,0.0,0.0,0.0,1.0,1.0,0.0,0.0,450095,3.0,7.0,38.0,0.1219512195121951,0.26,0.1707317073170731,0.4307317073170732,0.1380487804878049,0.048780487804878,0.1,0.08,0.8,0.1351351351351351,0.1463414634146341,0.0,0.0,0.1596829268292683,1.3275862068965518,0.9432849364791288,7.959999999999999,0.3947368421052631,2026,잠실,0.9512583942824044,0.2334078490518629,-5.1313829092966206,26.780926920901614,0
2026-04-12,두산,양의지,3.0,5.0,54.0,44.0,6.0,5.0,4.0,5.0,2.0,0.0,0.0,0.0,1.0,1.0,0.0,0.0,450095,4.0,8.0,40.0,0.1363636363636363,0.2777777777777778,0.1818181818181818,0.4595959595959596,0.1414141414141414,0.0454545454545454,0.0925925925925925,0.0925925925925925,1.0,0.15,0.1590909090909091,0.0,0.0,0.1704545454545454,1.6507936507936507,1.1142857142857143,8.979999999999999,0.425,2026,잠실,0.9512583942824044,0.2474474685184483,-4.761448162706734,37.084007374066765,0
2026-03-28,SSG,김재환,0.0,1.0,4.0,3.0,0.0,1.0,0.0,2.0,0.0,0.0,0.0,0.0,0.0,0.0,0.0,0.0,450679,0.0,0.0,3.0,0.0,0.25,0.0,0.25,0.25,0.0,0.5,0.25,0.5,0.0,0.3333333333333333,0.0,0.0,0.1125,0.0,0.0,0.234,0.3333333333333333,2026,문학,1.027807913649001,0.2005796786792412,-0.6362554077438891,-9.475928971183055,0
2026-03-29,SSG,김재환,0.0,1.0,9.0,8.0,0.0,1.0,0.0,5.0,0.0,0.0,0.0,0.0,0.0,0.0,0.0,0.0,450679,0.0,0.0,8.0,0.0,0.1111111111111111,0.0,0.1111111111111111,0.1111111111111111,0.0,0.5555555555555556,0.1111111111111111,0.2,0.0,0.125,0.0,0.0,0.0499999999999999,0.0,0.0,0.1200000000000001,0.125,2026,문학,1.027807913649001,0.0867694184587402,-2.439657460929137,-77.31013280059989,0
2026-03-30,SSG,김재환,0.0,1.0,9.0,8.0,0.0,1.0,0.0,5.0,0.0,0.0,0.0,0.0,0.0,0.0,0.0,0.0,450679,0.0,0.0,8.0,0.0,0.1111111111111111,0.0,0.1111111111111111,0.1111111111111111,0.0,0.5555555555555556,0.1111111111111111,0.2,0.0,0.125,0.0,0.0,0.0499999999999999,0.0,0.0,0.1200000000000001,0.125,2026,문학,1.027807913649001,0.0867694184587402,-2.439657460929137,-77.31013280059989,0
2026-03-31,SSG,김재환,4.0,2.0,14.0,12.0,1.0,1.0,0.0,5.0,0.0,0.0,1.0,0.0,1.0,1.0,0.0,0.0,450679,0.0,4.0,13.0,0.0833333333333333,0.1428571428571428,0.3333333333333333,0.4761904761904761,0.0595238095238095,0.25,0.3571428571428571,0.0714285714285714,0.2,0.0,0.3333333333333333,14.0,12.0,0.1476190476190476,0.0,0.0,1.8300000000000003,0.3846153846153846,2026,문학,1.027807913649001,0.1931772334414758,-2.1997734934681827,-10.051599173792546,0
2026-04-01,SSG,김재환,4.0,3.0,18.0,14.0,1.0,3.0,0.0,5.0,0.0,0.0,1.0,0.0,1.0,1.0,0.0,0.0,450679,0.0,4.0,15.0,0.0714285714285714,0.2222222222222222,0.2857142857142857,0.5079365079365079,0.1507936507936507,0.2142857142857142,0.2777777777777778,0.1666666666666666,0.6,0.0,0.4285714285714285,18.0,14.0,0.1714285714285714,0.3809523809523809,0.6857142857142856,2.6899999999999995,0.4666666666666667,2026,문학,1.027807913649001,0.2350187419357258,-2.279626468769325,13.987710456297698,0
2026-04-02,SSG,김재환,4.0,3.0,22.0,18.0,1.0,3.0,0.0,5.0,0.0,0.0,1.0,0.0,1.0,2.0,0.0,0.0,450679,0.0,4.0,20.0,0.0555555555555555,0.1818181818181818,0.2222222222222222,0.404040404040404,0.1262626262626262,0.1666666666666666,0.2272727272727272,0.1363636363636363,0.6,0.0,0.3333333333333333,22.0,18.0,0.1373737373737373,0.16,0.216,2.68,0.35,2026,문학,1.027807913649001,0.1928036340521276,-3.460531885537681,-7.342899911012424,0
2026-04-03,SSG,김재환,4.0,4.0,28.0,23.0,1.0,4.0,0.0,5.0,0.0,0.0,1.0,0.0,1.0,2.0,0.0,0.0,450679,0.0,4.0,25.0,0.0434782608695652,0.1785714285714285,0.1739130434782608,0.3524844720496894,0.1350931677018633,0.1304347826086956,0.1785714285714285,0.1428571428571428,0.8,0.0,0.3043478260869565,28.0,23.0,0.123835403726708,0.25,0.27,3.47,0.32,2026,문학,1.027807913649001,0.1798984809095905,-4.71850520534783,-17.23455265704561,0
2026-04-04,SSG,김재환,5.0,5.0,33.0,28.0,3.0,4.0,0.0,6.0,0.0,0.0,1.0,0.0,1.0,2.0,0.0,0.0,450679,2.0,6.0,28.0,0.1071428571428571,0.2121212121212121,0.2142857142857142,0.4264069264069264,0.1049783549783549,0.1071428571428571,0.1818181818181818,0.1212121212121212,0.6666666666666666,0.0909090909090909,0.25,33.0,28.0,0.149025974025974,0.6486486486486487,0.6254826254826256,4.552,0.3571428571428571,2026,문학,1.027807913649001,0.2101993040501733,-4.667515592791253,-0.3406230554936051,0
2026-04-05,SSG,김재환,5.0,5.0,38.0,32.0,3.0,5.0,0.0,7.0,0.0,0.0,1.0,0.0,1.0,2.0,0.0,0.0,450679,2.0,6.0,32.0,0.09375,0.2105263157894736,0.1875,0.3980263157894737,0.1167763157894736,0.09375,0.1842105263157894,0.131578947368421,0.7142857142857143,0.08,0.25,38.0,32.0,0.1416118421052631,0.6976744186046512,0.5886627906976745,5.064000000000001,0.34375,2026,문학,1.027807913649001,0.2033972905639296,-5.254293846978065,-3.034851813133699,0
2026-04-06,SSG,김재환,5.0,5.0,38.0,32.0,3.0,5.0,0.0,7.0,0.0,0.0,1.0,0.0,1.0,2.0,0.0,0.0,450679,2.0,6.0,32.0,0.09375,0.2105263157894736,0.1875,0.3980263157894737,0.1167763157894736,0.09375,0.1842105263157894,0.131578947368421,0.7142857142857143,0.08,0.25,38.0,32.0,0.1416118421052631,0.6976744186046512,0.5886627906976745,5.064000000000001,0.34375,2026,문학,1.027807913649001,0.2033972905639296,-5.254293846978065,-3.034851813133699,0
2026-04-07,SSG,김재환,5.0,5.0,42.0,34.0,3.0,7.0,0.0,8.0,0.0,0.0,1.0,0.0,1.0,2.0,0.0,0.0,450679,2.0,6.0,34.0,0.088235294117647,0.238095238095238,0.1764705882352941,0.4145658263305322,0.149859943977591,0.088235294117647,0.1904761904761904,0.1666666666666666,0.875,0.0769230769230769,0.2941176470588235,42.0,34.0,0.1512605042016806,0.8571428571428571,0.680672268907563,5.736000000000001,0.3823529411764705,2026,문학,1.027807913649001,0.2213859128948196,-4.874179733390916,10.404825157528208,0
2026-04-08,SSG,김재환,5.0,5.0,47.0,37.0,3.0,9.0,0.0,10.0,0.0,0.0,1.0,0.0,1.0,2.0,0.0,0.0,450679,2.0,6.0,37.0,0.081081081081081,0.2553191489361702,0.1621621621621621,0.4174813110983323,0.1742380678550891,0.081081081081081,0.2127659574468085,0.1914893617021276,0.9,0.074074074074074,0.3243243243243243,47.0,37.0,0.1554341575618171,0.9642857142857144,0.7036679536679536,6.31,0.4054054054054054,2026,문학,1.027807913649001,0.2300283329002613,-5.165086997418719,14.878413103659426,0
2026-04-09,SSG,김재환,5.0,5.0,47.0,37.0,3.0,9.0,0.0,10.0,0.0,0.0,1.0,0.0,1.0,2.0,0.0,0.0,450679,2.0,6.0,37.0,0.081081081081081,0.2553191489361702,0.1621621621621621,0.4174813110983323,0.1742380678550891,0.081081081081081,0.2127659574468085,0.1914893617021276,0.9,0.074074074074074,0.3243243243243243,47.0,37.0,0.1554341575618171,0.9642857142857144,0.7036679536679536,6.31,0.4054054054054054,2026,문학,1.027807913649001,0.2300283329002613,-5.165086997418719,14.878413103659426,0
2026-04-10,SSG,김재환,6.0,5.0,51.0,39.0,4.0,11.0,0.0,11.0,0.0,0.0,1.0,0.0,1.0,2.0,0.0,0.0,450679,3.0,7.0,38.0,0.1025641025641025,0.2941176470588235,0.1794871794871795,0.473604826546003,0.1915535444947209,0.0769230769230769,0.2156862745098039,0.2156862745098039,1.0,0.1071428571428571,0.358974358974359,51.0,39.0,0.1772247360482654,1.3548387096774193,0.9626485568760612,7.391999999999999,0.4736842105263157,2026,문학,1.027807913649001,0.2599570534451355,-4.265930672290249,34.54777304886585,0
2026-04-11,SSG,김재환,7.0,6.0,56.0,44.0,6.0,11.0,0.0,11.0,0.0,0.0,2.0,0.0,1.0,2.0,0.0,0.0,450679,4.0,12.0,41.0,0.1363636363636363,0.3035714285714285,0.2727272727272727,0.5762987012987013,0.1672077922077922,0.1363636363636363,0.1964285714285714,0.1964285714285714,1.0,0.125,0.3863636363636363,28.0,22.0,0.204788961038961,2.5074626865671643,1.6512559155442303,9.602,0.5609756097560976,2026,문학,1.027807913649001,0.2898636558254934,-3.1030506381674097,55.05443015330502,0
2026-04-12,SSG,김재환,7.0,6.0,60.0,48.0,6.0,11.0,0.0,12.0,0.0,0.0,2.0,0.0,1.0,2.0,0.0,0.0,450679,4.0,12.0,45.0,0.125,0.2833333333333333,0.25,0.5333333333333333,0.1583333333333333,0.125,0.2,0.1833333333333333,0.9166666666666666,0.1142857142857142,0.3541666666666667,30.0,24.0,0.19,2.3661971830985915,1.4197183098591548,9.774,0.5111111111111111,2026,문학,1.027807913649001,0.2704427778852611,-4.145530732785049,44.10017037776879,0
2026-03-28,한화,최재훈,0.0,0.0,2.0,2.0,0.0,0.0,0.0,0.0,0.0,0.0,0.0,0.0,0.0,1.0,0.0,0.0,450681,0.0,0.0,3.0,0.0,0.0,0.0,0.0,0.0,0.0,0.0,0.0,0.0,0.0,0.0,0.0,0.0,0.0,-0.0,-0.0,-0.19,0.0,2026,대전,1.019564452032887,0.0,-0.6745084360804672,-128.17619761181462,0
2026-03-29,한화,최재훈,0.0,1.0,6.0,6.0,1.0,0.0,0.0,1.0,0.0,0.0,0.0,0.0,0.0,1.0,0.0,0.0,450681,1.0,1.0,6.0,0.1666666666666666,0.1666666666666666,0.1666666666666666,0.3333333333333333,0.0,0.0,0.1666666666666666,0.0,0.0,0.2,0.0,0.0,0.0,0.1166666666666666,0.0,0.0,0.392,0.1666666666666666,2026,대전,1.019564452032887,0.1576655837247886,-1.2270081353029327,-33.623856645411095,0
2026-03-30,한화,최재훈,0.0,1.0,6.0,6.0,1.0,0.0,0.0,1.0,0.0,0.0,0.0,0.0,0.0,1.0,0.0,0.0,450681,1.0,1.0,6.0,0.1666666666666666,0.1666666666666666,0.1666666666666666,0.3333333333333333,0.0,0.0,0.1666666666666666,0.0,0.0,0.2,0.0,0.0,0.0,0.1166666666666666,0.0,0.0,0.392,0.1666666666666666,2026,대전,1.019564452032887,0.1576655837247886,-1.2270081353029327,-33.623856645411095,0
2026-03-31,한화,최재훈,0.0,1.0,8.0,8.0,1.0,0.0,0.0,2.0,0.0,0.0,0.0,0.0,0.0,1.0,0.0,0.0,450681,1.0,1.0,8.0,0.125,0.125,0.125,0.25,0.0,0.0,0.25,0.0,0.0,0.1666666666666666,0.0,0.0,0.0,0.0875,0.0,0.0,0.384,0.125,2026,대전,1.019564452032887,0.1186729884548224,-1.7920696685753943,-54.88779597428351,0
2026-04-01,한화,최재훈,0.0,1.0,11.0,9.0,1.0,0.0,1.0,3.0,0.0,0.0,0.0,1.0,0.0,1.0,0.0,0.0,450681,1.0,1.0,10.0,0.1111111111111111,0.2,0.1111111111111111,0.3111111111111111,0.0888888888888889,0.0,0.2727272727272727,0.0,0.0,0.1666666666666666,0.0,0.0,0.0,0.1177777777777777,0.0,0.0,0.666,0.2,2026,대전,1.019564452032887,0.175735010306396,-1.995980952380952,-21.20695205052703,0
2026-04-02,한화,최재훈,0.0,1.0,11.0,9.0,1.0,0.0,1.0,3.0,0.0,0.0,0.0,1.0,0.0,1.0,0.0,0.0,450681,1.0,1.0,10.0,0.1111111111111111,0.2,0.1111111111111111,0.3111111111111111,0.0888888888888889,0.0,0.2727272727272727,0.0,0.0,0.1666666666666666,0.0,0.0,0.0,0.1177777777777777,0.0,0.0,0.666,0.2,2026,대전,1.019564452032887,0.1753680016079224,-1.904335881232926,-17.037815182224847,0
2026-04-03,한화,최재훈,3.0,3.0,16.0,13.0,2.0,0.0,2.0,4.0,0.0,0.0,0.0,1.0,0.0,1.0,0.0,0.0,450681,2.0,2.0,13.0,0.1538461538461538,0.2666666666666666,0.1538461538461538,0.4205128205128205,0.1128205128205128,0.0,0.25,0.0,0.0,0.2222222222222222,0.0,0.0,0.0,0.1584615384615384,0.2222222222222222,0.4615384615384615,1.588,0.3076923076923077,2026,대전,1.019564452032887,0.2340438957696173,-1.918796525670839,16.59327077037549,0
2026-04-04,한화,최재훈,3.0,3.0,21.0,16.0,2.0,1.0,3.0,5.0,0.0,0.0,0.0,1.0,0.0,1.0,0.0,0.0,450681,2.0,2.0,16.0,0.125,0.3,0.125,0.425,0.175,0.0,0.238095238095238,0.0476190476190476,0.2,0.1818181818181818,0.0625,0.0,0.0,0.16625,0.32,0.54,2.3500000000000005,0.375,2026,대전,1.019564452032887,0.2542972168883232,-2.1424037140720533,27.67458019731517,0
2026-04-05,한화,최재훈,3.0,3.0,24.0,18.0,3.0,1.0,4.0,5.0,0.0,0.0,0.0,1.0,0.0,1.0,0.0,0.0,450681,3.0,3.0,17.0,0.1666666666666666,0.3478260869565217,0.1666666666666666,0.5144927536231884,0.181159420289855,0.0,0.2083333333333333,0.0416666666666666,0.2,0.2307692307692307,0.0555555555555555,0.0,0.0,0.1981884057971014,0.6206896551724138,0.9858012170385396,3.28,0.4705882352941176,2026,대전,1.019564452032887,0.2961355278639572,-1.3942079954650226,55.92363475633229,0
2026-04-06,한화,최재훈,3.0,3.0,24.0,18.0,3.0,1.0,4.0,5.0,0.0,0.0,0.0,1.0,0.0,1.0,0.0,0.0,450681,3.0,3.0,17.0,0.1666666666666666,0.3478260869565217,0.1666666666666666,0.5144927536231884,0.181159420289855,0.0,0.2083333333333333,0.0416666666666666,0.2,0.2307692307692307,0.0555555555555555,0.0,0.0,0.1981884057971014,0.6206896551724138,0.9858012170385396,3.28,0.4705882352941176,2026,대전,1.019564452032887,0.2961355278639572,-1.3942079954650226,55.92363475633229,0
2026-04-07,한화,최재훈,3.0,3.0,28.0,21.0,3.0,1.0,4.0,5.0,0.0,0.0,0.0,2.0,0.0,1.0,0.0,0.0,450681,3.0,3.0,21.0,0.1428571428571428,0.3076923076923077,0.1428571428571428,0.4505494505494505,0.1648351648351648,0.0,0.1785714285714285,0.0357142857142857,0.2,0.1875,0.0476190476190476,0.0,0.0,0.1741758241758241,0.4545454545454545,0.5844155844155844,3.59,0.3809523809523809,2026,대전,1.019564452032887,0.2620132042955764,-2.291032689833933,36.83492030616695,0
2026-04-08,한화,최재훈,3.0,3.0,32.0,25.0,3.0,1.0,4.0,6.0,0.0,0.0,0.0,2.0,0.0,1.0,0.0,0.0,450681,3.0,3.0,25.0,0.12,0.2666666666666666,0.12,0.3866666666666666,0.1466666666666666,0.0,0.1875,0.03125,0.1666666666666666,0.1578947368421052,0.04,0.0,0.0,0.15,0.4054054054054054,0.4378378378378379,3.762000000000001,0.32,2026,대전,1.019564452032887,0.2266415323451976,-3.608382961163978,13.554992355854356,0
2026-04-09,한화,최재훈,3.0,3.0,32.0,25.0,3.0,1.0,4.0,6.0,0.0,0.0,0.0,2.0,0.0,1.0,0.0,0.0,450681,3.0,3.0,25.0,0.12,0.2666666666666666,0.12,0.3866666666666666,0.1466666666666666,0.0,0.1875,0.03125,0.1666666666666666,0.1578947368421052,0.04,0.0,0.0,0.15,0.4054054054054054,0.4378378378378379,3.762000000000001,0.32,2026,대전,1.019564452032887,0.2266415323451976,-3.608382961163978,13.554992355854356,0
2026-04-10,한화,최재훈,3.0,3.0,34.0,27.0,3.0,1.0,4.0,7.0,0.0,0.0,0.0,2.0,0.0,1.0,0.0,0.0,450681,3.0,3.0,27.0,0.1111111111111111,0.25,0.1111111111111111,0.3611111111111111,0.1388888888888889,0.0,0.2058823529411764,0.0294117647058823,0.1428571428571428,0.15,0.037037037037037,0.0,0.0,0.1402777777777777,0.3846153846153846,0.3846153846153846,3.754,0.2962962962962963,2026,대전,1.019564452032887,0.2118786571131774,-4.229299038344321,4.843642766419087,0
2026-04-11,한화,최재훈,3.0,3.0,34.0,27.0,3.0,1.0,4.0,7.0,0.0,0.0,0.0,2.0,0.0,1.0,0.0,0.0,450681,3.0,3.0,27.0,0.1111111111111111,0.25,0.1111111111111111,0.3611111111111111,0.1388888888888889,0.0,0.2058823529411764,0.0294117647058823,0.1428571428571428,0.15,0.037037037037037,0.0,0.0,0.1402777777777777,0.3846153846153846,0.3846153846153846,3.754,0.2962962962962963,2026,대전,1.019564452032887,0.2116258052370214,-4.108722240110035,6.08823627954278,0
2026-04-12,한화,최재훈,3.0,3.0,34.0,27.0,3.0,1.0,4.0,7.0,0.0,0.0,0.0,2.0,0.0,1.0,0.0,0.0,450681,3.0,3.0,27.0,0.1111111111111111,0.25,0.1111111111111111,0.3611111111111111,0.1388888888888889,0.0,0.2058823529411764,0.0294117647058823,0.1428571428571428,0.15,0.037037037037037,0.0,0.0,0.1402777777777777,0.3846153846153846,0.3846153846153846,3.754,0.2962962962962963,2026,대전,1.019564452032887,0.21124239501968,-4.019478310100385,7.15439535162854,0
2026-03-28,키움,최주환,0.0,0.0,6.0,6.0,1.0,0.0,0.0,0.0,0.0,0.0,0.0,0.0,0.0,2.0,0.0,0.0,450682,1.0,1.0,7.0,0.1666666666666666,0.1666666666666666,0.1666666666666666,0.3333333333333333,0.0,0.0,0.0,0.0,0.0,0.1666666666666666,0.0,0.0,0.0,0.1166666666666666,-0.1666666666666666,-0.6428571428571429,0.2099999999999999,0.1428571428571428,2026,고척,0.9666905138306804,0.162799032955909,-1.155763843824356,-25.877522128560148,0
2026-03-29,키움,최주환,0.0,0.0,7.0,7.0,2.0,0.0,0.0,0.0,1.0,0.0,0.0,0.0,0.0,2.0,0.0,0.0,450682,1.0,3.0,7.0,0.2857142857142857,0.2857142857142857,0.4285714285714285,0.7142857142857142,0.0,0.1428571428571428,0.0,0.0,0.0,0.2857142857142857,0.1428571428571428,0.0,0.0,0.2357142857142857,0.0,0.0,0.93,0.4285714285714285,2026,고척,0.9666905138306804,0.3159249830360625,-0.3912673945621921,67.34294760060725,0
2026-03-30,키움,최주환,0.0,0.0,7.0,7.0,2.0,0.0,0.0,0.0,1.0,0.0,0.0,0.0,0.0,2.0,0.0,0.0,450682,1.0,3.0,7.0,0.2857142857142857,0.2857142857142857,0.4285714285714285,0.7142857142857142,0.0,0.1428571428571428,0.0,0.0,0.0,0.2857142857142857,0.1428571428571428,0.0,0.0,0.2357142857142857,0.0,0.0,0.93,0.4285714285714285,2026,고척,0.9666905138306804,0.3159249830360625,-0.3912673945621921,67.34294760060725,0
2026-03-31,키움,최주환,0.0,0.0,7.0,7.0,2.0,0.0,0.0,0.0,1.0,0.0,0.0,0.0,0.0,2.0,0.0,0.0,450682,1.0,3.0,7.0,0.2857142857142857,0.2857142857142857,0.4285714285714285,0.7142857142857142,0.0,0.1428571428571428,0.0,0.0,0.0,0.2857142857142857,0.1428571428571428,0.0,0.0,0.2357142857142857,0.0,0.0,0.93,0.4285714285714285,2026,고척,0.9666905138306804,0.3189939046926845,-0.309272452343769,73.16792874741996,0
2026-04-01,키움,최주환,0.0,0.0,7.0,7.0,2.0,0.0,0.0,0.0,1.0,0.0,0.0,0.0,0.0,2.0,0.0,0.0,450682,1.0,3.0,7.0,0.2857142857142857,0.2857142857142857,0.4285714285714285,0.7142857142857142,0.0,0.1428571428571428,0.0,0.0,0.0,0.2857142857142857,0.1428571428571428,0.0,0.0,0.2357142857142857,0.0,0.0,0.93,0.4285714285714285,2026,고척,0.9666905138306804,0.3174963018629587,-0.3527767470624609,70.21033017399164,0
2026-04-02,키움,최주환,0.0,0.0,11.0,11.0,3.0,0.0,0.0,1.0,2.0,0.0,0.0,0.0,0.0,2.0,0.0,0.0,450682,1.0,5.0,10.0,0.2727272727272727,0.2727272727272727,0.4545454545454545,0.7272727272727273,0.0,0.1818181818181818,0.0909090909090909,0.0,0.0,0.3,0.1818181818181818,0.0,0.0,0.2363636363636363,0.4545454545454545,1.227272727272727,1.732,0.5,2026,고척,0.9666905138306804,0.3187689802036967,-0.472681503352742,74.7662214038321,0
2026-04-03,키움,최주환,2.0,0.0,15.0,14.0,3.0,1.0,0.0,1.0,2.0,0.0,0.0,0.0,0.0,3.0,0.0,0.0,450682,1.0,5.0,14.0,0.2142857142857142,0.2666666666666666,0.3571428571428571,0.6238095238095238,0.0523809523809523,0.1428571428571428,0.0666666666666666,0.0666666666666666,1.0,0.2307692307692307,0.2142857142857142,0.0,0.0,0.2092857142857143,0.3125,0.6026785714285714,1.972,0.4285714285714285,2026,고척,0.9666905138306804,0.286414008173615,-1.0938717428164113,53.802034453609885,0
2026-04-04,키움,최주환,2.0,1.0,19.0,18.0,6.0,1.0,0.0,1.0,2.0,0.0,0.0,0.0,0.0,3.0,0.0,0.0,450682,4.0,8.0,15.0,0.3333333333333333,0.3684210526315789,0.4444444444444444,0.8128654970760234,0.0350877192982456,0.1111111111111111,0.0526315789473684,0.0526315789473684,1.0,0.3529411764705882,0.1666666666666666,0.0,0.0,0.2769005847953216,1.6,2.8800000000000003,3.562,0.6,2026,고척,0.9666905138306804,0.3759303292903673,0.1275432160750699,107.96118291479506,0
2026-04-05,키움,최주환,2.0,1.0,24.0,23.0,6.0,1.0,0.0,4.0,2.0,0.0,0.0,0.0,0.0,3.0,0.0,0.0,450682,4.0,8.0,20.0,0.2608695652173913,0.2916666666666667,0.3478260869565217,0.6394927536231885,0.0307971014492753,0.0869565217391304,0.1666666666666666,0.0416666666666666,0.25,0.3157894736842105,0.1304347826086956,0.0,0.0,0.2182065217391304,1.28,1.7280000000000002,3.447999999999999,0.45,2026,고척,0.9666905138306804,0.2982322671633726,-1.3507012211913494,62.52539620289176,0
2026-04-06,키움,최주환,2.0,1.0,24.0,23.0,6.0,1.0,0.0,4.0,2.0,0.0,0.0,0.0,0.0,3.0,0.0,0.0,450682,4.0,8.0,20.0,0.2608695652173913,0.2916666666666667,0.3478260869565217,0.6394927536231885,0.0307971014492753,0.0869565217391304,0.1666666666666666,0.0416666666666666,0.25,0.3157894736842105,0.1304347826086956,0.0,0.0,0.2182065217391304,1.28,1.7280000000000002,3.447999999999999,0.45,2026,고척,0.9666905138306804,0.2982322671633726,-1.3507012211913494,62.52539620289176,0
2026-04-07,키움,최주환,4.0,1.0,28.0,25.0,7.0,2.0,0.0,4.0,2.0,0.0,0.0,0.0,1.0,3.0,0.0,0.0,450682,5.0,9.0,22.0,0.28,0.3214285714285714,0.36,0.6814285714285715,0.0414285714285714,0.0799999999999999,0.1428571428571428,0.0714285714285714,0.5,0.3181818181818182,0.16,0.0,0.0,0.2346428571428571,1.5,1.8409090909090908,4.748,0.5,2026,고척,0.9666905138306804,0.3181930620132548,-0.965718509546113,77.53022061603822,0
2026-04-08,키움,최주환,5.0,1.0,32.0,28.0,9.0,3.0,0.0,4.0,2.0,0.0,0.0,0.0,1.0,3.0,0.0,0.0,450682,7.0,11.0,23.0,0.3214285714285714,0.375,0.3928571428571428,0.7678571428571428,0.0535714285714285,0.0714285714285714,0.125,0.09375,0.75,0.36,0.1785714285714285,0.0,0.0,0.2669642857142857,2.5142857142857142,2.951552795031056,6.177999999999998,0.6086956521739131,2026,고척,0.9666905138306804,0.3610828990872446,0.0328221714026513,104.0994640732578,0
2026-04-09,키움,최주환,5.0,1.0,32.0,28.0,9.0,3.0,0.0,4.0,2.0,0.0,0.0,0.0,1.0,3.0,0.0,0.0,450682,7.0,11.0,23.0,0.3214285714285714,0.375,0.3928571428571428,0.7678571428571428,0.0535714285714285,0.0714285714285714,0.125,0.09375,0.75,0.36,0.1785714285714285,0.0,0.0,0.2669642857142857,2.5142857142857142,2.951552795031056,6.177999999999998,0.6086956521739131,2026,고척,0.9666905138306804,0.3610828990872446,0.0328221714026513,104.0994640732578,0
2026-04-10,키움,최주환,6.0,2.0,36.0,32.0,10.0,3.0,0.0,6.0,2.0,0.0,1.0,0.0,1.0,3.0,0.0,0.0,450682,7.0,15.0,26.0,0.3125,0.3611111111111111,0.46875,0.8298611111111112,0.0486111111111111,0.15625,0.1666666666666666,0.0833333333333333,0.5,0.3461538461538461,0.25,36.0,32.0,0.2796875,3.4615384615384617,3.594674556213018,7.512,0.6923076923076923,2026,고척,0.9666905138306804,0.3759668024464666,0.5281260770549584,114.32255422731336,0
2026-04-11,키움,최주환,7.0,2.0,40.0,36.0,12.0,3.0,0.0,6.0,2.0,0.0,1.0,0.0,1.0,3.0,0.0,0.0,450682,9.0,17.0,28.0,0.3333333333333333,0.375,0.4722222222222222,0.8472222222222222,0.0416666666666666,0.1388888888888889,0.15,0.075,0.5,0.3666666666666666,0.2222222222222222,40.0,36.0,0.2868055555555555,4.348837209302325,4.193521594684385,8.691999999999998,0.7142857142857143,2026,고척,0.9666905138306804,0.3863740092778881,1.0121396734044197,122.58532443521136,0
2026-04-12,키움,최주환,7.0,2.0,44.0,40.0,12.0,3.0,0.0,7.0,2.0,0.0,1.0,0.0,1.0,3.0,0.0,0.0,450682,9.0,17.0,32.0,0.3,0.3409090909090909,0.425,0.7659090909090909,0.0409090909090908,0.125,0.1590909090909091,0.0681818181818181,0.4285714285714285,0.3333333333333333,0.2,44.0,40.0,0.2596590909090909,3.978723404255319,3.3570478723404253,8.863999999999999,0.625,2026,고척,0.9666905138306804,0.3512826053804474,-0.0882988638814036,101.78809844309576,0
2026-03-28,KT,허경민,1.0,1.0,5.0,5.0,3.0,0.0,0.0,0.0,0.0,0.0,0.0,0.0,0.0,0.0,0.0,0.0,450683,3.0,3.0,2.0,0.6,0.6,0.6,1.2,0.0,0.0,0.0,0.0,0.0,0.6,0.0,0.0,0.0,0.42,1.8,24.3,1.68,1.5,2026,수원,1.0287682311922934,0.5860765186412726,0.9170133030499682,220.1440384591664,0
2026-03-29,KT,허경민,4.0,2.0,9.0,8.0,6.0,1.0,0.0,0.0,0.0,0.0,1.0,0.0,0.0,0.0,0.0,0.0,450683,5.0,9.0,2.0,0.75,0.7777777777777778,1.125,1.9027777777777777,0.0277777777777777,0.375,0.0,0.1111111111111111,0.0,0.7142857142857143,0.5,9.0,8.0,0.6312500000000001,6.3,85.05,4.46,5.0,2026,수원,1.0287682311922934,0.8196985517037153,3.754344894026975,365.7032346842389,0
2026-03-30,KT,허경민,4.0,2.0,9.0,8.0,6.0,1.0,0.0,0.0,0.0,0.0,1.0,0.0,0.0,0.0,0.0,0.0,450683,5.0,9.0,2.0,0.75,0.7777777777777778,1.125,1.9027777777777777,0.0277777777777777,0.375,0.0,0.1111111111111111,0.0,0.7142857142857143,0.5,9.0,8.0,0.6312500000000001,6.3,85.05,4.46,5.0,2026,수원,1.0287682311922934,0.8196985517037153,3.754344894026975,365.7032346842389,0
2026-03-31,KT,허경민,4.0,2.0,12.0,10.0,6.0,1.0,1.0,1.0,0.0,0.0,1.0,0.0,0.0,0.0,0.0,0.0,450683,5.0,9.0,4.0,0.6,0.6666666666666666,0.9,1.5666666666666669,0.0666666666666666,0.3,0.0833333333333333,0.0833333333333333,1.0,0.625,0.4,12.0,10.0,0.525,5.142857142857143,34.714285714285715,4.792000000000001,2.75,2026,수원,1.0287682311922934,0.6879974380331474,3.444846744007339,293.107025424972,0
2026-04-01,KT,허경민,4.0,2.0,12.0,10.0,6.0,1.0,1.0,1.0,0.0,0.0,1.0,0.0,0.0,0.0,0.0,0.0,450683,5.0,9.0,4.0,0.6,0.6666666666666666,0.9,1.5666666666666669,0.0666666666666666,0.3,0.0833333333333333,0.0833333333333333,1.0,0.625,0.4,12.0,10.0,0.525,5.142857142857143,34.714285714285715,4.792000000000001,2.75,2026,수원,1.0287682311922934,0.6850815340324213,3.4731626468769323,287.33626736634585,0
2026-04-02,KT,허경민,4.0,2.0,12.0,10.0,6.0,1.0,1.0,1.0,0.0,0.0,1.0,0.0,0.0,0.0,0.0,0.0,450683,5.0,9.0,4.0,0.6,0.6666666666666666,0.9,1.5666666666666669,0.0666666666666666,0.3,0.0833333333333333,0.0833333333333333,1.0,0.625,0.4,12.0,10.0,0.525,5.142857142857143,34.714285714285715,4.792000000000001,2.75,2026,수원,1.0287682311922934,0.6861530229257111,3.4855903860481807,290.20849901388834,0
2026-04-03,KT,허경민,4.0,2.0,12.0,10.0,6.0,1.0,1.0,1.0,0.0,0.0,1.0,0.0,0.0,0.0,0.0,0.0,450683,5.0,9.0,4.0,0.6,0.6666666666666666,0.9,1.5666666666666669,0.0666666666666666,0.3,0.0833333333333333,0.0833333333333333,1.0,0.625,0.4,12.0,10.0,0.525,5.142857142857143,34.714285714285715,4.792000000000001,2.75,2026,수원,1.0287682311922934,0.6883923232966757,3.45400864203829,292.61375732855424,0
2026-04-04,KT,허경민,4.0,2.0,12.0,10.0,6.0,1.0,1.0,1.0,0.0,0.0,1.0,0.0,0.0,0.0,0.0,0.0,450683,5.0,9.0,4.0,0.6,0.6666666666666666,0.9,1.5666666666666669,0.0666666666666666,0.3,0.0833333333333333,0.0833333333333333,1.0,0.625,0.4,12.0,10.0,0.525,5.142857142857143,34.714285714285715,4.792000000000001,2.75,2026,수원,1.0287682311922934,0.6883827506669489,3.432297284874286,294.4121696244375,0
2026-04-05,KT,허경민,4.0,2.0,12.0,10.0,6.0,1.0,1.0,1.0,0.0,0.0,1.0,0.0,0.0,0.0,0.0,0.0,450683,5.0,9.0,4.0,0.6,0.6666666666666666,0.9,1.5666666666666669,0.0666666666666666,0.3,0.0833333333333333,0.0833333333333333,1.0,0.625,0.4,12.0,10.0,0.525,5.142857142857143,34.714285714285715,4.792000000000001,2.75,2026,수원,1.0287682311922934,0.6913209504102241,3.402891404595365,302.7302517704019,0
2026-04-06,KT,허경민,4.0,2.0,12.0,10.0,6.0,1.0,1.0,1.0,0.0,0.0,1.0,0.0,0.0,0.0,0.0,0.0,450683,5.0,9.0,4.0,0.6,0.6666666666666666,0.9,1.5666666666666669,0.0666666666666666,0.3,0.0833333333333333,0.0833333333333333,1.0,0.625,0.4,12.0,10.0,0.525,5.142857142857143,34.714285714285715,4.792000000000001,2.75,2026,수원,1.0287682311922934,0.6913209504102241,3.402891404595365,302.7302517704019,0
2026-04-07,KT,허경민,4.0,2.0,12.0,10.0,6.0,1.0,1.0,1.0,0.0,0.0,1.0,0.0,0.0,0.0,0.0,0.0,450683,5.0,9.0,4.0,0.6,0.6666666666666666,0.9,1.5666666666666669,0.0666666666666666,0.3,0.0833333333333333,0.0833333333333333,1.0,0.625,0.4,12.0,10.0,0.525,5.142857142857143,34.714285714285715,4.792000000000001,2.75,2026,수원,1.0287682311922934,0.6953635798228062,3.3994047379850376,309.0378680318067,0
2026-04-08,KT,허경민,4.0,2.0,12.0,10.0,6.0,1.0,1.0,1.0,0.0,0.0,1.0,0.0,0.0,0.0,0.0,0.0,450683,5.0,9.0,4.0,0.6,0.6666666666666666,0.9,1.5666666666666669,0.0666666666666666,0.3,0.0833333333333333,0.0833333333333333,1.0,0.625,0.4,12.0,10.0,0.525,5.142857142857143,34.714285714285715,4.792000000000001,2.75,2026,수원,1.0287682311922934,0.6937021558415678,3.3905513010722754,308.8248788288496,0
2026-04-09,KT,허경민,4.0,2.0,12.0,10.0,6.0,1.0,1.0,1.0,0.0,0.0,1.0,0.0,0.0,0.0,0.0,0.0,450683,5.0,9.0,4.0,0.6,0.6666666666666666,0.9,1.5666666666666669,0.0666666666666666,0.3,0.0833333333333333,0.0833333333333333,1.0,0.625,0.4,12.0,10.0,0.525,5.142857142857143,34.714285714285715,4.792000000000001,2.75,2026,수원,1.0287682311922934,0.6937021558415678,3.3905513010722754,308.8248788288496,0
2026-04-10,KT,허경민,4.0,2.0,12.0,10.0,6.0,1.0,1.0,1.0,0.0,0.0,1.0,0.0,0.0,0.0,0.0,0.0,450683,5.0,9.0,4.0,0.6,0.6666666666666666,0.9,1.5666666666666669,0.0666666666666666,0.3,0.0833333333333333,0.0833333333333333,1.0,0.625,0.4,12.0,10.0,0.525,5.142857142857143,34.714285714285715,4.792000000000001,2.75,2026,수원,1.0287682311922934,0.6919870604440522,3.389889791559724,308.779067038256,0
2026-04-11,KT,허경민,4.0,4.0,16.0,13.0,7.0,1.0,1.0,2.0,0.0,0.0,1.0,1.0,0.0,0.0,0.0,0.0,450683,6.0,10.0,7.0,0.5384615384615384,0.6,0.7692307692307693,1.3692307692307693,0.0615384615384615,0.2307692307692308,0.125,0.0625,0.5,0.6,0.3076923076923077,16.0,13.0,0.4623076923076923,4.444444444444445,17.142857142857142,5.324,1.7142857142857142,2026,수원,1.0287682311922934,0.6178954666306208,3.502932594296769,263.71772506656424,0
2026-04-12,KT,허경민,4.0,6.0,20.0,17.0,10.0,1.0,1.0,2.0,1.0,0.0,1.0,1.0,0.0,0.0,0.0,0.0,450683,8.0,14.0,8.0,0.5882352941176471,0.631578947368421,0.8235294117647058,1.4551083591331269,0.0433436532507739,0.2352941176470587,0.1,0.05,0.5,0.6428571428571429,0.2941176470588235,20.0,17.0,0.4900928792569659,7.0,23.625,7.134,2.0,2026,수원,1.0287682311922934,0.6564157631299314,5.024193570987329,290.25670866155,0
2026-03-28,LG,박동원,3.0,1.0,4.0,3.0,3.0,1.0,0.0,0.0,0.0,0.0,1.0,0.0,0.0,0.0,0.0,0.0,468477,2.0,6.0,0.0,1.0,1.0,2.0,3.0,0.0,1.0,0.0,0.25,0.0,1.0,1.3333333333333333,4.0,3.0,0.95,4.8,0.0,2.78,0.0,2026,잠실,0.9512583942824044,1.1778610820928996,2.836521739130435,580.5370368259403,0
2026-03-29,LG,박동원,4.0,2.0,9.0,6.0,3.0,3.0,0.0,2.0,0.0,0.0,1.0,0.0,0.0,0.0,0.0,0.0,468477,2.0,6.0,3.0,0.5,0.6666666666666666,1.0,1.6666666666666663,0.1666666666666666,0.5,0.2222222222222222,0.3333333333333333,1.5,0.6666666666666666,1.0,9.0,6.0,0.55,3.0,27.0,3.354,3.0,2026,잠실,0.9512583942824044,0.6779062211716185,2.556054378077499,287.730358388073,0
2026-03-30,LG,박동원,4.0,2.0,9.0,6.0,3.0,3.0,0.0,2.0,0.0,0.0,1.0,0.0,0.0,0.0,0.0,0.0,468477,2.0,6.0,3.0,0.5,0.6666666666666666,1.0,1.6666666666666663,0.1666666666666666,0.5,0.2222222222222222,0.3333333333333333,1.5,0.6666666666666666,1.0,9.0,6.0,0.55,3.0,27.0,3.354,3.0,2026,잠실,0.9512583942824044,0.6779062211716185,2.556054378077499,287.730358388073,0
2026-03-31,LG,박동원,4.0,2.0,11.0,8.0,3.0,3.0,0.0,3.0,0.0,0.0,1.0,0.0,0.0,0.0,0.0,0.0,468477,2.0,6.0,5.0,0.375,0.5454545454545454,0.75,1.2954545454545454,0.1704545454545454,0.375,0.2727272727272727,0.2727272727272727,1.0,0.5,0.75,11.0,8.0,0.4329545454545455,2.571428571428572,13.885714285714286,3.346,1.8,2026,잠실,0.9512583942824044,0.5596988845979662,1.8908746064797608,222.2291791459089,0
2026-04-01,LG,박동원,6.0,3.0,16.0,11.0,4.0,5.0,0.0,3.0,1.0,0.0,1.0,0.0,0.0,0.0,0.0,0.0,468477,2.0,8.0,7.0,0.3636363636363636,0.5625,0.7272727272727273,1.2897727272727273,0.1988636363636363,0.3636363636363636,0.1875,0.3125,1.6666666666666667,0.4285714285714285,0.8181818181818182,16.0,11.0,0.4349431818181818,3.4285714285714284,13.224489795918368,4.926,1.8571428571428568,2026,잠실,0.9512583942824044,0.5602776869940337,2.7848157081014224,219.26019488555585,0
2026-04-02,LG,박동원,6.0,4.0,20.0,13.0,4.0,7.0,0.0,3.0,1.0,0.0,1.0,0.0,0.0,0.0,0.0,0.0,468477,2.0,8.0,9.0,0.3076923076923077,0.55,0.6153846153846154,1.1653846153846157,0.2423076923076923,0.3076923076923077,0.15,0.35,2.333333333333333,0.3333333333333333,0.8461538461538461,20.0,13.0,0.4013461538461539,3.259259259259259,9.77777777777778,5.786000000000001,1.6666666666666667,2026,잠실,0.9512583942824044,0.5264152161420503,2.909763997350919,201.5865088170449,0
2026-04-03,LG,박동원,6.0,4.0,24.0,17.0,5.0,7.0,0.0,3.0,1.0,0.0,1.0,0.0,0.0,0.0,0.0,0.0,468477,3.0,9.0,12.0,0.2941176470588235,0.5,0.5294117647058824,1.0294117647058822,0.2058823529411764,0.2352941176470588,0.125,0.2916666666666667,2.333333333333333,0.3076923076923077,0.6470588235294118,24.0,17.0,0.3573529411764706,3.4838709677419355,7.838709677419355,6.555999999999999,1.3333333333333333,2026,잠실,0.9512583942824044,0.4793310193971151,2.405045264854733,172.93474517877877,0
2026-04-04,LG,박동원,6.0,5.0,29.0,22.0,6.0,7.0,0.0,5.0,1.0,0.0,1.0,0.0,0.0,1.0,0.0,0.0,468477,4.0,10.0,17.0,0.2727272727272727,0.4482758620689655,0.4545454545454545,0.90282131661442,0.1755485893416928,0.1818181818181818,0.1724137931034483,0.2413793103448276,1.4,0.3125,0.5,29.0,22.0,0.3153605015673981,3.333333333333333,5.294117647058823,6.670000000000001,1.0,2026,잠실,0.9512583942824044,0.4292278787657076,1.5763621240139594,142.3677654426006,0
2026-04-05,LG,박동원,7.0,5.0,34.0,26.0,7.0,7.0,0.0,8.0,1.0,0.0,1.0,0.0,1.0,1.0,0.0,0.0,468477,5.0,11.0,21.0,0.2692307692307692,0.4117647058823529,0.4230769230769231,0.8348416289592759,0.1425339366515837,0.1538461538461538,0.2352941176470588,0.2058823529411764,0.875,0.3333333333333333,0.4230769230769231,34.0,26.0,0.2910633484162896,3.2195121951219514,4.139372822299652,7.246000000000001,0.8571428571428571,2026,잠실,0.9512583942824044,0.3944534785386584,0.9149724868943494,124.3860950451163,0
2026-04-06,LG,박동원,7.0,5.0,34.0,26.0,7.0,7.0,0.0,8.0,1.0,0.0,1.0,0.0,1.0,1.0,0.0,0.0,468477,5.0,11.0,21.0,0.2692307692307692,0.4117647058823529,0.4230769230769231,0.8348416289592759,0.1425339366515837,0.1538461538461538,0.2352941176470588,0.2058823529411764,0.875,0.3333333333333333,0.4230769230769231,34.0,26.0,0.2910633484162896,3.2195121951219514,4.139372822299652,7.246000000000001,0.8571428571428571,2026,잠실,0.9512583942824044,0.3944534785386584,0.9149724868943494,124.3860950451163,0
2026-04-07,LG,박동원,7.0,5.0,36.0,28.0,7.0,7.0,0.0,9.0,1.0,0.0,1.0,0.0,1.0,1.0,0.0,0.0,468477,5.0,11.0,23.0,0.25,0.3888888888888889,0.3928571428571428,0.7817460317460317,0.1388888888888889,0.1428571428571428,0.25,0.1944444444444444,0.7777777777777778,0.3157894736842105,0.3928571428571428,36.0,28.0,0.2732142857142857,3.069767441860465,3.6036400404448936,7.238000000000001,0.782608695652174,2026,잠실,0.9512583942824044,0.3739177406627039,0.4485313833769411,114.19445798714484,0
2026-04-08,LG,박동원,7.0,6.0,40.0,31.0,7.0,8.0,0.0,10.0,1.0,0.0,1.0,0.0,1.0,1.0,0.0,0.0,468477,5.0,11.0,26.0,0.2258064516129032,0.375,0.3548387096774194,0.7298387096774194,0.1491935483870967,0.1290322580645161,0.25,0.2,0.8,0.2857142857142857,0.3870967741935484,40.0,31.0,0.2574596774193548,2.9791666666666665,3.09375,7.66,0.7307692307692307,2026,잠실,0.9512583942824044,0.3549426581686635,-0.1668498654840214,101.74879268704966,0
2026-04-09,LG,박동원,7.0,6.0,40.0,31.0,7.0,8.0,0.0,10.0,1.0,0.0,1.0,0.0,1.0,1.0,0.0,0.0,468477,5.0,11.0,26.0,0.2258064516129032,0.375,0.3548387096774194,0.7298387096774194,0.1491935483870967,0.1290322580645161,0.25,0.2,0.8,0.2857142857142857,0.3870967741935484,40.0,31.0,0.2574596774193548,2.9791666666666665,3.09375,7.66,0.7307692307692307,2026,잠실,0.9512583942824044,0.3549426581686635,-0.1668498654840214,101.74879268704966,0
2026-04-10,LG,박동원,7.0,6.0,44.0,34.0,8.0,9.0,0.0,11.0,2.0,0.0,1.0,0.0,1.0,1.0,0.0,0.0,468477,5.0,13.0,28.0,0.2352941176470588,0.3863636363636363,0.3823529411764705,0.7687165775401069,0.1510695187165775,0.1470588235294117,0.25,0.2045454545454545,0.8181818181818182,0.3043478260869565,0.4117647058823529,44.0,34.0,0.2694518716577539,3.679245283018868,3.547843665768194,8.712,0.7857142857142857,2026,잠실,0.9512583942824044,0.3687666212276714,0.376999207615023,111.29384657789186,0
2026-04-11,LG,박동원,8.0,7.0,48.0,34.0,8.0,11.0,1.0,11.0,2.0,0.0,1.0,0.0,2.0,1.0,0.0,0.0,468477,5.0,13.0,29.0,0.2352941176470588,0.4166666666666667,0.3823529411764705,0.7990196078431373,0.1813725490196078,0.1470588235294117,0.2291666666666666,0.2291666666666666,1.0,0.2916666666666667,0.4705882352941176,48.0,34.0,0.2830882352941176,3.683333333333333,3.4293103448275857,10.102000000000002,0.8620689655172413,2026,잠실,0.9512583942824044,0.3865377433997627,1.221140573863821,124.23273672643668,0
2026-04-12,LG,박동원,9.0,8.0,51.0,37.0,8.0,11.0,1.0,11.0,2.0,0.0,1.0,0.0,2.0,1.0,0.0,0.0,468477,5.0,13.0,32.0,0.2162162162162162,0.392156862745098,0.3513513513513513,0.7435082140964494,0.1759406465288818,0.1351351351351351,0.2156862745098039,0.2156862745098039,1.0,0.2592592592592592,0.4324324324324324,51.0,37.0,0.264308426073132,3.507936507936508,2.9598214285714284,10.372000000000002,0.78125,2026,잠실,0.9512583942824044,0.3635051870583879,0.4149454829317189,111.129374681582,0
2026-03-28,SSG,오태곤,3.0,1.0,2.0,2.0,2.0,0.0,0.0,0.0,0.0,0.0,0.0,0.0,0.0,0.0,0.0,0.0,510675,2.0,2.0,0.0,1.0,1.0,1.0,2.0,0.0,0.0,0.0,0.0,0.0,1.0,0.0,0.0,0.0,0.7,2.0,0.0,1.0,0.0,2026,문학,1.027807913649001,0.9767941977354544,1.0610144927536234,453.0671462047767,0
2026-03-29,SSG,오태곤,3.0,1.0,2.0,2.0,2.0,0.0,0.0,0.0,0.0,0.0,0.0,0.0,0.0,0.0,0.0,0.0,510675,2.0,2.0,0.0,1.0,1.0,1.0,2.0,0.0,0.0,0.0,0.0,0.0,1.0,0.0,0.0,0.0,0.7,2.0,0.0,1.0,0.0,2026,문학,1.027807913649001,0.945993502348732,1.0714814814814817,442.1538240197153,0
2026-03-30,SSG,오태곤,3.0,1.0,2.0,2.0,2.0,0.0,0.0,0.0,0.0,0.0,0.0,0.0,0.0,0.0,0.0,0.0,510675,2.0,2.0,0.0,1.0,1.0,1.0,2.0,0.0,0.0,0.0,0.0,0.0,1.0,0.0,0.0,0.0,0.7,2.0,0.0,1.0,0.0,2026,문학,1.027807913649001,0.945993502348732,1.0714814814814817,442.1538240197153,0
2026-03-31,SSG,오태곤,3.0,2.0,3.0,3.0,2.0,0.0,0.0,1.0,0.0,0.0,0.0,0.0,0.0,0.0,0.0,0.0,510675,2.0,2.0,1.0,0.6666666666666666,0.6666666666666666,0.6666666666666666,1.3333333333333333,0.0,0.0,0.3333333333333333,0.0,0.0,1.0,0.0,0.0,0.0,0.4666666666666667,1.3333333333333333,36.0,0.902,2.0,2026,문학,1.027807913649001,0.6329226050923866,0.712890607570462,259.44999014167524,0
2026-04-01,SSG,오태곤,3.0,2.0,4.0,4.0,2.0,0.0,0.0,2.0,0.0,0.0,0.0,0.0,0.0,0.0,0.0,0.0,510675,2.0,2.0,2.0,0.5,0.5,0.5,1.0,0.0,0.0,0.5,0.0,0.0,1.0,0.0,0.0,0.0,0.35,1.0,13.5,0.804,1.0,2026,문학,1.027807913649001,0.4744922474502793,0.378974644403216,159.48459524959716,0
2026-04-02,SSG,오태곤,3.0,2.0,5.0,5.0,2.0,0.0,0.0,3.0,0.0,0.0,0.0,0.0,0.0,0.0,0.0,0.0,510675,2.0,2.0,3.0,0.4,0.4,0.4,0.8,0.0,0.0,0.6,0.0,0.0,1.0,0.0,0.0,0.0,0.28,0.8,7.2,0.706,0.6666666666666666,2026,문학,1.027807913649001,0.3793830569405839,0.0602107536079912,105.2241511340085,0
2026-04-03,SSG,오태곤,4.0,3.0,6.0,6.0,3.0,0.0,0.0,3.0,1.0,0.0,0.0,0.0,0.0,0.0,0.0,0.0,510675,2.0,4.0,3.0,0.5,0.5,0.6666666666666666,1.1666666666666663,0.0,0.1666666666666666,0.5,0.0,0.0,1.0,0.1666666666666666,0.0,0.0,0.3916666666666666,2.0,18.0,1.426,1.3333333333333333,2026,문학,1.027807913649001,0.5307585657027092,0.8781858327451865,196.62663691707783,0
2026-04-04,SSG,오태곤,4.0,3.0,6.0,6.0,3.0,0.0,0.0,3.0,1.0,0.0,0.0,0.0,0.0,0.0,0.0,0.0,510675,2.0,4.0,3.0,0.5,0.5,0.6666666666666666,1.1666666666666663,0.0,0.1666666666666666,0.5,0.0,0.0,1.0,0.1666666666666666,0.0,0.0,0.3916666666666666,2.0,18.0,1.426,1.3333333333333333,2026,문학,1.027807913649001,0.5305665773000382,0.8696847896033917,197.1984481383152,0
2026-04-05,SSG,오태곤,4.0,3.0,7.0,7.0,3.0,0.0,0.0,3.0,1.0,0.0,0.0,0.0,0.0,0.0,0.0,0.0,510675,2.0,4.0,4.0,0.4285714285714285,0.4285714285714285,0.5714285714285714,1.0,0.0,0.1428571428571428,0.4285714285714285,0.0,0.0,0.75,0.1428571428571428,0.0,0.0,0.3357142857142857,1.7142857142857142,11.571428571428571,1.516,1.0,2026,문학,1.027807913649001,0.4562766128111706,0.5625305798530967,155.48575903483464,0
2026-04-06,SSG,오태곤,4.0,3.0,7.0,7.0,3.0,0.0,0.0,3.0,1.0,0.0,0.0,0.0,0.0,0.0,0.0,0.0,510675,2.0,4.0,4.0,0.4285714285714285,0.4285714285714285,0.5714285714285714,1.0,0.0,0.1428571428571428,0.4285714285714285,0.0,0.0,0.75,0.1428571428571428,0.0,0.0,0.3357142857142857,1.7142857142857142,11.571428571428571,1.516,1.0,2026,문학,1.027807913649001,0.4562766128111706,0.5625305798530967,155.48575903483464,0
2026-04-07,SSG,오태곤,4.0,3.0,7.0,7.0,3.0,0.0,0.0,3.0,1.0,0.0,0.0,0.0,0.0,0.0,0.0,0.0,510675,2.0,4.0,4.0,0.4285714285714285,0.4285714285714285,0.5714285714285714,1.0,0.0,0.1428571428571428,0.4285714285714285,0.0,0.0,0.75,0.1428571428571428,0.0,0.0,0.3357142857142857,1.7142857142857142,11.571428571428571,1.516,1.0,2026,문학,1.027807913649001,0.4587344869064705,0.5874330241747215,159.99609248129576,0
2026-04-08,SSG,오태곤,4.0,3.0,8.0,8.0,3.0,0.0,0.0,4.0,1.0,0.0,0.0,0.0,0.0,0.0,0.0,0.0,510675,2.0,4.0,5.0,0.375,0.375,0.5,0.875,0.0,0.125,0.5,0.0,0.0,0.75,0.125,0.0,0.0,0.29375,1.5,8.1,1.418,0.8,2026,문학,1.027807913649001,0.4004050603957877,0.2744555428506628,122.92419008407282,0
2026-04-09,SSG,오태곤,4.0,3.0,8.0,8.0,3.0,0.0,0.0,4.0,1.0,0.0,0.0,0.0,0.0,0.0,0.0,0.0,510675,2.0,4.0,5.0,0.375,0.375,0.5,0.875,0.0,0.125,0.5,0.0,0.0,0.75,0.125,0.0,0.0,0.29375,1.5,8.1,1.418,0.8,2026,문학,1.027807913649001,0.4004050603957877,0.2744555428506628,122.92419008407282,0
2026-04-10,SSG,오태곤,4.0,3.0,9.0,9.0,3.0,0.0,0.0,5.0,1.0,0.0,0.0,0.0,0.0,0.0,0.0,0.0,510675,2.0,4.0,6.0,0.3333333333333333,0.3333333333333333,0.4444444444444444,0.7777777777777777,0.0,0.1111111111111111,0.5555555555555556,0.0,0.0,0.75,0.1111111111111111,0.0,0.0,0.261111111111111,1.3333333333333333,6.0,1.32,0.6666666666666666,2026,문학,1.027807913649001,0.3550238494351851,-0.0277069651595614,94.91260764018035,0
2026-04-11,SSG,오태곤,4.0,3.0,9.0,9.0,3.0,0.0,0.0,5.0,1.0,0.0,0.0,0.0,0.0,0.0,0.0,0.0,510675,2.0,4.0,6.0,0.3333333333333333,0.3333333333333333,0.4444444444444444,0.7777777777777777,0.0,0.1111111111111111,0.5555555555555556,0.0,0.0,0.75,0.1111111111111111,0.0,0.0,0.261111111111111,1.3333333333333333,6.0,1.32,0.6666666666666666,2026,문학,1.027807913649001,0.3556529334245467,-0.0035069272607446,96.92270280593624,0
2026-04-12,SSG,오태곤,4.0,3.0,10.0,10.0,3.0,0.0,0.0,5.0,1.0,0.0,0.0,0.0,0.0,0.0,0.0,0.0,510675,2.0,4.0,7.0,0.3,0.3,0.4,0.7,0.0,0.1,0.5,0.0,0.0,0.6,0.1,0.0,0.0,0.235,1.2,4.628571428571428,1.41,0.5714285714285714,2026,문학,1.027807913649001,0.3201440333830505,-0.278473118525684,75.80980387114138,0
2026-03-31,삼성,김헌곤,0.0,0.0,3.0,3.0,0.0,0.0,0.0,1.0,0.0,0.0,0.0,0.0,0.0,0.0,0.0,0.0,588813,0.0,0.0,3.0,0.0,0.0,0.0,0.0,0.0,0.0,0.3333333333333333,0.0,0.0,0.0,0.0,0.0,0.0,0.0,0.0,0.0,0.0819999999999999,0.0,2026,대구,1.0406172533521605,0.0,-0.9916222949356732,-129.72279893949624,0
2026-04-01,삼성,김헌곤,0.0,0.0,3.0,3.0,0.0,0.0,0.0,1.0,0.0,0.0,0.0,0.0,0.0,0.0,0.0,0.0,588813,0.0,0.0,3.0,0.0,0.0,0.0,0.0,0.0,0.0,0.3333333333333333,0.0,0.0,0.0,0.0,0.0,0.0,0.0,0.0,0.0,0.0819999999999999,0.0,2026,대구,1.0406172533521605,0.0,-1.031751391465677,-130.08352821271652,0
2026-04-02,삼성,김헌곤,0.0,0.0,3.0,3.0,0.0,0.0,0.0,1.0,0.0,0.0,0.0,0.0,0.0,0.0,0.0,0.0,588813,0.0,0.0,3.0,0.0,0.0,0.0,0.0,0.0,0.0,0.3333333333333333,0.0,0.0,0.0,0.0,0.0,0.0,0.0,0.0,0.0,0.0819999999999999,0.0,2026,대구,1.0406172533521605,0.0,-0.9968551146554818,-124.94607445866362,0
2026-04-03,삼성,김헌곤,0.0,0.0,3.0,3.0,0.0,0.0,0.0,1.0,0.0,0.0,0.0,0.0,0.0,0.0,0.0,0.0,588813,0.0,0.0,3.0,0.0,0.0,0.0,0.0,0.0,0.0,0.3333333333333333,0.0,0.0,0.0,0.0,0.0,0.0,0.0,0.0,0.0,0.0819999999999999,0.0,2026,대구,1.0406172533521605,0.0,-0.9899083656328546,-128.16974710725682,0
2026-04-04,삼성,김헌곤,0.0,0.0,4.0,4.0,0.0,0.0,0.0,1.0,0.0,0.0,0.0,0.0,0.0,0.0,0.0,0.0,588813,0.0,0.0,4.0,0.0,0.0,0.0,0.0,0.0,0.0,0.25,0.0,0.0,0.0,0.0,0.0,0.0,0.0,0.0,0.0,0.172,0.0,2026,대구,1.0406172533521605,0.0,-1.317377034399607,-131.23084846948163,0
2026-04-05,삼성,김헌곤,0.0,0.0,5.0,5.0,0.0,0.0,0.0,1.0,0.0,0.0,0.0,0.0,0.0,0.0,0.0,0.0,588813,0.0,0.0,5.0,0.0,0.0,0.0,0.0,0.0,0.0,0.2,0.0,0.0,0.0,0.0,0.0,0.0,0.0,0.0,0.0,0.262,0.0,2026,대구,1.0406172533521605,0.0,-1.5706125483795057,-131.81795740621308,0
2026-04-06,삼성,김헌곤,0.0,0.0,5.0,5.0,0.0,0.0,0.0,1.0,0.0,0.0,0.0,0.0,0.0,0.0,0.0,0.0,588813,0.0,0.0,5.0,0.0,0.0,0.0,0.0,0.0,0.0,0.2,0.0,0.0,0.0,0.0,0.0,0.0,0.0,0.0,0.0,0.262,0.0,2026,대구,1.0406172533521605,0.0,-1.5706125483795057,-131.81795740621308,0
2026-04-07,삼성,김헌곤,0.0,0.0,7.0,7.0,0.0,0.0,0.0,1.0,0.0,0.0,0.0,0.0,0.0,0.0,0.0,0.0,588813,0.0,0.0,7.0,0.0,0.0,0.0,0.0,0.0,0.0,0.1428571428571428,0.0,0.0,0.0,0.0,0.0,0.0,0.0,0.0,0.0,0.442,0.0,2026,대구,1.0406172533521605,0.0,-2.1180175820702782,-130.40675236297662,0
2026-04-08,삼성,김헌곤,0.0,0.0,8.0,8.0,1.0,0.0,0.0,1.0,0.0,0.0,0.0,0.0,0.0,0.0,0.0,0.0,588813,1.0,1.0,7.0,0.125,0.125,0.125,0.25,0.0,0.0,0.125,0.0,0.0,0.1428571428571428,0.0,0.0,0.0,0.0875,0.125,0.4821428571428571,0.942,0.1428571428571428,2026,대구,1.0406172533521605,0.1186994665888144,-1.6329704951685466,-57.00262005734373,0
2026-04-09,삼성,김헌곤,0.0,0.0,8.0,8.0,1.0,0.0,0.0,1.0,0.0,0.0,0.0,0.0,0.0,0.0,0.0,0.0,588813,1.0,1.0,7.0,0.125,0.125,0.125,0.25,0.0,0.0,0.125,0.0,0.0,0.1428571428571428,0.0,0.0,0.0,0.0875,0.125,0.4821428571428571,0.942,0.1428571428571428,2026,대구,1.0406172533521605,0.1186994665888144,-1.6329704951685466,-57.00262005734373,0
2026-04-10,삼성,김헌곤,0.0,0.0,8.0,8.0,1.0,0.0,0.0,1.0,0.0,0.0,0.0,0.0,0.0,0.0,0.0,0.0,588813,1.0,1.0,7.0,0.125,0.125,0.125,0.25,0.0,0.0,0.125,0.0,0.0,0.1428571428571428,0.0,0.0,0.0,0.0875,0.125,0.4821428571428571,0.942,0.1428571428571428,2026,대구,1.0406172533521605,0.1183843218532557,-1.629005343519205,-56.62800208217329,0
2026-04-11,삼성,김헌곤,0.0,0.0,8.0,8.0,1.0,0.0,0.0,1.0,0.0,0.0,0.0,0.0,0.0,0.0,0.0,0.0,588813,1.0,1.0,7.0,0.125,0.125,0.125,0.25,0.0,0.0,0.125,0.0,0.0,0.1428571428571428,0.0,0.0,0.0,0.0875,0.125,0.4821428571428571,0.942,0.1428571428571428,2026,대구,1.0406172533521605,0.118423709062981,-1.590344532344518,-55.33082440782937,0
2026-04-12,삼성,김헌곤,0.0,0.0,8.0,8.0,1.0,0.0,0.0,1.0,0.0,0.0,0.0,0.0,0.0,0.0,0.0,0.0,588813,1.0,1.0,7.0,0.125,0.125,0.125,0.25,0.0,0.0,0.125,0.0,0.0,0.1428571428571428,0.0,0.0,0.0,0.0875,0.125,0.4821428571428571,0.942,0.1428571428571428,2026,대구,1.0406172533521605,0.1183304863707491,-1.562587371266596,-54.229117109024514,0
2026-03-28,롯데,유강남,0.0,0.0,4.0,4.0,1.0,0.0,0.0,1.0,0.0,0.0,0.0,0.0,0.0,0.0,0.0,0.0,588862,1.0,1.0,3.0,0.25,0.25,0.25,0.5,0.0,0.0,0.25,0.0,0.0,0.3333333333333333,0.0,0.0,0.0,0.175,0.25,2.25,0.582,0.3333333333333333,2026,사직,1.0488000917921212,0.2441985494338635,-0.4812554077438891,14.417160906812644,0
2026-03-29,롯데,유강남,0.0,0.0,8.0,8.0,1.0,0.0,0.0,2.0,0.0,0.0,0.0,0.0,0.0,1.0,0.0,0.0,588862,1.0,1.0,8.0,0.125,0.125,0.125,0.25,0.0,0.0,0.25,0.0,0.0,0.1666666666666666,0.0,0.0,0.0,0.0875,0.0,0.0,0.384,0.125,2026,사직,1.0488000917921212,0.1182491877935915,-1.9321076857204025,-60.37752196267141,0
2026-03-30,롯데,유강남,0.0,0.0,8.0,8.0,1.0,0.0,0.0,2.0,0.0,0.0,0.0,0.0,0.0,1.0,0.0,0.0,588862,1.0,1.0,8.0,0.125,0.125,0.125,0.25,0.0,0.0,0.25,0.0,0.0,0.1666666666666666,0.0,0.0,0.0,0.0875,0.0,0.0,0.384,0.125,2026,사직,1.0488000917921212,0.1182491877935915,-1.9321076857204025,-60.37752196267141,0
2026-03-31,롯데,유강남,0.0,0.0,11.0,11.0,1.0,0.0,0.0,3.0,0.0,0.0,0.0,0.0,0.0,1.0,0.0,0.0,588862,1.0,1.0,11.0,0.0909090909090909,0.0909090909090909,0.0909090909090909,0.1818181818181818,0.0,0.0,0.2727272727272727,0.0,0.0,0.125,0.0,0.0,0.0,0.0636363636363636,0.0,0.0,0.4659999999999998,0.0909090909090909,2026,사직,1.0488000917921212,0.0863076279671436,-2.7836919635110675,-77.6467389047393,0
2026-04-01,롯데,유강남,1.0,0.0,14.0,13.0,3.0,0.0,0.0,3.0,0.0,0.0,0.0,0.0,1.0,1.0,0.0,0.0,588862,3.0,3.0,12.0,0.2307692307692307,0.2142857142857142,0.2307692307692307,0.445054945054945,-0.0164835164835165,0.0,0.2142857142857142,0.0,0.0,0.2727272727272727,0.0,0.0,0.0,0.1541208791208791,0.2142857142857142,0.4821428571428571,1.836,0.25,2026,사직,1.0488000917921212,0.203353820335834,-2.182875077303648,-7.350159417284963,0
2026-04-02,롯데,유강남,2.0,0.0,18.0,17.0,4.0,0.0,0.0,3.0,0.0,0.0,0.0,0.0,1.0,1.0,0.0,0.0,588862,4.0,4.0,15.0,0.2352941176470588,0.2222222222222222,0.2352941176470588,0.457516339869281,-0.0130718954248366,0.0,0.1666666666666666,0.0,0.0,0.2666666666666666,0.0,0.0,0.0,0.1588235294117647,0.4444444444444444,0.8,2.606,0.2666666666666666,2026,사직,1.0488000917921212,0.210768364966991,-2.5378587985319685,1.3963592653159829,0
2026-04-03,롯데,유강남,2.0,0.0,20.0,19.0,4.0,0.0,0.0,3.0,0.0,0.0,0.0,0.0,1.0,1.0,0.0,0.0,588862,4.0,4.0,17.0,0.2105263157894736,0.2,0.2105263157894736,0.4105263157894737,-0.0105263157894736,0.0,0.15,0.0,0.0,0.2352941176470588,0.0,0.0,0.0,0.1426315789473684,0.4,0.6352941176470589,2.786,0.2352941176470588,2026,사직,1.0488000917921212,0.1900182720666166,-3.1887190188711694,-13.165412573481008,0
2026-04-04,롯데,유강남,3.0,1.0,24.0,23.0,5.0,0.0,0.0,4.0,0.0,0.0,1.0,0.0,1.0,1.0,0.0,0.0,588862,4.0,8.0,20.0,0.217391304347826,0.2083333333333333,0.3478260869565217,0.5561594202898551,-0.0090579710144927,0.1304347826086956,0.1666666666666666,0.0,0.0,0.2105263157894736,0.1304347826086956,24.0,23.0,0.1807065217391304,1.0,1.35,4.308,0.4,2026,사직,1.0488000917921212,0.2388168319929221,-2.780584159527338,15.205781394689666,0
2026-04-05,롯데,유강남,3.0,1.0,28.0,27.0,6.0,0.0,0.0,5.0,0.0,0.0,1.0,0.0,1.0,1.0,0.0,0.0,588862,5.0,9.0,23.0,0.2222222222222222,0.2142857142857142,0.3333333333333333,0.5476190476190476,-0.0079365079365079,0.1111111111111111,0.1785714285714285,0.0,0.0,0.2272727272727272,0.1111111111111111,28.0,27.0,0.1797619047619047,1.2857142857142858,1.5093167701863357,4.89,0.391304347826087,2026,사직,1.0488000917921212,0.2402689893157086,-2.978994181941989,17.97942244139048,0
2026-04-06,롯데,유강남,3.0,1.0,28.0,27.0,6.0,0.0,0.0,5.0,0.0,0.0,1.0,0.0,1.0,1.0,0.0,0.0,588862,5.0,9.0,23.0,0.2222222222222222,0.2142857142857142,0.3333333333333333,0.5476190476190476,-0.0079365079365079,0.1111111111111111,0.1785714285714285,0.0,0.0,0.2272727272727272,0.1111111111111111,28.0,27.0,0.1797619047619047,1.2857142857142858,1.5093167701863357,4.89,0.391304347826087,2026,사직,1.0488000917921212,0.2402689893157086,-2.978994181941989,17.97942244139048,0
2026-04-07,롯데,유강남,3.0,1.0,31.0,30.0,6.0,0.0,0.0,8.0,0.0,0.0,1.0,0.0,1.0,1.0,0.0,0.0,588862,5.0,9.0,26.0,0.2,0.1935483870967742,0.3,0.4935483870967742,-0.0064516129032258,0.0999999999999999,0.2580645161290322,0.0,0.0,0.2272727272727272,0.1,31.0,30.0,0.1620967741935484,1.1612903225806452,1.205955334987593,4.596,0.3461538461538461,2026,사직,1.0488000917921212,0.218685679459453,-3.6681338651309545,6.603758729427289,0
2026-04-08,롯데,유강남,3.0,1.0,31.0,30.0,6.0,0.0,0.0,8.0,0.0,0.0,1.0,0.0,1.0,1.0,0.0,0.0,588862,5.0,9.0,26.0,0.2,0.1935483870967742,0.3,0.4935483870967742,-0.0064516129032258,0.0999999999999999,0.2580645161290322,0.0,0.0,0.2272727272727272,0.1,31.0,30.0,0.1620967741935484,1.1612903225806452,1.205955334987593,4.596,0.3461538461538461,2026,사직,1.0488000917921212,0.2181279040471225,-3.718998083120044,5.232442274788718,0
2026-04-09,롯데,유강남,3.0,1.0,31.0,30.0,6.0,0.0,0.0,8.0,0.0,0.0,1.0,0.0,1.0,1.0,0.0,0.0,588862,5.0,9.0,26.0,0.2,0.1935483870967742,0.3,0.4935483870967742,-0.0064516129032258,0.0999999999999999,0.2580645161290322,0.0,0.0,0.2272727272727272,0.1,31.0,30.0,0.1620967741935484,1.1612903225806452,1.205955334987593,4.596,0.3461538461538461,2026,사직,1.0488000917921212,0.2181279040471225,-3.718998083120044,5.232442274788718,0
2026-04-10,롯데,유강남,3.0,1.0,31.0,30.0,6.0,0.0,0.0,8.0,0.0,0.0,1.0,0.0,1.0,1.0,0.0,0.0,588862,5.0,9.0,26.0,0.2,0.1935483870967742,0.3,0.4935483870967742,-0.0064516129032258,0.0999999999999999,0.2580645161290322,0.0,0.0,0.2272727272727272,0.1,31.0,30.0,0.1620967741935484,1.1612903225806452,1.205955334987593,4.596,0.3461538461538461,2026,사직,1.0488000917921212,0.217612482261069,-3.7054873406639888,5.560902098185783,0
2026-04-11,롯데,유강남,3.0,1.0,31.0,30.0,6.0,0.0,0.0,8.0,0.0,0.0,1.0,0.0,1.0,1.0,0.0,0.0,588862,5.0,9.0,26.0,0.2,0.1935483870967742,0.3,0.4935483870967742,-0.0064516129032258,0.0999999999999999,0.2580645161290322,0.0,0.0,0.2272727272727272,0.1,31.0,30.0,0.1620967741935484,1.1612903225806452,1.205955334987593,4.596,0.3461538461538461,2026,사직,1.0488000917921212,0.2182914514868282,-3.5733715485407176,7.406687184732985,0
2026-04-12,롯데,유강남,3.0,1.0,32.0,31.0,6.0,0.0,0.0,9.0,0.0,0.0,1.0,0.0,1.0,1.0,0.0,0.0,588862,5.0,9.0,27.0,0.1935483870967742,0.1875,0.2903225806451613,0.4778225806451613,-0.0060483870967741,0.0967741935483871,0.28125,0.0,0.0,0.2272727272727272,0.0967741935483871,32.0,31.0,0.1569556451612903,1.125,1.125,4.498,0.3333333333333333,2026,사직,1.0488000917921212,0.211686272519566,-3.7712510736567695,4.51402729694228,0
2026-03-28,한화,하주석,0.0,0.0,3.0,3.0,1.0,0.0,0.0,1.0,0.0,0.0,0.0,0.0,0.0,1.0,0.0,0.0,675949,1.0,1.0,3.0,0.3333333333333333,0.3333333333333333,0.3333333333333333,0.6666666666666666,0.0,0.0,0.3333333333333333,0.0,0.0,0.5,0.0,0.0,0.0,0.2333333333333333,0.0,0.0,0.122,0.3333333333333333,2026,대전,1.019564452032887,0.3255980659118181,-0.1440011897036554,65.84636571425295,0
2026-03-29,한화,하주석,0.0,0.0,7.0,7.0,3.0,0.0,0.0,3.0,0.0,0.0,0.0,0.0,0.0,1.0,0.0,0.0,675949,3.0,3.0,5.0,0.4285714285714285,0.4285714285714285,0.4285714285714285,0.8571428571428571,0.0,0.0,0.4285714285714285,0.0,0.0,0.75,0.0,0.0,0.0,0.3,0.8571428571428571,4.628571428571428,0.926,0.6,2026,대전,1.019564452032887,0.4054257867208851,0.1970231213872832,116.16535178584932,0
2026-03-30,한화,하주석,0.0,0.0,7.0,7.0,3.0,0.0,0.0,3.0,0.0,0.0,0.0,0.0,0.0,1.0,0.0,0.0,675949,3.0,3.0,5.0,0.4285714285714285,0.4285714285714285,0.4285714285714285,0.8571428571428571,0.0,0.0,0.4285714285714285,0.0,0.0,0.75,0.0,0.0,0.0,0.3,0.8571428571428571,4.628571428571428,0.926,0.6,2026,대전,1.019564452032887,0.4054257867208851,0.1970231213872832,116.16535178584932,0
2026-03-31,한화,하주석,0.0,0.0,11.0,10.0,4.0,1.0,0.0,4.0,0.0,0.0,0.0,0.0,0.0,1.0,0.0,0.0,675949,4.0,4.0,7.0,0.4,0.4545454545454545,0.4,0.8545454545454545,0.0545454545454545,0.0,0.3636363636363636,0.0909090909090909,0.25,0.6666666666666666,0.1,0.0,0.0,0.3045454545454545,1.3333333333333333,5.142857142857143,1.758,0.7142857142857143,2026,대전,1.019564452032887,0.4158413594649293,0.4703338415012026,127.23429886629454,0
2026-04-01,한화,하주석,0.0,2.0,17.0,16.0,7.0,1.0,0.0,5.0,0.0,0.0,0.0,0.0,0.0,1.0,0.0,0.0,675949,7.0,7.0,10.0,0.4375,0.4705882352941176,0.4375,0.9080882352941176,0.0330882352941176,0.0,0.2941176470588235,0.0588235294117647,0.2,0.6363636363636364,0.0625,0.0,0.0,0.3211397058823529,2.7222222222222223,7.35,3.34,0.8,2026,대전,1.019564452032887,0.4367185281684713,1.0169814471243048,137.3587679849226,0
2026-04-02,한화,하주석,0.0,2.0,19.0,18.0,7.0,1.0,0.0,6.0,0.0,0.0,0.0,0.0,0.0,1.0,0.0,0.0,675949,7.0,7.0,12.0,0.3888888888888889,0.4210526315789473,0.3888888888888889,0.8099415204678362,0.0321637426900584,0.0,0.3157894736842105,0.0526315789473684,0.1666666666666666,0.5833333333333334,0.0555555555555555,0.0,0.0,0.2866959064327485,2.45,5.5125,3.332,0.6666666666666666,2026,대전,1.019564452032887,0.3903621382222046,0.4181280526504592,112.6723938857304,0
2026-04-03,한화,하주석,0.0,3.0,24.0,23.0,9.0,1.0,0.0,6.0,0.0,0.0,0.0,0.0,0.0,1.0,0.0,0.0,675949,9.0,9.0,15.0,0.391304347826087,0.4166666666666667,0.391304347826087,0.8079710144927537,0.0253623188405797,0.0,0.25,0.0416666666666666,0.1666666666666666,0.5294117647058824,0.0434782608695652,0.0,0.0,0.2853260869565217,3.24,5.832,4.601999999999999,0.6666666666666666,2026,대전,1.019564452032887,0.3886751524236962,0.4524082883068155,110.84629619754,0
2026-04-04,한화,하주석,3.0,3.0,29.0,27.0,11.0,2.0,0.0,6.0,1.0,0.0,0.0,0.0,0.0,1.0,0.0,0.0,675949,10.0,12.0,17.0,0.4074074074074074,0.4482758620689655,0.4444444444444444,0.89272030651341,0.0408684546615581,0.037037037037037,0.2068965517241379,0.0689655172413793,0.3333333333333333,0.5238095238095238,0.1111111111111111,0.0,0.0,0.3128352490421456,4.645161290322581,7.377609108159393,6.341999999999999,0.8235294117647058,2026,대전,1.019564452032887,0.4251482455515616,1.4706013124816566,133.02165005335627,0
2026-04-05,한화,하주석,3.0,3.0,32.0,30.0,11.0,2.0,0.0,7.0,1.0,0.0,0.0,0.0,0.0,1.0,0.0,0.0,675949,10.0,12.0,20.0,0.3666666666666666,0.40625,0.4,0.80625,0.0395833333333333,0.0333333333333333,0.21875,0.0625,0.2857142857142857,0.4782608695652174,0.1,0.0,0.0,0.2828125,4.235294117647059,5.7176470588235295,6.424,0.7,2026,대전,1.019564452032887,0.385162192107168,0.6040949965702518,111.73112851334604,0
2026-04-06,한화,하주석,3.0,3.0,32.0,30.0,11.0,2.0,0.0,7.0,1.0,0.0,0.0,0.0,0.0,1.0,0.0,0.0,675949,10.0,12.0,20.0,0.3666666666666666,0.40625,0.4,0.80625,0.0395833333333333,0.0333333333333333,0.21875,0.0625,0.2857142857142857,0.4782608695652174,0.1,0.0,0.0,0.2828125,4.235294117647059,5.7176470588235295,6.424,0.7,2026,대전,1.019564452032887,0.385162192107168,0.6040949965702518,111.73112851334604,0
2026-04-07,한화,하주석,5.0,3.0,37.0,34.0,12.0,3.0,0.0,10.0,1.0,0.0,0.0,0.0,0.0,1.0,0.0,0.0,675949,11.0,13.0,23.0,0.3529411764705882,0.4054054054054054,0.3823529411764705,0.787758346581876,0.0524642289348171,0.0294117647058823,0.2702702702702703,0.081081081081081,0.3,0.5,0.1176470588235294,0.0,0.0,0.2780206677265501,4.55,5.341304347826087,6.97,0.6956521739130435,2026,대전,1.019564452032887,0.3805268281713045,0.6670172402821007,111.52929445409092,0
2026-04-08,한화,하주석,5.0,3.0,41.0,38.0,13.0,3.0,0.0,11.0,1.0,0.0,0.0,0.0,0.0,1.0,0.0,0.0,675949,12.0,14.0,26.0,0.3421052631578947,0.3902439024390244,0.3684210526315789,0.7586649550706033,0.0481386392811296,0.0263157894736841,0.2682926829268293,0.073170731707317,0.2727272727272727,0.4814814814814814,0.1052631578947368,0.0,0.0,0.2677150192554557,4.7727272727272725,4.956293706293706,7.552,0.6538461538461539,2026,대전,1.019564452032887,0.3658190833316863,0.2064052939906515,101.8155597209666,0
2026-04-09,한화,하주석,5.0,3.0,41.0,38.0,13.0,3.0,0.0,11.0,1.0,0.0,0.0,0.0,0.0,1.0,0.0,0.0,675949,12.0,14.0,26.0,0.3421052631578947,0.3902439024390244,0.3684210526315789,0.7586649550706033,0.0481386392811296,0.0263157894736841,0.2682926829268293,0.073170731707317,0.2727272727272727,0.4814814814814814,0.1052631578947368,0.0,0.0,0.2677150192554557,4.7727272727272725,4.956293706293706,7.552,0.6538461538461539,2026,대전,1.019564452032887,0.3658190833316863,0.2064052939906515,101.8155597209666,0
2026-04-10,한화,하주석,5.0,3.0,44.0,41.0,13.0,3.0,0.0,13.0,1.0,0.0,0.0,0.0,0.0,1.0,0.0,0.0,675949,12.0,14.0,29.0,0.3170731707317073,0.3636363636363636,0.3414634146341463,0.70509977827051,0.0465631929046563,0.024390243902439,0.2954545454545454,0.0681818181818181,0.2307692307692307,0.4642857142857143,0.0975609756097561,0.0,0.0,0.2490022172949002,4.468085106382978,4.159941305942773,7.446,0.5862068965517241,2026,대전,1.019564452032887,0.3399658679767169,-0.6969547300781798,86.17554436800106,0
2026-04-11,한화,하주석,5.0,3.0,48.0,45.0,14.0,3.0,0.0,13.0,1.0,0.0,0.0,0.0,0.0,1.0,0.0,0.0,675949,13.0,15.0,32.0,0.3111111111111111,0.3541666666666667,0.3333333333333333,0.6875,0.0430555555555555,0.0222222222222222,0.2708333333333333,0.0625,0.2307692307692307,0.4375,0.0888888888888888,0.0,0.0,0.2427083333333333,4.705882352941177,3.9705882352941178,8.216,0.5625,2026,대전,1.019564452032887,0.3314236535780262,-0.9913672538563234,82.32754396897597,0
2026-04-12,한화,하주석,6.0,3.0,52.0,49.0,15.0,3.0,0.0,15.0,1.0,0.0,0.0,0.0,0.0,1.0,0.0,0.0,675949,14.0,16.0,35.0,0.3061224489795918,0.3461538461538461,0.3265306122448979,0.6726844583987441,0.0400313971742543,0.020408163265306,0.2884615384615384,0.0576923076923076,0.2,0.4411764705882353,0.0816326530612244,0.0,0.0,0.2374018838304552,4.945454545454545,3.8150649350649353,8.61,0.5428571428571428,2026,대전,1.019564452032887,0.3238607744975958,-1.2876735709974745,79.00544824949951,0
2026-03-28,KIA,나성범,1.0,0.0,5.0,4.0,2.0,1.0,0.0,2.0,0.0,0.0,0.0,0.0,0.0,0.0,0.0,0.0,678785,2.0,2.0,2.0,0.5,0.6,0.5,1.1,0.0999999999999999,0.0,0.4,0.2,0.5,1.0,0.25,0.0,0.0,0.395,1.0,13.5,1.144,1.5,2026,광주,0.9987402594586288,0.5511814220375747,0.7620133030499676,202.35298947868668,0
2026-03-29,KIA,나성범,3.0,1.0,10.0,9.0,3.0,1.0,0.0,2.0,0.0,0.0,1.0,0.0,0.0,0.0,0.0,0.0,678785,2.0,6.0,6.0,0.3333333333333333,0.4,0.6666666666666666,1.0666666666666669,0.0666666666666667,0.3333333333333333,0.2,0.1,0.5,0.3333333333333333,0.4444444444444444,10.0,9.0,0.3466666666666667,2.1818181818181817,9.818181818181818,2.9439999999999995,1.1666666666666667,2026,광주,0.9987402594586288,0.4539306458287241,0.7369235709698139,147.57251473888587,0
2026-03-30,KIA,나성범,3.0,1.0,10.0,9.0,3.0,1.0,0.0,2.0,0.0,0.0,1.0,0.0,0.0,0.0,0.0,0.0,678785,2.0,6.0,6.0,0.3333333333333333,0.4,0.6666666666666666,1.0666666666666669,0.0666666666666667,0.3333333333333333,0.2,0.1,0.5,0.3333333333333333,0.4444444444444444,10.0,9.0,0.3466666666666667,2.1818181818181817,9.818181818181818,2.9439999999999995,1.1666666666666667,2026,광주,0.9987402594586288,0.4539306458287241,0.7369235709698139,147.57251473888587,0
2026-03-31,KIA,나성범,3.0,1.0,15.0,13.0,3.0,1.0,1.0,4.0,0.0,0.0,1.0,0.0,0.0,0.0,0.0,0.0,678785,2.0,6.0,10.0,0.2307692307692307,0.3333333333333333,0.4615384615384615,0.7948717948717949,0.1025641025641025,0.2307692307692307,0.2666666666666666,0.0666666666666666,0.25,0.25,0.3076923076923077,15.0,13.0,0.2653846153846154,1.7647058823529411,4.764705882352941,3.268,0.8,2026,광주,0.9987402594586288,0.3605211688988018,-0.1035449046875377,95.4132816353854,0
2026-04-01,KIA,나성범,3.0,1.0,19.0,17.0,4.0,1.0,1.0,5.0,0.0,0.0,1.0,0.0,0.0,0.0,0.0,0.0,678785,3.0,7.0,13.0,0.2352941176470588,0.3157894736842105,0.4117647058823529,0.7275541795665634,0.0804953560371516,0.1764705882352941,0.2631578947368421,0.0526315789473684,0.2,0.2727272727272727,0.2352941176470588,19.0,17.0,0.2450464396284829,2.0,4.153846153846154,3.85,0.6923076923076923,2026,광주,0.9987402594586288,0.3327899693993651,-0.6889004329004327,76.29732709184283,0
2026-04-02,KIA,나성범,3.0,1.0,23.0,21.0,5.0,1.0,1.0,6.0,0.0,0.0,1.0,0.0,0.0,0.0,0.0,0.0,678785,4.0,8.0,16.0,0.238095238095238,0.3043478260869565,0.3809523809523809,0.6853002070393375,0.0662525879917184,0.1428571428571428,0.2608695652173913,0.0434782608695652,0.1666666666666666,0.2857142857142857,0.1904761904761904,23.0,21.0,0.2321946169772256,2.24,3.78,4.432,0.625,2026,광주,0.9987402594586288,0.3167555927285684,-1.0303630067054832,70.34653040994576,0
2026-04-03,KIA,나성범,3.0,1.0,27.0,25.0,5.0,1.0,1.0,8.0,0.0,0.0,1.0,0.0,0.0,0.0,0.0,0.0,678785,4.0,8.0,20.0,0.2,0.2592592592592592,0.32,0.5792592592592593,0.0592592592592592,0.12,0.2962962962962963,0.037037037037037,0.125,0.25,0.16,27.0,25.0,0.1966666666666666,1.9310344827586208,2.6068965517241383,4.416,0.5,2026,광주,0.9987402594586288,0.270763574786186,-2.3482007074629485,41.05758690243088,0
2026-04-04,KIA,나성범,3.0,1.0,31.0,28.0,6.0,2.0,1.0,9.0,0.0,0.0,1.0,0.0,0.0,0.0,0.0,0.0,678785,5.0,9.0,22.0,0.2142857142857142,0.2903225806451613,0.3214285714285714,0.6117511520737328,0.076036866359447,0.1071428571428571,0.2903225806451613,0.064516129032258,0.2222222222222222,0.2777777777777778,0.1785714285714285,31.0,28.0,0.2110023041474654,2.3823529411764706,2.9237967914438503,5.248,0.5454545454545454,2026,광주,0.9987402594586288,0.2914990431264487,-2.131660181456247,52.6957164068349,0
2026-04-05,KIA,나성범,3.0,1.0,31.0,28.0,6.0,2.0,1.0,9.0,0.0,0.0,1.0,0.0,0.0,0.0,0.0,0.0,678785,5.0,9.0,22.0,0.2142857142857142,0.2903225806451613,0.3214285714285714,0.6117511520737328,0.076036866359447,0.1071428571428571,0.2903225806451613,0.064516129032258,0.2222222222222222,0.2777777777777778,0.1785714285714285,31.0,28.0,0.2110023041474654,2.3823529411764706,2.9237967914438503,5.248,0.5454545454545454,2026,광주,0.9987402594586288,0.2924372012092658,-1.8999735633852883,55.68771103811614,0
2026-04-06,KIA,나성범,3.0,1.0,31.0,28.0,6.0,2.0,1.0,9.0,0.0,0.0,1.0,0.0,0.0,0.0,0.0,0.0,678785,5.0,9.0,22.0,0.2142857142857142,0.2903225806451613,0.3214285714285714,0.6117511520737328,0.076036866359447,0.1071428571428571,0.2903225806451613,0.064516129032258,0.2222222222222222,0.2777777777777778,0.1785714285714285,31.0,28.0,0.2110023041474654,2.3823529411764706,2.9237967914438503,5.248,0.5454545454545454,2026,광주,0.9987402594586288,0.2924372012092658,-1.8999735633852883,55.68771103811614,0
2026-04-07,KIA,나성범,3.0,1.0,35.0,32.0,6.0,2.0,1.0,11.0,0.0,0.0,1.0,0.0,0.0,0.0,0.0,0.0,678785,5.0,9.0,26.0,0.1875,0.2571428571428571,0.28125,0.5383928571428571,0.0696428571428571,0.09375,0.3142857142857143,0.0571428571428571,0.1818181818181818,0.25,0.15625,35.0,32.0,0.1860267857142857,2.131578947368421,2.213562753036437,5.231999999999999,0.4615384615384615,2026,광주,0.9987402594586288,0.2603451417356896,-2.912979020068972,37.866026770381936,0
2026-04-08,KIA,나성범,8.0,3.0,40.0,36.0,9.0,2.0,1.0,11.0,0.0,0.0,2.0,0.0,1.0,0.0,0.0,0.0,678785,7.0,15.0,28.0,0.25,0.3,0.4166666666666667,0.7166666666666667,0.0499999999999999,0.1666666666666666,0.275,0.05,0.1818181818181818,0.2916666666666667,0.2222222222222222,20.0,18.0,0.2391666666666667,3.8372093023255816,3.700166112956811,8.132,0.6428571428571429,2026,광주,0.9987402594586288,0.3251016308217656,-1.1771165022501728,78.07667780794362,0
2026-04-09,KIA,나성범,8.0,3.0,40.0,36.0,9.0,2.0,1.0,11.0,0.0,0.0,2.0,0.0,1.0,0.0,0.0,0.0,678785,7.0,15.0,28.0,0.25,0.3,0.4166666666666667,0.7166666666666667,0.0499999999999999,0.1666666666666666,0.275,0.05,0.1818181818181818,0.2916666666666667,0.2222222222222222,20.0,18.0,0.2391666666666667,3.8372093023255816,3.700166112956811,8.132,0.6428571428571429,2026,광주,0.9987402594586288,0.3251016308217656,-1.1771165022501728,78.07667780794362,0
2026-04-10,KIA,나성범,10.0,4.0,44.0,39.0,10.0,3.0,1.0,12.0,0.0,0.0,3.0,0.0,1.0,0.0,0.0,0.0,678785,7.0,19.0,30.0,0.2564102564102564,0.3181818181818182,0.4871794871794871,0.8053613053613053,0.0617715617715617,0.2307692307692307,0.2727272727272727,0.0681818181818181,0.25,0.28,0.3076923076923077,14.666666666666666,13.0,0.26497668997669,5.145833333333333,4.63125,9.903999999999998,0.7666666666666667,2026,광주,0.9987402594586288,0.3578995581539125,-0.0282237071306872,99.64537002620222,0
2026-04-11,KIA,나성범,10.0,5.0,48.0,43.0,11.0,3.0,1.0,13.0,0.0,0.0,3.0,0.0,1.0,0.0,0.0,0.0,678785,8.0,20.0,33.0,0.2558139534883721,0.3125,0.4651162790697674,0.7776162790697674,0.0566860465116279,0.2093023255813953,0.2708333333333333,0.0625,0.2307692307692307,0.2857142857142857,0.2790697674418604,16.0,14.333333333333334,0.2569040697674418,5.384615384615385,4.405594405594406,10.486,0.7272727272727273,2026,광주,0.9987402594586288,0.3489062429277754,-0.2895437109066641,95.53587681417795,0
2026-04-12,KIA,나성범,11.0,7.0,53.0,47.0,12.0,4.0,1.0,15.0,0.0,0.0,3.0,0.0,1.0,0.0,0.0,0.0,678785,9.0,21.0,36.0,0.2553191489361702,0.320754716981132,0.4468085106382978,0.76756322761943,0.0654355680449618,0.1914893617021276,0.2830188679245283,0.0754716981132075,0.2666666666666666,0.3,0.2765957446808511,17.666666666666668,15.666666666666666,0.2560417503010839,5.793103448275862,4.344827586206897,11.22,0.7222222222222222,2026,광주,0.9987402594586288,0.3485182380864345,-0.2279433615184555,96.8194446159388,0
2026-03-28,SSG,김성욱,0.0,0.0,3.0,3.0,0.0,0.0,0.0,1.0,0.0,0.0,0.0,0.0,0.0,0.0,0.0,0.0,678893,0.0,0.0,3.0,0.0,0.0,0.0,0.0,0.0,0.0,0.3333333333333333,0.0,0.0,0.0,0.0,0.0,0.0,0.0,0.0,0.0,0.0819999999999999,0.0,2026,문학,1.027807913649001,0.0,-1.0117626541207003,-129.000543773426,0
2026-03-29,SSG,김성욱,0.0,1.0,7.0,7.0,1.0,0.0,0.0,2.0,0.0,0.0,0.0,0.0,0.0,0.0,0.0,0.0,678893,1.0,1.0,6.0,0.1428571428571428,0.1428571428571428,0.1428571428571428,0.2857142857142857,0.0,0.0,0.2857142857142857,0.0,0.0,0.2,0.0,0.0,0.0,0.0999999999999999,0.1428571428571428,0.6428571428571428,0.6639999999999999,0.1666666666666666,2026,문학,1.027807913649001,0.1351419289069617,-1.5795579105116675,-48.06540357350073,0
2026-03-30,SSG,김성욱,0.0,1.0,7.0,7.0,1.0,0.0,0.0,2.0,0.0,0.0,0.0,0.0,0.0,0.0,0.0,0.0,678893,1.0,1.0,6.0,0.1428571428571428,0.1428571428571428,0.1428571428571428,0.2857142857142857,0.0,0.0,0.2857142857142857,0.0,0.0,0.2,0.0,0.0,0.0,0.0999999999999999,0.1428571428571428,0.6428571428571428,0.6639999999999999,0.1666666666666666,2026,문학,1.027807913649001,0.1351419289069617,-1.5795579105116675,-48.06540357350073,0
2026-03-31,SSG,김성욱,0.0,1.0,7.0,7.0,1.0,0.0,0.0,2.0,0.0,0.0,0.0,0.0,0.0,0.0,0.0,0.0,678893,1.0,1.0,6.0,0.1428571428571428,0.1428571428571428,0.1428571428571428,0.2857142857142857,0.0,0.0,0.2857142857142857,0.0,0.0,0.2,0.0,0.0,0.0,0.0999999999999999,0.1428571428571428,0.6428571428571428,0.6639999999999999,0.1666666666666666,2026,문학,1.027807913649001,0.1356262725197971,-1.4615289035968364,-45.32218173113982,0
2026-04-01,SSG,김성욱,0.0,1.0,8.0,7.0,1.0,1.0,0.0,2.0,0.0,0.0,0.0,0.0,0.0,0.0,0.0,0.0,678893,1.0,1.0,6.0,0.1428571428571428,0.25,0.1428571428571428,0.3928571428571428,0.1071428571428571,0.0,0.25,0.125,0.5,0.2,0.1428571428571428,0.0,0.0,0.1482142857142857,0.2222222222222222,1.0,1.0040000000000002,0.3333333333333333,2026,문학,1.027807913649001,0.2162885011825825,-1.1516938775510202,2.6077806592403,0
2026-04-02,SSG,김성욱,0.0,1.0,8.0,7.0,1.0,1.0,0.0,2.0,0.0,0.0,0.0,0.0,0.0,0.0,0.0,0.0,678893,1.0,1.0,6.0,0.1428571428571428,0.25,0.1428571428571428,0.3928571428571428,0.1071428571428571,0.0,0.25,0.125,0.5,0.2,0.1428571428571428,0.0,0.0,0.1482142857142857,0.2222222222222222,1.0,1.0040000000000002,0.3333333333333333,2026,문학,1.027807913649001,0.2157668465141412,-1.0916443610474904,6.511259724342899,0
2026-04-03,SSG,김성욱,0.0,4.0,11.0,8.0,2.0,3.0,0.0,2.0,0.0,0.0,0.0,0.0,0.0,0.0,0.0,0.0,678893,2.0,2.0,6.0,0.25,0.4545454545454545,0.25,0.7045454545454546,0.2045454545454545,0.0,0.1818181818181818,0.2727272727272727,1.5,0.3333333333333333,0.375,0.0,0.0,0.2670454545454545,0.7142857142857143,3.214285714285714,2.184,0.8333333333333334,2026,문학,1.027807913649001,0.3847569969253687,0.1686735993643591,107.6337006107972,0
2026-04-04,SSG,김성욱,2.0,4.0,14.0,10.0,3.0,4.0,0.0,2.0,0.0,0.0,0.0,0.0,0.0,0.0,0.0,0.0,678893,3.0,3.0,7.0,0.3,0.5,0.3,0.8,0.2,0.0,0.1428571428571428,0.2857142857142857,2.0,0.375,0.4,0.0,0.0,0.3,1.1666666666666667,4.500000000000001,3.1140000000000003,1.0,2026,문학,1.027807913649001,0.4250938350304891,0.7092645090745799,132.16375426076414,0
2026-04-05,SSG,김성욱,2.0,4.0,15.0,11.0,3.0,4.0,0.0,3.0,0.0,0.0,0.0,0.0,0.0,0.0,0.0,0.0,678893,3.0,3.0,8.0,0.2727272727272727,0.4666666666666667,0.2727272727272727,0.7393939393939394,0.1939393939393939,0.0,0.2,0.2666666666666666,1.3333333333333333,0.375,0.3636363636363636,0.0,0.0,0.2781818181818182,1.105263157894737,3.730263157894737,3.0160000000000005,0.875,2026,문학,1.027807913649001,0.395050076832766,0.4114013658917601,117.10512831678588,0
2026-04-06,SSG,김성욱,2.0,4.0,15.0,11.0,3.0,4.0,0.0,3.0,0.0,0.0,0.0,0.0,0.0,0.0,0.0,0.0,678893,3.0,3.0,8.0,0.2727272727272727,0.4666666666666667,0.2727272727272727,0.7393939393939394,0.1939393939393939,0.0,0.2,0.2666666666666666,1.3333333333333333,0.375,0.3636363636363636,0.0,0.0,0.2781818181818182,1.105263157894737,3.730263157894737,3.0160000000000005,0.875,2026,문학,1.027807913649001,0.395050076832766,0.4114013658917601,117.10512831678588,0
2026-04-07,SSG,김성욱,2.0,4.0,18.0,13.0,3.0,5.0,0.0,5.0,0.0,0.0,0.0,0.0,0.0,0.0,0.0,0.0,678893,3.0,3.0,10.0,0.2307692307692307,0.4444444444444444,0.2307692307692307,0.6752136752136753,0.2136752136752136,0.0,0.2777777777777778,0.2777777777777778,1.0,0.375,0.3846153846153846,0.0,0.0,0.2576923076923076,1.0434782608695652,2.8173913043478263,3.16,0.8,2026,문학,1.027807913649001,0.3718695420092319,0.1932040246630923,105.24860875489551,0
2026-04-08,SSG,김성욱,2.0,4.0,19.0,14.0,3.0,5.0,0.0,5.0,0.0,0.0,0.0,0.0,0.0,0.0,0.0,0.0,678893,3.0,3.0,11.0,0.2142857142857142,0.4210526315789473,0.2142857142857142,0.6353383458646616,0.206766917293233,0.0,0.2631578947368421,0.2631578947368421,1.0,0.3333333333333333,0.3571428571428571,0.0,0.0,0.2430451127819549,1.0,2.4545454545454546,3.25,0.7272727272727273,2026,문학,1.027807913649001,0.3516365723865443,-0.1324191940962715,91.99725976574616,0
2026-04-09,SSG,김성욱,2.0,4.0,19.0,14.0,3.0,5.0,0.0,5.0,0.0,0.0,0.0,0.0,0.0,0.0,0.0,0.0,678893,3.0,3.0,11.0,0.2142857142857142,0.4210526315789473,0.2142857142857142,0.6353383458646616,0.206766917293233,0.0,0.2631578947368421,0.2631578947368421,1.0,0.3333333333333333,0.3571428571428571,0.0,0.0,0.2430451127819549,1.0,2.4545454545454546,3.25,0.7272727272727273,2026,문학,1.027807913649001,0.3516365723865443,-0.1324191940962715,91.99725976574616,0
2026-04-10,SSG,김성욱,2.0,4.0,20.0,15.0,3.0,5.0,0.0,5.0,0.0,0.0,0.0,0.0,0.0,0.0,0.0,0.0,678893,3.0,3.0,12.0,0.2,0.4,0.2,0.6000000000000001,0.2,0.0,0.25,0.25,1.0,0.3,0.3333333333333333,0.0,0.0,0.23,0.96,2.16,3.34,0.6666666666666666,2026,문학,1.027807913649001,0.3331060027071084,-0.4330694896526829,80.99536999101609,0
2026-04-11,SSG,김성욱,2.0,4.0,20.0,15.0,3.0,5.0,0.0,5.0,0.0,0.0,0.0,0.0,0.0,0.0,0.0,0.0,678893,3.0,3.0,12.0,0.2,0.4,0.2,0.6000000000000001,0.2,0.0,0.25,0.25,1.0,0.3,0.3333333333333333,0.0,0.0,0.23,0.96,2.16,3.34,0.6666666666666666,2026,문학,1.027807913649001,0.3326228319907447,-0.3930113607559032,82.26635451884015,0
2026-04-12,SSG,김성욱,2.0,4.0,21.0,16.0,4.0,5.0,0.0,5.0,0.0,0.0,0.0,0.0,0.0,0.0,0.0,0.0,678893,4.0,4.0,12.0,0.25,0.4285714285714285,0.25,0.6785714285714286,0.1785714285714285,0.0,0.238095238095238,0.238095238095238,1.0,0.3636363636363636,0.3125,0.0,0.0,0.2553571428571428,1.3846153846153846,3.1153846153846154,3.84,0.75,2026,문학,1.027807913649001,0.3612332211722974,0.1312664270991572,102.02489788210312,0
2026-03-28,롯데,노진혁,0.0,1.0,4.0,4.0,2.0,0.0,0.0,0.0,1.0,0.0,0.0,0.0,0.0,0.0,0.0,0.0,678900,1.0,3.0,2.0,0.5,0.5,0.75,1.25,0.0,0.25,0.0,0.0,0.0,0.5,0.25,0.0,0.0,0.4125,1.5,20.25,1.4,1.5,2026,사직,1.0488000917921212,0.5728207196831251,0.6865060566731561,210.2417757090556,0
2026-03-29,롯데,노진혁,1.0,2.0,8.0,8.0,3.0,0.0,0.0,1.0,1.0,0.0,1.0,0.0,0.0,0.0,0.0,0.0,678900,1.0,7.0,5.0,0.375,0.375,0.875,1.25,0.0,0.5,0.125,0.0,0.0,0.3333333333333333,0.5,8.0,8.0,0.3875,2.625,14.175,2.922,1.4,2026,사직,1.0488000917921212,0.509733696089194,1.0087326054378078,176.30356685458068,0
2026-03-30,롯데,노진혁,1.0,2.0,8.0,8.0,3.0,0.0,0.0,1.0,1.0,0.0,1.0,0.0,0.0,0.0,0.0,0.0,678900,1.0,7.0,5.0,0.375,0.375,0.875,1.25,0.0,0.5,0.125,0.0,0.0,0.3333333333333333,0.5,8.0,8.0,0.3875,2.625,14.175,2.922,1.4,2026,사직,1.0488000917921212,0.509733696089194,1.0087326054378078,176.30356685458068,0
2026-03-31,롯데,노진혁,3.0,2.0,12.0,11.0,5.0,1.0,0.0,2.0,3.0,0.0,1.0,0.0,0.0,0.0,0.0,0.0,678900,1.0,11.0,6.0,0.4545454545454545,0.5,1.0,1.5,0.0454545454545454,0.5454545454545454,0.1666666666666666,0.0833333333333333,0.5,0.5,0.6363636363636364,12.0,11.0,0.475,5.076923076923077,22.846153846153843,4.604,2.0,2026,사직,1.0488000917921212,0.6253821209541566,2.770333841501204,252.7295242359239,0
2026-04-01,롯데,노진혁,3.0,2.0,16.0,13.0,5.0,3.0,0.0,2.0,3.0,0.0,1.0,0.0,0.0,0.0,0.0,0.0,678900,1.0,11.0,8.0,0.3846153846153846,0.5,0.8461538461538461,1.3461538461538465,0.1153846153846153,0.4615384615384615,0.125,0.1875,1.5,0.4,0.6923076923076923,16.0,13.0,0.4365384615384615,4.631578947368421,15.63157894736842,5.464,1.75,2026,사직,1.0488000917921212,0.562486919010255,2.817494124922697,210.84828792668367,0
2026-04-02,롯데,노진혁,4.0,3.0,20.0,16.0,7.0,4.0,0.0,2.0,4.0,0.0,2.0,0.0,0.0,0.0,0.0,0.0,678900,1.0,17.0,9.0,0.4375,0.55,1.0625,1.6125,0.1125,0.625,0.1,0.2,2.0,0.4166666666666667,0.875,10.0,8.0,0.513125,7.791666666666667,23.375,8.054,2.333333333333333,2026,사직,1.0488000917921212,0.6496232780450073,5.146231063219184,266.1661963515024,0
2026-04-03,롯데,노진혁,4.0,3.0,23.0,19.0,8.0,4.0,0.0,3.0,5.0,0.0,2.0,0.0,0.0,0.0,0.0,0.0,678900,1.0,19.0,11.0,0.4210526315789473,0.5217391304347826,1.0,1.5217391304347827,0.1006864988558352,0.5789473684210527,0.1304347826086956,0.1739130434782608,1.3333333333333333,0.4285714285714285,0.7894736842105263,11.5,9.5,0.4847826086956521,8.444444444444445,20.727272727272727,8.766,2.090909090909091,2026,사직,1.0488000917921212,0.623335826014641,5.277316653939668,250.9564170878092,0
2026-04-04,롯데,노진혁,7.0,4.0,28.0,22.0,9.0,5.0,0.0,4.0,5.0,0.0,3.0,0.0,1.0,0.0,0.0,0.0,678900,1.0,23.0,14.0,0.4090909090909091,0.5,1.0454545454545454,1.5454545454545454,0.0909090909090908,0.6363636363636362,0.1428571428571428,0.1785714285714285,1.25,0.375,0.8636363636363636,9.333333333333334,7.333333333333333,0.4863636363636363,9.06060606060606,17.474025974025974,10.908,2.0,2026,사직,1.0488000917921212,0.6091630444196027,6.025811452746064,243.5619617272959,0
2026-04-05,롯데,노진혁,7.0,4.0,32.0,26.0,10.0,5.0,0.0,5.0,6.0,0.0,3.0,0.0,1.0,1.0,0.0,0.0,678900,1.0,25.0,18.0,0.3846153846153846,0.46875,0.9615384615384616,1.4302884615384617,0.0841346153846153,0.5769230769230769,0.15625,0.15625,1.0,0.3684210526315789,0.7692307692307693,10.666666666666666,8.666666666666666,0.4513221153846154,8.783783783783784,13.175675675675675,11.34,1.6666666666666667,2026,사직,1.0488000917921212,0.5787877774184282,5.960999809736484,230.18421877144127,0
2026-04-06,롯데,노진혁,7.0,4.0,32.0,26.0,10.0,5.0,0.0,5.0,6.0,0.0,3.0,0.0,1.0,1.0,0.0,0.0,678900,1.0,25.0,18.0,0.3846153846153846,0.46875,0.9615384615384616,1.4302884615384617,0.0841346153846153,0.5769230769230769,0.15625,0.15625,1.0,0.3684210526315789,0.7692307692307693,10.666666666666666,8.666666666666666,0.4513221153846154,8.783783783783784,13.175675675675675,11.34,1.6666666666666667,2026,사직,1.0488000917921212,0.5787877774184282,5.960999809736484,230.18421877144127,0
2026-04-07,롯데,노진혁,8.0,4.0,37.0,30.0,12.0,6.0,0.0,6.0,6.0,0.0,3.0,0.0,1.0,1.0,0.0,0.0,678900,3.0,27.0,20.0,0.4,0.4864864864864865,0.9,1.3864864864864863,0.0864864864864864,0.5,0.1621621621621621,0.1621621621621621,1.0,0.4090909090909091,0.7,12.333333333333334,10.0,0.4439189189189189,10.046511627906977,13.56279069767442,12.672,1.65,2026,사직,1.0488000917921212,0.5775779654795349,6.809739061169361,232.7991429740056,0
2026-04-08,롯데,노진혁,8.0,4.0,38.0,31.0,12.0,6.0,0.0,6.0,6.0,0.0,3.0,0.0,1.0,1.0,0.0,0.0,678900,3.0,27.0,21.0,0.3870967741935484,0.4736842105263157,0.8709677419354839,1.3446519524617997,0.0865874363327673,0.4838709677419355,0.1578947368421052,0.1578947368421052,1.0,0.391304347826087,0.6774193548387096,12.666666666666666,10.333333333333334,0.4308998302207131,9.818181818181818,12.623376623376624,12.762,1.5714285714285714,2026,사직,1.0488000917921212,0.5608897263942944,6.465204910614658,222.5976186055468,0
2026-04-09,롯데,노진혁,8.0,4.0,38.0,31.0,12.0,6.0,0.0,6.0,6.0,0.0,3.0,0.0,1.0,1.0,0.0,0.0,678900,3.0,27.0,21.0,0.3870967741935484,0.4736842105263157,0.8709677419354839,1.3446519524617997,0.0865874363327673,0.4838709677419355,0.1578947368421052,0.1578947368421052,1.0,0.391304347826087,0.6774193548387096,12.666666666666666,10.333333333333334,0.4308998302207131,9.818181818181818,12.623376623376624,12.762,1.5714285714285714,2026,사직,1.0488000917921212,0.5608897263942944,6.465204910614658,222.5976186055468,0
2026-04-10,롯데,노진혁,9.0,4.0,42.0,35.0,14.0,6.0,0.0,7.0,6.0,0.0,3.0,0.0,1.0,1.0,0.0,0.0,678900,5.0,29.0,23.0,0.4,0.4761904761904761,0.8285714285714286,1.3047619047619048,0.0761904761904761,0.4285714285714286,0.1666666666666666,0.1428571428571428,0.8571428571428571,0.4230769230769231,0.6,14.0,11.666666666666666,0.4214285714285714,10.875,12.766304347826088,13.754,1.5217391304347827,2026,사직,1.0488000917921212,0.5513972302191247,6.860441116414257,217.5051555018721,0
2026-04-11,롯데,노진혁,9.0,5.0,47.0,40.0,15.0,6.0,0.0,10.0,6.0,0.0,3.0,0.0,1.0,1.0,0.0,0.0,678900,6.0,30.0,27.0,0.375,0.4468085106382978,0.75,1.1968085106382975,0.0718085106382978,0.375,0.2127659574468085,0.1276595744680851,0.6,0.4285714285714285,0.525,15.666666666666666,13.333333333333334,0.388563829787234,10.754716981132075,10.754716981132075,14.05,1.3333333333333333,2026,사직,1.0488000917921212,0.5145430939868885,6.227309549617403,195.94112614870264,0
2026-04-12,롯데,노진혁,9.0,5.0,51.0,43.0,16.0,7.0,0.0,11.0,7.0,0.0,3.0,0.0,1.0,1.0,0.0,0.0,678900,6.0,32.0,29.0,0.3720930232558139,0.4509803921568627,0.7441860465116279,1.1951664386684906,0.0788873689010488,0.3720930232558139,0.2156862745098039,0.1372549019607843,0.6363636363636364,0.4333333333333333,0.5348837209302325,17.0,14.333333333333334,0.3889876880984952,11.586206896551724,10.7871581450654,15.102,1.3448275862068966,2026,사직,1.0488000917921212,0.5152589395986278,6.837564536860911,198.1948089043772,0
2026-03-28,NC,박민우,0.0,2.0,5.0,5.0,0.0,0.0,0.0,0.0,0.0,0.0,0.0,0.0,0.0,1.0,0.0,0.0,678905,0.0,0.0,6.0,0.0,0.0,0.0,0.0,0.0,0.0,0.0,0.0,0.0,0.0,0.0,0.0,0.0,0.0,-0.0,-0.0,0.0799999999999999,0.0,2026,창원,1.0100284809306723,0.0,-1.686271090201168,-127.22260050159316,0
2026-03-29,NC,박민우,0.0,3.0,9.0,8.0,2.0,1.0,0.0,1.0,1.0,0.0,0.0,0.0,0.0,1.0,0.0,0.0,678905,1.0,3.0,7.0,0.25,0.3333333333333333,0.375,0.7083333333333333,0.0833333333333333,0.125,0.1111111111111111,0.1111111111111111,1.0,0.2857142857142857,0.25,0.0,0.0,0.24375,0.6,2.314285714285714,1.5419999999999998,0.5714285714285714,2026,창원,1.0100284809306723,0.332488849709011,-0.3630764290301864,73.0232227532348,0
2026-03-30,NC,박민우,0.0,3.0,9.0,8.0,2.0,1.0,0.0,1.0,1.0,0.0,0.0,0.0,0.0,1.0,0.0,0.0,678905,1.0,3.0,7.0,0.25,0.3333333333333333,0.375,0.7083333333333333,0.0833333333333333,0.125,0.1111111111111111,0.1111111111111111,1.0,0.2857142857142857,0.25,0.0,0.0,0.24375,0.6,2.314285714285714,1.5419999999999998,0.5714285714285714,2026,창원,1.0100284809306723,0.332488849709011,-0.3630764290301864,73.0232227532348,0
2026-03-31,NC,박민우,0.0,4.0,13.0,10.0,2.0,3.0,0.0,2.0,1.0,0.0,0.0,0.0,0.0,1.0,0.0,0.0,678905,1.0,3.0,9.0,0.2,0.3846153846153846,0.3,0.6846153846153846,0.1846153846153846,0.0999999999999999,0.1538461538461538,0.2307692307692307,1.5,0.25,0.4,0.0,0.0,0.248076923076923,0.75,2.25,2.214,0.6666666666666666,2026,창원,1.0100284809306723,0.3510088695021924,-0.2007476884559125,88.45476810153494,0
2026-04-01,NC,박민우,2.0,6.0,18.0,15.0,5.0,3.0,0.0,2.0,2.0,0.0,1.0,0.0,0.0,1.0,0.0,0.0,678905,2.0,10.0,11.0,0.3333333333333333,0.4444444444444444,0.6666666666666666,1.1111111111111112,0.1111111111111111,0.3333333333333333,0.1111111111111111,0.1666666666666666,1.5,0.3333333333333333,0.5333333333333333,18.0,15.0,0.3666666666666666,3.333333333333333,8.181818181818182,5.054,1.181818181818182,2026,창원,1.0100284809306723,0.4819603100513604,1.82965986394558,165.799908288344,0
2026-04-02,NC,박민우,3.0,7.0,23.0,20.0,7.0,3.0,0.0,3.0,2.0,0.0,1.0,0.0,0.0,1.0,0.0,0.0,678905,4.0,12.0,14.0,0.35,0.4347826086956521,0.6,1.0347826086956522,0.0847826086956521,0.25,0.1304347826086956,0.1304347826086956,1.0,0.375,0.4,23.0,20.0,0.3456521739130435,4.153846153846154,8.010989010989011,6.136,1.0714285714285714,2026,창원,1.0100284809306723,0.4605874634105152,1.9720909103452071,155.99431673491435,0
2026-04-03,NC,박민우,6.0,7.0,28.0,24.0,10.0,4.0,0.0,4.0,3.0,0.0,1.0,0.0,0.0,1.0,0.0,0.0,678905,6.0,16.0,15.0,0.4166666666666667,0.5,0.6666666666666666,1.1666666666666663,0.0833333333333333,0.2499999999999999,0.1428571428571428,0.1428571428571428,1.0,0.4736842105263157,0.4166666666666667,28.0,24.0,0.3916666666666666,6.5,11.7,8.098,1.3333333333333333,2026,창원,1.0100284809306723,0.5211004160041893,3.855502486684857,192.5176085066565,0
2026-04-04,NC,박민우,7.0,9.0,33.0,27.0,12.0,6.0,0.0,4.0,4.0,0.0,1.0,0.0,0.0,1.0,0.0,0.0,678905,7.0,19.0,16.0,0.4444444444444444,0.5454545454545454,0.7037037037037037,1.2491582491582491,0.101010101010101,0.2592592592592593,0.1212121212121212,0.1818181818181818,1.5,0.5,0.4814814814814814,33.0,27.0,0.4213804713804714,8.282051282051283,13.97596153846154,10.088,1.5625,2026,창원,1.0100284809306723,0.5567916718766341,5.556902324952353,215.14683470193256,0
2026-04-05,NC,박민우,7.0,9.0,37.0,31.0,13.0,6.0,0.0,5.0,5.0,0.0,1.0,0.0,0.0,1.0,0.0,0.0,678905,7.0,21.0,19.0,0.4193548387096774,0.5135135135135135,0.6774193548387096,1.1909328683522231,0.094158674803836,0.2580645161290322,0.1351351351351351,0.1621621621621621,1.2,0.48,0.4516129032258064,37.0,31.0,0.4004359197907585,8.790697674418604,12.492044063647487,10.89,1.4210526315789471,2026,창원,1.0100284809306723,0.5330695662701637,5.429918537173987,205.40233927769407,0
2026-04-06,NC,박민우,7.0,9.0,37.0,31.0,13.0,6.0,0.0,5.0,5.0,0.0,1.0,0.0,0.0,1.0,0.0,0.0,678905,7.0,21.0,19.0,0.4193548387096774,0.5135135135135135,0.6774193548387096,1.1909328683522231,0.094158674803836,0.2580645161290322,0.1351351351351351,0.1621621621621621,1.2,0.48,0.4516129032258064,37.0,31.0,0.4004359197907585,8.790697674418604,12.492044063647487,10.89,1.4210526315789471,2026,창원,1.0100284809306723,0.5330695662701637,5.429918537173987,205.40233927769407,0
2026-04-07,NC,박민우,7.0,9.0,42.0,36.0,14.0,6.0,0.0,5.0,5.0,0.0,1.0,0.0,0.0,1.0,0.0,0.0,678905,8.0,22.0,23.0,0.3888888888888889,0.4761904761904761,0.6111111111111112,1.0873015873015874,0.0873015873015872,0.2222222222222222,0.119047619047619,0.1428571428571428,1.2,0.4333333333333333,0.3888888888888889,42.0,36.0,0.3670634920634921,8.708333333333334,10.222826086956523,11.749999999999998,1.2173913043478262,2026,창원,1.0100284809306723,0.4947486363027369,4.798988954092415,184.47230673372667,0
2026-04-08,NC,박민우,8.0,9.0,47.0,41.0,15.0,6.0,0.0,7.0,5.0,0.0,1.0,0.0,0.0,1.0,0.0,0.0,678905,9.0,23.0,27.0,0.3658536585365853,0.4468085106382978,0.5609756097560976,1.0077841203943954,0.0809548521017125,0.1951219512195122,0.1489361702127659,0.1276595744680851,0.8571428571428571,0.4242424242424242,0.3414634146341463,47.0,41.0,0.3413077322262584,8.679245283018869,8.679245283018869,12.234,1.0740740740740742,2026,창원,1.0100284809306723,0.4612630267592462,4.033330173667727,163.29570395585975,0
2026-04-09,NC,박민우,8.0,9.0,47.0,41.0,15.0,6.0,0.0,7.0,5.0,0.0,1.0,0.0,0.0,1.0,0.0,0.0,678905,9.0,23.0,27.0,0.3658536585365853,0.4468085106382978,0.5609756097560976,1.0077841203943954,0.0809548521017125,0.1951219512195122,0.1489361702127659,0.1276595744680851,0.8571428571428571,0.4242424242424242,0.3414634146341463,47.0,41.0,0.3413077322262584,8.679245283018869,8.679245283018869,12.234,1.0740740740740742,2026,창원,1.0100284809306723,0.4612630267592462,4.033330173667727,163.29570395585975,0
2026-04-10,NC,박민우,10.0,10.0,52.0,45.0,17.0,6.0,1.0,7.0,5.0,0.0,1.0,0.0,0.0,1.0,0.0,0.0,678905,11.0,25.0,29.0,0.3777777777777777,0.4615384615384615,0.5555555555555556,1.017094017094017,0.0837606837606838,0.1777777777777778,0.1346153846153846,0.1153846153846153,0.8571428571428571,0.4324324324324324,0.3111111111111111,52.0,45.0,0.3465811965811965,9.745762711864408,9.073641145528931,13.754,1.103448275862069,2026,창원,1.0100284809306723,0.4675483842359963,4.798750812254361,168.14057570749003,0
2026-04-11,NC,박민우,10.0,11.0,57.0,49.0,17.0,7.0,1.0,7.0,5.0,0.0,1.0,0.0,0.0,1.0,0.0,0.0,678905,11.0,25.0,33.0,0.3469387755102041,0.4385964912280701,0.5102040816326531,0.9488005728607232,0.091657715717866,0.163265306122449,0.1228070175438596,0.1228070175438596,1.0,0.3902439024390244,0.3061224489795918,57.0,49.0,0.3249194414607949,9.23076923076923,7.552447552447552,14.454,1.0,2026,창원,1.0100284809306723,0.4404949261019069,4.022306363005039,152.6940597683213,0
2026-04-12,NC,박민우,10.0,11.0,57.0,49.0,17.0,7.0,1.0,7.0,5.0,0.0,1.0,0.0,0.0,1.0,0.0,0.0,678905,11.0,25.0,33.0,0.3469387755102041,0.4385964912280701,0.5102040816326531,0.9488005728607232,0.091657715717866,0.163265306122449,0.1228070175438596,0.1228070175438596,1.0,0.3902439024390244,0.3061224489795918,57.0,49.0,0.3249194414607949,9.23076923076923,7.552447552447552,14.454,1.0,2026,창원,1.0100284809306723,0.4404145241555418,4.101710472264419,154.32088284079128,0
2026-04-04,KIA,고종욱,0.0,0.0,4.0,2.0,0.0,2.0,0.0,1.0,0.0,0.0,0.0,0.0,0.0,0.0,0.0,0.0,699428,0.0,0.0,2.0,0.0,0.5,0.0,0.5,0.5,0.0,0.25,0.5,2.0,0.0,1.0,0.0,0.0,0.225,0.0,0.0,0.672,1.0,2026,광주,0.9987402594586288,0.3879386644582615,0.0697898597355941,112.1605707002095,0
2026-04-05,KIA,고종욱,0.0,0.0,4.0,2.0,0.0,2.0,0.0,1.0,0.0,0.0,0.0,0.0,0.0,0.0,0.0,0.0,699428,0.0,0.0,2.0,0.0,0.5,0.0,0.5,0.5,0.0,0.25,0.5,2.0,0.0,1.0,0.0,0.0,0.225,0.0,0.0,0.672,1.0,2026,광주,0.9987402594586288,0.3848509162822764,0.0744353930193316,113.61842057149931,0
2026-04-06,KIA,고종욱,0.0,0.0,4.0,2.0,0.0,2.0,0.0,1.0,0.0,0.0,0.0,0.0,0.0,0.0,0.0,0.0,699428,0.0,0.0,2.0,0.0,0.5,0.0,0.5,0.5,0.0,0.25,0.5,2.0,0.0,1.0,0.0,0.0,0.225,0.0,0.0,0.672,1.0,2026,광주,0.9987402594586288,0.3848509162822764,0.0744353930193316,113.61842057149931,0
2026-04-07,KIA,고종욱,0.0,0.0,5.0,3.0,0.0,2.0,0.0,2.0,0.0,0.0,0.0,0.0,0.0,0.0,0.0,0.0,699428,0.0,0.0,3.0,0.0,0.4,0.0,0.4,0.4,0.0,0.4,0.4,1.0,0.0,0.6666666666666666,0.0,0.0,0.18,0.0,0.0,0.5740000000000001,0.6666666666666666,2026,광주,0.9987402594586288,0.3070868011501851,-0.219235963982104,67.32541618422805,0
2026-04-08,KIA,고종욱,0.0,0.0,6.0,4.0,0.0,2.0,0.0,2.0,0.0,0.0,0.0,0.0,0.0,0.0,0.0,0.0,699428,0.0,0.0,4.0,0.0,0.3333333333333333,0.0,0.3333333333333333,0.3333333333333333,0.0,0.3333333333333333,0.3333333333333333,1.0,0.0,0.5,0.0,0.0,0.15,0.0,0.0,0.6640000000000001,0.5,2026,광주,0.9987402594586288,0.255487178480853,-0.5300865976144038,33.930110945181546,0
2026-04-09,KIA,고종욱,0.0,0.0,6.0,4.0,0.0,2.0,0.0,2.0,0.0,0.0,0.0,0.0,0.0,0.0,0.0,0.0,699428,0.0,0.0,4.0,0.0,0.3333333333333333,0.0,0.3333333333333333,0.3333333333333333,0.0,0.3333333333333333,0.3333333333333333,1.0,0.0,0.5,0.0,0.0,0.15,0.0,0.0,0.6640000000000001,0.5,2026,광주,0.9987402594586288,0.255487178480853,-0.5300865976144038,33.930110945181546,0
2026-04-10,KIA,고종욱,0.0,0.0,6.0,4.0,0.0,2.0,0.0,2.0,0.0,0.0,0.0,0.0,0.0,0.0,0.0,0.0,699428,0.0,0.0,4.0,0.0,0.3333333333333333,0.0,0.3333333333333333,0.3333333333333333,0.0,0.3333333333333333,0.3333333333333333,1.0,0.0,0.5,0.0,0.0,0.15,0.0,0.0,0.6640000000000001,0.5,2026,광주,0.9987402594586288,0.254726421977602,-0.528471310106374,34.13322948659658,0
2026-04-11,KIA,고종욱,1.0,0.0,7.0,5.0,1.0,2.0,0.0,2.0,0.0,0.0,0.0,0.0,0.0,0.0,0.0,0.0,699428,1.0,1.0,4.0,0.2,0.4285714285714285,0.2,0.6285714285714286,0.2285714285714285,0.0,0.2857142857142857,0.2857142857142857,1.0,0.3333333333333333,0.4,0.0,0.0,0.2428571428571428,0.3333333333333333,2.25,1.164,0.75,2026,광주,0.9987402594586288,0.3530721030607412,-0.0178367046243697,98.18702870769336,0
2026-04-12,KIA,고종욱,1.0,0.0,7.0,5.0,1.0,2.0,0.0,2.0,0.0,0.0,0.0,0.0,0.0,0.0,0.0,0.0,699428,1.0,1.0,4.0,0.2,0.4285714285714285,0.2,0.6285714285714286,0.2285714285714285,0.0,0.2857142857142857,0.2857142857142857,1.0,0.3333333333333333,0.4,0.0,0.0,0.2428571428571428,0.3333333333333333,2.25,1.164,0.75,2026,광주,0.9987402594586288,0.3523389604668146,-0.0079111909669474,99.25708336667758,0
2026-03-28,키움,김재현,0.0,0.0,2.0,1.0,0.0,0.0,1.0,1.0,0.0,0.0,0.0,0.0,0.0,0.0,0.0,0.0,715619,0.0,0.0,1.0,0.0,0.5,0.0,0.5,0.5,0.0,0.5,0.0,0.0,0.0,0.0,0.0,0.0,0.225,0.0,0.0,0.242,1.0,2026,고척,0.9666905138306804,0.4152299608277155,0.0632530283365779,124.54504119750732,0
2026-03-29,키움,김재현,0.0,0.0,2.0,1.0,0.0,0.0,1.0,1.0,0.0,0.0,0.0,0.0,0.0,0.0,0.0,0.0,715619,0.0,0.0,1.0,0.0,0.5,0.0,0.5,0.5,0.0,0.5,0.0,0.0,0.0,0.0,0.0,0.0,0.225,0.0,0.0,0.242,1.0,2026,고척,0.9666905138306804,0.4037743779207884,0.053190965532006,120.45434790550468,0
2026-03-30,키움,김재현,0.0,0.0,2.0,1.0,0.0,0.0,1.0,1.0,0.0,0.0,0.0,0.0,0.0,0.0,0.0,0.0,715619,0.0,0.0,1.0,0.0,0.5,0.0,0.5,0.5,0.0,0.5,0.0,0.0,0.0,0.0,0.0,0.0,0.225,0.0,0.0,0.242,1.0,2026,고척,0.9666905138306804,0.4037743779207884,0.053190965532006,120.45434790550468,0
2026-03-31,키움,김재현,0.0,0.0,2.0,1.0,0.0,0.0,1.0,1.0,0.0,0.0,0.0,0.0,0.0,0.0,0.0,0.0,715619,0.0,0.0,1.0,0.0,0.5,0.0,0.5,0.5,0.0,0.5,0.0,0.0,0.0,0.0,0.0,0.0,0.225,0.0,0.0,0.242,1.0,2026,고척,0.9666905138306804,0.402284225012103,0.0611749212959521,124.21309067011777,0
2026-04-01,키움,김재현,0.0,0.0,2.0,1.0,0.0,0.0,1.0,1.0,0.0,0.0,0.0,0.0,0.0,0.0,0.0,0.0,715619,0.0,0.0,1.0,0.0,0.5,0.0,0.5,0.5,0.0,0.5,0.0,0.0,0.0,0.0,0.0,0.0,0.225,0.0,0.0,0.242,1.0,2026,고척,0.9666905138306804,0.4041828040817009,0.0594873222016081,122.87843639874444,0
2026-04-02,키움,김재현,0.0,0.0,2.0,1.0,0.0,0.0,1.0,1.0,0.0,0.0,0.0,0.0,0.0,0.0,0.0,0.0,715619,0.0,0.0,1.0,0.0,0.5,0.0,0.5,0.5,0.0,0.5,0.0,0.0,0.0,0.0,0.0,0.0,0.225,0.0,0.0,0.242,1.0,2026,고척,0.9666905138306804,0.4026111868638823,0.0662478959132425,125.3498806880962,0
2026-04-03,키움,김재현,0.0,0.0,2.0,1.0,0.0,0.0,1.0,1.0,0.0,0.0,0.0,0.0,0.0,0.0,0.0,0.0,715619,0.0,0.0,1.0,0.0,0.5,0.0,0.5,0.5,0.0,0.5,0.0,0.0,0.0,0.0,0.0,0.0,0.225,0.0,0.0,0.242,1.0,2026,고척,0.9666905138306804,0.4026189289695236,0.0627286109150623,124.63289744685515,0
2026-04-04,키움,김재현,0.0,0.0,2.0,1.0,0.0,0.0,1.0,1.0,0.0,0.0,0.0,0.0,0.0,0.0,0.0,0.0,715619,0.0,0.0,1.0,0.0,0.5,0.0,0.5,0.5,0.0,0.5,0.0,0.0,0.0,0.0,0.0,0.0,0.225,0.0,0.0,0.242,1.0,2026,고척,0.9666905138306804,0.4019217931682397,0.0598949298677972,123.9875690725282,0
2026-04-05,키움,김재현,0.0,0.0,2.0,1.0,0.0,0.0,1.0,1.0,0.0,0.0,0.0,0.0,0.0,0.0,0.0,0.0,715619,0.0,0.0,1.0,0.0,0.5,0.0,0.5,0.5,0.0,0.5,0.0,0.0,0.0,0.0,0.0,0.0,0.225,0.0,0.0,0.242,1.0,2026,고척,0.9666905138306804,0.399308935759148,0.062217696509666,125.88658803895056,0
2026-04-06,키움,김재현,0.0,0.0,2.0,1.0,0.0,0.0,1.0,1.0,0.0,0.0,0.0,0.0,0.0,0.0,0.0,0.0,715619,0.0,0.0,1.0,0.0,0.5,0.0,0.5,0.5,0.0,0.5,0.0,0.0,0.0,0.0,0.0,0.0,0.225,0.0,0.0,0.242,1.0,2026,고척,0.9666905138306804,0.399308935759148,0.062217696509666,125.88658803895056,0
2026-04-07,키움,김재현,0.0,0.0,2.0,1.0,0.0,0.0,1.0,1.0,0.0,0.0,0.0,0.0,0.0,0.0,0.0,0.0,715619,0.0,0.0,1.0,0.0,0.5,0.0,0.5,0.5,0.0,0.5,0.0,0.0,0.0,0.0,0.0,0.0,0.225,0.0,0.0,0.242,1.0,2026,고척,0.9666905138306804,0.398694945877583,0.0666689881568252,128.26732270043695,0
2026-04-08,키움,김재현,0.0,0.0,4.0,3.0,0.0,0.0,1.0,3.0,0.0,0.0,0.0,0.0,0.0,0.0,0.0,0.0,715619,0.0,0.0,3.0,0.0,0.25,0.0,0.25,0.25,0.0,0.75,0.0,0.0,0.0,0.0,0.0,0.0,0.1125,0.0,0.0,0.0459999999999999,0.3333333333333333,2026,고척,0.9666905138306804,0.1989998272988638,-0.544628738079471,1.3131758038839814,0
2026-04-09,키움,김재현,0.0,0.0,4.0,3.0,0.0,0.0,1.0,3.0,0.0,0.0,0.0,0.0,0.0,0.0,0.0,0.0,715619,0.0,0.0,3.0,0.0,0.25,0.0,0.25,0.25,0.0,0.75,0.0,0.0,0.0,0.0,0.0,0.0,0.1125,0.0,0.0,0.0459999999999999,0.3333333333333333,2026,고척,0.9666905138306804,0.1989998272988638,-0.544628738079471,1.3131758038839814,0
2026-04-10,키움,김재현,0.0,0.0,4.0,3.0,0.0,0.0,1.0,3.0,0.0,0.0,0.0,0.0,0.0,0.0,0.0,0.0,715619,0.0,0.0,3.0,0.0,0.25,0.0,0.25,0.25,0.0,0.75,0.0,0.0,0.0,0.0,0.0,0.0,0.1125,0.0,0.0,0.0459999999999999,0.3333333333333333,2026,고척,0.9666905138306804,0.1984196273256708,-0.5431895927463907,1.5849180557549247,0
2026-04-11,키움,김재현,0.0,0.0,4.0,3.0,0.0,0.0,1.0,3.0,0.0,0.0,0.0,0.0,0.0,0.0,0.0,0.0,715619,0.0,0.0,3.0,0.0,0.25,0.0,0.25,0.25,0.0,0.75,0.0,0.0,0.0,0.0,0.0,0.0,0.1125,0.0,0.0,0.0459999999999999,0.3333333333333333,2026,고척,0.9666905138306804,0.1979874516007795,-0.5290040870717689,2.6961867403884177,0
2026-04-12,키움,김재현,0.0,0.0,4.0,3.0,0.0,0.0,1.0,3.0,0.0,0.0,0.0,0.0,0.0,0.0,0.0,0.0,715619,0.0,0.0,3.0,0.0,0.25,0.0,0.25,0.25,0.0,0.75,0.0,0.0,0.0,0.0,0.0,0.0,0.1125,0.0,0.0,0.0459999999999999,0.3333333333333333,2026,고척,0.9666905138306804,0.1974975344738079,-0.5185048011882806,3.67250384974086,0
2026-03-28,한화,채은성,1.0,2.0,5.0,4.0,2.0,1.0,0.0,0.0,0.0,0.0,1.0,0.0,0.0,0.0,0.0,0.0,730963,1.0,5.0,2.0,0.5,0.6,1.25,1.85,0.0999999999999999,0.75,0.0,0.2,0.0,0.3333333333333333,1.0,5.0,4.0,0.5825,2.5,33.75,2.46,3.0,2026,대전,1.019564452032887,0.7469300261272288,1.631506056673156,316.91636732271013,0
2026-03-29,한화,채은성,2.0,3.0,10.0,8.0,3.0,1.0,0.0,2.0,0.0,0.0,1.0,0.0,1.0,0.0,0.0,0.0,730963,2.0,6.0,6.0,0.375,0.4,0.75,1.15,0.025,0.375,0.2,0.1,0.5,0.3333333333333333,0.5,10.0,8.0,0.3675,1.6363636363636365,7.363636363636364,3.224,1.1666666666666667,2026,대전,1.019564452032887,0.4539306458287241,0.7369235709698139,145.49009548146006,0
2026-03-30,한화,채은성,2.0,3.0,10.0,8.0,3.0,1.0,0.0,2.0,0.0,0.0,1.0,0.0,1.0,0.0,0.0,0.0,730963,2.0,6.0,6.0,0.375,0.4,0.75,1.15,0.025,0.375,0.2,0.1,0.5,0.3333333333333333,0.5,10.0,8.0,0.3675,1.6363636363636365,7.363636363636364,3.224,1.1666666666666667,2026,대전,1.019564452032887,0.4539306458287241,0.7369235709698139,145.49009548146006,0
2026-03-31,한화,채은성,2.0,3.0,15.0,13.0,4.0,1.0,0.0,2.0,0.0,0.0,1.0,0.0,1.0,1.0,0.0,0.0,730963,3.0,7.0,11.0,0.3076923076923077,0.3333333333333333,0.5384615384615384,0.8717948717948718,0.0256410256410256,0.2307692307692307,0.1333333333333333,0.0666666666666666,0.5,0.2727272727272727,0.3076923076923077,15.0,13.0,0.2846153846153846,1.3125,3.221590909090909,3.714,0.7272727272727273,2026,대전,1.019564452032887,0.3701755327397601,0.0264550953124627,99.24761913471632,0
2026-04-01,한화,채은성,3.0,4.0,21.0,18.0,6.0,1.0,1.0,3.0,0.0,0.0,1.0,0.0,1.0,1.0,0.0,0.0,730963,5.0,9.0,14.0,0.3333333333333333,0.3809523809523809,0.5,0.8809523809523809,0.0476190476190476,0.1666666666666666,0.1428571428571428,0.0476190476190476,0.3333333333333333,0.3333333333333333,0.2222222222222222,21.0,18.0,0.2964285714285714,2.347826086956522,4.527950310559007,5.135999999999999,0.7857142857142857,2026,대전,1.019564452032887,0.3914751623042408,0.377908472479902,109.87026241239695,0
2026-04-02,한화,채은성,3.0,4.0,23.0,20.0,6.0,1.0,1.0,4.0,0.0,0.0,1.0,0.0,1.0,1.0,0.0,0.0,730963,5.0,9.0,16.0,0.3,0.3478260869565217,0.45,0.7978260869565217,0.0478260869565217,0.15,0.1739130434782608,0.0434782608695652,0.25,0.3125,0.2,23.0,20.0,0.2690217391304348,2.16,3.645000000000001,5.127999999999999,0.6875,2026,대전,1.019564452032887,0.357992881526458,-0.1695450343552525,93.14338198103692,0
2026-04-03,한화,채은성,4.0,5.0,28.0,24.0,9.0,1.0,2.0,4.0,1.0,0.0,1.0,0.0,1.0,1.0,0.0,0.0,730963,7.0,13.0,17.0,0.375,0.4285714285714285,0.5416666666666666,0.9702380952380952,0.0535714285714285,0.1666666666666666,0.1428571428571428,0.0357142857142857,0.25,0.4,0.2083333333333333,28.0,24.0,0.3282738095238094,4.193548387096774,6.660341555977229,7.278,0.9411764705882352,2026,대전,1.019564452032887,0.4375177547041217,1.7551674440109255,140.61752831631097,0
2026-04-04,한화,채은성,5.0,6.0,33.0,28.0,11.0,1.0,2.0,5.0,1.0,0.0,1.0,0.0,2.0,1.0,0.0,0.0,730963,9.0,15.0,20.0,0.3928571428571428,0.4242424242424242,0.5357142857142857,0.95995670995671,0.0313852813852814,0.1428571428571428,0.1515151515151515,0.0303030303030303,0.2,0.4166666666666667,0.1785714285714285,33.0,28.0,0.3248376623376623,4.583333333333333,6.187499999999999,8.639999999999999,0.9,2026,대전,1.019564452032887,0.4286779487266848,1.7775685366819534,135.1980717575166,0
2026-04-05,한화,채은성,5.0,6.0,37.0,31.0,11.0,2.0,2.0,6.0,1.0,0.0,1.0,0.0,2.0,1.0,0.0,0.0,730963,9.0,15.0,23.0,0.3548387096774194,0.4054054054054054,0.4838709677419355,0.889276373147341,0.050566695727986,0.1290322580645161,0.1621621621621621,0.054054054054054,0.3333333333333333,0.3846153846153846,0.1935483870967742,37.0,31.0,0.3034001743679163,4.390243902439025,5.153764581124072,9.062,0.8260869565217391,2026,대전,1.019564452032887,0.4042181066713312,1.3080676737281158,123.67657027637176,0
2026-04-06,한화,채은성,5.0,6.0,37.0,31.0,11.0,2.0,2.0,6.0,1.0,0.0,1.0,0.0,2.0,1.0,0.0,0.0,730963,9.0,15.0,23.0,0.3548387096774194,0.4054054054054054,0.4838709677419355,0.889276373147341,0.050566695727986,0.1290322580645161,0.1621621621621621,0.054054054054054,0.3333333333333333,0.3846153846153846,0.1935483870967742,37.0,31.0,0.3034001743679163,4.390243902439025,5.153764581124072,9.062,0.8260869565217391,2026,대전,1.019564452032887,0.4042181066713312,1.3080676737281158,123.67657027637176,0
2026-04-07,한화,채은성,6.0,6.0,42.0,36.0,11.0,2.0,2.0,7.0,1.0,0.0,1.0,0.0,2.0,1.0,0.0,0.0,730963,9.0,15.0,28.0,0.3055555555555556,0.3571428571428571,0.4166666666666667,0.7738095238095238,0.0515873015873015,0.1111111111111111,0.1666666666666666,0.0476190476190476,0.2857142857142857,0.3333333333333333,0.1666666666666666,42.0,36.0,0.2648809523809524,3.9130434782608696,3.773291925465839,9.324,0.6785714285714286,2026,대전,1.019564452032887,0.357714025921639,-0.0500953896492498,97.15130202694262,0
2026-04-08,한화,채은성,6.0,6.0,46.0,40.0,11.0,2.0,2.0,9.0,1.0,0.0,1.0,0.0,2.0,1.0,0.0,0.0,730963,9.0,15.0,32.0,0.275,0.3260869565217391,0.375,0.7010869565217391,0.0510869565217391,0.0999999999999999,0.1956521739130435,0.0434782608695652,0.2222222222222222,0.3125,0.15,46.0,40.0,0.2404891304347826,3.6,3.0375,9.308000000000002,0.59375,2026,대전,1.019564452032887,0.3258547535505253,-1.324362501117633,76.4718574079826,0
2026-04-09,한화,채은성,6.0,6.0,46.0,40.0,11.0,2.0,2.0,9.0,1.0,0.0,1.0,0.0,2.0,1.0,0.0,0.0,730963,9.0,15.0,32.0,0.275,0.3260869565217391,0.375,0.7010869565217391,0.0510869565217391,0.0999999999999999,0.1956521739130435,0.0434782608695652,0.2222222222222222,0.3125,0.15,46.0,40.0,0.2404891304347826,3.6,3.0375,9.308000000000002,0.59375,2026,대전,1.019564452032887,0.3258547535505253,-1.324362501117633,76.4718574079826,0
2026-04-10,한화,채은성,8.0,7.0,50.0,44.0,13.0,2.0,2.0,10.0,1.0,0.0,2.0,0.0,2.0,1.0,0.0,0.0,730963,10.0,20.0,34.0,0.2954545454545454,0.34,0.4545454545454545,0.7945454545454546,0.0445454545454545,0.159090909090909,0.2,0.04,0.2,0.3235294117647059,0.2045454545454545,25.0,22.0,0.2666363636363636,5.185185185185185,4.117647058823529,11.24,0.7058823529411765,2026,대전,1.019564452032887,0.3581750989184366,-0.0203966388774173,97.73791167390044,0
2026-04-11,한화,채은성,8.0,8.0,54.0,47.0,14.0,3.0,2.0,10.0,1.0,0.0,2.0,0.0,2.0,1.0,0.0,0.0,730963,11.0,21.0,36.0,0.2978723404255319,0.3518518518518518,0.4468085106382978,0.7986603624901497,0.0539795114263199,0.1489361702127659,0.1851851851851851,0.0555555555555555,0.3,0.3243243243243243,0.2127659574468085,27.0,23.5,0.2700354609929078,5.694915254237288,4.271186440677966,12.260000000000002,0.7222222222222222,2026,대전,1.019564452032887,0.364030164938679,0.3572923008709243,103.0783160965996,0
2026-04-12,한화,채은성,8.0,8.0,57.0,50.0,14.0,3.0,2.0,11.0,1.0,0.0,2.0,0.0,2.0,1.0,0.0,0.0,730963,11.0,21.0,39.0,0.28,0.3333333333333333,0.42,0.7533333333333333,0.0533333333333332,0.1399999999999999,0.1929824561403508,0.0526315789473684,0.2727272727272727,0.3076923076923077,0.2,28.5,25.0,0.255,5.419354838709677,3.751861042183623,12.342000000000002,0.6666666666666666,2026,대전,1.019564452032887,0.3449524808484169,-0.4138132674462462,92.4620555612428,0
2026-04-02,롯데,박승욱,0.0,0.0,1.0,1.0,0.0,0.0,0.0,0.0,0.0,0.0,0.0,0.0,0.0,0.0,0.0,0.0,792296,0.0,0.0,1.0,0.0,0.0,0.0,0.0,0.0,0.0,0.0,0.0,0.0,0.0,0.0,0.0,0.0,0.0,0.0,0.0,0.09,0.0,2026,사직,1.0488000917921212,0.0,-0.3322850382184939,-125.76435830265967,0
2026-04-03,롯데,박승욱,0.0,0.0,3.0,3.0,1.0,0.0,0.0,1.0,0.0,0.0,0.0,0.0,0.0,0.0,0.0,0.0,792296,1.0,1.0,2.0,0.3333333333333333,0.3333333333333333,0.3333333333333333,0.6666666666666666,0.0,0.0,0.3333333333333333,0.0,0.0,0.5,0.0,0.0,0.0,0.2333333333333333,0.3333333333333333,4.5,0.492,0.5,2026,사직,1.0488000917921212,0.3166971201110277,-0.1372408442958893,64.04966634503357,0
2026-04-04,롯데,박승욱,0.0,0.0,4.0,4.0,1.0,0.0,0.0,2.0,0.0,0.0,0.0,0.0,0.0,0.0,0.0,0.0,792296,1.0,1.0,3.0,0.25,0.25,0.25,0.5,0.0,0.0,0.5,0.0,0.0,0.5,0.0,0.0,0.0,0.175,0.25,2.25,0.3939999999999999,0.3333333333333333,2026,사직,1.0488000917921212,0.2373170312300628,-0.4687935873320064,14.28100138621511,0
2026-04-05,롯데,박승욱,0.0,0.0,4.0,4.0,1.0,0.0,0.0,2.0,0.0,0.0,0.0,0.0,0.0,0.0,0.0,0.0,792296,1.0,1.0,3.0,0.25,0.25,0.25,0.5,0.0,0.0,0.5,0.0,0.0,0.5,0.0,0.0,0.0,0.175,0.25,2.25,0.3939999999999999,0.3333333333333333,2026,사직,1.0488000917921212,0.2372453185194399,-0.4360273228421362,16.08399604840509,0
2026-04-06,롯데,박승욱,0.0,0.0,4.0,4.0,1.0,0.0,0.0,2.0,0.0,0.0,0.0,0.0,0.0,0.0,0.0,0.0,792296,1.0,1.0,3.0,0.25,0.25,0.25,0.5,0.0,0.0,0.5,0.0,0.0,0.5,0.0,0.0,0.0,0.175,0.25,2.25,0.3939999999999999,0.3333333333333333,2026,사직,1.0488000917921212,0.2372453185194399,-0.4360273228421362,16.08399604840509,0
2026-04-07,롯데,박승욱,0.0,0.0,4.0,4.0,1.0,0.0,0.0,2.0,0.0,0.0,0.0,0.0,0.0,0.0,0.0,0.0,792296,1.0,1.0,3.0,0.25,0.25,0.25,0.5,0.0,0.0,0.5,0.0,0.0,0.5,0.0,0.0,0.0,0.175,0.25,2.25,0.3939999999999999,0.3333333333333333,2026,사직,1.0488000917921212,0.237922228482405,-0.4084788924346829,18.727782474932987,0
2026-04-08,롯데,박승욱,0.0,0.0,4.0,4.0,1.0,0.0,0.0,2.0,0.0,0.0,0.0,0.0,0.0,0.0,0.0,0.0,792296,1.0,1.0,3.0,0.25,0.25,0.25,0.5,0.0,0.0,0.5,0.0,0.0,0.5,0.0,0.0,0.0,0.175,0.25,2.25,0.3939999999999999,0.3333333333333333,2026,사직,1.0488000917921212,0.2373989331776289,-0.4146287380794708,17.453320948916385,0
2026-04-09,롯데,박승욱,0.0,0.0,4.0,4.0,1.0,0.0,0.0,2.0,0.0,0.0,0.0,0.0,0.0,0.0,0.0,0.0,792296,1.0,1.0,3.0,0.25,0.25,0.25,0.5,0.0,0.0,0.5,0.0,0.0,0.5,0.0,0.0,0.0,0.175,0.25,2.25,0.3939999999999999,0.3333333333333333,2026,사직,1.0488000917921212,0.2373989331776289,-0.4146287380794708,17.453320948916385,0
2026-04-10,롯데,박승욱,0.0,0.0,4.0,4.0,1.0,0.0,0.0,2.0,0.0,0.0,0.0,0.0,0.0,0.0,0.0,0.0,792296,1.0,1.0,3.0,0.25,0.25,0.25,0.5,0.0,0.0,0.5,0.0,0.0,0.5,0.0,0.0,0.0,0.175,0.25,2.25,0.3939999999999999,0.3333333333333333,2026,사직,1.0488000917921212,0.2367686437065115,-0.4131895927463906,17.72454456678949,0
2026-04-11,롯데,박승욱,1.0,1.0,5.0,5.0,2.0,0.0,0.0,2.0,0.0,0.0,0.0,0.0,0.0,0.0,0.0,0.0,792296,2.0,2.0,3.0,0.4,0.4,0.4,0.8,0.0,0.0,0.4,0.0,0.0,0.6666666666666666,0.0,0.0,0.0,0.28,0.8,7.2,0.8940000000000001,0.6666666666666666,2026,사직,1.0488000917921212,0.3789558690015392,0.0954971598110244,109.65346482952818,0
2026-04-12,롯데,박승욱,1.0,1.0,5.0,5.0,2.0,0.0,0.0,2.0,0.0,0.0,0.0,0.0,0.0,0.0,0.0,0.0,792296,2.0,2.0,3.0,0.4,0.4,0.4,0.8,0.0,0.0,0.4,0.0,0.0,0.6666666666666666,0.0,0.0,0.0,0.28,0.8,7.2,0.8940000000000001,0.6666666666666666,2026,사직,1.0488000917921212,0.3786575563863972,0.1035523251821754,111.0424874395757,0
2026-03-31,SSG,한유섬,0.0,0.0,4.0,3.0,1.0,1.0,0.0,1.0,0.0,0.0,0.0,0.0,0.0,0.0,0.0,0.0,792323,1.0,1.0,2.0,0.3333333333333333,0.5,0.3333333333333333,0.8333333333333333,0.1666666666666666,0.0,0.25,0.25,1.0,0.5,0.3333333333333333,0.0,0.0,0.3083333333333333,0.4,5.4,0.8320000000000001,1.0,2026,문학,1.027807913649001,0.4315258077996208,0.2273498425919042,136.02229663423168,0
2026-04-01,SSG,한유섬,0.0,0.0,8.0,6.0,1.0,2.0,0.0,2.0,0.0,0.0,0.0,0.0,0.0,0.0,0.0,0.0,792323,1.0,1.0,5.0,0.1666666666666666,0.375,0.1666666666666666,0.5416666666666666,0.2083333333333333,0.0,0.25,0.25,1.0,0.25,0.3333333333333333,0.0,0.0,0.2104166666666666,0.3,1.62,1.2540000000000002,0.6,2026,문학,1.027807913649001,0.3139539405025953,-0.4293722943722942,61.94635818788177,0
2026-04-02,SSG,한유섬,0.0,1.0,12.0,10.0,2.0,2.0,0.0,2.0,0.0,0.0,0.0,0.0,0.0,0.0,0.0,0.0,792323,2.0,2.0,8.0,0.2,0.3333333333333333,0.2,0.5333333333333333,0.1333333333333333,0.0,0.1666666666666666,0.1666666666666666,1.0,0.25,0.2,0.0,0.0,0.2,0.5714285714285714,1.9285714285714284,2.024,0.5,2026,문학,1.027807913649001,0.2876891286855216,-0.854148569221005,49.90339312857306,0
2026-04-03,SSG,한유섬,0.0,2.0,15.0,12.0,2.0,3.0,0.0,2.0,0.0,0.0,0.0,0.0,0.0,1.0,0.0,0.0,792323,2.0,2.0,11.0,0.1666666666666666,0.3333333333333333,0.1666666666666666,0.5,0.1666666666666666,0.0,0.1333333333333333,0.2,1.5,0.2,0.25,0.0,0.0,0.1916666666666666,0.4444444444444444,1.0909090909090908,2.174,0.4545454545454545,2026,문학,1.027807913649001,0.2821551310786037,-1.1512042214794471,45.094363611400354,0
2026-04-04,SSG,한유섬,0.0,2.0,17.0,14.0,2.0,3.0,0.0,3.0,0.0,0.0,0.0,0.0,0.0,1.0,0.0,0.0,792323,2.0,2.0,13.0,0.1428571428571428,0.2941176470588235,0.1428571428571428,0.4369747899159664,0.1512605042016807,0.0,0.1764705882352941,0.1764705882352941,1.0,0.1818181818181818,0.2142857142857142,0.0,0.0,0.1680672268907563,0.4,0.8307692307692308,2.166,0.3846153846153846,2026,문학,1.027807913649001,0.2485981315641219,-1.8209351608603264,23.336167164338462,0
2026-04-05,SSG,한유섬,1.0,3.0,21.0,18.0,4.0,3.0,0.0,5.0,0.0,0.0,0.0,0.0,0.0,1.0,0.0,0.0,792323,4.0,4.0,15.0,0.2222222222222222,0.3333333333333333,0.2222222222222222,0.5555555555555556,0.1111111111111111,0.0,0.238095238095238,0.1428571428571428,0.6,0.3076923076923077,0.1666666666666666,0.0,0.0,0.2055555555555555,1.0,1.8,2.97,0.4666666666666667,2026,문학,1.027807913649001,0.2907157425716522,-1.3183336921636464,51.70182743591161,0
2026-04-06,SSG,한유섬,1.0,3.0,21.0,18.0,4.0,3.0,0.0,5.0,0.0,0.0,0.0,0.0,0.0,1.0,0.0,0.0,792323,4.0,4.0,15.0,0.2222222222222222,0.3333333333333333,0.2222222222222222,0.5555555555555556,0.1111111111111111,0.0,0.238095238095238,0.1428571428571428,0.6,0.3076923076923077,0.1666666666666666,0.0,0.0,0.2055555555555555,1.0,1.8,2.97,0.4666666666666667,2026,문학,1.027807913649001,0.2907157425716522,-1.3183336921636464,51.70182743591161,0
2026-04-07,SSG,한유섬,1.0,3.0,22.0,19.0,4.0,3.0,0.0,5.0,0.0,0.0,0.0,0.0,0.0,1.0,0.0,0.0,792323,4.0,4.0,16.0,0.2105263157894736,0.3181818181818182,0.2105263157894736,0.5287081339712918,0.1076555023923445,0.0,0.2272727272727272,0.1363636363636363,0.6,0.2857142857142857,0.1578947368421052,0.0,0.0,0.1958133971291866,0.96,1.62,3.06,0.4375,2026,문학,1.027807913649001,0.277723030197494,-1.5089086052682568,45.91184604344736,0
2026-04-08,SSG,한유섬,1.0,3.0,26.0,22.0,5.0,4.0,0.0,7.0,0.0,0.0,0.0,0.0,0.0,1.0,0.0,0.0,792323,5.0,5.0,18.0,0.2272727272727272,0.3461538461538461,0.2272727272727272,0.5734265734265734,0.1188811188811188,0.0,0.2692307692307692,0.1538461538461538,0.5714285714285714,0.3333333333333333,0.1818181818181818,0.0,0.0,0.2125874125874126,1.3333333333333333,2.0,3.704,0.5,2026,문학,1.027807913649001,0.3005317232816467,-1.3058042499925488,59.58870720007705,0
2026-04-09,SSG,한유섬,1.0,3.0,26.0,22.0,5.0,4.0,0.0,7.0,0.0,0.0,0.0,0.0,0.0,1.0,0.0,0.0,792323,5.0,5.0,18.0,0.2272727272727272,0.3461538461538461,0.2272727272727272,0.5734265734265734,0.1188811188811188,0.0,0.2692307692307692,0.1538461538461538,0.5714285714285714,0.3333333333333333,0.1818181818181818,0.0,0.0,0.2125874125874126,1.3333333333333333,2.0,3.704,0.5,2026,문학,1.027807913649001,0.3005317232816467,-1.3058042499925488,59.58870720007705,0
2026-04-10,SSG,한유섬,1.0,3.0,30.0,26.0,6.0,4.0,0.0,8.0,0.0,0.0,0.0,0.0,0.0,1.0,0.0,0.0,792323,6.0,6.0,21.0,0.2307692307692307,0.3333333333333333,0.2307692307692307,0.5641025641025641,0.1025641025641025,0.0,0.2666666666666666,0.1333333333333333,0.5,0.3333333333333333,0.1538461538461538,0.0,0.0,0.2076923076923076,1.588235294117647,2.042016806722689,4.2860000000000005,0.4761904761904761,2026,문학,1.027807913649001,0.29130548375625,-1.7123565505318714,54.45317525286817,0
2026-04-11,SSG,한유섬,1.0,3.0,34.0,28.0,6.0,6.0,0.0,9.0,0.0,0.0,0.0,0.0,0.0,1.0,0.0,0.0,792323,6.0,6.0,23.0,0.2142857142857142,0.3529411764705882,0.2142857142857142,0.5672268907563025,0.1386554621848739,0.0,0.2647058823529412,0.1764705882352941,0.6666666666666666,0.3157894736842105,0.2142857142857142,0.0,0.0,0.2123949579831933,1.65,1.9369565217391305,4.958,0.5217391304347826,2026,문학,1.027807913649001,0.3016671524055032,-1.548357486406604,62.56617114061387,0
2026-04-12,SSG,한유섬,1.0,3.0,37.0,30.0,7.0,6.0,1.0,9.0,1.0,0.0,0.0,0.0,0.0,2.0,0.0,0.0,792323,6.0,8.0,25.0,0.2333333333333333,0.3783783783783784,0.2666666666666666,0.6450450450450451,0.145045045045045,0.0333333333333333,0.2432432432432432,0.1621621621621621,0.6666666666666666,0.3333333333333333,0.2333333333333333,0.0,0.0,0.2369369369369369,2.1818181818181817,2.3563636363636364,5.738,0.6,2026,문학,1.027807913649001,0.3334376360133739,-0.6221750087639308,84.29118453229667,0
2026-03-28,삼성,류지혁,0.0,0.0,4.0,3.0,1.0,1.0,0.0,0.0,0.0,0.0,0.0,0.0,0.0,0.0,0.0,0.0,793973,1.0,1.0,2.0,0.3333333333333333,0.5,0.3333333333333333,0.8333333333333333,0.1666666666666666,0.0,0.0,0.25,0.0,0.3333333333333333,0.3333333333333333,0.0,0.0,0.3083333333333333,0.4,5.4,1.02,1.0,2026,대구,1.0406172533521605,0.4447782281131048,0.2315060566731561,134.76005955305166,0
2026-03-29,삼성,류지혁,0.0,1.0,8.0,7.0,3.0,1.0,0.0,0.0,1.0,0.0,0.0,0.0,0.0,0.0,0.0,0.0,793973,2.0,4.0,4.0,0.4285714285714285,0.5,0.5714285714285714,1.0714285714285714,0.0714285714285714,0.1428571428571428,0.0,0.125,0.0,0.4285714285714285,0.2857142857142857,0.0,0.0,0.3678571428571429,1.7777777777777777,12.0,2.42,1.25,2026,대구,1.0406172533521605,0.4922991437162289,0.8777638621280239,166.58138549181817,0
2026-03-30,삼성,류지혁,0.0,1.0,8.0,7.0,3.0,1.0,0.0,0.0,1.0,0.0,0.0,0.0,0.0,0.0,0.0,0.0,793973,2.0,4.0,4.0,0.4285714285714285,0.5,0.5714285714285714,1.0714285714285714,0.0714285714285714,0.1428571428571428,0.0,0.125,0.0,0.4285714285714285,0.2857142857142857,0.0,0.0,0.3678571428571429,1.7777777777777777,12.0,2.42,1.25,2026,대구,1.0406172533521605,0.4922991437162289,0.8777638621280239,166.58138549181817,0
2026-03-31,삼성,류지혁,0.0,2.0,10.0,8.0,3.0,2.0,0.0,0.0,1.0,0.0,0.0,0.0,0.0,0.0,0.0,0.0,793973,2.0,4.0,5.0,0.375,0.5,0.5,1.0,0.125,0.125,0.0,0.2,0.0,0.375,0.375,0.0,0.0,0.35,1.6666666666666667,9.0,2.85,1.2,2026,대구,1.0406172533521605,0.4735779887607179,0.9458746064797608,160.51338969094274,0
2026-04-01,삼성,류지혁,2.0,3.0,14.0,10.0,4.0,4.0,0.0,0.0,1.0,0.0,0.0,0.0,0.0,0.0,0.0,0.0,793973,3.0,5.0,6.0,0.4,0.5714285714285714,0.5,1.0714285714285714,0.1714285714285713,0.0999999999999999,0.0,0.2857142857142857,0.0,0.4,0.5,0.0,0.0,0.3821428571428571,2.2222222222222223,10.0,4.12,1.5,2026,대구,1.0406172533521605,0.5175526543630169,1.8837328385899816,184.3658667820291,0
2026-04-02,삼성,류지혁,4.0,4.0,18.0,13.0,5.0,5.0,0.0,1.0,1.0,0.0,1.0,0.0,0.0,0.0,0.0,0.0,793973,3.0,9.0,8.0,0.3846153846153846,0.5555555555555556,0.6923076923076923,1.247863247863248,0.1709401709401709,0.3076923076923076,0.0555555555555555,0.2777777777777778,5.0,0.3636363636363636,0.6923076923076923,18.0,13.0,0.4230769230769231,3.9130434782608696,13.206521739130435,5.892,1.75,2026,대구,1.0406172533521605,0.5511893169816182,3.023516101437677,207.59732727129645,0
2026-04-03,삼성,류지혁,5.0,4.0,22.0,17.0,7.0,5.0,0.0,1.0,1.0,1.0,1.0,0.0,0.0,0.0,0.0,0.0,793973,4.0,13.0,10.0,0.4117647058823529,0.5454545454545454,0.7647058823529411,1.3101604278074863,0.1336898395721925,0.3529411764705882,0.0454545454545454,0.2272727272727272,5.0,0.4,0.6470588235294118,22.0,17.0,0.4366310160427807,5.777777777777778,15.6,7.611999999999999,1.8,2026,대구,1.0406172533521605,0.5674768750439688,3.944984175276636,217.7267649575708,0
2026-04-04,삼성,류지혁,5.0,7.0,27.0,21.0,10.0,6.0,0.0,1.0,2.0,1.0,1.0,0.0,0.0,0.0,0.0,1.0,793973,6.0,17.0,11.0,0.4761904761904761,0.5925925925925926,0.8095238095238095,1.402116402116402,0.1164021164021164,0.3333333333333333,0.037037037037037,0.2222222222222222,6.0,0.4736842105263157,0.6190476190476191,27.0,21.0,0.469047619047619,8.242424242424242,20.23140495867769,9.672,2.090909090909091,2026,대구,1.0406172533521605,0.6025443109333829,5.650852632177668,240.2991218906984,0
2026-04-05,삼성,류지혁,5.0,7.0,31.0,25.0,10.0,6.0,0.0,1.0,2.0,1.0,1.0,0.0,0.0,0.0,0.0,1.0,793973,6.0,17.0,15.0,0.4,0.5161290322580645,0.68,1.1961290322580649,0.1161290322580644,0.28,0.032258064516129,0.1935483870967742,6.0,0.391304347826087,0.52,31.0,25.0,0.402258064516129,7.351351351351352,13.232432432432432,10.032,1.5333333333333334,2026,대구,1.0406172533521605,0.5241745527669605,4.310989416174735,196.7675099905216,0
2026-04-06,삼성,류지혁,5.0,7.0,31.0,25.0,10.0,6.0,0.0,1.0,2.0,1.0,1.0,0.0,0.0,0.0,0.0,1.0,793973,6.0,17.0,15.0,0.4,0.5161290322580645,0.68,1.1961290322580649,0.1161290322580644,0.28,0.032258064516129,0.1935483870967742,6.0,0.391304347826087,0.52,31.0,25.0,0.402258064516129,7.351351351351352,13.232432432432432,10.032,1.5333333333333334,2026,대구,1.0406172533521605,0.5241745527669605,4.310989416174735,196.7675099905216,0
2026-04-07,삼성,류지혁,7.0,10.0,36.0,29.0,13.0,7.0,0.0,1.0,3.0,1.0,2.0,0.0,0.0,0.0,0.0,1.0,793973,7.0,24.0,16.0,0.4482758620689655,0.5555555555555556,0.8275862068965517,1.3831417624521074,0.10727969348659,0.3793103448275862,0.0277777777777777,0.1944444444444444,7.0,0.4230769230769231,0.6206896551724138,18.0,14.5,0.4568965517241379,11.16279069767442,18.837209302325583,13.122,1.9375,2026,대구,1.0406172533521605,0.5960362549655717,7.18554521721783,245.25094485510465,0
2026-04-08,삼성,류지혁,9.0,11.0,40.0,32.0,15.0,8.0,0.0,2.0,4.0,1.0,2.0,0.0,0.0,0.0,0.0,1.0,793973,8.0,27.0,17.0,0.46875,0.575,0.84375,1.41875,0.1062499999999999,0.375,0.05,0.2,4.0,0.4642857142857143,0.625,20.0,16.0,0.4696875,12.9375,20.54779411764705,14.584,2.0588235294117645,2026,대구,1.0406172533521605,0.6110057020219516,8.502152950890405,255.19735291767583,0
2026-04-09,삼성,류지혁,9.0,11.0,40.0,32.0,15.0,8.0,0.0,2.0,4.0,1.0,2.0,0.0,0.0,0.0,0.0,1.0,793973,8.0,27.0,17.0,0.46875,0.575,0.84375,1.41875,0.1062499999999999,0.375,0.05,0.2,4.0,0.4642857142857143,0.625,20.0,16.0,0.4696875,12.9375,20.54779411764705,14.584,2.0588235294117645,2026,대구,1.0406172533521605,0.6110057020219516,8.502152950890405,255.19735291767583,0
2026-04-10,삼성,류지혁,10.0,11.0,45.0,37.0,16.0,8.0,0.0,4.0,5.0,1.0,2.0,0.0,0.0,1.0,0.0,1.0,793973,8.0,29.0,22.0,0.4324324324324324,0.5333333333333333,0.7837837837837838,1.317117117117117,0.1009009009009008,0.3513513513513513,0.0888888888888888,0.1777777777777777,2.0,0.4516129032258064,0.5675675675675675,22.5,18.5,0.4359459459459459,12.58490566037736,15.445111492281306,14.918,1.681818181818182,2026,대구,1.0406172533521605,0.569819645728317,8.05304038851853,230.0211730646028,0
2026-04-11,삼성,류지혁,10.0,12.0,49.0,41.0,18.0,8.0,0.0,4.0,6.0,1.0,2.0,0.0,0.0,1.0,0.0,1.0,793973,9.0,32.0,24.0,0.4390243902439024,0.5306122448979592,0.7804878048780488,1.311100049776008,0.0915878546540567,0.3414634146341463,0.0816326530612244,0.1632653061224489,2.0,0.4571428571428571,0.5365853658536586,24.5,20.5,0.4338974614235938,14.035087719298245,15.789473684210526,16.317999999999998,1.6666666666666667,2026,대구,1.0406172533521605,0.5705541463869833,8.787661141277303,232.40482363806345,0
2026-04-12,삼성,류지혁,10.0,13.0,54.0,45.0,19.0,9.0,0.0,5.0,6.0,1.0,2.0,0.0,0.0,1.0,0.0,1.0,793973,10.0,33.0,27.0,0.4222222222222222,0.5185185185185185,0.7333333333333333,1.2518518518518518,0.0962962962962962,0.311111111111111,0.0925925925925925,0.1666666666666666,1.8,0.4473684210526316,0.5111111111111111,27.0,22.5,0.4166666666666666,14.142857142857142,14.142857142857142,17.240000000000002,1.5555555555555556,2026,대구,1.0406172533521605,0.5492313665771315,8.762153556653333,220.68766007226355,0
2026-03-28,삼성,박세혁,0.0,0.0,1.0,1.0,0.0,0.0,0.0,1.0,0.0,0.0,0.0,0.0,0.0,0.0,0.0,0.0,836256,0.0,0.0,1.0,0.0,0.0,0.0,0.0,0.0,0.0,1.0,0.0,0.0,0.0,0.0,0.0,0.0,0.0,0.0,0.0,-0.098,0.0,2026,대구,1.0406172533521605,0.0,-0.3372542180402336,-130.28147774374196,0
2026-03-29,삼성,박세혁,0.0,0.0,2.0,2.0,1.0,0.0,0.0,1.0,1.0,0.0,0.0,0.0,0.0,0.0,0.0,0.0,836256,0.0,2.0,1.0,0.5,0.5,1.0,1.5,0.0,0.5,0.5,0.0,0.0,1.0,0.5,0.0,0.0,0.475,1.0,27.0,0.622,2.0,2026,대구,1.0406172533521605,0.6327406894518527,0.483190965532006,251.4885970302797,0
2026-03-30,삼성,박세혁,0.0,0.0,2.0,2.0,1.0,0.0,0.0,1.0,1.0,0.0,0.0,0.0,0.0,0.0,0.0,0.0,836256,0.0,2.0,1.0,0.5,0.5,1.0,1.5,0.0,0.5,0.5,0.0,0.0,1.0,0.5,0.0,0.0,0.475,1.0,27.0,0.622,2.0,2026,대구,1.0406172533521605,0.6327406894518527,0.483190965532006,251.4885970302797,0
2026-03-31,삼성,박세혁,0.0,0.0,5.0,5.0,1.0,0.0,0.0,2.0,1.0,0.0,0.0,0.0,0.0,0.0,0.0,0.0,836256,0.0,2.0,4.0,0.2,0.2,0.4,0.6000000000000001,0.0,0.2,0.4,0.0,0.0,0.3333333333333333,0.2,0.0,0.0,0.19,0.4,2.7,0.704,0.5,2026,대구,1.0406172533521605,0.2567146850420424,-0.5004473736397211,27.606919755922576,0
2026-04-01,삼성,박세혁,0.0,0.0,5.0,5.0,1.0,0.0,0.0,2.0,1.0,0.0,0.0,0.0,0.0,0.0,0.0,0.0,836256,0.0,2.0,4.0,0.2,0.2,0.4,0.6000000000000001,0.0,0.2,0.4,0.0,0.0,0.3333333333333333,0.2,0.0,0.0,0.19,0.4,2.7,0.704,0.5,2026,대구,1.0406172533521605,0.2546979236280304,-0.5422640692640691,24.663254198868568,0
2026-04-02,삼성,박세혁,0.0,0.0,8.0,8.0,1.0,0.0,0.0,3.0,1.0,0.0,0.0,0.0,0.0,0.0,0.0,0.0,836256,0.0,2.0,7.0,0.125,0.125,0.25,0.375,0.0,0.125,0.375,0.0,0.0,0.2,0.125,0.0,0.0,0.11875,0.25,0.9642857142857144,0.786,0.2857142857142857,2026,대구,1.0406172533521605,0.1598750712430753,-1.497462333397721,-28.490286211292705,0
2026-04-03,삼성,박세혁,0.0,0.0,8.0,8.0,1.0,0.0,0.0,3.0,1.0,0.0,0.0,0.0,0.0,0.0,0.0,0.0,836256,0.0,2.0,7.0,0.125,0.125,0.25,0.375,0.0,0.125,0.375,0.0,0.0,0.2,0.125,0.0,0.0,0.11875,0.25,0.9642857142857144,0.786,0.2857142857142857,2026,대구,1.0406172533521605,0.1605460841937611,-1.4870881203506467,-30.311432538957604,0
2026-04-04,삼성,박세혁,0.0,0.0,8.0,8.0,1.0,0.0,0.0,3.0,1.0,0.0,0.0,0.0,0.0,0.0,0.0,0.0,836256,0.0,2.0,7.0,0.125,0.125,0.25,0.375,0.0,0.125,0.375,0.0,0.0,0.2,0.125,0.0,0.0,0.11875,0.25,0.9642857142857144,0.786,0.2857142857142857,2026,대구,1.0406172533521605,0.1606079017449657,-1.4861706217316133,-32.19971019106378,0
2026-04-05,삼성,박세혁,0.0,0.0,10.0,10.0,1.0,0.0,0.0,3.0,1.0,0.0,0.0,0.0,0.0,0.0,0.0,0.0,836256,0.0,2.0,9.0,0.1,0.1,0.2,0.3,0.0,0.1,0.3,0.0,0.0,0.1428571428571428,0.1,0.0,0.0,0.095,0.2,0.6000000000000001,0.966,0.2222222222222222,2026,대구,1.0406172533521605,0.1295973741522675,-2.0207623808975432,-50.57819951559226,0
2026-04-06,삼성,박세혁,0.0,0.0,10.0,10.0,1.0,0.0,0.0,3.0,1.0,0.0,0.0,0.0,0.0,0.0,0.0,0.0,836256,0.0,2.0,9.0,0.1,0.1,0.2,0.3,0.0,0.1,0.3,0.0,0.0,0.1428571428571428,0.1,0.0,0.0,0.095,0.2,0.6000000000000001,0.966,0.2222222222222222,2026,대구,1.0406172533521605,0.1295973741522675,-2.0207623808975432,-50.57819951559226,0
2026-04-07,삼성,박세혁,0.0,0.0,10.0,10.0,1.0,0.0,0.0,3.0,1.0,0.0,0.0,0.0,0.0,0.0,0.0,0.0,836256,0.0,2.0,9.0,0.1,0.1,0.2,0.3,0.0,0.1,0.3,0.0,0.0,0.1428571428571428,0.1,0.0,0.0,0.095,0.2,0.6000000000000001,0.966,0.2222222222222222,2026,대구,1.0406172533521605,0.1307763580486053,-1.9239225342092063,-47.98366969673162,0
2026-04-08,삼성,박세혁,0.0,0.0,15.0,15.0,1.0,0.0,0.0,3.0,1.0,0.0,0.0,0.0,0.0,0.0,0.0,0.0,836256,0.0,2.0,14.0,0.0666666666666666,0.0666666666666666,0.1333333333333333,0.2,0.0,0.0666666666666666,0.2,0.0,0.0,0.0833333333333333,0.0666666666666666,0.0,0.0,0.0633333333333333,0.1333333333333333,0.2571428571428572,1.416,0.1428571428571428,2026,대구,1.0406172533521605,0.086936601183018,-3.4650685700744286,-77.14529753648287,0
2026-04-09,삼성,박세혁,0.0,0.0,15.0,15.0,1.0,0.0,0.0,3.0,1.0,0.0,0.0,0.0,0.0,0.0,0.0,0.0,836256,0.0,2.0,14.0,0.0666666666666666,0.0666666666666666,0.1333333333333333,0.2,0.0,0.0666666666666666,0.2,0.0,0.0,0.0833333333333333,0.0666666666666666,0.0,0.0,0.0633333333333333,0.1333333333333333,0.2571428571428572,1.416,0.1428571428571428,2026,대구,1.0406172533521605,0.086936601183018,-3.4650685700744286,-77.14529753648287,0
2026-04-10,삼성,박세혁,0.0,0.0,15.0,15.0,1.0,0.0,0.0,3.0,1.0,0.0,0.0,0.0,0.0,0.0,0.0,0.0,836256,0.0,2.0,14.0,0.0666666666666666,0.0666666666666666,0.1333333333333333,0.2,0.0,0.0666666666666666,0.2,0.0,0.0,0.0833333333333333,0.0666666666666666,0.0,0.0,0.0633333333333333,0.1333333333333333,0.2571428571428572,1.416,0.1428571428571428,2026,대구,1.0406172533521605,0.0867376996843049,-3.4566829073716305,-76.72274802062373,0
2026-04-11,삼성,박세혁,0.0,1.0,17.0,16.0,1.0,1.0,0.0,4.0,1.0,0.0,0.0,0.0,0.0,0.0,0.0,0.0,836256,0.0,2.0,15.0,0.0625,0.1176470588235294,0.125,0.2426470588235294,0.0551470588235294,0.0625,0.2352941176470588,0.0588235294117647,0.25,0.0833333333333333,0.125,0.0,0.0,0.0841911764705882,0.2222222222222222,0.4,1.658,0.2,2026,대구,1.0406172533521605,0.1216561517808173,-3.333524176007224,-53.27369902230408,0
2026-04-12,삼성,박세혁,0.0,1.0,17.0,16.0,1.0,1.0,0.0,4.0,1.0,0.0,0.0,0.0,0.0,0.0,0.0,0.0,836256,0.0,2.0,15.0,0.0625,0.1176470588235294,0.125,0.2426470588235294,0.0551470588235294,0.0625,0.2352941176470588,0.0588235294117647,0.25,0.0833333333333333,0.125,0.0,0.0,0.0841911764705882,0.2222222222222222,0.4,1.658,0.2,2026,대구,1.0406172533521605,0.1216480569440808,-3.2736953850527706,-52.11249156475783,0
2026-03-28,삼성,구자욱,2.0,0.0,5.0,3.0,1.0,2.0,0.0,0.0,0.0,0.0,0.0,0.0,0.0,0.0,0.0,0.0,844051,1.0,1.0,2.0,0.3333333333333333,0.6,0.3333333333333333,0.9333333333333332,0.2666666666666666,0.0,0.0,0.4,0.0,0.3333333333333333,0.6666666666666666,0.0,0.0,0.3533333333333333,0.4285714285714285,5.785714285714286,1.36,1.5,2026,대구,1.0406172533521605,0.516286325433877,0.607013303049968,177.37144393548735,0
2026-03-29,삼성,구자욱,2.0,0.0,9.0,7.0,1.0,2.0,0.0,2.0,0.0,0.0,0.0,0.0,0.0,0.0,0.0,0.0,844051,1.0,1.0,6.0,0.1428571428571428,0.3333333333333333,0.1428571428571428,0.4761904761904761,0.1904761904761904,0.0,0.2222222222222222,0.2222222222222222,1.0,0.2,0.2857142857142857,0.0,0.0,0.1857142857142857,0.2727272727272727,1.2272727272727273,1.344,0.5,2026,대구,1.0406172533521605,0.2786492260673396,-0.818076429030186,37.41434551108605,0
2026-03-30,삼성,구자욱,2.0,0.0,9.0,7.0,1.0,2.0,0.0,2.0,0.0,0.0,0.0,0.0,0.0,0.0,0.0,0.0,844051,1.0,1.0,6.0,0.1428571428571428,0.3333333333333333,0.1428571428571428,0.4761904761904761,0.1904761904761904,0.0,0.2222222222222222,0.2222222222222222,1.0,0.2,0.2857142857142857,0.0,0.0,0.1857142857142857,0.2727272727272727,1.2272727272727273,1.344,0.5,2026,대구,1.0406172533521605,0.2786492260673396,-0.818076429030186,37.41434551108605,0
2026-03-31,삼성,구자욱,2.0,1.0,14.0,12.0,3.0,2.0,0.0,3.0,0.0,0.0,0.0,0.0,0.0,0.0,0.0,0.0,844051,3.0,3.0,9.0,0.25,0.3571428571428571,0.25,0.6071428571428572,0.1071428571428571,0.0,0.2142857142857142,0.1428571428571428,0.6666666666666666,0.3333333333333333,0.1666666666666666,0.0,0.0,0.2232142857142857,0.9375,2.8125,2.426,0.5555555555555556,2026,대구,1.0406172533521605,0.3143993121453961,-0.6762884534344709,62.95942073861652,0
2026-04-01,삼성,구자욱,5.0,2.0,18.0,15.0,4.0,2.0,0.0,4.0,0.0,0.0,1.0,0.0,1.0,0.0,0.0,0.0,844051,3.0,7.0,12.0,0.2666666666666666,0.3333333333333333,0.4666666666666667,0.8,0.0666666666666666,0.2,0.2222222222222222,0.1111111111111111,0.5,0.2727272727272727,0.3333333333333333,18.0,15.0,0.2666666666666666,1.75,3.9375,4.228,0.75,2026,대구,1.0406172533521605,0.3497759624991466,-0.3699833024118736,82.42980519280698,0
2026-04-02,삼성,구자욱,6.0,3.0,22.0,19.0,5.0,2.0,0.0,5.0,0.0,0.0,1.0,0.0,1.0,0.0,0.0,0.0,844051,4.0,8.0,15.0,0.2631578947368421,0.3181818181818182,0.4210526315789473,0.7392344497607655,0.055023923444976,0.1578947368421052,0.2272727272727272,0.0909090909090909,0.4,0.2857142857142857,0.2631578947368421,22.0,19.0,0.248444976076555,2.0,3.6,4.81,0.6666666666666666,2026,대구,1.0406172533521605,0.3299015176723172,-0.7230779684869894,74.09002719039562,0
2026-04-03,삼성,구자욱,6.0,3.0,26.0,23.0,7.0,2.0,0.0,6.0,0.0,0.0,1.0,0.0,1.0,0.0,0.0,0.0,844051,6.0,10.0,17.0,0.3043478260869565,0.3461538461538461,0.4347826086956521,0.7809364548494984,0.0418060200668896,0.1304347826086956,0.2307692307692307,0.0769230769230769,0.3333333333333333,0.3529411764705882,0.217391304347826,26.0,23.0,0.2644648829431438,2.857142857142857,4.53781512605042,5.802,0.7058823529411765,2026,대구,1.0406172533521605,0.3531901075817348,-0.3378962095780665,87.11167083397228,0
2026-04-04,삼성,구자욱,6.0,4.0,31.0,28.0,8.0,2.0,0.0,7.0,1.0,0.0,1.0,0.0,1.0,0.0,0.0,0.0,844051,6.0,12.0,21.0,0.2857142857142857,0.3225806451612903,0.4285714285714285,0.7511520737327189,0.0368663594470046,0.1428571428571428,0.2258064516129032,0.064516129032258,0.2857142857142857,0.3333333333333333,0.2142857142857142,31.0,28.0,0.2523041474654378,3.272727272727273,4.207792207792208,6.694,0.6666666666666666,2026,대구,1.0406172533521605,0.337637357724626,-0.8530767343886463,76.95698972220401,0
2026-04-05,삼성,구자욱,6.0,4.0,35.0,30.0,8.0,4.0,0.0,7.0,1.0,0.0,1.0,0.0,1.0,0.0,0.0,0.0,844051,6.0,12.0,23.0,0.2666666666666666,0.3428571428571428,0.4,0.7428571428571429,0.0761904761904762,0.1333333333333333,0.2,0.1142857142857142,0.5714285714285714,0.3043478260869565,0.2666666666666666,35.0,30.0,0.2542857142857143,3.3846153846153846,3.973244147157191,7.554,0.6956521739130435,2026,대구,1.0406172533521605,0.3443226870485282,-0.5750754545044882,84.02508659871062,0
2026-04-06,삼성,구자욱,6.0,4.0,35.0,30.0,8.0,4.0,0.0,7.0,1.0,0.0,1.0,0.0,1.0,0.0,0.0,0.0,844051,6.0,12.0,23.0,0.2666666666666666,0.3428571428571428,0.4,0.7428571428571429,0.0761904761904762,0.1333333333333333,0.2,0.1142857142857142,0.5714285714285714,0.3043478260869565,0.2666666666666666,35.0,30.0,0.2542857142857143,3.3846153846153846,3.973244147157191,7.554,0.6956521739130435,2026,대구,1.0406172533521605,0.3443226870485282,-0.5750754545044882,84.02508659871062,0
2026-04-07,삼성,구자욱,6.0,5.0,40.0,35.0,8.0,4.0,0.0,8.0,1.0,0.0,1.0,0.0,1.0,0.0,0.0,0.0,844051,6.0,12.0,28.0,0.2285714285714285,0.3,0.3428571428571428,0.6428571428571428,0.0714285714285714,0.1142857142857143,0.2,0.1,0.5,0.2592592592592592,0.2285714285714285,40.0,35.0,0.2207142857142857,3.0,2.892857142857143,7.816000000000001,0.5714285714285714,2026,대구,1.0406172533521605,0.3027394142290142,-1.9003981153027425,60.39773353694804,0
2026-04-08,삼성,구자욱,7.0,5.0,44.0,39.0,11.0,4.0,0.0,8.0,1.0,0.0,1.0,0.0,1.0,0.0,0.0,0.0,844051,9.0,15.0,29.0,0.282051282051282,0.3409090909090909,0.3846153846153846,0.7255244755244755,0.0588578088578088,0.1025641025641025,0.1818181818181818,0.0909090909090909,0.5,0.3225806451612903,0.2051282051282051,44.0,39.0,0.249562937062937,4.375,4.073275862068965,9.406,0.6551724137931034,2026,대구,1.0406172533521605,0.3393237071776902,-0.7651916225730959,82.90802293680962,0
2026-04-09,삼성,구자욱,7.0,5.0,44.0,39.0,11.0,4.0,0.0,8.0,1.0,0.0,1.0,0.0,1.0,0.0,0.0,0.0,844051,9.0,15.0,29.0,0.282051282051282,0.3409090909090909,0.3846153846153846,0.7255244755244755,0.0588578088578088,0.1025641025641025,0.1818181818181818,0.0909090909090909,0.5,0.3225806451612903,0.2051282051282051,44.0,39.0,0.249562937062937,4.375,4.073275862068965,9.406,0.6551724137931034,2026,대구,1.0406172533521605,0.3393237071776902,-0.7651916225730959,82.90802293680962,0
2026-04-10,삼성,구자욱,8.0,6.0,48.0,43.0,13.0,4.0,0.0,9.0,1.0,0.0,2.0,0.0,1.0,0.0,0.0,0.0,844051,10.0,20.0,31.0,0.3023255813953488,0.3541666666666667,0.4651162790697674,0.8192829457364341,0.0518410852713178,0.1627906976744186,0.1875,0.0833333333333333,0.4444444444444444,0.3333333333333333,0.2558139534883721,24.0,21.5,0.2756540697674419,6.153846153846154,5.359801488833747,11.338,0.7741935483870968,2026,대구,1.0406172533521605,0.3718699262329599,0.5375112365089881,104.32847510110956,0
2026-04-11,삼성,구자욱,8.0,6.0,52.0,46.0,13.0,5.0,0.0,10.0,1.0,0.0,2.0,0.0,1.0,0.0,0.0,0.0,844051,10.0,20.0,34.0,0.2826086956521739,0.3461538461538461,0.4347826086956521,0.7809364548494984,0.0635451505016722,0.1521739130434782,0.1923076923076923,0.0961538461538461,0.5,0.3142857142857143,0.2608695652173913,26.0,23.0,0.2644648829431438,5.964912280701754,4.7368421052631575,11.76,0.7352941176470589,2026,대구,1.0406172533521605,0.35866258981346,0.1106261653063186,97.55711308137582,0
2026-04-12,삼성,구자욱,9.0,7.0,54.0,48.0,14.0,5.0,0.0,10.0,1.0,1.0,2.0,0.0,1.0,0.0,0.0,0.0,844051,10.0,23.0,35.0,0.2916666666666667,0.3518518518518518,0.4791666666666667,0.8310185185185186,0.0601851851851851,0.1875,0.1851851851851851,0.0925925925925925,0.5,0.3243243243243243,0.2916666666666667,27.0,24.0,0.278125,7.016949152542373,5.413075060532687,12.89,0.8,2026,대구,1.0406172533521605,0.3757204892711631,0.9867486601124912,109.98690872543872,0
2026-03-28,LG,박해민,0.0,1.0,5.0,4.0,1.0,1.0,0.0,1.0,0.0,0.0,0.0,0.0,0.0,0.0,0.0,0.0,844422,1.0,1.0,3.0,0.25,0.4,0.25,0.65,0.15,0.0,0.2,0.2,1.0,0.3333333333333333,0.25,0.0,0.0,0.2425,0.3333333333333333,3.0,0.922,0.6666666666666666,2026,잠실,0.9512583942824044,0.3558225824904839,-0.1057481613670775,90.68763800066854,0
2026-03-29,LG,박해민,0.0,2.0,9.0,7.0,1.0,1.0,1.0,1.0,0.0,0.0,0.0,0.0,0.0,0.0,0.0,0.0,844422,1.0,1.0,6.0,0.1428571428571428,0.3333333333333333,0.1428571428571428,0.4761904761904761,0.1904761904761904,0.0,0.1111111111111111,0.1111111111111111,1.0,0.1666666666666666,0.1428571428571428,0.0,0.0,0.1857142857142857,0.2727272727272727,1.2272727272727273,1.532,0.5,2026,잠실,0.9512583942824044,0.2816074471465523,-0.7930764290301863,48.13869295652316,0
2026-03-30,LG,박해민,0.0,2.0,9.0,7.0,1.0,1.0,1.0,1.0,0.0,0.0,0.0,0.0,0.0,0.0,0.0,0.0,844422,1.0,1.0,6.0,0.1428571428571428,0.3333333333333333,0.1428571428571428,0.4761904761904761,0.1904761904761904,0.0,0.1111111111111111,0.1111111111111111,1.0,0.1666666666666666,0.1428571428571428,0.0,0.0,0.1857142857142857,0.2727272727272727,1.2272727272727273,1.532,0.5,2026,잠실,0.9512583942824044,0.2816074471465523,-0.7930764290301863,48.13869295652316,0
2026-03-31,LG,박해민,0.0,2.0,11.0,9.0,2.0,1.0,1.0,1.0,0.0,0.0,0.0,0.0,0.0,0.0,0.0,0.0,844422,2.0,2.0,7.0,0.2222222222222222,0.3636363636363636,0.2222222222222222,0.5858585858585859,0.1414141414141414,0.0,0.0909090909090909,0.0909090909090909,1.0,0.25,0.1111111111111111,0.0,0.0,0.2191919191919192,0.6153846153846154,2.3736263736263736,2.1220000000000003,0.5714285714285714,2026,잠실,0.9512583942824044,0.316368689896479,-0.5119226097518644,73.10225609428511,0
2026-04-01,LG,박해민,0.0,2.0,15.0,12.0,2.0,1.0,1.0,1.0,0.0,0.0,0.0,1.0,0.0,0.0,0.0,0.0,844422,2.0,2.0,11.0,0.1666666666666666,0.2857142857142857,0.1666666666666666,0.4523809523809523,0.119047619047619,0.0,0.0666666666666666,0.0666666666666666,1.0,0.1818181818181818,0.0833333333333333,0.0,0.0,0.1702380952380952,0.3529411764705882,0.8663101604278075,2.4320000000000004,0.3636363636363636,2026,잠실,0.9512583942824044,0.2491184366089015,-1.7041644579909878,30.209211945383974,0
2026-04-02,LG,박해민,0.0,2.0,18.0,15.0,3.0,1.0,1.0,2.0,0.0,0.0,0.0,1.0,0.0,0.0,0.0,0.0,844422,3.0,3.0,13.0,0.2,0.2941176470588235,0.2,0.4941176470588235,0.0941176470588235,0.0,0.1111111111111111,0.0555555555555555,0.5,0.2307692307692307,0.0666666666666666,0.0,0.0,0.1823529411764706,0.6,1.2461538461538462,2.924,0.3846153846153846,2026,잠실,0.9512583942824044,0.2604866135614008,-1.7256237754904946,41.146530401401904,0
2026-04-03,LG,박해민,0.0,2.0,21.0,18.0,3.0,1.0,1.0,2.0,0.0,0.0,0.0,1.0,0.0,0.0,0.0,0.0,844422,3.0,3.0,16.0,0.1666666666666666,0.25,0.1666666666666666,0.4166666666666666,0.0833333333333333,0.0,0.0952380952380952,0.0476190476190476,0.5,0.1875,0.0555555555555555,0.0,0.0,0.1541666666666666,0.5217391304347826,0.8804347826086957,3.194,0.3125,2026,잠실,0.9512583942824044,0.2216446677054629,-2.7521040724109147,15.86612410070074,0
2026-04-04,LG,박해민,2.0,2.0,25.0,22.0,5.0,1.0,1.0,2.0,1.0,0.0,0.0,1.0,0.0,0.0,0.0,0.0,844422,4.0,6.0,18.0,0.2272727272727272,0.2916666666666667,0.2727272727272727,0.5643939393939394,0.0643939393939394,0.0454545454545454,0.08,0.04,0.5,0.25,0.0909090909090909,0.0,0.0,0.1994318181818181,1.3333333333333333,2.0,4.594,0.4444444444444444,2026,잠실,0.9512583942824044,0.2775690262039056,-2.0303938301296225,48.85462794427844,0
2026-04-05,LG,박해민,2.0,3.0,30.0,26.0,6.0,1.0,2.0,2.0,2.0,0.0,0.0,1.0,0.0,0.0,0.0,0.0,844422,4.0,8.0,21.0,0.2307692307692307,0.3103448275862069,0.3076923076923077,0.6180371352785146,0.0795755968169761,0.0769230769230769,0.0666666666666666,0.0333333333333333,0.5,0.25,0.1153846153846153,0.0,0.0,0.21657824933687,1.93939393939394,2.493506493506493,5.924,0.5238095238095238,2026,잠실,0.9512583942824044,0.3018900053433632,-1.5935051770840538,66.36150773314273,0
2026-04-06,LG,박해민,2.0,3.0,30.0,26.0,6.0,1.0,2.0,2.0,2.0,0.0,0.0,1.0,0.0,0.0,0.0,0.0,844422,4.0,8.0,21.0,0.2307692307692307,0.3103448275862069,0.3076923076923077,0.6180371352785146,0.0795755968169761,0.0769230769230769,0.0666666666666666,0.0333333333333333,0.5,0.25,0.1153846153846153,0.0,0.0,0.21657824933687,1.93939393939394,2.493506493506493,5.924,0.5238095238095238,2026,잠실,0.9512583942824044,0.3018900053433632,-1.5935051770840538,66.36150773314273,0
2026-04-07,LG,박해민,2.0,3.0,35.0,31.0,7.0,1.0,2.0,3.0,2.0,0.0,0.0,1.0,0.0,0.0,0.0,0.0,844422,5.0,9.0,25.0,0.2258064516129032,0.2941176470588235,0.2903225806451613,0.5844402277039848,0.0683111954459203,0.064516129032258,0.0857142857142857,0.0285714285714285,0.3333333333333333,0.25,0.0967741935483871,0.0,0.0,0.2049335863377609,2.131578947368421,2.3021052631578947,6.595999999999999,0.48,2026,잠실,0.9512583942824044,0.2863667210884118,-2.145649555589137,59.01456896466672,0
2026-04-08,LG,박해민,2.0,3.0,40.0,36.0,8.0,1.0,2.0,5.0,2.0,0.0,0.0,1.0,0.0,0.0,0.0,0.0,844422,6.0,10.0,29.0,0.2222222222222222,0.282051282051282,0.2777777777777778,0.5598290598290598,0.0598290598290598,0.0555555555555555,0.125,0.025,0.2,0.2580645161290322,0.0833333333333333,0.0,0.0,0.1963675213675213,2.3255813953488373,2.1651964715316763,7.079999999999999,0.4482758620689655,2026,잠실,0.9512583942824044,0.273439297066336,-2.9261424846285493,50.06277836888287,0
2026-04-09,LG,박해민,2.0,3.0,40.0,36.0,8.0,1.0,2.0,5.0,2.0,0.0,0.0,1.0,0.0,0.0,0.0,0.0,844422,6.0,10.0,29.0,0.2222222222222222,0.282051282051282,0.2777777777777778,0.5598290598290598,0.0598290598290598,0.0555555555555555,0.125,0.025,0.2,0.2580645161290322,0.0833333333333333,0.0,0.0,0.1963675213675213,2.3255813953488373,2.1651964715316763,7.079999999999999,0.4482758620689655,2026,잠실,0.9512583942824044,0.273439297066336,-2.9261424846285493,50.06277836888287,0
2026-04-10,LG,박해민,3.0,3.0,45.0,40.0,8.0,1.0,2.0,7.0,2.0,0.0,0.0,1.0,1.0,0.0,0.0,0.0,844422,6.0,10.0,34.0,0.2,0.25,0.25,0.5,0.0499999999999999,0.0499999999999999,0.1555555555555555,0.0222222222222222,0.1428571428571428,0.2352941176470588,0.075,0.0,0.0,0.175,1.875,1.4889705882352942,7.433999999999999,0.3823529411764705,2026,잠실,0.9512583942824044,0.2417298800914454,-4.45917837294235,30.62896473512342,0
2026-04-11,LG,박해민,5.0,3.0,49.0,43.0,10.0,2.0,2.0,7.0,4.0,0.0,0.0,1.0,1.0,0.0,0.0,0.0,844422,6.0,14.0,35.0,0.2325581395348837,0.2916666666666667,0.3255813953488372,0.6172480620155039,0.0591085271317829,0.0930232558139535,0.1428571428571428,0.0408163265306122,0.2857142857142857,0.2702702702702703,0.1395348837209302,0.0,0.0,0.2126453488372093,3.169811320754717,2.4452830188679244,9.303999999999998,0.5142857142857142,2026,잠실,0.9512583942824044,0.2920154358334075,-2.626988335302165,64.07877411473932,0
2026-04-12,LG,박해민,6.0,4.0,53.0,46.0,12.0,2.0,2.0,7.0,4.0,0.0,0.0,2.0,1.0,0.0,0.0,0.0,844422,8.0,16.0,37.0,0.2608695652173913,0.3137254901960784,0.3478260869565217,0.6615515771526002,0.0528559249786871,0.0869565217391304,0.1320754716981132,0.0377358490566037,0.2857142857142857,0.3,0.1304347826086956,0.0,0.0,0.2281329923273657,3.649122807017544,2.662873399715505,10.434,0.5405405405405406,2026,잠실,0.9512583942824044,0.3118719694787097,-1.8397323276798443,78.1871403428945,0
2026-03-28,두산,김인태,0.0,0.0,1.0,0.0,0.0,0.0,1.0,0.0,0.0,0.0,0.0,0.0,0.0,0.0,0.0,0.0,864844,0.0,0.0,0.0,0.0,1.0,0.0,1.0,1.0,0.0,0.0,0.0,0.0,0.0,0.0,0.0,0.0,0.45,0.0,0.0,0.34,0.0,2026,잠실,0.9512583942824044,0.830459921655431,0.4005072463768115,373.5220981414362,0
2026-03-29,두산,김인태,0.0,0.0,2.0,0.0,0.0,1.0,1.0,0.0,0.0,0.0,0.0,0.0,0.0,0.0,0.0,0.0,864844,0.0,0.0,0.0,0.0,1.0,0.0,1.0,1.0,0.0,0.0,0.5,0.0,0.0,0.0,0.0,0.0,0.45,0.0,0.0,0.68,0.0,2026,잠실,0.9512583942824044,0.7942367609851196,0.7864814814814813,358.060699033298,0
2026-03-30,두산,김인태,0.0,0.0,2.0,0.0,0.0,1.0,1.0,0.0,0.0,0.0,0.0,0.0,0.0,0.0,0.0,0.0,864844,0.0,0.0,0.0,0.0,1.0,0.0,1.0,1.0,0.0,0.0,0.5,0.0,0.0,0.0,0.0,0.0,0.45,0.0,0.0,0.68,0.0,2026,잠실,0.9512583942824044,0.7942367609851196,0.7864814814814813,358.060699033298,0
2026-03-31,두산,김인태,0.0,0.0,2.0,0.0,0.0,1.0,1.0,0.0,0.0,0.0,0.0,0.0,0.0,0.0,0.0,0.0,864844,0.0,0.0,0.0,0.0,1.0,0.0,1.0,1.0,0.0,0.0,0.5,0.0,0.0,0.0,0.0,0.0,0.45,0.0,0.0,0.68,0.0,2026,잠실,0.9512583942824044,0.7906438867920547,0.7584313725490198,363.7657344986277,0
2026-04-01,두산,김인태,1.0,1.0,3.0,1.0,1.0,1.0,1.0,0.0,0.0,0.0,1.0,0.0,0.0,0.0,0.0,0.0,864844,0.0,4.0,0.0,1.0,1.0,4.0,5.0,0.0,3.0,0.0,0.3333333333333333,0.0,0.0,4.0,3.0,1.0,1.45,2.4,0.0,2.12,0.0,2026,잠실,0.9512583942824044,1.158685311295421,2.181808905380334,582.8346328399027,0
2026-04-02,두산,김인태,1.0,1.0,4.0,2.0,1.0,1.0,1.0,0.0,0.0,0.0,1.0,0.0,0.0,0.0,0.0,0.0,864844,0.0,4.0,1.0,0.5,0.75,2.0,2.75,0.25,1.5,0.0,0.25,0.0,0.0,2.0,4.0,2.0,0.8375,2.0,54.0,2.21,6.0,2026,잠실,0.9512583942824044,0.8728870158378084,1.83978083004498,410.6197888981448,0
2026-04-03,두산,김인태,2.0,2.0,7.0,4.0,1.0,2.0,1.0,1.0,0.0,0.0,1.0,0.0,0.0,0.0,0.0,0.0,864844,0.0,4.0,3.0,0.25,0.5714285714285714,1.0,1.5714285714285714,0.3214285714285714,0.75,0.1428571428571428,0.2857142857142857,2.0,0.0,1.25,7.0,4.0,0.5071428571428571,1.6,14.4,2.5420000000000003,2.333333333333333,2026,잠실,0.9512583942824044,0.6125189275808081,1.5381858327451874,254.1173182772515,0
2026-04-04,두산,김인태,2.0,2.0,8.0,5.0,1.0,2.0,1.0,2.0,0.0,0.0,1.0,0.0,0.0,0.0,0.0,0.0,864844,0.0,4.0,4.0,0.2,0.5,0.8,1.3,0.3,0.6000000000000001,0.25,0.25,1.0,0.0,1.0,8.0,5.0,0.425,1.4545454545454546,9.818181818181818,2.444,1.75,2026,잠실,0.9512583942824044,0.5362662140398314,1.2003405310034898,208.36780695024493,0
2026-04-05,두산,김인태,2.0,2.0,8.0,5.0,1.0,2.0,1.0,2.0,0.0,0.0,1.0,0.0,0.0,0.0,0.0,0.0,864844,0.0,4.0,4.0,0.2,0.5,0.8,1.3,0.3,0.6000000000000001,0.25,0.25,1.0,0.0,1.0,8.0,5.0,0.425,1.4545454545454546,9.818181818181818,2.444,1.75,2026,잠실,0.9512583942824044,0.5400808583873056,1.2225305798530968,215.67446534225925,0
2026-04-06,두산,김인태,2.0,2.0,8.0,5.0,1.0,2.0,1.0,2.0,0.0,0.0,1.0,0.0,0.0,0.0,0.0,0.0,864844,0.0,4.0,4.0,0.2,0.5,0.8,1.3,0.3,0.6000000000000001,0.25,0.25,1.0,0.0,1.0,8.0,5.0,0.425,1.4545454545454546,9.818181818181818,2.444,1.75,2026,잠실,0.9512583942824044,0.5400808583873056,1.2225305798530968,215.67446534225925,0
2026-04-07,두산,김인태,2.0,2.0,9.0,6.0,1.0,2.0,1.0,3.0,0.0,0.0,1.0,0.0,0.0,0.0,0.0,0.0,864844,0.0,4.0,5.0,0.1666666666666666,0.4444444444444444,0.6666666666666666,1.1111111111111112,0.2777777777777778,0.5,0.3333333333333333,0.2222222222222222,0.6666666666666666,0.0,0.8333333333333334,9.0,6.0,0.3666666666666666,1.3333333333333333,7.2,2.346,1.4,2026,잠실,0.9512583942824044,0.4837372656778929,0.9448590838789674,183.4092910331184,0
2026-04-08,두산,김인태,2.0,2.0,9.0,6.0,1.0,2.0,1.0,3.0,0.0,0.0,1.0,0.0,0.0,0.0,0.0,0.0,864844,0.0,4.0,5.0,0.1666666666666666,0.4444444444444444,0.6666666666666666,1.1111111111111112,0.2777777777777778,0.5,0.3333333333333333,0.2222222222222222,0.6666666666666666,0.0,0.8333333333333334,9.0,6.0,0.3666666666666666,1.3333333333333333,7.2,2.346,1.4,2026,잠실,0.9512583942824044,0.4825454157765326,0.9344555428506623,182.6691114022192,0
2026-04-09,두산,김인태,2.0,2.0,9.0,6.0,1.0,2.0,1.0,3.0,0.0,0.0,1.0,0.0,0.0,0.0,0.0,0.0,864844,0.0,4.0,5.0,0.1666666666666666,0.4444444444444444,0.6666666666666666,1.1111111111111112,0.2777777777777778,0.5,0.3333333333333333,0.2222222222222222,0.6666666666666666,0.0,0.8333333333333334,9.0,6.0,0.3666666666666666,1.3333333333333333,7.2,2.346,1.4,2026,잠실,0.9512583942824044,0.4825454157765326,0.9344555428506623,182.6691114022192,0
2026-04-10,두산,김인태,2.0,2.0,10.0,7.0,1.0,2.0,1.0,4.0,0.0,0.0,1.0,0.0,0.0,0.0,0.0,0.0,864844,0.0,4.0,6.0,0.1428571428571428,0.4,0.5714285714285714,0.9714285714285714,0.2571428571428572,0.4285714285714285,0.4,0.2,0.5,0.0,0.7142857142857143,10.0,7.0,0.3228571428571428,1.2307692307692308,5.538461538461539,2.248,1.1666666666666667,2026,잠실,0.9512583942824044,0.4332651117131204,0.6322930348404383,152.2486370386024,0
2026-04-11,두산,김인태,2.0,2.0,10.0,7.0,1.0,2.0,1.0,4.0,0.0,0.0,1.0,0.0,0.0,0.0,0.0,0.0,864844,0.0,4.0,6.0,0.1428571428571428,0.4,0.5714285714285714,0.9714285714285714,0.2571428571428572,0.4285714285714285,0.4,0.2,0.5,0.0,0.7142857142857143,10.0,7.0,0.3228571428571428,1.2307692307692308,5.538461538461539,2.248,1.1666666666666667,2026,잠실,0.9512583942824044,0.4346151488896893,0.6564930727392547,154.8291803255122,0
2026-04-12,두산,김인태,2.0,2.0,11.0,8.0,1.0,2.0,1.0,4.0,0.0,0.0,1.0,0.0,0.0,0.0,0.0,0.0,864844,0.0,4.0,7.0,0.125,0.3636363636363636,0.5,0.8636363636363636,0.2386363636363636,0.375,0.3636363636363636,0.1818181818181818,0.5,0.0,0.625,11.0,8.0,0.2886363636363636,1.1428571428571428,4.408163265306122,2.338,1.0,2026,잠실,0.9512583942824044,0.3954963850902807,0.3815268814743158,131.53990867001102,0
2026-03-28,두산,강승호,0.0,0.0,4.0,4.0,0.0,0.0,0.0,1.0,0.0,0.0,0.0,0.0,0.0,0.0,0.0,0.0,873434,0.0,0.0,4.0,0.0,0.0,0.0,0.0,0.0,0.0,0.25,0.0,0.0,0.0,0.0,0.0,0.0,0.0,0.0,0.0,0.172,0.0,2026,잠실,0.9512583942824044,0.0,-1.3490168721609344,-121.34559183676636,0
2026-03-29,두산,강승호,1.0,1.0,9.0,8.0,2.0,1.0,0.0,2.0,0.0,0.0,0.0,0.0,0.0,0.0,0.0,0.0,873434,2.0,2.0,6.0,0.25,0.3333333333333333,0.25,0.5833333333333333,0.0833333333333333,0.0,0.2222222222222222,0.1111111111111111,0.5,0.3333333333333333,0.125,0.0,0.0,0.2125,0.6,2.7,1.5040000000000002,0.5,2026,잠실,0.9512583942824044,0.2969901967584585,-0.663076429030186,57.43869295652318,0
2026-03-30,두산,강승호,1.0,1.0,9.0,8.0,2.0,1.0,0.0,2.0,0.0,0.0,0.0,0.0,0.0,0.0,0.0,0.0,873434,2.0,2.0,6.0,0.25,0.3333333333333333,0.25,0.5833333333333333,0.0833333333333333,0.0,0.2222222222222222,0.1111111111111111,0.5,0.3333333333333333,0.125,0.0,0.0,0.2125,0.6,2.7,1.5040000000000002,0.5,2026,잠실,0.9512583942824044,0.2969901967584585,-0.663076429030186,57.43869295652318,0
2026-03-31,두산,강승호,1.0,1.0,15.0,12.0,4.0,2.0,1.0,3.0,0.0,0.0,0.0,0.0,0.0,0.0,0.0,0.0,873434,4.0,4.0,8.0,0.3333333333333333,0.4666666666666667,0.3333333333333333,0.8,0.1333333333333333,0.0,0.2,0.1333333333333333,0.6666666666666666,0.4444444444444444,0.1666666666666666,0.0,0.0,0.2933333333333333,1.5555555555555556,5.25,3.176,0.875,2026,잠실,0.9512583942824044,0.4103695151798888,0.5676836840931075,130.71143959913235,0
2026-04-01,두산,강승호,1.0,1.0,18.0,15.0,5.0,2.0,1.0,4.0,0.0,0.0,0.0,0.0,0.0,0.0,0.0,0.0,873434,5.0,5.0,10.0,0.3333333333333333,0.4444444444444444,0.3333333333333333,0.7777777777777777,0.1111111111111111,0.0,0.2222222222222222,0.1111111111111111,0.5,0.4545454545454545,0.1333333333333333,0.0,0.0,0.2833333333333333,1.9047619047619049,5.142857142857142,3.6680000000000006,0.8,2026,잠실,0.9512583942824044,0.3953297284325777,0.3880643166357461,119.04278639964056,0
2026-04-02,두산,강승호,1.0,1.0,21.0,18.0,5.0,2.0,1.0,6.0,0.0,0.0,0.0,0.0,0.0,0.0,0.0,0.0,873434,5.0,5.0,13.0,0.2777777777777778,0.3809523809523809,0.2777777777777778,0.6587301587301587,0.1031746031746031,0.0,0.2857142857142857,0.0952380952380952,0.3333333333333333,0.4166666666666667,0.1111111111111111,0.0,0.0,0.2408730158730158,1.6666666666666667,3.4615384615384617,3.5620000000000003,0.6153846153846154,2026,잠실,0.9512583942824044,0.3382316592861145,-0.5314420237865279,88.05165206545217,0
2026-04-03,두산,강승호,1.0,1.0,21.0,18.0,5.0,2.0,1.0,6.0,0.0,0.0,0.0,0.0,0.0,0.0,0.0,0.0,873434,5.0,5.0,13.0,0.2777777777777778,0.3809523809523809,0.2777777777777778,0.6587301587301587,0.1031746031746031,0.0,0.2857142857142857,0.0952380952380952,0.3333333333333333,0.4166666666666667,0.1111111111111111,0.0,0.0,0.2408730158730158,1.6666666666666667,3.4615384615384617,3.5620000000000003,0.6153846153846154,2026,잠실,0.9512583942824044,0.3385932138069709,-0.5480183887342593,87.15025208288507,0
2026-04-04,두산,강승호,1.0,1.0,22.0,19.0,5.0,2.0,1.0,7.0,0.0,0.0,0.0,0.0,0.0,0.0,0.0,0.0,873434,5.0,5.0,14.0,0.2631578947368421,0.3636363636363636,0.2631578947368421,0.6267942583732058,0.1004784688995215,0.0,0.3181818181818182,0.0909090909090909,0.2857142857142857,0.4166666666666667,0.1052631578947368,0.0,0.0,0.2294258373205741,1.6,3.085714285714286,3.4640000000000004,0.5714285714285714,2026,잠실,0.9512583942824044,0.3228154031259447,-0.8969061126570333,76.7536301781727,0
2026-04-05,두산,강승호,1.0,1.0,22.0,19.0,5.0,2.0,1.0,7.0,0.0,0.0,0.0,0.0,0.0,0.0,0.0,0.0,873434,5.0,5.0,14.0,0.2631578947368421,0.3636363636363636,0.2631578947368421,0.6267942583732058,0.1004784688995215,0.0,0.3181818181818182,0.0909090909090909,0.2857142857142857,0.4166666666666667,0.1052631578947368,0.0,0.0,0.2294258373205741,1.6,3.085714285714286,3.4640000000000004,0.5714285714285714,2026,잠실,0.9512583942824044,0.3219512685016454,-0.7869934859780785,78.93716501493316,0
2026-04-06,두산,강승호,1.0,1.0,22.0,19.0,5.0,2.0,1.0,7.0,0.0,0.0,0.0,0.0,0.0,0.0,0.0,0.0,873434,5.0,5.0,14.0,0.2631578947368421,0.3636363636363636,0.2631578947368421,0.6267942583732058,0.1004784688995215,0.0,0.3181818181818182,0.0909090909090909,0.2857142857142857,0.4166666666666667,0.1052631578947368,0.0,0.0,0.2294258373205741,1.6,3.085714285714286,3.4640000000000004,0.5714285714285714,2026,잠실,0.9512583942824044,0.3219512685016454,-0.7869934859780785,78.93716501493316,0
2026-04-07,두산,강승호,1.0,1.0,22.0,19.0,5.0,2.0,1.0,7.0,0.0,0.0,0.0,0.0,0.0,0.0,0.0,0.0,873434,5.0,5.0,14.0,0.2631578947368421,0.3636363636363636,0.2631578947368421,0.6267942583732058,0.1004784688995215,0.0,0.3181818181818182,0.0909090909090909,0.2857142857142857,0.4166666666666667,0.1052631578947368,0.0,0.0,0.2294258373205741,1.6,3.085714285714286,3.4640000000000004,0.5714285714285714,2026,잠실,0.9512583942824044,0.3223303848706451,-0.6820917365199229,81.68102089172183,0
2026-04-08,두산,강승호,2.0,2.0,26.0,23.0,6.0,2.0,1.0,8.0,0.0,0.0,0.0,0.0,0.0,0.0,0.0,0.0,873434,6.0,6.0,17.0,0.2608695652173913,0.3461538461538461,0.2608695652173913,0.6070234113712374,0.0852842809364548,0.0,0.3076923076923077,0.0769230769230769,0.25,0.4,0.0869565217391304,0.0,0.0,0.2209866220735786,1.862068965517241,2.9574036511156185,4.045999999999999,0.5294117647058824,2026,잠실,0.9512583942824044,0.3087114144747565,-1.1258042499925485,72.43087633130688,0
2026-04-09,두산,강승호,2.0,2.0,26.0,23.0,6.0,2.0,1.0,8.0,0.0,0.0,0.0,0.0,0.0,0.0,0.0,0.0,873434,6.0,6.0,17.0,0.2608695652173913,0.3461538461538461,0.2608695652173913,0.6070234113712374,0.0852842809364548,0.0,0.3076923076923077,0.0769230769230769,0.25,0.4,0.0869565217391304,0.0,0.0,0.2209866220735786,1.862068965517241,2.9574036511156185,4.045999999999999,0.5294117647058824,2026,잠실,0.9512583942824044,0.3087114144747565,-1.1258042499925485,72.43087633130688,0
2026-04-10,두산,강승호,2.0,2.0,27.0,24.0,6.0,2.0,1.0,8.0,0.0,0.0,0.0,0.0,0.0,0.0,0.0,0.0,873434,6.0,6.0,18.0,0.25,0.3333333333333333,0.25,0.5833333333333333,0.0833333333333333,0.0,0.2962962962962963,0.074074074074074,0.25,0.375,0.0833333333333333,0.0,0.0,0.2125,1.8,2.7,4.136,0.5,2026,잠실,0.9512583942824044,0.2964623885231323,-1.4231208954786836,65.38262171744475,0
2026-04-11,두산,강승호,2.0,2.0,27.0,24.0,6.0,2.0,1.0,8.0,0.0,0.0,0.0,0.0,0.0,0.0,0.0,0.0,873434,6.0,6.0,18.0,0.25,0.3333333333333333,0.25,0.5833333333333333,0.0833333333333333,0.0,0.2962962962962963,0.074074074074074,0.25,0.375,0.0833333333333333,0.0,0.0,0.2125,1.8,2.7,4.136,0.5,2026,잠실,0.9512583942824044,0.2963112181610202,-1.3505207817822331,66.81260844629963,0
2026-04-12,두산,강승호,2.0,2.0,27.0,24.0,6.0,2.0,1.0,8.0,0.0,0.0,0.0,0.0,0.0,0.0,0.0,0.0,873434,6.0,6.0,18.0,0.25,0.3333333333333333,0.25,0.5833333333333333,0.0833333333333333,0.0,0.2962962962962963,0.074074074074074,0.25,0.375,0.0833333333333333,0.0,0.0,0.2125,1.8,2.7,4.136,0.5,2026,잠실,0.9512583942824044,0.2959104561478851,-1.294857428018316,68.00362017522912,0
2026-03-28,KT,한승택,1.0,1.0,5.0,5.0,1.0,0.0,0.0,2.0,0.0,0.0,0.0,0.0,0.0,0.0,0.0,0.0,912207,1.0,1.0,4.0,0.2,0.2,0.2,0.4,0.0,0.0,0.4,0.0,0.0,0.3333333333333333,0.0,0.0,0.0,0.14,0.2,1.35,0.4839999999999999,0.25,2026,수원,1.0287682311922934,0.1953588395470908,-0.8185096257841227,-12.683037532114728,0
2026-03-29,KT,한승택,1.0,1.0,8.0,8.0,1.0,0.0,0.0,2.0,0.0,0.0,0.0,0.0,0.0,1.0,0.0,0.0,912207,1.0,1.0,8.0,0.125,0.125,0.125,0.25,0.0,0.0,0.25,0.0,0.0,0.1666666666666666,0.0,0.0,0.0,0.0875,0.0,0.0,0.384,0.125,2026,수원,1.0287682311922934,0.1182491877935915,-1.9321076857204025,-58.37433590268864,0
2026-03-30,KT,한승택,1.0,1.0,8.0,8.0,1.0,0.0,0.0,2.0,0.0,0.0,0.0,0.0,0.0,1.0,0.0,0.0,912207,1.0,1.0,8.0,0.125,0.125,0.125,0.25,0.0,0.0,0.25,0.0,0.0,0.1666666666666666,0.0,0.0,0.0,0.0875,0.0,0.0,0.384,0.125,2026,수원,1.0287682311922934,0.1182491877935915,-1.9321076857204025,-58.37433590268864,0
2026-03-31,KT,한승택,1.0,2.0,14.0,11.0,1.0,2.0,1.0,5.0,0.0,0.0,0.0,0.0,0.0,1.0,0.0,0.0,912207,1.0,1.0,11.0,0.0909090909090909,0.2857142857142857,0.0909090909090909,0.3766233766233766,0.1948051948051948,0.0,0.3571428571428571,0.1428571428571428,0.4,0.1666666666666666,0.1818181818181818,0.0,0.0,0.1512987012987013,0.1764705882352941,0.4331550802139037,1.11,0.3636363636363636,2026,수원,1.0287682311922934,0.236242214627328,-1.658544904687538,16.245099096200754,0
2026-04-01,KT,한승택,1.0,2.0,16.0,13.0,1.0,2.0,1.0,6.0,0.0,0.0,0.0,0.0,0.0,1.0,0.0,0.0,912207,1.0,1.0,13.0,0.0769230769230769,0.25,0.0769230769230769,0.3269230769230769,0.173076923076923,0.0,0.375,0.125,0.3333333333333333,0.1428571428571428,0.1538461538461538,0.0,0.0,0.1317307692307692,0.1578947368421052,0.3279352226720647,1.102,0.3076923076923077,2026,수원,1.0287682311922934,0.2074998207615102,-2.43338775510204,-2.8279884491745344,0
2026-04-02,KT,한승택,1.0,2.0,16.0,13.0,1.0,2.0,1.0,6.0,0.0,0.0,0.0,0.0,0.0,1.0,0.0,0.0,912207,1.0,1.0,13.0,0.0769230769230769,0.25,0.0769230769230769,0.3269230769230769,0.173076923076923,0.0,0.375,0.125,0.3333333333333333,0.1428571428571428,0.1538461538461538,0.0,0.0,0.1317307692307692,0.1578947368421052,0.3279352226720647,1.102,0.3076923076923077,2026,수원,1.0287682311922934,0.2068146422251602,-2.313288722094981,1.0141863033469756,0
2026-04-03,KT,한승택,1.0,2.0,19.0,16.0,1.0,2.0,1.0,7.0,0.0,0.0,0.0,0.0,0.0,1.0,0.0,0.0,912207,1.0,1.0,16.0,0.0625,0.2105263157894736,0.0625,0.2730263157894737,0.1480263157894736,0.0,0.3684210526315789,0.1052631578947368,0.2857142857142857,0.1111111111111111,0.125,0.0,0.0,0.1103618421052631,0.1363636363636363,0.2301136363636363,1.1840000000000002,0.25,2026,수원,1.0287682311922934,0.1742153709796872,-3.298749563660217,-20.79463376542514,0
2026-04-04,KT,한승택,1.0,2.0,20.0,16.0,1.0,3.0,1.0,7.0,0.0,0.0,0.0,0.0,0.0,1.0,0.0,0.0,912207,1.0,1.0,16.0,0.0625,0.25,0.0625,0.3125,0.1875,0.0,0.35,0.15,0.4285714285714285,0.1111111111111111,0.1875,0.0,0.0,0.128125,0.1666666666666666,0.28125,1.524,0.3125,2026,수원,1.0287682311922934,0.204037184900315,-2.938967936660032,-4.236229220468779,0
2026-04-05,KT,한승택,1.0,2.0,23.0,19.0,1.0,3.0,1.0,9.0,0.0,0.0,0.0,0.0,0.0,1.0,0.0,0.0,912207,1.0,1.0,19.0,0.0526315789473684,0.217391304347826,0.0526315789473684,0.2700228832951945,0.1647597254004576,0.0,0.391304347826087,0.1304347826086956,0.3333333333333333,0.1,0.1578947368421052,0.0,0.0,0.1109839816933638,0.1481481481481481,0.2105263157894736,1.4179999999999997,0.2631578947368421,2026,수원,1.0287682311922934,0.1763784627517267,-3.717504143238385,-20.067978507154915,0
2026-04-06,KT,한승택,1.0,2.0,23.0,19.0,1.0,3.0,1.0,9.0,0.0,0.0,0.0,0.0,0.0,1.0,0.0,0.0,912207,1.0,1.0,19.0,0.0526315789473684,0.217391304347826,0.0526315789473684,0.2700228832951945,0.1647597254004576,0.0,0.391304347826087,0.1304347826086956,0.3333333333333333,0.1,0.1578947368421052,0.0,0.0,0.1109839816933638,0.1481481481481481,0.2105263157894736,1.4179999999999997,0.2631578947368421,2026,수원,1.0287682311922934,0.1763784627517267,-3.717504143238385,-20.067978507154915,0
2026-04-07,KT,한승택,1.0,2.0,28.0,22.0,2.0,5.0,1.0,10.0,0.0,0.0,0.0,0.0,0.0,1.0,0.0,0.0,912207,2.0,2.0,21.0,0.0909090909090909,0.2857142857142857,0.0909090909090909,0.3766233766233766,0.1948051948051948,0.0,0.3571428571428571,0.1785714285714285,0.5,0.1666666666666666,0.2272727272727272,0.0,0.0,0.1512987012987013,0.4117647058823529,0.5294117647058824,2.59,0.3809523809523809,2026,수원,1.0287682311922934,0.2335483119282757,-2.962535378294448,17.974264715542954,0
2026-04-08,KT,한승택,1.0,2.0,28.0,22.0,2.0,5.0,1.0,10.0,0.0,0.0,0.0,0.0,0.0,1.0,0.0,0.0,912207,2.0,2.0,21.0,0.0909090909090909,0.2857142857142857,0.0909090909090909,0.3766233766233766,0.1948051948051948,0.0,0.3571428571428571,0.1785714285714285,0.5,0.1666666666666666,0.2272727272727272,0.0,0.0,0.1512987012987013,0.4117647058823529,0.5294117647058824,2.59,0.3809523809523809,2026,수원,1.0287682311922934,0.2331249447081886,-3.0036881475466912,16.746122722417734,0
2026-04-09,KT,한승택,1.0,2.0,28.0,22.0,2.0,5.0,1.0,10.0,0.0,0.0,0.0,0.0,0.0,1.0,0.0,0.0,912207,2.0,2.0,21.0,0.0909090909090909,0.2857142857142857,0.0909090909090909,0.3766233766233766,0.1948051948051948,0.0,0.3571428571428571,0.1785714285714285,0.5,0.1666666666666666,0.2272727272727272,0.0,0.0,0.1512987012987013,0.4117647058823529,0.5294117647058824,2.59,0.3809523809523809,2026,수원,1.0287682311922934,0.2331249447081886,-3.0036881475466912,16.746122722417734,0
2026-04-10,KT,한승택,1.0,2.0,30.0,24.0,2.0,5.0,1.0,11.0,0.0,0.0,0.0,0.0,0.0,1.0,0.0,0.0,912207,2.0,2.0,23.0,0.0833333333333333,0.2666666666666666,0.0833333333333333,0.35,0.1833333333333333,0.0,0.3666666666666666,0.1666666666666666,0.4545454545454545,0.1538461538461538,0.2083333333333333,0.0,0.0,0.1408333333333333,0.3888888888888889,0.4565217391304347,2.582,0.3478260869565217,2026,수원,1.0287682311922934,0.2169574662872935,-3.602608866584718,7.148170797118936,0
2026-04-11,KT,한승택,1.0,2.0,30.0,24.0,2.0,5.0,1.0,11.0,0.0,0.0,0.0,0.0,0.0,1.0,0.0,0.0,912207,2.0,2.0,23.0,0.0833333333333333,0.2666666666666666,0.0833333333333333,0.35,0.1833333333333333,0.0,0.3666666666666666,0.1666666666666666,0.4545454545454545,0.1538461538461538,0.2083333333333333,0.0,0.0,0.1408333333333333,0.3888888888888889,0.4565217391304347,2.582,0.3478260869565217,2026,수원,1.0287682311922934,0.2165672257904721,-3.5013624739377764,8.312576630369751,0
2026-04-12,KT,한승택,3.0,3.0,33.0,27.0,4.0,5.0,1.0,11.0,1.0,0.0,0.0,0.0,0.0,1.0,0.0,0.0,912207,3.0,5.0,24.0,0.1481481481481481,0.303030303030303,0.1851851851851851,0.4882154882154882,0.1548821548821549,0.037037037037037,0.3333333333333333,0.1515151515151515,0.4545454545454545,0.25,0.2222222222222222,0.0,0.0,0.1826599326599327,1.1538461538461535,1.298076923076923,3.892,0.4583333333333333,2026,수원,1.0287682311922934,0.2647695891953334,-2.435403514245755,40.38461770199406,0
2026-03-28,NC,권희동,1.0,2.0,4.0,2.0,1.0,2.0,0.0,0.0,0.0,0.0,0.0,0.0,0.0,0.0,0.0,0.0,923902,1.0,1.0,1.0,0.5,0.75,0.5,1.25,0.25,0.0,0.0,0.5,0.0,0.5,1.0,0.0,0.0,0.4625,0.5,13.5,1.2700000000000002,3.0,2026,창원,1.0100284809306723,0.6453579067923462,0.9442675210902014,257.3435515974435,0
2026-03-29,NC,권희동,1.0,2.0,5.0,3.0,1.0,2.0,0.0,1.0,0.0,0.0,0.0,0.0,0.0,0.0,0.0,0.0,923902,1.0,1.0,2.0,0.3333333333333333,0.6,0.3333333333333333,0.9333333333333332,0.2666666666666666,0.0,0.2,0.4,2.0,0.5,0.6666666666666666,0.0,0.0,0.3533333333333333,0.4285714285714285,5.785714285714286,1.1720000000000002,1.5,2026,창원,1.0100284809306723,0.5015686069212114,0.5921226718047529,175.24433287625249,0
2026-03-30,NC,권희동,1.0,2.0,5.0,3.0,1.0,2.0,0.0,1.0,0.0,0.0,0.0,0.0,0.0,0.0,0.0,0.0,923902,1.0,1.0,2.0,0.3333333333333333,0.6,0.3333333333333333,0.9333333333333332,0.2666666666666666,0.0,0.2,0.4,2.0,0.5,0.6666666666666666,0.0,0.0,0.3533333333333333,0.4285714285714285,5.785714285714286,1.1720000000000002,1.5,2026,창원,1.0100284809306723,0.5015686069212114,0.5921226718047529,175.24433287625249,0
2026-03-31,NC,권희동,1.0,2.0,5.0,3.0,1.0,2.0,0.0,1.0,0.0,0.0,0.0,0.0,0.0,0.0,0.0,0.0,923902,1.0,1.0,2.0,0.3333333333333333,0.6,0.3333333333333333,0.9333333333333332,0.2666666666666666,0.0,0.2,0.4,2.0,0.5,0.6666666666666666,0.0,0.0,0.3533333333333333,0.4285714285714285,5.785714285714286,1.1720000000000002,1.5,2026,창원,1.0100284809306723,0.5005645109516773,0.5940655288664142,180.11118033485505,0
2026-04-01,NC,권희동,1.0,2.0,5.0,3.0,1.0,2.0,0.0,1.0,0.0,0.0,0.0,0.0,0.0,0.0,0.0,0.0,923902,1.0,1.0,2.0,0.3333333333333333,0.6,0.3333333333333333,0.9333333333333332,0.2666666666666666,0.0,0.2,0.4,2.0,0.5,0.6666666666666666,0.0,0.0,0.3533333333333333,0.4285714285714285,5.785714285714286,1.1720000000000002,1.5,2026,창원,1.0100284809306723,0.5023263048041525,0.6023790970933827,178.173672917884,0
2026-04-02,NC,권희동,1.0,2.0,5.0,3.0,1.0,2.0,0.0,1.0,0.0,0.0,0.0,0.0,0.0,0.0,0.0,0.0,923902,1.0,1.0,2.0,0.3333333333333333,0.6,0.3333333333333333,0.9333333333333332,0.2666666666666666,0.0,0.2,0.4,2.0,0.5,0.6666666666666666,0.0,0.0,0.3533333333333333,0.4285714285714285,5.785714285714286,1.1720000000000002,1.5,2026,창원,1.0100284809306723,0.5007623803749598,0.6110287259582217,180.23263765291685,0
2026-04-03,NC,권희동,1.0,2.0,5.0,3.0,1.0,2.0,0.0,1.0,0.0,0.0,0.0,0.0,0.0,0.0,0.0,0.0,923902,1.0,1.0,2.0,0.3333333333333333,0.6,0.3333333333333333,0.9333333333333332,0.2666666666666666,0.0,0.2,0.4,2.0,0.5,0.6666666666666666,0.0,0.0,0.3533333333333333,0.4285714285714285,5.785714285714286,1.1720000000000002,1.5,2026,창원,1.0100284809306723,0.5009708381350019,0.5981552879561379,180.2479441723172,0
2026-04-04,NC,권희동,1.0,2.0,5.0,3.0,1.0,2.0,0.0,1.0,0.0,0.0,0.0,0.0,0.0,0.0,0.0,0.0,923902,1.0,1.0,2.0,0.3333333333333333,0.6,0.3333333333333333,0.9333333333333332,0.2666666666666666,0.0,0.2,0.4,2.0,0.5,0.6666666666666666,0.0,0.0,0.3533333333333333,0.4285714285714285,5.785714285714286,1.1720000000000002,1.5,2026,창원,1.0100284809306723,0.5002045565506595,0.589029048203293,180.25511155669184,0
2026-04-05,NC,권희동,1.0,2.0,5.0,3.0,1.0,2.0,0.0,1.0,0.0,0.0,0.0,0.0,0.0,0.0,0.0,0.0,923902,1.0,1.0,2.0,0.3333333333333333,0.6,0.3333333333333333,0.9333333333333332,0.2666666666666666,0.0,0.2,0.4,2.0,0.5,0.6666666666666666,0.0,0.0,0.3533333333333333,0.4285714285714285,5.785714285714286,1.1720000000000002,1.5,2026,창원,1.0100284809306723,0.497676987841373,0.5807755992048987,183.2160525455145,0
2026-04-06,NC,권희동,1.0,2.0,5.0,3.0,1.0,2.0,0.0,1.0,0.0,0.0,0.0,0.0,0.0,0.0,0.0,0.0,923902,1.0,1.0,2.0,0.3333333333333333,0.6,0.3333333333333333,0.9333333333333332,0.2666666666666666,0.0,0.2,0.4,2.0,0.5,0.6666666666666666,0.0,0.0,0.3533333333333333,0.4285714285714285,5.785714285714286,1.1720000000000002,1.5,2026,창원,1.0100284809306723,0.497676987841373,0.5807755992048987,183.2160525455145,0
2026-04-07,NC,권희동,1.0,2.0,5.0,3.0,1.0,2.0,0.0,1.0,0.0,0.0,0.0,0.0,0.0,0.0,0.0,0.0,923902,1.0,1.0,2.0,0.3333333333333333,0.6,0.3333333333333333,0.9333333333333332,0.2666666666666666,0.0,0.2,0.4,2.0,0.5,0.6666666666666666,0.0,0.0,0.3533333333333333,0.4285714285714285,5.785714285714286,1.1720000000000002,1.5,2026,창원,1.0100284809306723,0.4974245839361092,0.5825809047662293,186.15884898254825,0
2026-04-08,NC,권희동,1.0,2.0,5.0,3.0,1.0,2.0,0.0,1.0,0.0,0.0,0.0,0.0,0.0,0.0,0.0,0.0,923902,1.0,1.0,2.0,0.3333333333333333,0.6,0.3333333333333333,0.9333333333333332,0.2666666666666666,0.0,0.2,0.4,2.0,0.5,0.6666666666666666,0.0,0.0,0.3533333333333333,0.4285714285714285,5.785714285714286,1.1720000000000002,1.5,2026,창원,1.0100284809306723,0.4965037607191268,0.57821186066747,185.6438998510728,0
2026-04-09,NC,권희동,1.0,2.0,5.0,3.0,1.0,2.0,0.0,1.0,0.0,0.0,0.0,0.0,0.0,0.0,0.0,0.0,923902,1.0,1.0,2.0,0.3333333333333333,0.6,0.3333333333333333,0.9333333333333332,0.2666666666666666,0.0,0.2,0.4,2.0,0.5,0.6666666666666666,0.0,0.0,0.3533333333333333,0.4285714285714285,5.785714285714286,1.1720000000000002,1.5,2026,창원,1.0100284809306723,0.4965037607191268,0.57821186066747,185.6438998510728,0
2026-04-10,NC,권희동,1.0,2.0,5.0,3.0,1.0,2.0,0.0,1.0,0.0,0.0,0.0,0.0,0.0,0.0,0.0,0.0,923902,1.0,1.0,2.0,0.3333333333333333,0.6,0.3333333333333333,0.9333333333333332,0.2666666666666666,0.0,0.2,0.4,2.0,0.5,0.6666666666666666,0.0,0.0,0.3533333333333333,0.4285714285714285,5.785714285714286,1.1720000000000002,1.5,2026,창원,1.0100284809306723,0.4950866213383316,0.5781087856132527,185.6266086626015,0
2026-04-11,NC,권희동,1.0,2.0,5.0,3.0,1.0,2.0,0.0,1.0,0.0,0.0,0.0,0.0,0.0,0.0,0.0,0.0,923902,1.0,1.0,2.0,0.3333333333333333,0.6,0.3333333333333333,0.9333333333333332,0.2666666666666666,0.0,0.2,0.4,2.0,0.5,0.6666666666666666,0.0,0.0,0.3533333333333333,0.4285714285714285,5.785714285714286,1.1720000000000002,1.5,2026,창원,1.0100284809306723,0.4943009442850377,0.5778335180120048,186.9361904293848,0
2026-04-12,NC,권희동,1.0,2.0,5.0,3.0,1.0,2.0,0.0,1.0,0.0,0.0,0.0,0.0,0.0,0.0,0.0,0.0,923902,1.0,1.0,2.0,0.3333333333333333,0.6,0.3333333333333333,0.9333333333333332,0.2666666666666666,0.0,0.2,0.4,2.0,0.5,0.6666666666666666,0.0,0.0,0.3533333333333333,0.4285714285714285,5.785714285714286,1.1720000000000002,1.5,2026,창원,1.0100284809306723,0.4932745446535405,0.5791300940722102,188.0458231799394,0
2026-03-28,키움,임지열,0.0,1.0,4.0,3.0,1.0,1.0,0.0,0.0,0.0,0.0,0.0,0.0,0.0,0.0,0.0,0.0,1004270,1.0,1.0,2.0,0.3333333333333333,0.5,0.3333333333333333,0.8333333333333333,0.1666666666666666,0.0,0.0,0.25,0.0,0.3333333333333333,0.3333333333333333,0.0,0.0,0.3083333333333333,0.4,5.4,1.02,1.0,2026,고척,0.9666905138306804,0.4447782281131048,0.2315060566731561,142.15273350519965,0
2026-03-29,키움,임지열,0.0,1.0,4.0,3.0,1.0,1.0,0.0,0.0,0.0,0.0,0.0,0.0,0.0,0.0,0.0,0.0,1004270,1.0,1.0,2.0,0.3333333333333333,0.5,0.3333333333333333,0.8333333333333333,0.1666666666666666,0.0,0.0,0.25,0.0,0.3333333333333333,0.3333333333333333,0.0,0.0,0.3083333333333333,0.4,5.4,1.02,1.0,2026,고척,0.9666905138306804,0.4317295671193486,0.211381931064012,137.3553094439662,0
2026-03-30,키움,임지열,0.0,1.0,4.0,3.0,1.0,1.0,0.0,0.0,0.0,0.0,0.0,0.0,0.0,0.0,0.0,0.0,1004270,1.0,1.0,2.0,0.3333333333333333,0.5,0.3333333333333333,0.8333333333333333,0.1666666666666666,0.0,0.0,0.25,0.0,0.3333333333333333,0.3333333333333333,0.0,0.0,0.3083333333333333,0.4,5.4,1.02,1.0,2026,고척,0.9666905138306804,0.4317295671193486,0.211381931064012,137.3553094439662,0
2026-03-31,키움,임지열,0.0,2.0,8.0,6.0,2.0,1.0,0.0,1.0,0.0,0.0,0.0,1.0,0.0,0.0,0.0,0.0,1004270,2.0,2.0,5.0,0.3333333333333333,0.4285714285714285,0.3333333333333333,0.7619047619047619,0.0952380952380952,0.0,0.125,0.125,1.0,0.4,0.1666666666666666,0.0,0.0,0.2761904761904761,0.4444444444444444,2.4,1.552,0.6,2026,고척,0.9666905138306804,0.3822124484052947,0.1005531416106269,111.91193630978478,0
2026-04-01,키움,임지열,0.0,2.0,9.0,7.0,2.0,1.0,0.0,2.0,0.0,0.0,0.0,1.0,0.0,0.0,0.0,0.0,1004270,2.0,2.0,6.0,0.2857142857142857,0.375,0.2857142857142857,0.6607142857142857,0.0892857142857143,0.0,0.2222222222222222,0.1111111111111111,0.5,0.4,0.1428571428571428,0.0,0.0,0.2401785714285714,0.4,1.8,1.4540000000000002,0.5,2026,고척,0.9666905138306804,0.3349115630451524,-0.3086688311688306,80.79131801407183,0
2026-04-02,키움,임지열,0.0,2.0,10.0,8.0,2.0,1.0,0.0,2.0,0.0,0.0,0.0,1.0,0.0,0.0,0.0,0.0,1004270,2.0,2.0,7.0,0.25,0.3333333333333333,0.25,0.5833333333333333,0.0833333333333333,0.0,0.2,0.1,0.5,0.3333333333333333,0.125,0.0,0.0,0.2125,0.3636363636363636,1.4025974025974026,1.5440000000000005,0.4285714285714285,2026,고척,0.9666905138306804,0.2971769349405099,-0.6256793632397264,61.73931402208604,0
2026-04-03,키움,임지열,0.0,2.0,10.0,8.0,2.0,1.0,0.0,2.0,0.0,0.0,0.0,1.0,0.0,0.0,0.0,0.0,1004270,2.0,2.0,7.0,0.25,0.3333333333333333,0.25,0.5833333333333333,0.0833333333333333,0.0,0.2,0.1,0.5,0.3333333333333333,0.125,0.0,0.0,0.2125,0.3636363636363636,1.4025974025974026,1.5440000000000005,0.4285714285714285,2026,고척,0.9666905138306804,0.2975071262041255,-0.6296917032085197,60.5636682812081,0
2026-04-04,키움,임지열,0.0,2.0,10.0,8.0,2.0,1.0,0.0,2.0,0.0,0.0,0.0,1.0,0.0,0.0,0.0,0.0,1004270,2.0,2.0,7.0,0.25,0.3333333333333333,0.25,0.5833333333333333,0.0833333333333333,0.0,0.2,0.1,0.5,0.3333333333333333,0.125,0.0,0.0,0.2125,0.3636363636363636,1.4025974025974026,1.5440000000000005,0.4285714285714285,2026,고척,0.9666905138306804,0.2971570643063362,-0.6370533179959047,59.3894376113573,0
2026-04-05,키움,임지열,0.0,3.0,11.0,9.0,3.0,1.0,0.0,2.0,0.0,0.0,0.0,1.0,0.0,0.0,0.0,0.0,1004270,3.0,3.0,7.0,0.3333333333333333,0.4,0.3333333333333333,0.7333333333333334,0.0666666666666667,0.0,0.1818181818181818,0.0909090909090909,0.5,0.4285714285714285,0.1111111111111111,0.0,0.0,0.2633333333333333,0.75,2.892857142857143,2.044,0.5714285714285714,2026,고척,0.9666905138306804,0.3616645654797831,-0.0158116566444523,102.28873702194386,0
2026-04-06,키움,임지열,0.0,3.0,11.0,9.0,3.0,1.0,0.0,2.0,0.0,0.0,0.0,1.0,0.0,0.0,0.0,0.0,1004270,3.0,3.0,7.0,0.3333333333333333,0.4,0.3333333333333333,0.7333333333333334,0.0666666666666667,0.0,0.1818181818181818,0.0909090909090909,0.5,0.4285714285714285,0.1111111111111111,0.0,0.0,0.2633333333333333,0.75,2.892857142857143,2.044,0.5714285714285714,2026,고척,0.9666905138306804,0.3616645654797831,-0.0158116566444523,102.28873702194386,0
2026-04-07,키움,임지열,0.0,3.0,11.0,9.0,3.0,1.0,0.0,2.0,0.0,0.0,0.0,1.0,0.0,0.0,0.0,0.0,1004270,3.0,3.0,7.0,0.3333333333333333,0.4,0.3333333333333333,0.7333333333333334,0.0666666666666667,0.0,0.1818181818181818,0.0909090909090909,0.5,0.4285714285714285,0.1111111111111111,0.0,0.0,0.2633333333333333,0.75,2.892857142857143,2.044,0.5714285714285714,2026,고척,0.9666905138306804,0.3622783744664323,0.0291808792393711,105.31542129692104,0
2026-04-08,키움,임지열,0.0,3.0,13.0,11.0,3.0,1.0,0.0,4.0,0.0,0.0,0.0,1.0,0.0,0.0,0.0,0.0,1004270,3.0,3.0,9.0,0.2727272727272727,0.3333333333333333,0.2727272727272727,0.606060606060606,0.0606060606060606,0.0,0.3076923076923077,0.0769230769230769,0.25,0.4285714285714285,0.0909090909090909,0.0,0.0,0.2181818181818181,0.6428571428571429,1.9285714285714288,1.8480000000000003,0.4444444444444444,2026,고척,0.9666905138306804,0.3012707277978422,-0.6447709614978752,66.16909286091756,0
2026-04-09,키움,임지열,0.0,3.0,13.0,11.0,3.0,1.0,0.0,4.0,0.0,0.0,0.0,1.0,0.0,0.0,0.0,0.0,1004270,3.0,3.0,9.0,0.2727272727272727,0.3333333333333333,0.2727272727272727,0.606060606060606,0.0606060606060606,0.0,0.3076923076923077,0.0769230769230769,0.25,0.4285714285714285,0.0909090909090909,0.0,0.0,0.2181818181818181,0.6428571428571429,1.9285714285714288,1.8480000000000003,0.4444444444444444,2026,고척,0.9666905138306804,0.3012707277978422,-0.6447709614978752,66.16909286091756,0
2026-04-10,키움,임지열,0.0,3.0,14.0,12.0,3.0,1.0,0.0,5.0,0.0,0.0,0.0,1.0,0.0,0.0,0.0,0.0,1004270,3.0,3.0,10.0,0.25,0.3076923076923077,0.25,0.5576923076923077,0.0576923076923077,0.0,0.3571428571428571,0.0714285714285714,0.2,0.4285714285714285,0.0833333333333333,0.0,0.0,0.2009615384615384,0.6,1.62,1.7500000000000002,0.4,2026,고척,0.9666905138306804,0.2773386915700725,-0.9648116777448718,51.69638136533422,0
2026-04-11,키움,임지열,0.0,3.0,14.0,12.0,3.0,1.0,0.0,5.0,0.0,0.0,0.0,1.0,0.0,0.0,0.0,0.0,1004270,3.0,3.0,10.0,0.25,0.3076923076923077,0.25,0.5576923076923077,0.0576923076923077,0.0,0.3571428571428571,0.0714285714285714,0.2,0.4285714285714285,0.0833333333333333,0.0,0.0,0.2009615384615384,0.6,1.62,1.7500000000000002,0.4,2026,고척,0.9666905138306804,0.2772481955363241,-0.9234734000503992,53.13769573472834,0
2026-04-12,키움,임지열,0.0,3.0,14.0,12.0,3.0,1.0,0.0,5.0,0.0,0.0,0.0,1.0,0.0,0.0,0.0,0.0,1004270,3.0,3.0,10.0,0.25,0.3076923076923077,0.25,0.5576923076923077,0.0576923076923077,0.0,0.3571428571428571,0.0714285714285714,0.2,0.4285714285714285,0.0833333333333333,0.0,0.0,0.2009615384615384,0.6,1.62,1.7500000000000002,0.4,2026,고척,0.9666905138306804,0.2769073914652949,-0.8921847600554924,54.33636406295383,0
2026-03-31,KT,배정대,0.0,0.0,1.0,1.0,0.0,0.0,0.0,1.0,0.0,0.0,0.0,0.0,0.0,0.0,0.0,0.0,1015525,0.0,0.0,1.0,0.0,0.0,0.0,0.0,0.0,0.0,1.0,0.0,0.0,0.0,0.0,0.0,0.0,0.0,0.0,0.0,-0.098,0.0,2026,수원,1.0287682311922934,0.0,-0.3305407649785577,-128.53789672350956,0
2026-04-01,KT,배정대,0.0,0.0,2.0,2.0,0.0,0.0,0.0,2.0,0.0,0.0,0.0,0.0,0.0,0.0,0.0,0.0,1015525,0.0,0.0,2.0,0.0,0.0,0.0,0.0,0.0,0.0,1.0,0.0,0.0,0.0,0.0,0.0,0.0,0.0,0.0,0.0,-0.196,0.0,2026,수원,1.0287682311922934,0.0,-0.687834260977118,-128.8986259967298,0
2026-04-02,KT,배정대,0.0,0.0,4.0,3.0,0.0,1.0,0.0,2.0,0.0,0.0,0.0,0.0,0.0,0.0,0.0,0.0,1015525,0.0,0.0,3.0,0.0,0.25,0.0,0.25,0.25,0.0,0.5,0.25,0.5,0.0,0.3333333333333333,0.0,0.0,0.1125,0.0,0.0,0.234,0.3333333333333333,2026,수원,1.0287682311922934,0.1944192824404174,-0.6233221805237452,-6.4641790812684174,0
2026-04-03,KT,배정대,0.0,0.0,4.0,3.0,0.0,1.0,0.0,2.0,0.0,0.0,0.0,0.0,0.0,0.0,0.0,0.0,1015525,0.0,0.0,3.0,0.0,0.25,0.0,0.25,0.25,0.0,0.5,0.25,0.5,0.0,0.3333333333333333,0.0,0.0,0.1125,0.0,0.0,0.234,0.3333333333333333,2026,수원,1.0287682311922934,0.1943453537927408,-0.6222102995068408,-8.524722603986778,0
2026-04-04,KT,배정대,0.0,0.0,4.0,3.0,0.0,1.0,0.0,2.0,0.0,0.0,0.0,0.0,0.0,0.0,0.0,0.0,1015525,0.0,0.0,3.0,0.0,0.25,0.0,0.25,0.25,0.0,0.5,0.25,0.5,0.0,0.3333333333333333,0.0,0.0,0.1125,0.0,0.0,0.234,0.3333333333333333,2026,수원,1.0287682311922934,0.1939693322291307,-0.6237935873320064,-10.444086363325924,0
2026-04-05,KT,배정대,0.0,0.0,4.0,3.0,0.0,1.0,0.0,2.0,0.0,0.0,0.0,0.0,0.0,0.0,0.0,0.0,1015525,0.0,0.0,3.0,0.0,0.25,0.0,0.25,0.25,0.0,0.5,0.25,0.5,0.0,0.3333333333333333,0.0,0.0,0.1125,0.0,0.0,0.234,0.3333333333333333,2026,수원,1.0287682311922934,0.1924254581411382,-0.5910273228421363,-10.008715896046748,0
2026-04-06,KT,배정대,0.0,0.0,4.0,3.0,0.0,1.0,0.0,2.0,0.0,0.0,0.0,0.0,0.0,0.0,0.0,0.0,1015525,0.0,0.0,3.0,0.0,0.25,0.0,0.25,0.25,0.0,0.5,0.25,0.5,0.0,0.3333333333333333,0.0,0.0,0.1125,0.0,0.0,0.234,0.3333333333333333,2026,수원,1.0287682311922934,0.1924254581411382,-0.5910273228421363,-10.008715896046748,0
2026-04-07,KT,배정대,0.0,0.0,4.0,3.0,0.0,1.0,0.0,2.0,0.0,0.0,0.0,0.0,0.0,0.0,0.0,0.0,1015525,0.0,0.0,3.0,0.0,0.25,0.0,0.25,0.25,0.0,0.5,0.25,0.5,0.0,0.3333333333333333,0.0,0.0,0.1125,0.0,0.0,0.234,0.3333333333333333,2026,수원,1.0287682311922934,0.1919292507188657,-0.563478892434683,-8.256556923332713,0
2026-04-08,KT,배정대,0.0,0.0,7.0,6.0,0.0,1.0,0.0,3.0,0.0,0.0,0.0,0.0,0.0,0.0,0.0,0.0,1015525,0.0,0.0,6.0,0.0,0.1428571428571428,0.0,0.1428571428571428,0.1428571428571428,0.0,0.4285714285714285,0.1428571428571428,0.3333333333333333,0.0,0.1666666666666666,0.0,0.0,0.0642857142857142,0.0,0.0,0.316,0.1666666666666666,2026,수원,1.0287682311922934,0.1094945050632227,-1.4833850558962778,-61.65511849300111,0
2026-04-09,KT,배정대,0.0,0.0,7.0,6.0,0.0,1.0,0.0,3.0,0.0,0.0,0.0,0.0,0.0,0.0,0.0,0.0,1015525,0.0,0.0,6.0,0.0,0.1428571428571428,0.0,0.1428571428571428,0.1428571428571428,0.0,0.4285714285714285,0.1428571428571428,0.3333333333333333,0.0,0.1666666666666666,0.0,0.0,0.0642857142857142,0.0,0.0,0.316,0.1666666666666666,2026,수원,1.0287682311922934,0.1094945050632227,-1.4833850558962778,-61.65511849300111,0
2026-04-10,KT,배정대,3.0,0.0,8.0,7.0,1.0,1.0,0.0,3.0,1.0,0.0,0.0,0.0,0.0,0.0,0.0,0.0,1015525,0.0,2.0,6.0,0.1428571428571428,0.25,0.2857142857142857,0.5357142857142857,0.1071428571428571,0.1428571428571428,0.375,0.125,0.3333333333333333,0.25,0.2857142857142857,0.0,0.0,0.1839285714285714,0.4444444444444444,2.0,1.036,0.5,2026,수원,1.0287682311922934,0.2581555951496725,-0.6813791854927815,33.30786418269878,0
2026-04-11,KT,배정대,4.0,1.0,13.0,12.0,3.0,1.0,0.0,5.0,2.0,0.0,0.0,0.0,0.0,0.0,0.0,0.0,1015525,1.0,5.0,9.0,0.25,0.3076923076923077,0.4166666666666667,0.7243589743589745,0.0576923076923077,0.1666666666666666,0.3846153846153846,0.0769230769230769,0.2,0.4285714285714285,0.25,0.0,0.0,0.2426282051282051,1.4285714285714286,4.285714285714286,2.1499999999999995,0.6666666666666666,2026,수원,1.0287682311922934,0.3324339468146897,-0.257511014332514,82.05011630625931,0
2026-04-12,KT,배정대,4.0,1.0,13.0,12.0,3.0,1.0,0.0,5.0,2.0,0.0,0.0,0.0,0.0,0.0,0.0,0.0,1015525,1.0,5.0,9.0,0.25,0.3076923076923077,0.4166666666666667,0.7243589743589745,0.0576923076923077,0.1666666666666666,0.3846153846153846,0.0769230769230769,0.2,0.4285714285714285,0.25,0.0,0.0,0.2426282051282051,1.4285714285714286,4.285714285714286,2.1499999999999995,0.6666666666666666,2026,수원,1.0287682311922934,0.3325241085318374,-0.2284572771943857,83.61231797157234,0
2026-03-28,두산,양석환,0.0,0.0,4.0,4.0,0.0,0.0,0.0,0.0,0.0,0.0,0.0,0.0,0.0,0.0,0.0,0.0,1035495,0.0,0.0,4.0,0.0,0.0,0.0,0.0,0.0,0.0,0.0,0.0,0.0,0.0,0.0,0.0,0.0,0.0,0.0,0.0,0.36,0.0,2026,잠실,0.9512583942824044,0.0,-1.3490168721609344,-121.34559183676636,0
2026-03-29,두산,양석환,2.0,2.0,8.0,7.0,1.0,1.0,0.0,1.0,0.0,0.0,1.0,0.0,0.0,0.0,0.0,1.0,1035495,0.0,4.0,6.0,0.1428571428571428,0.25,0.5714285714285714,0.8214285714285714,0.1071428571428571,0.4285714285714285,0.125,0.125,1.0,0.0,0.5714285714285714,8.0,7.0,0.2553571428571428,0.8888888888888888,4.0,2.042,0.8333333333333334,2026,잠실,0.9512583942824044,0.266627812494445,-0.8174841728598948,39.082405506016094,0
2026-03-30,두산,양석환,2.0,2.0,8.0,7.0,1.0,1.0,0.0,1.0,0.0,0.0,1.0,0.0,0.0,0.0,0.0,1.0,1035495,0.0,4.0,6.0,0.1428571428571428,0.25,0.5714285714285714,0.8214285714285714,0.1071428571428571,0.4285714285714285,0.125,0.125,1.0,0.0,0.5714285714285714,8.0,7.0,0.2553571428571428,0.8888888888888888,4.0,2.042,0.8333333333333334,2026,잠실,0.9512583942824044,0.266627812494445,-0.8174841728598948,39.082405506016094,0
2026-03-31,두산,양석환,2.0,3.0,14.0,12.0,3.0,2.0,0.0,1.0,1.0,0.0,1.0,0.0,0.0,0.0,0.0,1.0,1035495,1.0,7.0,9.0,0.25,0.3571428571428571,0.5833333333333334,0.9404761904761904,0.1071428571428571,0.3333333333333333,0.0714285714285714,0.1428571428571428,2.0,0.2,0.5,14.0,12.0,0.306547619047619,2.1875,6.5625,3.872,1.0,2026,잠실,0.9512583942824044,0.379802969309958,0.1456863412485489,111.97847906584902,0
2026-04-01,두산,양석환,2.0,3.0,17.0,15.0,3.0,2.0,0.0,1.0,1.0,0.0,1.0,0.0,0.0,0.0,0.0,1.0,1035495,1.0,7.0,12.0,0.2,0.2941176470588235,0.4666666666666667,0.7607843137254902,0.0941176470588235,0.2666666666666666,0.0588235294117647,0.1176470588235294,2.0,0.1538461538461538,0.4,17.0,15.0,0.2490196078431372,1.8421052631578947,4.144736842105263,4.142,0.75,2026,잠실,0.9512583942824044,0.3056352774227232,-1.0431542207792204,64.54714114177322,0
2026-04-02,두산,양석환,2.0,3.0,21.0,19.0,3.0,2.0,0.0,1.0,1.0,0.0,1.0,0.0,0.0,0.0,0.0,1.0,1035495,1.0,7.0,16.0,0.1578947368421052,0.238095238095238,0.3684210526315789,0.606516290726817,0.0802005012531328,0.2105263157894736,0.0476190476190476,0.0952380952380952,2.0,0.1176470588235294,0.3157894736842105,21.0,19.0,0.1992481203007518,1.5217391304347827,2.567934782608696,4.502,0.5625,2026,잠실,0.9512583942824044,0.2456891950959765,-2.295259899555728,32.21895557056025,0
2026-04-03,두산,양석환,2.0,3.0,26.0,23.0,3.0,3.0,0.0,5.0,1.0,0.0,1.0,0.0,0.0,0.0,0.0,1.0,1035495,1.0,7.0,20.0,0.1304347826086956,0.2307692307692307,0.3043478260869565,0.5351170568561874,0.1003344481605351,0.1739130434782609,0.1923076923076923,0.1153846153846153,0.6,0.1176470588235294,0.3043478260869565,26.0,23.0,0.179933110367893,1.4482758620689655,1.955172413793104,4.45,0.5,2026,잠실,0.9512583942824044,0.2286741867603912,-3.2433407133035743,20.15085574268094,0
2026-04-04,두산,양석환,2.0,3.0,30.0,26.0,4.0,4.0,0.0,5.0,1.0,0.0,1.0,0.0,0.0,0.0,0.0,1.0,1035495,2.0,8.0,22.0,0.1538461538461538,0.2666666666666666,0.3076923076923077,0.5743589743589743,0.1128205128205128,0.1538461538461538,0.1666666666666666,0.1333333333333333,0.8,0.15,0.3076923076923077,30.0,26.0,0.1969230769230769,1.8823529411764703,2.3101604278074865,5.47,0.5454545454545454,2026,잠실,0.9512583942824044,0.2567435489206525,-2.994970922474116,36.0135989653507,0
2026-04-05,두산,양석환,2.0,3.0,34.0,30.0,4.0,4.0,0.0,7.0,1.0,0.0,1.0,0.0,0.0,0.0,0.0,1.0,1035495,2.0,8.0,26.0,0.1333333333333333,0.2352941176470588,0.2666666666666666,0.5019607843137255,0.1019607843137254,0.1333333333333333,0.2058823529411764,0.1176470588235294,0.5714285714285714,0.1363636363636363,0.2666666666666666,34.0,30.0,0.1725490196078431,1.6842105263157894,1.7489878542510122,5.454,0.4615384615384615,2026,잠실,0.9512583942824044,0.2268383975097847,-4.012148378534573,19.31445535584684,0
2026-04-06,두산,양석환,2.0,3.0,34.0,30.0,4.0,4.0,0.0,7.0,1.0,0.0,1.0,0.0,0.0,0.0,0.0,1.0,1035495,2.0,8.0,26.0,0.1333333333333333,0.2352941176470588,0.2666666666666666,0.5019607843137255,0.1019607843137254,0.1333333333333333,0.2058823529411764,0.1176470588235294,0.5714285714285714,0.1363636363636363,0.2666666666666666,34.0,30.0,0.1725490196078431,1.6842105263157894,1.7489878542510122,5.454,0.4615384615384615,2026,잠실,0.9512583942824044,0.2268383975097847,-4.012148378534573,19.31445535584684,0
2026-04-07,두산,양석환,3.0,3.0,37.0,32.0,4.0,4.0,0.0,7.0,1.0,0.0,1.0,0.0,1.0,0.0,0.0,1.0,1035495,2.0,8.0,29.0,0.125,0.2162162162162162,0.25,0.4662162162162162,0.0912162162162162,0.125,0.1891891891891892,0.1081081081081081,0.5714285714285714,0.12,0.25,37.0,32.0,0.1597972972972973,1.3658536585365857,1.2716568544995797,6.004,0.4137931034482758,2026,잠실,0.9512583942824044,0.209308441960184,-4.670414106135318,10.44783254932864,0
2026-04-08,두산,양석환,3.0,3.0,37.0,32.0,4.0,4.0,0.0,7.0,1.0,0.0,1.0,0.0,1.0,0.0,0.0,1.0,1035495,2.0,8.0,29.0,0.125,0.2162162162162162,0.25,0.4662162162162162,0.0912162162162162,0.125,0.1891891891891892,0.1081081081081081,0.5714285714285714,0.12,0.25,37.0,32.0,0.1597972972972973,1.3658536585365857,1.2716568544995797,6.004,0.4137931034482758,2026,잠실,0.9512583942824044,0.20879476253895,-4.73107926770711,9.067925003525335,0
2026-04-09,두산,양석환,3.0,3.0,37.0,32.0,4.0,4.0,0.0,7.0,1.0,0.0,1.0,0.0,1.0,0.0,0.0,1.0,1035495,2.0,8.0,29.0,0.125,0.2162162162162162,0.25,0.4662162162162162,0.0912162162162162,0.125,0.1891891891891892,0.1081081081081081,0.5714285714285714,0.12,0.25,37.0,32.0,0.1597972972972973,1.3658536585365857,1.2716568544995797,6.004,0.4137931034482758,2026,잠실,0.9512583942824044,0.20879476253895,-4.73107926770711,9.067925003525335,0
2026-04-10,두산,양석환,3.0,3.0,41.0,36.0,6.0,4.0,0.0,8.0,1.0,0.0,1.0,0.0,1.0,0.0,0.0,1.0,1035495,4.0,10.0,31.0,0.1666666666666666,0.2439024390243902,0.2777777777777778,0.521680216802168,0.0772357723577235,0.1111111111111111,0.1951219512195122,0.0975609756097561,0.5,0.1785714285714285,0.2222222222222222,41.0,36.0,0.17920054200542,2.0,1.7419354838709675,6.996,0.4516129032258064,2026,잠실,0.9512583942824044,0.2348128917082521,-4.303149163469139,26.236864893395207,0
2026-04-11,두산,양석환,4.0,3.0,45.0,39.0,7.0,4.0,0.0,8.0,1.0,0.0,1.0,0.0,2.0,0.0,0.0,1.0,1035495,5.0,11.0,34.0,0.1794871794871795,0.2444444444444444,0.282051282051282,0.5264957264957265,0.0649572649572649,0.1025641025641025,0.1777777777777777,0.0888888888888888,0.5,0.1875,0.2051282051282051,45.0,39.0,0.1805128205128205,2.020408163265306,1.6044417767106842,8.046,0.4411764705882353,2026,잠실,0.9512583942824044,0.2354387414837934,-4.54181171202944,28.07338613570618,0
2026-04-12,두산,양석환,4.0,3.0,49.0,42.0,9.0,5.0,0.0,8.0,2.0,0.0,1.0,0.0,2.0,0.0,0.0,1.0,1035495,6.0,14.0,35.0,0.2142857142857142,0.2857142857142857,0.3333333333333333,0.6190476190476191,0.0714285714285714,0.119047619047619,0.1632653061224489,0.1020408163265306,0.625,0.2285714285714285,0.238095238095238,49.0,42.0,0.2119047619047618,3.111111111111111,2.4,9.695999999999998,0.5428571428571428,2026,잠실,0.9512583942824044,0.2786743204165117,-3.0507981586510344,57.00688495375801,0
2026-03-28,키움,김태진,0.0,0.0,2.0,2.0,1.0,0.0,0.0,0.0,0.0,0.0,0.0,0.0,0.0,0.0,0.0,0.0,1039515,1.0,1.0,1.0,0.5,0.5,0.5,1.0,0.0,0.0,0.0,0.0,0.0,0.5,0.0,0.0,0.0,0.35,0.5,13.5,0.59,1.0,2026,고척,0.9666905138306804,0.4883970988677271,0.1932530283365781,168.1450411975074,0
2026-03-29,키움,김태진,0.0,1.0,3.0,3.0,1.0,0.0,0.0,1.0,0.0,0.0,0.0,0.0,0.0,0.0,0.0,0.0,1039515,1.0,1.0,2.0,0.3333333333333333,0.3333333333333333,0.3333333333333333,0.6666666666666666,0.0,0.0,0.3333333333333333,0.0,0.0,0.5,0.0,0.0,0.0,0.2333333333333333,0.3333333333333333,4.5,0.492,0.5,2026,고척,0.9666905138306804,0.3153311674495773,-0.1693588096767286,66.9839425401571,0
2026-03-30,키움,김태진,0.0,1.0,3.0,3.0,1.0,0.0,0.0,1.0,0.0,0.0,0.0,0.0,0.0,0.0,0.0,0.0,1039515,1.0,1.0,2.0,0.3333333333333333,0.3333333333333333,0.3333333333333333,0.6666666666666666,0.0,0.0,0.3333333333333333,0.0,0.0,0.5,0.0,0.0,0.0,0.2333333333333333,0.3333333333333333,4.5,0.492,0.5,2026,고척,0.9666905138306804,0.3153311674495773,-0.1693588096767286,66.9839425401571,0
2026-03-31,키움,김태진,0.0,1.0,4.0,4.0,1.0,0.0,0.0,2.0,0.0,0.0,0.0,0.0,0.0,0.0,0.0,0.0,1039515,1.0,1.0,3.0,0.25,0.25,0.25,0.5,0.0,0.0,0.5,0.0,0.0,0.5,0.0,0.0,0.0,0.175,0.25,2.25,0.3939999999999999,0.3333333333333333,2026,고척,0.9666905138306804,0.2373459769096449,-0.4699066086611633,23.12932067922261,0
2026-04-01,키움,김태진,0.0,1.0,4.0,4.0,1.0,0.0,0.0,2.0,0.0,0.0,0.0,0.0,0.0,0.0,0.0,0.0,1039515,1.0,1.0,3.0,0.25,0.25,0.25,0.5,0.0,0.0,0.5,0.0,0.0,0.5,0.0,0.0,0.0,0.175,0.25,2.25,0.3939999999999999,0.3333333333333333,2026,고척,0.9666905138306804,0.2372461237251396,-0.49834693877551,21.452740485430365,0
2026-04-02,키움,김태진,0.0,1.0,4.0,4.0,1.0,0.0,0.0,2.0,0.0,0.0,0.0,0.0,0.0,0.0,0.0,0.0,1039515,1.0,1.0,3.0,0.25,0.25,0.25,0.5,0.0,0.0,0.5,0.0,0.0,0.5,0.0,0.0,0.0,0.175,0.25,2.25,0.3939999999999999,0.3333333333333333,2026,고척,0.9666905138306804,0.2371144105878649,-0.4683221805237452,25.50240675745702,0
2026-04-03,키움,김태진,0.0,1.0,5.0,5.0,1.0,0.0,0.0,3.0,0.0,0.0,0.0,0.0,0.0,0.0,0.0,0.0,1039515,1.0,1.0,4.0,0.2,0.2,0.2,0.4,0.0,0.0,0.6,0.0,0.0,0.5,0.0,0.0,0.0,0.14,0.2,1.35,0.2959999999999999,0.25,2026,고척,0.9666905138306804,0.1900182720666166,-0.7971797547177923,-4.954454777336926,0
2026-04-04,키움,김태진,0.0,1.0,5.0,5.0,1.0,0.0,0.0,3.0,0.0,0.0,0.0,0.0,0.0,0.0,0.0,0.0,1039515,1.0,1.0,4.0,0.2,0.2,0.2,0.4,0.0,0.0,0.6,0.0,0.0,0.5,0.0,0.0,0.0,0.14,0.2,1.35,0.2959999999999999,0.25,2026,고척,0.9666905138306804,0.1898536249840502,-0.7981378459319082,-6.774067557579377,0
2026-04-05,키움,김태진,0.0,1.0,6.0,6.0,1.0,0.0,0.0,3.0,0.0,0.0,0.0,0.0,0.0,0.0,0.0,0.0,1039515,1.0,1.0,5.0,0.1666666666666666,0.1666666666666666,0.1666666666666666,0.3333333333333333,0.0,0.0,0.5,0.0,0.0,0.3333333333333333,0.0,0.0,0.0,0.1166666666666666,0.1666666666666666,0.9,0.3859999999999999,0.2,2026,고척,0.9666905138306804,0.1581635456796266,-1.0642723421939384,-25.27845858832224,0
2026-04-06,키움,김태진,0.0,1.0,6.0,6.0,1.0,0.0,0.0,3.0,0.0,0.0,0.0,0.0,0.0,0.0,0.0,0.0,1039515,1.0,1.0,5.0,0.1666666666666666,0.1666666666666666,0.1666666666666666,0.3333333333333333,0.0,0.0,0.5,0.0,0.0,0.3333333333333333,0.0,0.0,0.0,0.1166666666666666,0.1666666666666666,0.9,0.3859999999999999,0.2,2026,고척,0.9666905138306804,0.1581635456796266,-1.0642723421939384,-25.27845858832224,0
2026-04-07,키움,김태진,0.0,1.0,6.0,6.0,1.0,0.0,0.0,3.0,0.0,0.0,0.0,0.0,0.0,0.0,0.0,0.0,1039515,1.0,1.0,5.0,0.1666666666666666,0.1666666666666666,0.1666666666666666,0.3333333333333333,0.0,0.0,0.5,0.0,0.0,0.3333333333333333,0.0,0.0,0.0,0.1166666666666666,0.1666666666666666,0.9,0.3859999999999999,0.2,2026,고척,0.9666905138306804,0.15861481898827,-1.0136267730261908,-23.045532622891475,0
2026-04-08,키움,김태진,0.0,1.0,6.0,6.0,1.0,0.0,0.0,3.0,0.0,0.0,0.0,0.0,0.0,0.0,0.0,0.0,1039515,1.0,1.0,5.0,0.1666666666666666,0.1666666666666666,0.1666666666666666,0.3333333333333333,0.0,0.0,0.5,0.0,0.0,0.3333333333333333,0.0,0.0,0.0,0.1166666666666666,0.1666666666666666,0.9,0.3859999999999999,0.2,2026,고척,0.9666905138306804,0.1582659554517526,-1.0237996166240086,-24.518537821776988,0
2026-04-09,키움,김태진,0.0,1.0,6.0,6.0,1.0,0.0,0.0,3.0,0.0,0.0,0.0,0.0,0.0,0.0,0.0,0.0,1039515,1.0,1.0,5.0,0.1666666666666666,0.1666666666666666,0.1666666666666666,0.3333333333333333,0.0,0.0,0.5,0.0,0.0,0.3333333333333333,0.0,0.0,0.0,0.1166666666666666,0.1666666666666666,0.9,0.3859999999999999,0.2,2026,고척,0.9666905138306804,0.1582659554517526,-1.0237996166240086,-24.518537821776988,0
2026-04-10,키움,김태진,0.0,1.0,6.0,6.0,1.0,0.0,0.0,3.0,0.0,0.0,0.0,0.0,0.0,0.0,0.0,0.0,1039515,1.0,1.0,5.0,0.1666666666666666,0.1666666666666666,0.1666666666666666,0.3333333333333333,0.0,0.0,0.5,0.0,0.0,0.3333333333333333,0.0,0.0,0.0,0.1166666666666666,0.1666666666666666,0.9,0.3859999999999999,0.2,2026,고척,0.9666905138306804,0.1578457624710076,-1.0210974681327978,-24.17838463237236,0
2026-04-11,키움,김태진,0.0,1.0,6.0,6.0,1.0,0.0,0.0,3.0,0.0,0.0,0.0,0.0,0.0,0.0,0.0,0.0,1039515,1.0,1.0,5.0,0.1666666666666666,0.1666666666666666,0.1666666666666666,0.3333333333333333,0.0,0.0,0.5,0.0,0.0,0.3333333333333333,0.0,0.0,0.0,0.1166666666666666,0.1666666666666666,0.9,0.3859999999999999,0.2,2026,고척,0.9666905138306804,0.1578982787506413,-0.9946743097081434,-22.81654847365809,0
2026-04-12,키움,김태진,0.0,1.0,6.0,6.0,1.0,0.0,0.0,3.0,0.0,0.0,0.0,0.0,0.0,0.0,0.0,0.0,1039515,1.0,1.0,5.0,0.1666666666666666,0.1666666666666666,0.1666666666666666,0.3333333333333333,0.0,0.0,0.5,0.0,0.0,0.3333333333333333,0.0,0.0,0.0,0.1166666666666666,0.1666666666666666,0.9,0.3859999999999999,0.2,2026,고척,0.9666905138306804,0.1577739818276655,-0.9755460862274382,-21.67130855193768,0
2026-03-31,NC,이우성,0.0,0.0,3.0,3.0,0.0,0.0,0.0,1.0,0.0,0.0,0.0,0.0,0.0,0.0,0.0,0.0,1116690,0.0,0.0,3.0,0.0,0.0,0.0,0.0,0.0,0.0,0.3333333333333333,0.0,0.0,0.0,0.0,0.0,0.0,0.0,0.0,0.0,0.0819999999999999,0.0,2026,창원,1.0100284809306723,0.0,-0.9916222949356732,-126.66392169734743,0
2026-04-01,NC,이우성,0.0,1.0,7.0,6.0,2.0,1.0,0.0,1.0,0.0,0.0,0.0,0.0,0.0,0.0,0.0,0.0,1116690,2.0,2.0,4.0,0.3333333333333333,0.4285714285714285,0.3333333333333333,0.7619047619047619,0.0952380952380952,0.0,0.1428571428571428,0.1428571428571428,1.0,0.4,0.1666666666666666,0.0,0.0,0.2761904761904761,0.75,5.0625,1.512,0.75,2026,창원,1.0100284809306723,0.3827560720516028,0.0695448361162653,105.52640305759267,0
2026-04-02,NC,이우성,0.0,1.0,10.0,9.0,3.0,1.0,0.0,1.0,0.0,0.0,0.0,0.0,0.0,0.0,0.0,0.0,1116690,3.0,3.0,6.0,0.3333333333333333,0.4,0.3333333333333333,0.7333333333333334,0.0666666666666667,0.0,0.1,0.1,1.0,0.375,0.1111111111111111,0.0,0.0,0.2633333333333333,1.0909090909090908,4.909090909090909,2.192,0.6666666666666666,2026,창원,1.0100284809306723,0.3623050056816049,-0.034578492784017,96.69856876481572,0
2026-04-03,NC,이우성,0.0,1.0,12.0,11.0,3.0,1.0,0.0,3.0,0.0,0.0,0.0,0.0,0.0,0.0,0.0,0.0,1116690,3.0,3.0,8.0,0.2727272727272727,0.3333333333333333,0.2727272727272727,0.606060606060606,0.0606060606060606,0.0,0.25,0.0833333333333333,0.3333333333333333,0.375,0.0909090909090909,0.0,0.0,0.2181818181818181,0.9230769230769232,3.1153846153846154,1.996,0.5,2026,창원,1.0100284809306723,0.302304624680851,-0.7039633771835575,59.15411053620127,0
2026-04-04,NC,이우성,0.0,1.0,15.0,14.0,3.0,1.0,0.0,4.0,0.0,0.0,0.0,0.0,0.0,0.0,0.0,0.0,1116690,3.0,3.0,11.0,0.2142857142857142,0.2666666666666666,0.2142857142857142,0.4809523809523809,0.0523809523809523,0.0,0.2666666666666666,0.0666666666666666,0.25,0.3,0.0714285714285714,0.0,0.0,0.1735714285714285,0.75,1.8409090909090908,2.0780000000000003,0.3636363636363636,2026,창원,1.0100284809306723,0.2415787802451518,-1.700830090728124,20.78596503646648,0
2026-04-05,NC,이우성,0.0,1.0,18.0,17.0,3.0,1.0,0.0,6.0,0.0,0.0,0.0,0.0,0.0,0.0,0.0,0.0,1116690,3.0,3.0,14.0,0.1764705882352941,0.2222222222222222,0.1764705882352941,0.3986928104575163,0.045751633986928,0.0,0.3333333333333333,0.0555555555555555,0.1666666666666666,0.2727272727272727,0.0588235294117647,0.0,0.0,0.1441176470588235,0.631578947368421,1.2180451127819547,1.972,0.2857142857142857,2026,창원,1.0100284809306723,0.2009247585998795,-2.527354310720347,-2.806846566281518,0
2026-04-06,NC,이우성,0.0,1.0,18.0,17.0,3.0,1.0,0.0,6.0,0.0,0.0,0.0,0.0,0.0,0.0,0.0,0.0,1116690,3.0,3.0,14.0,0.1764705882352941,0.2222222222222222,0.1764705882352941,0.3986928104575163,0.045751633986928,0.0,0.3333333333333333,0.0555555555555555,0.1666666666666666,0.2727272727272727,0.0588235294117647,0.0,0.0,0.1441176470588235,0.631578947368421,1.2180451127819547,1.972,0.2857142857142857,2026,창원,1.0100284809306723,0.2009247585998795,-2.527354310720347,-2.806846566281518,0
2026-04-07,NC,이우성,0.0,1.0,20.0,19.0,3.0,1.0,0.0,6.0,0.0,0.0,0.0,0.0,0.0,0.0,0.0,0.0,1116690,3.0,3.0,16.0,0.1578947368421052,0.2,0.1578947368421052,0.3578947368421052,0.0421052631578947,0.0,0.3,0.05,0.1666666666666666,0.2307692307692307,0.0526315789473684,0.0,0.0,0.1294736842105263,0.5714285714285714,0.9642857142857142,2.152,0.25,2026,창원,1.0100284809306723,0.1811391872332161,-2.9992113309217485,-13.183125266952976,0
2026-04-08,NC,이우성,0.0,2.0,24.0,23.0,4.0,1.0,0.0,7.0,0.0,0.0,0.0,0.0,0.0,0.0,0.0,0.0,1116690,4.0,4.0,19.0,0.1739130434782608,0.2083333333333333,0.1739130434782608,0.3822463768115942,0.0344202898550724,0.0,0.2916666666666667,0.0416666666666666,0.1428571428571428,0.25,0.0434782608695652,0.0,0.0,0.1372282608695652,0.8,1.136842105263158,2.734,0.2631578947368421,2026,창원,1.0100284809306723,0.1902018527618592,-3.44648544748643,-8.599927473847636,0
2026-04-09,NC,이우성,0.0,2.0,24.0,23.0,4.0,1.0,0.0,7.0,0.0,0.0,0.0,0.0,0.0,0.0,0.0,0.0,1116690,4.0,4.0,19.0,0.1739130434782608,0.2083333333333333,0.1739130434782608,0.3822463768115942,0.0344202898550724,0.0,0.2916666666666667,0.0416666666666666,0.1428571428571428,0.25,0.0434782608695652,0.0,0.0,0.1372282608695652,0.8,1.136842105263158,2.734,0.2631578947368421,2026,창원,1.0100284809306723,0.1902018527618592,-3.44648544748643,-8.599927473847636,0
2026-04-10,NC,이우성,1.0,3.0,28.0,27.0,5.0,1.0,0.0,7.0,0.0,0.0,1.0,0.0,0.0,0.0,0.0,0.0,1116690,4.0,8.0,22.0,0.1851851851851851,0.2142857142857142,0.2962962962962963,0.5105820105820106,0.0291005291005291,0.1111111111111111,0.25,0.0357142857142857,0.1428571428571428,0.2105263157894736,0.1481481481481481,28.0,27.0,0.1705026455026455,1.6551724137931034,2.031347962382445,4.444,0.4090909090909091,2026,창원,1.0100284809306723,0.2343961300428535,-2.9486255275843787,20.09522388523772,0
2026-04-11,NC,이우성,1.0,3.0,32.0,31.0,5.0,1.0,0.0,9.0,0.0,0.0,1.0,0.0,0.0,0.0,0.0,0.0,1116690,4.0,8.0,26.0,0.1612903225806451,0.1875,0.2580645161290322,0.4455645161290322,0.0262096774193548,0.0967741935483871,0.28125,0.03125,0.1111111111111111,0.1904761904761904,0.1290322580645161,32.0,31.0,0.148891129032258,1.4545454545454546,1.5104895104895104,4.428,0.3461538461538461,2026,창원,1.0100284809306723,0.2056782140015155,-4.026206659858905,3.2567884620457344,0
2026-04-12,NC,이우성,2.0,4.0,36.0,34.0,7.0,2.0,0.0,9.0,1.0,0.0,2.0,0.0,0.0,0.0,0.0,0.0,1116690,4.0,14.0,27.0,0.2058823529411764,0.25,0.4117647058823529,0.6617647058823529,0.0441176470588235,0.2058823529411764,0.25,0.0555555555555555,0.2222222222222222,0.217391304347826,0.2647058823529412,18.0,17.0,0.2154411764705882,3.3157894736842106,3.3157894736842106,7.018,0.5925925925925926,2026,창원,1.0100284809306723,0.2971094299904582,-1.690657463435437,62.891562430360935,0
2026-03-28,두산,박찬호,0.0,0.0,4.0,4.0,0.0,0.0,0.0,0.0,0.0,0.0,0.0,0.0,0.0,0.0,0.0,0.0,1138034,0.0,0.0,4.0,0.0,0.0,0.0,0.0,0.0,0.0,0.0,0.0,0.0,0.0,0.0,0.0,0.0,0.0,0.0,0.0,0.36,0.0,2026,잠실,0.9512583942824044,0.0,-1.3490168721609344,-121.34559183676636,0
2026-03-29,두산,박찬호,0.0,1.0,9.0,8.0,2.0,1.0,0.0,0.0,0.0,0.0,0.0,0.0,0.0,0.0,0.0,0.0,1138034,2.0,2.0,6.0,0.25,0.3333333333333333,0.25,0.5833333333333333,0.0833333333333333,0.0,0.0,0.1111111111111111,0.0,0.25,0.125,0.0,0.0,0.2125,0.6,2.7,1.88,0.5,2026,잠실,0.9512583942824044,0.2969901967584585,-0.663076429030186,57.43869295652318,0
2026-03-30,두산,박찬호,0.0,1.0,9.0,8.0,2.0,1.0,0.0,0.0,0.0,0.0,0.0,0.0,0.0,0.0,0.0,0.0,1138034,2.0,2.0,6.0,0.25,0.3333333333333333,0.25,0.5833333333333333,0.0833333333333333,0.0,0.0,0.1111111111111111,0.0,0.25,0.125,0.0,0.0,0.2125,0.6,2.7,1.88,0.5,2026,잠실,0.9512583942824044,0.2969901967584585,-0.663076429030186,57.43869295652318,0
2026-03-31,두산,박찬호,2.0,1.0,15.0,12.0,3.0,2.0,0.0,1.0,1.0,0.0,0.0,1.0,0.0,0.0,0.0,0.0,1138034,2.0,4.0,10.0,0.25,0.3571428571428571,0.3333333333333333,0.6904761904761905,0.1071428571428571,0.0833333333333333,0.0666666666666666,0.1333333333333333,2.0,0.2727272727272727,0.25,0.0,0.0,0.244047619047619,0.9411764705882352,2.541176470588235,3.0620000000000003,0.6,2026,잠실,0.9512583942824044,0.3382699919719413,-0.4031662001083607,86.5246502749358,0
2026-04-01,두산,박찬호,3.0,1.0,19.0,16.0,4.0,2.0,0.0,3.0,1.0,0.0,0.0,1.0,0.0,0.0,0.0,0.0,1138034,3.0,5.0,13.0,0.25,0.3333333333333333,0.3125,0.6458333333333333,0.0833333333333333,0.0625,0.1578947368421052,0.1052631578947368,0.6666666666666666,0.3076923076923077,0.1875,0.0,0.0,0.228125,1.1904761904761905,2.4725274725274726,3.456,0.5384615384615384,2026,잠실,0.9512583942824044,0.3157272295534462,-0.9886110080395788,70.67870710915771,0
2026-04-02,두산,박찬호,3.0,1.0,23.0,20.0,4.0,2.0,0.0,3.0,1.0,0.0,0.0,1.0,0.0,0.0,0.0,0.0,1138034,3.0,5.0,17.0,0.2,0.2727272727272727,0.25,0.5227272727272727,0.0727272727272727,0.0499999999999999,0.1304347826086956,0.0869565217391304,0.6666666666666666,0.2352941176470588,0.15,0.0,0.0,0.1852272727272727,1.0,1.588235294117647,3.816,0.4117647058823529,2026,잠실,0.9512583942824044,0.2581694434782873,-2.253334052464824,39.748535922762265,0
2026-04-03,두산,박찬호,3.0,1.0,28.0,25.0,4.0,2.0,0.0,4.0,1.0,0.0,0.0,1.0,0.0,2.0,0.0,0.0,1138034,3.0,5.0,24.0,0.16,0.2222222222222222,0.2,0.4222222222222222,0.0622222222222222,0.04,0.1428571428571428,0.0714285714285714,0.5,0.1904761904761904,0.12,0.0,0.0,0.15,0.5,0.5625,3.337999999999999,0.2916666666666667,2026,잠실,0.9512583942824044,0.2107187253663431,-3.9440283168470063,9.2063895593943,0
2026-04-04,두산,박찬호,3.0,2.0,32.0,29.0,6.0,2.0,0.0,4.0,2.0,0.0,0.0,1.0,0.0,2.0,0.0,0.0,1138034,4.0,8.0,26.0,0.2068965517241379,0.2580645161290322,0.2758620689655172,0.5339265850945495,0.0511679644048943,0.0689655172413793,0.125,0.0625,0.5,0.24,0.1379310344827586,0.0,0.0,0.1850945494994438,1.1764705882352942,1.2217194570135748,4.738,0.3846153846153846,2026,잠실,0.9512583942824044,0.2554372124333388,-3.2320045832837674,35.20810939785275,0
2026-04-05,두산,박찬호,3.0,5.0,36.0,32.0,8.0,3.0,0.0,5.0,2.0,0.0,0.0,1.0,0.0,2.0,0.0,0.0,1138034,6.0,10.0,27.0,0.25,0.3142857142857143,0.3125,0.6267857142857143,0.0642857142857142,0.0625,0.1388888888888889,0.0833333333333333,0.6,0.2962962962962963,0.15625,0.0,0.0,0.2195535714285714,2.051282051282051,2.051282051282051,5.979999999999999,0.4814814814814814,2026,잠실,0.9512583942824044,0.3027125892915876,-1.8866036202998289,66.87715491531436,0
2026-04-06,두산,박찬호,3.0,5.0,36.0,32.0,8.0,3.0,0.0,5.0,2.0,0.0,0.0,1.0,0.0,2.0,0.0,0.0,1138034,6.0,10.0,27.0,0.25,0.3142857142857143,0.3125,0.6267857142857143,0.0642857142857142,0.0625,0.1388888888888889,0.0833333333333333,0.6,0.2962962962962963,0.15625,0.0,0.0,0.2195535714285714,2.051282051282051,2.051282051282051,5.979999999999999,0.4814814814814814,2026,잠실,0.9512583942824044,0.3027125892915876,-1.8866036202998289,66.87715491531436,0
2026-04-07,두산,박찬호,3.0,5.0,40.0,35.0,9.0,4.0,0.0,6.0,2.0,0.0,0.0,1.0,0.0,2.0,0.0,0.0,1138034,7.0,11.0,29.0,0.2571428571428571,0.3333333333333333,0.3142857142857143,0.6476190476190475,0.0761904761904762,0.0571428571428571,0.15,0.1,0.6666666666666666,0.3103448275862069,0.1714285714285714,0.0,0.0,0.2285714285714285,2.5,2.327586206896552,6.811999999999999,0.5172413793103449,2026,잠실,0.9512583942824044,0.3166209633328539,-1.432578849031871,78.08260195417269,0
2026-04-08,두산,박찬호,3.0,7.0,45.0,38.0,10.0,6.0,0.0,6.0,2.0,0.0,0.0,1.0,0.0,2.0,0.0,0.0,1138034,8.0,12.0,31.0,0.2631578947368421,0.3636363636363636,0.3157894736842105,0.6794258373205742,0.1004784688995215,0.0526315789473684,0.1333333333333333,0.1333333333333333,1.0,0.3125,0.2105263157894736,0.0,0.0,0.2425837320574162,3.0588235294117645,2.664136622390892,8.171999999999999,0.5806451612903226,2026,잠실,0.9512583942824044,0.3364462070415914,-0.8921771834585688,90.01911890600331,0
2026-04-09,두산,박찬호,3.0,7.0,45.0,38.0,10.0,6.0,0.0,6.0,2.0,0.0,0.0,1.0,0.0,2.0,0.0,0.0,1138034,8.0,12.0,31.0,0.2631578947368421,0.3636363636363636,0.3157894736842105,0.6794258373205742,0.1004784688995215,0.0526315789473684,0.1333333333333333,0.1333333333333333,1.0,0.3125,0.2105263157894736,0.0,0.0,0.2425837320574162,3.0588235294117645,2.664136622390892,8.171999999999999,0.5806451612903226,2026,잠실,0.9512583942824044,0.3364462070415914,-0.8921771834585688,90.01911890600331,0
2026-04-10,두산,박찬호,3.0,10.0,51.0,42.0,11.0,8.0,0.0,8.0,3.0,0.0,0.0,1.0,0.0,3.0,0.0,1.0,1138034,8.0,14.0,35.0,0.2619047619047619,0.38,0.3333333333333333,0.7133333333333334,0.118095238095238,0.0714285714285714,0.1568627450980392,0.1568627450980392,1.0,0.3235294117647059,0.2619047619047619,0.0,0.0,0.2543333333333333,3.559322033898305,2.7457627118644066,9.006,0.6285714285714286,2026,잠실,0.9512583942824044,0.3434499580802395,-0.657246474021609,95.21845277311154,0
2026-04-11,두산,박찬호,4.0,10.0,53.0,44.0,12.0,8.0,0.0,8.0,4.0,0.0,0.0,1.0,0.0,3.0,0.0,1.0,1138034,8.0,16.0,36.0,0.2727272727272727,0.3846153846153846,0.3636363636363636,0.7482517482517483,0.1118881118881119,0.0909090909090909,0.1509433962264151,0.1509433962264151,1.0,0.3333333333333333,0.2727272727272727,0.0,0.0,0.263986013986014,4.19672131147541,3.1475409836065578,9.816,0.6666666666666666,2026,잠실,0.9512583942824044,0.3556452602844778,-0.0209920232288843,104.57277155900996,0
2026-04-12,두산,박찬호,4.0,11.0,57.0,48.0,13.0,8.0,0.0,10.0,4.0,0.0,0.0,1.0,0.0,3.0,0.0,1.0,1138034,9.0,17.0,39.0,0.2708333333333333,0.375,0.3541666666666667,0.7291666666666667,0.1041666666666666,0.0833333333333333,0.175438596491228,0.1403508771929824,0.8,0.3421052631578947,0.25,0.0,0.0,0.2572916666666667,4.446153846153846,3.07810650887574,10.21,0.6410256410256411,2026,잠실,0.9512583942824044,0.3467537479880727,-0.3286101411679996,100.44187819711424,0
2026-03-28,KIA,김호령,0.0,1.0,5.0,4.0,0.0,1.0,0.0,1.0,0.0,0.0,0.0,0.0,0.0,0.0,0.0,0.0,1146368,0.0,0.0,4.0,0.0,0.2,0.0,0.2,0.2,0.0,0.2,0.2,1.0,0.0,0.25,0.0,0.0,0.09,0.0,0.0,0.5120000000000001,0.25,2026,광주,0.9987402594586288,0.160463742943393,-0.9735096257841228,-30.474086512594425,0
2026-03-29,KIA,김호령,0.0,2.0,10.0,8.0,0.0,2.0,0.0,3.0,0.0,0.0,0.0,0.0,0.0,0.0,0.0,0.0,1146368,0.0,0.0,8.0,0.0,0.2,0.0,0.2,0.2,0.0,0.3,0.2,0.6666666666666666,0.0,0.25,0.0,0.0,0.09,0.0,0.0,0.8359999999999999,0.25,2026,광주,0.9987402594586288,0.1561849532257324,-2.058916720188396,-32.43658708414652,0
2026-03-30,KIA,김호령,0.0,2.0,10.0,8.0,0.0,2.0,0.0,3.0,0.0,0.0,0.0,0.0,0.0,0.0,0.0,0.0,1146368,0.0,0.0,8.0,0.0,0.2,0.0,0.2,0.2,0.0,0.3,0.2,0.6666666666666666,0.0,0.25,0.0,0.0,0.09,0.0,0.0,0.8359999999999999,0.25,2026,광주,0.9987402594586288,0.1561849532257324,-2.058916720188396,-32.43658708414652,0
2026-03-31,KIA,김호령,1.0,3.0,15.0,12.0,1.0,3.0,0.0,4.0,0.0,0.0,0.0,0.0,0.0,0.0,0.0,0.0,1146368,1.0,1.0,11.0,0.0833333333333333,0.2666666666666666,0.0833333333333333,0.35,0.1833333333333333,0.0,0.2666666666666666,0.2,0.75,0.125,0.25,0.0,0.0,0.1408333333333333,0.2222222222222222,0.5454545454545454,1.758,0.3636363636363636,2026,광주,0.9987402594586288,0.2186361252212193,-2.014085669666096,8.457858710415378,0
2026-04-01,KIA,김호령,1.0,3.0,19.0,16.0,4.0,3.0,0.0,4.0,2.0,0.0,0.0,0.0,0.0,0.0,0.0,0.0,1146368,2.0,6.0,12.0,0.25,0.3684210526315789,0.375,0.743421052631579,0.1184210526315789,0.125,0.2105263157894736,0.1578947368421052,0.75,0.3333333333333333,0.3125,0.0,0.0,0.2595394736842105,1.9090909090909087,4.295454545454546,3.788,0.75,2026,광주,0.9987402594586288,0.3573115141979857,-0.2581743970315389,91.19587869091228,0
2026-04-02,KIA,김호령,1.0,3.0,23.0,20.0,4.0,3.0,0.0,4.0,2.0,0.0,0.0,0.0,0.0,0.0,0.0,0.0,1146368,2.0,6.0,16.0,0.2,0.3043478260869565,0.3,0.6043478260869566,0.1043478260869565,0.0999999999999999,0.1739130434782608,0.1304347826086956,0.75,0.25,0.25,0.0,0.0,0.2119565217391304,1.6153846153846154,2.7259615384615383,4.148,0.5625,2026,광주,0.9987402594586288,0.2951281658207449,-1.4818300725737472,57.29827658315119,0
2026-04-03,KIA,김호령,1.0,3.0,27.0,24.0,4.0,3.0,0.0,5.0,2.0,0.0,0.0,0.0,0.0,0.0,0.0,0.0,1146368,2.0,6.0,20.0,0.1666666666666666,0.2592592592592592,0.25,0.5092592592592593,0.0925925925925925,0.0833333333333333,0.1851851851851851,0.1111111111111111,0.6,0.2105263157894736,0.2083333333333333,0.0,0.0,0.1791666666666666,1.4,1.89,4.319999999999999,0.45,2026,광주,0.9987402594586288,0.2518912708621939,-2.805502641336934,29.554273923500297,0
2026-04-04,KIA,김호령,1.0,3.0,31.0,28.0,6.0,3.0,0.0,5.0,2.0,0.0,0.0,0.0,0.0,0.0,0.0,0.0,1146368,4.0,8.0,22.0,0.2142857142857142,0.2903225806451613,0.2857142857142857,0.5760368663594471,0.076036866359447,0.0714285714285714,0.1612903225806451,0.0967741935483871,0.6,0.2608695652173913,0.1785714285714285,0.0,0.0,0.202073732718894,2.117647058823529,2.598930481283422,5.5,0.5,2026,광주,0.9987402594586288,0.2804655133661299,-2.4374209929885486,45.89242093057471,0
2026-04-05,KIA,김호령,1.0,3.0,34.0,31.0,8.0,3.0,0.0,5.0,2.0,0.0,0.0,0.0,0.0,0.0,0.0,0.0,1146368,6.0,10.0,23.0,0.2580645161290322,0.3235294117647059,0.3225806451612903,0.6461100569259962,0.0654648956356736,0.064516129032258,0.1470588235294117,0.088235294117647,0.6,0.3076923076923077,0.1612903225806451,0.0,0.0,0.2262333965844402,2.972972972972973,3.490011750881316,6.589999999999999,0.5652173913043478,2026,광주,0.9987402594586288,0.3116159007413402,-1.520075454504488,67.71012211576699,0
2026-04-06,KIA,김호령,1.0,3.0,34.0,31.0,8.0,3.0,0.0,5.0,2.0,0.0,0.0,0.0,0.0,0.0,0.0,0.0,1146368,6.0,10.0,23.0,0.2580645161290322,0.3235294117647059,0.3225806451612903,0.6461100569259962,0.0654648956356736,0.064516129032258,0.1470588235294117,0.088235294117647,0.6,0.3076923076923077,0.1612903225806451,0.0,0.0,0.2262333965844402,2.972972972972973,3.490011750881316,6.589999999999999,0.5652173913043478,2026,광주,0.9987402594586288,0.3116159007413402,-1.520075454504488,67.71012211576699,0
2026-04-07,KIA,김호령,2.0,3.0,39.0,34.0,10.0,3.0,1.0,6.0,3.0,0.0,0.0,1.0,0.0,0.0,0.0,0.0,1146368,7.0,13.0,25.0,0.2941176470588235,0.3684210526315789,0.3823529411764705,0.7507739938080495,0.0743034055727553,0.088235294117647,0.1538461538461538,0.0769230769230769,0.5,0.3571428571428571,0.1764705882352941,0.0,0.0,0.2613777089783281,3.930232558139535,4.2446511627906975,8.091999999999999,0.68,2026,광주,0.9987402594586288,0.360148790509133,0.033485021533749,100.76825555235354,0
2026-04-08,KIA,김호령,3.0,4.0,45.0,39.0,12.0,3.0,1.0,6.0,4.0,0.0,0.0,2.0,0.0,0.0,0.0,0.0,1146368,8.0,16.0,29.0,0.3076923076923077,0.3720930232558139,0.4102564102564102,0.7823494335122242,0.0644007155635062,0.1025641025641025,0.1333333333333333,0.0666666666666666,0.5,0.3636363636363636,0.1794871794871795,0.0,0.0,0.2700059630292188,4.571428571428571,4.25615763546798,9.622000000000002,0.6896551724137931,2026,광주,0.9987402594586288,0.3699615313532172,0.3843150859319775,106.5249458280699,0
2026-04-09,KIA,김호령,3.0,4.0,45.0,39.0,12.0,3.0,1.0,6.0,4.0,0.0,0.0,2.0,0.0,0.0,0.0,0.0,1146368,8.0,16.0,29.0,0.3076923076923077,0.3720930232558139,0.4102564102564102,0.7823494335122242,0.0644007155635062,0.1025641025641025,0.1333333333333333,0.0666666666666666,0.5,0.3636363636363636,0.1794871794871795,0.0,0.0,0.2700059630292188,4.571428571428571,4.25615763546798,9.622000000000002,0.6896551724137931,2026,광주,0.9987402594586288,0.3699615313532172,0.3843150859319775,106.5249458280699,0
2026-04-10,KIA,김호령,4.0,4.0,50.0,44.0,12.0,3.0,1.0,8.0,4.0,0.0,0.0,2.0,0.0,1.0,0.0,0.0,1146368,8.0,16.0,35.0,0.2727272727272727,0.3333333333333333,0.3636363636363636,0.696969696969697,0.0606060606060606,0.0909090909090909,0.16,0.06,0.375,0.3333333333333333,0.1590909090909091,0.0,0.0,0.2409090909090909,3.851851851851852,2.9714285714285715,9.326,0.5714285714285714,2026,광주,0.9987402594586288,0.3305640601409951,-1.1903859175531193,82.28807088893377,0
2026-04-11,KIA,김호령,4.0,5.0,55.0,48.0,13.0,4.0,1.0,9.0,4.0,0.0,0.0,2.0,0.0,1.0,0.0,0.0,1146368,9.0,17.0,38.0,0.2708333333333333,0.3396226415094339,0.3541666666666667,0.6937893081761006,0.0687893081761006,0.0833333333333333,0.1636363636363636,0.0727272727272727,0.4444444444444444,0.3333333333333333,0.1666666666666666,0.0,0.0,0.2413718553459119,4.25,3.019736842105264,10.248,0.5789473684210527,2026,광주,0.9987402594586288,0.3319070788685533,-1.1137048089348185,84.71761490779461,0
2026-04-12,KIA,김호령,4.0,5.0,60.0,53.0,13.0,4.0,1.0,11.0,4.0,0.0,0.0,2.0,0.0,1.0,0.0,0.0,1146368,9.0,17.0,43.0,0.2452830188679245,0.3103448275862069,0.320754716981132,0.631099544567339,0.0650618087182823,0.0754716981132075,0.1833333333333333,0.0666666666666666,0.3636363636363636,0.3095238095238095,0.1509433962264151,0.0,0.0,0.2198438516590761,3.923076923076923,2.4633273703041145,10.322,0.5116279069767442,2026,광주,0.9987402594586288,0.3031353970480459,-2.5177214752913244,67.86497974775658,0
2026-04-12,삼성,이성규,0.0,1.0,3.0,3.0,1.0,0.0,0.0,1.0,0.0,0.0,0.0,0.0,0.0,0.0,0.0,0.0,1466914,1.0,1.0,2.0,0.3333333333333333,0.3333333333333333,0.3333333333333333,0.6666666666666666,0.0,0.0,0.3333333333333333,0.0,0.0,0.5,0.0,0.0,0.0,0.2333333333333333,0.3333333333333333,4.5,0.492,0.5,2026,대구,1.0406172533521605,0.315547963655331,-0.0949841586687016,71.59655591566964,0
2026-03-28,한화,심우준,3.0,3.0,5.0,4.0,2.0,1.0,0.0,1.0,0.0,0.0,1.0,0.0,0.0,0.0,0.0,0.0,1501462,1.0,5.0,2.0,0.5,0.6,1.25,1.85,0.0999999999999999,0.75,0.2,0.2,1.0,0.5,1.0,5.0,4.0,0.5825,2.5,33.75,2.272,3.0,2026,대전,1.019564452032887,0.7469300261272288,1.631506056673156,316.91636732271013,0
2026-03-29,한화,심우준,4.0,4.0,9.0,8.0,3.0,1.0,0.0,2.0,1.0,0.0,1.0,0.0,0.0,0.0,0.0,0.0,1501462,1.0,7.0,5.0,0.375,0.4444444444444444,0.875,1.3194444444444444,0.0694444444444444,0.5,0.2222222222222222,0.1111111111111111,0.5,0.4,0.625,9.0,8.0,0.4187499999999999,2.8,15.12,3.074,1.6,2026,대전,1.019564452032887,0.5398660372046905,1.389473346178548,197.44434033102283,0
2026-03-30,한화,심우준,4.0,4.0,9.0,8.0,3.0,1.0,0.0,2.0,1.0,0.0,1.0,0.0,0.0,0.0,0.0,0.0,1501462,1.0,7.0,5.0,0.375,0.4444444444444444,0.875,1.3194444444444444,0.0694444444444444,0.5,0.2222222222222222,0.1111111111111111,0.5,0.4,0.625,9.0,8.0,0.4187499999999999,2.8,15.12,3.074,1.6,2026,대전,1.019564452032887,0.5398660372046905,1.389473346178548,197.44434033102283,0
2026-03-31,한화,심우준,4.0,4.0,12.0,11.0,3.0,1.0,0.0,2.0,1.0,0.0,1.0,0.0,0.0,0.0,0.0,0.0,1501462,1.0,7.0,8.0,0.2727272727272727,0.3333333333333333,0.6363636363636364,0.9696969696969696,0.0606060606060606,0.3636363636363636,0.1666666666666666,0.0833333333333333,0.5,0.25,0.4545454545454545,12.0,11.0,0.3090909090909091,2.1538461538461537,7.269230769230769,3.344,1.0,2026,대전,1.019564452032887,0.4114532167524545,0.4658209389950675,124.54498929899826,0
2026-04-01,한화,심우준,9.0,5.0,17.0,15.0,5.0,2.0,0.0,3.0,1.0,0.0,2.0,0.0,0.0,0.0,0.0,0.0,1501462,2.0,12.0,10.0,0.3333333333333333,0.4117647058823529,0.8,1.211764705882353,0.0784313725490196,0.4666666666666667,0.1764705882352941,0.1176470588235294,0.6666666666666666,0.3,0.6,8.5,7.5,0.3852941176470588,4.421052631578948,11.93684210526316,5.616,1.4,2026,대전,1.019564452032887,0.5004023093757055,2.017850958565246,176.05111416994777,0
2026-04-02,한화,심우준,9.0,5.0,18.0,16.0,5.0,2.0,0.0,4.0,1.0,0.0,2.0,0.0,0.0,0.0,0.0,0.0,1501462,2.0,12.0,11.0,0.3125,0.3888888888888889,0.75,1.1388888888888888,0.0763888888888889,0.4375,0.2222222222222222,0.1111111111111111,0.5,0.3,0.5625,9.0,8.0,0.3625,4.2,10.30909090909091,5.517999999999999,1.2727272727272727,2026,대전,1.019564452032887,0.4749204018830255,1.77752925025525,163.68806450165053,0
2026-04-03,한화,심우준,9.0,6.0,22.0,20.0,6.0,2.0,0.0,5.0,2.0,0.0,2.0,0.0,0.0,0.0,0.0,0.0,1501462,2.0,14.0,14.0,0.3,0.3636363636363636,0.7,1.0636363636363635,0.0636363636363636,0.3999999999999999,0.2272727272727272,0.0909090909090909,0.4,0.3076923076923077,0.5,11.0,10.0,0.3386363636363636,4.666666666666667,9.000000000000002,6.319999999999999,1.1428571428571428,2026,대전,1.019564452032887,0.4490430230762561,1.6066160238027616,147.64257251784514,0
2026-04-04,한화,심우준,9.0,6.0,22.0,20.0,6.0,2.0,0.0,5.0,2.0,0.0,2.0,0.0,0.0,0.0,0.0,0.0,1501462,2.0,14.0,14.0,0.3,0.3636363636363636,0.7,1.0636363636363635,0.0636363636363636,0.3999999999999999,0.2272727272727272,0.0909090909090909,0.4,0.3076923076923077,0.5,11.0,10.0,0.3386363636363636,4.666666666666667,9.000000000000002,6.319999999999999,1.1428571428571428,2026,대전,1.019564452032887,0.4495036487223297,1.5946155104075692,148.03923806132957,0
2026-04-05,한화,심우준,9.0,6.0,22.0,20.0,6.0,2.0,0.0,5.0,2.0,0.0,2.0,0.0,0.0,0.0,0.0,0.0,1501462,2.0,14.0,14.0,0.3,0.3636363636363636,0.7,1.0636363636363635,0.0636363636363636,0.3999999999999999,0.2272727272727272,0.0909090909090909,0.4,0.3076923076923077,0.5,11.0,10.0,0.3386363636363636,4.666666666666667,9.000000000000002,6.319999999999999,1.1428571428571428,2026,대전,1.019564452032887,0.4542983798741846,1.730326101650786,155.07002478661326,0
2026-04-06,한화,심우준,9.0,6.0,22.0,20.0,6.0,2.0,0.0,5.0,2.0,0.0,2.0,0.0,0.0,0.0,0.0,0.0,1501462,2.0,14.0,14.0,0.3,0.3636363636363636,0.7,1.0636363636363635,0.0636363636363636,0.3999999999999999,0.2272727272727272,0.0909090909090909,0.4,0.3076923076923077,0.5,11.0,10.0,0.3386363636363636,4.666666666666667,9.000000000000002,6.319999999999999,1.1428571428571428,2026,대전,1.019564452032887,0.4542983798741846,1.730326101650786,155.07002478661326,0
2026-04-07,한화,심우준,9.0,6.0,26.0,24.0,8.0,2.0,0.0,6.0,2.0,0.0,2.0,0.0,0.0,0.0,0.0,0.0,1501462,4.0,16.0,16.0,0.3333333333333333,0.3846153846153846,0.6666666666666666,1.051282051282051,0.0512820512820513,0.3333333333333333,0.2307692307692307,0.0769230769230769,0.3333333333333333,0.375,0.4166666666666667,13.0,12.0,0.3397435897435897,5.714285714285714,9.642857142857142,7.312,1.125,2026,대전,1.019564452032887,0.4615130696012077,2.242760382888569,162.57166764607453,0
2026-04-08,한화,심우준,9.0,6.0,29.0,27.0,9.0,2.0,0.0,7.0,2.0,0.0,2.0,0.0,0.0,0.0,0.0,0.0,1501462,5.0,17.0,18.0,0.3333333333333333,0.3793103448275862,0.6296296296296297,1.0089399744572158,0.0459770114942528,0.2962962962962963,0.2413793103448276,0.0689655172413793,0.2857142857142857,0.3888888888888889,0.3703703703703703,14.5,13.5,0.3280970625798212,6.032258064516129,9.048387096774194,7.804,1.0555555555555556,2026,대전,1.019564452032887,0.4454128446118855,2.0996103107351827,152.29058589810967,0
2026-04-09,한화,심우준,9.0,6.0,29.0,27.0,9.0,2.0,0.0,7.0,2.0,0.0,2.0,0.0,0.0,0.0,0.0,0.0,1501462,5.0,17.0,18.0,0.3333333333333333,0.3793103448275862,0.6296296296296297,1.0089399744572158,0.0459770114942528,0.2962962962962963,0.2413793103448276,0.0689655172413793,0.2857142857142857,0.3888888888888889,0.3703703703703703,14.5,13.5,0.3280970625798212,6.032258064516129,9.048387096774194,7.804,1.0555555555555556,2026,대전,1.019564452032887,0.4454128446118855,2.0996103107351827,152.29058589810967,0
2026-04-10,한화,심우준,9.0,6.0,32.0,30.0,9.0,2.0,0.0,7.0,2.0,0.0,2.0,0.0,0.0,0.0,0.0,0.0,1501462,5.0,17.0,21.0,0.3,0.34375,0.5666666666666667,0.9104166666666668,0.04375,0.2666666666666666,0.21875,0.0625,0.2857142857142857,0.3333333333333333,0.3333333333333333,16.0,15.0,0.2963541666666667,5.5,7.071428571428571,8.074,0.9047619047619048,2026,대전,1.019564452032887,0.4027215796390877,1.1950172914417032,126.02371758881463,0
2026-04-11,한화,심우준,9.0,8.0,36.0,33.0,10.0,3.0,0.0,7.0,3.0,0.0,2.0,0.0,0.0,0.0,0.0,0.0,1501462,5.0,19.0,23.0,0.303030303030303,0.3611111111111111,0.5757575757575758,0.9368686868686869,0.058080808080808,0.2727272727272727,0.1944444444444444,0.0833333333333333,0.4285714285714285,0.3333333333333333,0.3636363636363636,18.0,16.5,0.3064393939393939,6.333333333333333,7.434782608695652,9.314,0.9565217391304348,2026,대전,1.019564452032887,0.4167107047357165,1.8243061553924151,136.60419271668118,0
2026-04-12,한화,심우준,9.0,10.0,40.0,37.0,12.0,3.0,0.0,8.0,3.0,0.0,2.0,0.0,0.0,0.0,0.0,0.0,1501462,7.0,21.0,25.0,0.3243243243243243,0.375,0.5675675675675675,0.9425675675675677,0.0506756756756756,0.2432432432432432,0.2,0.075,0.375,0.3703703703703703,0.3243243243243243,20.0,18.5,0.3106418918918919,7.325581395348837,7.911627906976744,10.305999999999996,0.96,2026,대전,1.019564452032887,0.4228010168125592,2.293726579826459,142.12978565567448,0
2026-04-07,삼성,김태훈,0.0,0.0,2.0,2.0,0.0,0.0,0.0,1.0,0.0,0.0,0.0,0.0,0.0,0.0,0.0,0.0,1501469,0.0,0.0,2.0,0.0,0.0,0.0,0.0,0.0,0.0,0.5,0.0,0.0,0.0,0.0,0.0,0.0,0.0,0.0,0.0,-0.008,0.0,2026,대구,1.0406172533521605,0.0,-0.605147880591508,-130.40675236297662,0
2026-04-08,삼성,김태훈,0.0,0.0,6.0,5.0,1.0,1.0,0.0,1.0,1.0,0.0,0.0,0.0,0.0,1.0,0.0,0.0,1501469,0.0,2.0,5.0,0.2,0.3333333333333333,0.4,0.7333333333333334,0.1333333333333333,0.2,0.1666666666666666,0.1666666666666666,1.0,0.25,0.4,0.0,0.0,0.25,0.2857142857142857,1.5428571428571427,0.862,0.6,2026,대구,1.0406172533521605,0.3450850921979715,-0.0750865976144041,86.56165175190678,0
2026-04-09,삼성,김태훈,0.0,0.0,6.0,5.0,1.0,1.0,0.0,1.0,1.0,0.0,0.0,0.0,0.0,1.0,0.0,0.0,1501469,0.0,2.0,5.0,0.2,0.3333333333333333,0.4,0.7333333333333334,0.1333333333333333,0.2,0.1666666666666666,0.1666666666666666,1.0,0.25,0.4,0.0,0.0,0.25,0.2857142857142857,1.5428571428571427,0.862,0.6,2026,대구,1.0406172533521605,0.3450850921979715,-0.0750865976144041,86.56165175190678,0
2026-04-10,삼성,김태훈,0.0,0.0,6.0,5.0,1.0,1.0,0.0,1.0,1.0,0.0,0.0,0.0,0.0,1.0,0.0,0.0,1501469,0.0,2.0,5.0,0.2,0.3333333333333333,0.4,0.7333333333333334,0.1333333333333333,0.2,0.1666666666666666,0.1666666666666666,1.0,0.25,0.4,0.0,0.0,0.25,0.2857142857142857,1.5428571428571427,0.862,0.6,2026,대구,1.0406172533521605,0.3442074601995634,-0.0734713101063743,86.76356014732684,0
2026-04-11,삼성,김태훈,0.0,0.0,6.0,5.0,1.0,1.0,0.0,1.0,1.0,0.0,0.0,0.0,0.0,1.0,0.0,0.0,1501469,0.0,2.0,5.0,0.2,0.3333333333333333,0.4,0.7333333333333334,0.1333333333333333,0.2,0.1666666666666666,0.1666666666666666,1.0,0.25,0.4,0.0,0.0,0.25,0.2857142857142857,1.5428571428571427,0.862,0.6,2026,대구,1.0406172533521605,0.344692430045649,-0.0573379515071632,88.66650841895361,0
2026-04-12,삼성,김태훈,0.0,0.0,6.0,5.0,1.0,1.0,0.0,1.0,1.0,0.0,0.0,0.0,0.0,1.0,0.0,0.0,1501469,0.0,2.0,5.0,0.2,0.3333333333333333,0.4,0.7333333333333334,0.1333333333333333,0.2,0.1666666666666666,0.1666666666666666,1.0,0.25,0.4,0.0,0.0,0.25,0.2857142857142857,1.5428571428571427,0.862,0.6,2026,대구,1.0406172533521605,0.3446694946748956,-0.0449683173374033,90.1762289268946,0
2026-03-29,KIA,이창진,0.0,0.0,2.0,2.0,0.0,0.0,0.0,1.0,0.0,0.0,0.0,0.0,0.0,1.0,0.0,0.0,1593128,0.0,0.0,3.0,0.0,0.0,0.0,0.0,0.0,0.0,0.5,0.0,0.0,0.0,0.0,0.0,0.0,0.0,-0.0,-0.0,-0.378,0.0,2026,광주,0.9987402594586288,0.0,-0.7050995504174694,-126.8618427533328,0
2026-03-30,KIA,이창진,0.0,0.0,2.0,2.0,0.0,0.0,0.0,1.0,0.0,0.0,0.0,0.0,0.0,1.0,0.0,0.0,1593128,0.0,0.0,3.0,0.0,0.0,0.0,0.0,0.0,0.0,0.5,0.0,0.0,0.0,0.0,0.0,0.0,0.0,-0.0,-0.0,-0.378,0.0,2026,광주,0.9987402594586288,0.0,-0.7050995504174694,-126.8618427533328,0
2026-03-31,KIA,이창진,0.0,0.0,2.0,2.0,0.0,0.0,0.0,1.0,0.0,0.0,0.0,0.0,0.0,1.0,0.0,0.0,1593128,0.0,0.0,3.0,0.0,0.0,0.0,0.0,0.0,0.0,0.5,0.0,0.0,0.0,0.0,0.0,0.0,0.0,-0.0,-0.0,-0.378,0.0,2026,광주,0.9987402594586288,0.0,-0.6610815299571154,-125.53509955014307,0
2026-04-01,KIA,이창진,0.0,0.0,2.0,2.0,0.0,0.0,0.0,1.0,0.0,0.0,0.0,0.0,0.0,1.0,0.0,0.0,1593128,0.0,0.0,3.0,0.0,0.0,0.0,0.0,0.0,0.0,0.5,0.0,0.0,0.0,0.0,0.0,0.0,0.0,-0.0,-0.0,-0.378,0.0,2026,광주,0.9987402594586288,0.0,-0.687834260977118,-125.89582882336336,0
2026-04-02,KIA,이창진,0.0,0.0,2.0,2.0,0.0,0.0,0.0,1.0,0.0,0.0,0.0,0.0,0.0,1.0,0.0,0.0,1593128,0.0,0.0,3.0,0.0,0.0,0.0,0.0,0.0,0.0,0.5,0.0,0.0,0.0,0.0,0.0,0.0,0.0,-0.0,-0.0,-0.378,0.0,2026,광주,0.9987402594586288,0.0,-0.6645700764369878,-120.75837506931045,0
2026-04-03,KIA,이창진,0.0,0.0,2.0,2.0,0.0,0.0,0.0,1.0,0.0,0.0,0.0,0.0,0.0,1.0,0.0,0.0,1593128,0.0,0.0,3.0,0.0,0.0,0.0,0.0,0.0,0.0,0.5,0.0,0.0,0.0,0.0,0.0,0.0,0.0,-0.0,-0.0,-0.378,0.0,2026,광주,0.9987402594586288,0.0,-0.659938910421903,-123.98204771790364,0
2026-04-04,KIA,이창진,0.0,0.0,2.0,2.0,0.0,0.0,0.0,1.0,0.0,0.0,0.0,0.0,0.0,1.0,0.0,0.0,1593128,0.0,0.0,3.0,0.0,0.0,0.0,0.0,0.0,0.0,0.5,0.0,0.0,0.0,0.0,0.0,0.0,0.0,-0.0,-0.0,-0.378,0.0,2026,광주,0.9987402594586288,0.0,-0.6586885171998035,-127.04314908012846,0
2026-04-05,KIA,이창진,0.0,0.0,2.0,2.0,0.0,0.0,0.0,1.0,0.0,0.0,0.0,0.0,0.0,1.0,0.0,0.0,1593128,0.0,0.0,3.0,0.0,0.0,0.0,0.0,0.0,0.0,0.5,0.0,0.0,0.0,0.0,0.0,0.0,0.0,-0.0,-0.0,-0.378,0.0,2026,광주,0.9987402594586288,0.0,-0.6282450193518022,-127.6302580168599,0
2026-04-06,KIA,이창진,0.0,0.0,2.0,2.0,0.0,0.0,0.0,1.0,0.0,0.0,0.0,0.0,0.0,1.0,0.0,0.0,1593128,0.0,0.0,3.0,0.0,0.0,0.0,0.0,0.0,0.0,0.5,0.0,0.0,0.0,0.0,0.0,0.0,0.0,-0.0,-0.0,-0.378,0.0,2026,광주,0.9987402594586288,0.0,-0.6282450193518022,-127.6302580168599,0
2026-04-07,KIA,이창진,0.0,0.0,2.0,2.0,0.0,0.0,0.0,1.0,0.0,0.0,0.0,0.0,0.0,1.0,0.0,0.0,1593128,0.0,0.0,3.0,0.0,0.0,0.0,0.0,0.0,0.0,0.5,0.0,0.0,0.0,0.0,0.0,0.0,0.0,-0.0,-0.0,-0.378,0.0,2026,광주,0.9987402594586288,0.0,-0.605147880591508,-126.21905297362346,0
2026-04-08,KIA,이창진,0.0,0.0,2.0,2.0,0.0,0.0,0.0,1.0,0.0,0.0,0.0,0.0,0.0,1.0,0.0,0.0,1593128,0.0,0.0,3.0,0.0,0.0,0.0,0.0,0.0,0.0,0.5,0.0,0.0,0.0,0.0,0.0,0.0,0.0,-0.0,-0.0,-0.378,0.0,2026,광주,0.9987402594586288,0.0,-0.6091708785445379,-128.08914551824674,0
2026-04-09,KIA,이창진,0.0,0.0,2.0,2.0,0.0,0.0,0.0,1.0,0.0,0.0,0.0,0.0,0.0,1.0,0.0,0.0,1593128,0.0,0.0,3.0,0.0,0.0,0.0,0.0,0.0,0.0,0.5,0.0,0.0,0.0,0.0,0.0,0.0,0.0,-0.0,-0.0,-0.378,0.0,2026,광주,0.9987402594586288,0.0,-0.6091708785445379,-128.08914551824674,0
2026-04-10,KIA,이창진,0.0,0.0,2.0,2.0,0.0,0.0,0.0,1.0,0.0,0.0,0.0,0.0,0.0,1.0,0.0,0.0,1593128,0.0,0.0,3.0,0.0,0.0,0.0,0.0,0.0,0.0,0.5,0.0,0.0,0.0,0.0,0.0,0.0,0.0,-0.0,-0.0,-0.378,0.0,2026,광주,0.9987402594586288,0.0,-0.6079078753864071,-127.611133185779,0
2026-04-11,KIA,이창진,0.0,0.0,2.0,2.0,0.0,0.0,0.0,1.0,0.0,0.0,0.0,0.0,0.0,1.0,0.0,0.0,1593128,0.0,0.0,3.0,0.0,0.0,0.0,0.0,0.0,0.0,0.5,0.0,0.0,0.0,0.0,0.0,0.0,0.0,-0.0,-0.0,-0.378,0.0,2026,광주,0.9987402594586288,0.0,-0.5956702226363746,-126.50793096454602,0
2026-04-12,KIA,이창진,0.0,0.0,2.0,2.0,0.0,0.0,0.0,1.0,0.0,0.0,0.0,0.0,0.0,1.0,0.0,0.0,1593128,0.0,0.0,3.0,0.0,0.0,0.0,0.0,0.0,0.0,0.5,0.0,0.0,0.0,0.0,0.0,0.0,0.0,-0.0,-0.0,-0.378,0.0,2026,광주,0.9987402594586288,0.0,-0.5870412850391576,-125.5368215344878,0
2026-03-28,LG,홍창기,0.0,1.0,6.0,3.0,1.0,3.0,0.0,2.0,0.0,0.0,0.0,0.0,0.0,0.0,0.0,0.0,1607303,1.0,1.0,2.0,0.3333333333333333,0.6666666666666666,0.3333333333333333,1.0,0.3333333333333333,0.0,0.3333333333333333,0.5,1.5,1.0,1.0,0.0,0.0,0.3833333333333333,0.4444444444444444,6.0,1.324,2.0,2026,잠실,0.9512583942824044,0.5639583903143915,0.982520549426779,214.71491943075333,0
2026-03-29,LG,홍창기,0.0,2.0,11.0,7.0,2.0,4.0,0.0,3.0,0.0,0.0,0.0,0.0,0.0,0.0,0.0,0.0,1607303,2.0,2.0,5.0,0.2857142857142857,0.5454545454545454,0.2857142857142857,0.8311688311688311,0.2597402597402597,0.0,0.2727272727272727,0.3636363636363636,1.3333333333333333,0.5,0.5714285714285714,0.0,0.0,0.3168831168831169,0.8,4.32,2.2460000000000004,1.2,2026,잠실,0.9512583942824044,0.4559714608374649,0.8316955684007711,153.55452356137113,0
2026-03-30,LG,홍창기,0.0,2.0,11.0,7.0,2.0,4.0,0.0,3.0,0.0,0.0,0.0,0.0,0.0,0.0,0.0,0.0,1607303,2.0,2.0,5.0,0.2857142857142857,0.5454545454545454,0.2857142857142857,0.8311688311688311,0.2597402597402597,0.0,0.2727272727272727,0.3636363636363636,1.3333333333333333,0.5,0.5714285714285714,0.0,0.0,0.3168831168831169,0.8,4.32,2.2460000000000004,1.2,2026,잠실,0.9512583942824044,0.4559714608374649,0.8316955684007711,153.55452356137113,0
2026-03-31,LG,홍창기,0.0,2.0,14.0,10.0,2.0,4.0,0.0,3.0,0.0,0.0,0.0,0.0,0.0,0.0,0.0,0.0,1607303,2.0,2.0,8.0,0.2,0.4285714285714285,0.2,0.6285714285714286,0.2285714285714285,0.0,0.2142857142857142,0.2857142857142857,1.3333333333333333,0.2857142857142857,0.4,0.0,0.0,0.2428571428571428,0.6666666666666666,2.25,2.5160000000000005,0.75,2026,잠실,0.9512583942824044,0.3575460792511981,-0.1340320021814025,98.33815984762396,0
2026-04-01,LG,홍창기,1.0,3.0,19.0,15.0,3.0,4.0,0.0,4.0,1.0,0.0,0.0,0.0,0.0,0.0,0.0,0.0,1607303,2.0,4.0,12.0,0.2,0.3684210526315789,0.2666666666666666,0.6350877192982456,0.1684210526315789,0.0666666666666666,0.2105263157894736,0.2105263157894736,1.0,0.2727272727272727,0.3333333333333333,0.0,0.0,0.2324561403508772,1.2173913043478262,2.739130434782609,3.408,0.6666666666666666,2026,잠실,0.9512583942824044,0.3314080350621936,-0.7131743970315391,80.20589195438765,0
2026-04-02,LG,홍창기,1.0,3.0,23.0,19.0,3.0,4.0,0.0,6.0,1.0,0.0,0.0,0.0,0.0,0.0,0.0,0.0,1607303,2.0,4.0,16.0,0.1578947368421052,0.3043478260869565,0.2105263157894736,0.5148741418764302,0.1464530892448513,0.0526315789473684,0.2608695652173913,0.1739130434782608,0.6666666666666666,0.2307692307692307,0.2631578947368421,0.0,0.0,0.1895881006864988,1.037037037037037,1.75,3.392,0.5,2026,잠실,0.9512583942824044,0.2733314945084435,-1.9368300725737464,48.89610078193305,0
2026-04-03,LG,홍창기,1.0,4.0,28.0,23.0,4.0,5.0,0.0,6.0,2.0,0.0,0.0,0.0,0.0,0.0,0.0,0.0,1607303,2.0,6.0,19.0,0.1739130434782608,0.3214285714285714,0.2608695652173913,0.5822981366459627,0.1475155279503106,0.0869565217391304,0.2142857142857142,0.1785714285714285,0.8333333333333334,0.2352941176470588,0.3043478260869565,0.0,0.0,0.2098602484472049,1.6363636363636365,2.325358851674641,4.722,0.5789473684210527,2026,잠실,0.9512583942824044,0.29842239798647,-1.7401370538739551,62.66476960743925,0
2026-04-04,LG,홍창기,2.0,4.0,33.0,27.0,6.0,6.0,0.0,6.0,2.0,0.0,0.0,0.0,0.0,0.0,0.0,0.0,1607303,4.0,8.0,21.0,0.2222222222222222,0.3636363636363636,0.2962962962962963,0.6599326599326599,0.1414141414141414,0.074074074074074,0.1818181818181818,0.1818181818181818,1.0,0.2857142857142857,0.2962962962962963,0.0,0.0,0.2377104377104377,2.4615384615384617,3.164835164835165,6.242,0.6666666666666666,2026,잠실,0.9512583942824044,0.3340019060939271,-1.0153591689855506,83.65124922579173,0
2026-04-05,LG,홍창기,2.0,5.0,39.0,31.0,7.0,8.0,0.0,7.0,2.0,0.0,0.0,0.0,0.0,0.0,0.0,0.0,1607303,5.0,9.0,24.0,0.2258064516129032,0.3846153846153846,0.2903225806451613,0.674937965260546,0.1588089330024814,0.064516129032258,0.1794871794871795,0.2051282051282051,1.1428571428571428,0.2916666666666667,0.3225806451612903,0.0,0.0,0.2456575682382134,2.872340425531915,3.2313829787234045,7.504,0.7083333333333334,2026,잠실,0.9512583942824044,0.3460120131782198,-0.5838371394381215,94.0199480186715,0
2026-04-06,LG,홍창기,2.0,5.0,39.0,31.0,7.0,8.0,0.0,7.0,2.0,0.0,0.0,0.0,0.0,0.0,0.0,0.0,1607303,5.0,9.0,24.0,0.2258064516129032,0.3846153846153846,0.2903225806451613,0.674937965260546,0.1588089330024814,0.064516129032258,0.1794871794871795,0.2051282051282051,1.1428571428571428,0.2916666666666667,0.3225806451612903,0.0,0.0,0.2456575682382134,2.872340425531915,3.2313829787234045,7.504,0.7083333333333334,2026,잠실,0.9512583942824044,0.3460120131782198,-0.5838371394381215,94.0199480186715,0
2026-04-07,LG,홍창기,2.0,5.0,44.0,35.0,7.0,9.0,0.0,9.0,2.0,0.0,0.0,0.0,0.0,0.0,0.0,0.0,1607303,5.0,9.0,28.0,0.2,0.3636363636363636,0.2571428571428571,0.6207792207792208,0.1636363636363636,0.0571428571428571,0.2045454545454545,0.2045454545454545,1.0,0.2692307692307692,0.3142857142857143,0.0,0.0,0.2279220779220779,2.7169811320754715,2.6199460916442048,7.828000000000001,0.6428571428571429,2026,잠실,0.9512583942824044,0.3246232899204403,-1.279183473039845,83.12614679433246,0
2026-04-08,LG,홍창기,2.0,5.0,49.0,39.0,7.0,10.0,0.0,10.0,2.0,0.0,0.0,0.0,0.0,0.0,0.0,0.0,1607303,5.0,9.0,32.0,0.1794871794871795,0.3469387755102041,0.2307692307692307,0.5777080062794349,0.1674515960230246,0.0512820512820512,0.2040816326530612,0.2040816326530612,1.0,0.2413793103448276,0.3076923076923077,0.0,0.0,0.2138147566718995,2.593220338983051,2.1880296610169494,8.34,0.59375,2026,잠실,0.9512583942824044,0.3065447357850757,-2.2115652011778955,71.05685955134726,0
2026-04-09,LG,홍창기,2.0,5.0,49.0,39.0,7.0,10.0,0.0,10.0,2.0,0.0,0.0,0.0,0.0,0.0,0.0,0.0,1607303,5.0,9.0,32.0,0.1794871794871795,0.3469387755102041,0.2307692307692307,0.5777080062794349,0.1674515960230246,0.0512820512820512,0.2040816326530612,0.2040816326530612,1.0,0.2413793103448276,0.3076923076923077,0.0,0.0,0.2138147566718995,2.593220338983051,2.1880296610169494,8.34,0.59375,2026,잠실,0.9512583942824044,0.3065447357850757,-2.2115652011778955,71.05685955134726,0
2026-04-10,LG,홍창기,2.0,5.0,54.0,43.0,7.0,10.0,1.0,12.0,2.0,0.0,0.0,0.0,0.0,0.0,0.0,0.0,1607303,5.0,9.0,36.0,0.1627906976744186,0.3333333333333333,0.2093023255813953,0.5426356589147286,0.1705426356589147,0.0465116279069767,0.2222222222222222,0.1851851851851851,0.8333333333333334,0.2258064516129032,0.2790697674418604,0.0,0.0,0.2023255813953488,2.4923076923076923,1.869230769230769,8.664,0.5555555555555556,2026,잠실,0.9512583942824044,0.2920921302461134,-3.046241790957367,62.60762635480332,0
2026-04-11,LG,홍창기,2.0,5.0,55.0,44.0,7.0,10.0,1.0,12.0,2.0,0.0,0.0,0.0,0.0,0.0,0.0,0.0,1607303,5.0,9.0,37.0,0.1590909090909091,0.3272727272727272,0.2045454545454545,0.5318181818181819,0.1681818181818181,0.0454545454545454,0.2181818181818181,0.1818181818181818,0.8333333333333334,0.21875,0.2727272727272727,0.0,0.0,0.1984090909090909,2.4545454545454546,1.7911547911547914,8.754,0.5405405405405406,2026,잠실,0.9512583942824044,0.2865757731846455,-3.1988766748826567,60.616974757331896,0
2026-04-12,LG,홍창기,3.0,6.0,58.0,45.0,7.0,11.0,2.0,12.0,2.0,0.0,0.0,0.0,0.0,0.0,0.0,0.0,1607303,5.0,9.0,38.0,0.1555555555555555,0.3448275862068966,0.2,0.5448275862068965,0.189272030651341,0.0444444444444444,0.2068965517241379,0.1896551724137931,0.9166666666666666,0.2121212121212121,0.2888888888888888,0.0,0.0,0.2051724137931034,2.535211267605634,1.8013343217197924,9.524,0.5789473684210527,2026,잠실,0.9512583942824044,0.298069196759946,-2.677641888334878,69.38090678358759,0
2026-03-29,두산,조수행,0.0,0.0,1.0,1.0,0.0,0.0,0.0,0.0,0.0,0.0,0.0,0.0,0.0,0.0,0.0,0.0,1608621,0.0,0.0,1.0,0.0,0.0,0.0,0.0,0.0,0.0,0.0,0.0,0.0,0.0,0.0,0.0,0.0,0.0,0.0,0.0,0.09,0.0,2026,잠실,0.9512583942824044,0.0,-0.3525497752087347,-122.11365623571038,0
2026-03-30,두산,조수행,0.0,0.0,1.0,1.0,0.0,0.0,0.0,0.0,0.0,0.0,0.0,0.0,0.0,0.0,0.0,0.0,1608621,0.0,0.0,1.0,0.0,0.0,0.0,0.0,0.0,0.0,0.0,0.0,0.0,0.0,0.0,0.0,0.0,0.0,0.0,0.0,0.09,0.0,2026,잠실,0.9512583942824044,0.0,-0.3525497752087347,-122.11365623571038,0
2026-03-31,두산,조수행,0.0,0.0,2.0,2.0,1.0,0.0,0.0,0.0,0.0,0.0,0.0,0.0,0.0,0.0,0.0,0.0,1608621,1.0,1.0,1.0,0.5,0.5,0.5,1.0,0.0,0.0,0.0,0.0,0.0,0.5,0.0,0.0,0.0,0.35,0.5,13.5,0.59,1.0,2026,잠실,0.9512583942824044,0.4746919538192899,0.1911749212959521,170.13197830062106,0
2026-04-01,두산,조수행,0.0,0.0,2.0,2.0,1.0,0.0,0.0,0.0,0.0,0.0,0.0,0.0,0.0,0.0,0.0,0.0,1608621,1.0,1.0,1.0,0.5,0.5,0.5,1.0,0.0,0.0,0.0,0.0,0.0,0.5,0.0,0.0,0.0,0.35,0.5,13.5,0.59,1.0,2026,잠실,0.9512583942824044,0.4744922474502793,0.189487322201608,167.13954718625683,0
2026-04-02,두산,조수행,0.0,0.0,2.0,2.0,1.0,0.0,0.0,0.0,0.0,0.0,0.0,0.0,0.0,0.0,0.0,0.0,1608621,1.0,1.0,1.0,0.5,0.5,0.5,1.0,0.0,0.0,0.0,0.0,0.0,0.5,0.0,0.0,0.0,0.35,0.5,13.5,0.59,1.0,2026,잠실,0.9512583942824044,0.4742288211757299,0.1962478959132426,170.1014259762572,0
2026-04-03,두산,조수행,0.0,0.0,2.0,2.0,1.0,0.0,0.0,0.0,0.0,0.0,0.0,0.0,0.0,0.0,0.0,0.0,1608621,1.0,1.0,1.0,0.5,0.5,0.5,1.0,0.0,0.0,0.0,0.0,0.0,0.5,0.0,0.0,0.0,0.35,0.5,13.5,0.59,1.0,2026,잠실,0.9512583942824044,0.4750456801665415,0.1927286109150622,170.32268474414846,0
2026-04-04,두산,조수행,0.0,0.0,2.0,2.0,1.0,0.0,0.0,0.0,0.0,0.0,0.0,0.0,0.0,0.0,0.0,0.0,1608621,1.0,1.0,1.0,0.5,0.5,0.5,1.0,0.0,0.0,0.0,0.0,0.0,0.5,0.0,0.0,0.0,0.35,0.5,13.5,0.59,1.0,2026,잠실,0.9512583942824044,0.4746340624601257,0.189894929867797,170.3653048368796,0
2026-04-05,두산,조수행,0.0,0.0,2.0,2.0,1.0,0.0,0.0,0.0,0.0,0.0,0.0,0.0,0.0,0.0,0.0,0.0,1608621,1.0,1.0,1.0,0.5,0.5,0.5,1.0,0.0,0.0,0.0,0.0,0.0,0.5,0.0,0.0,0.0,0.35,0.5,13.5,0.59,1.0,2026,잠실,0.9512583942824044,0.4744906370388798,0.1922176965096659,174.558403097991,0
2026-04-06,두산,조수행,0.0,0.0,2.0,2.0,1.0,0.0,0.0,0.0,0.0,0.0,0.0,0.0,0.0,0.0,0.0,0.0,1608621,1.0,1.0,1.0,0.5,0.5,0.5,1.0,0.0,0.0,0.0,0.0,0.0,0.5,0.0,0.0,0.0,0.35,0.5,13.5,0.59,1.0,2026,잠실,0.9512583942824044,0.4744906370388798,0.1922176965096659,174.558403097991,0
2026-04-07,두산,조수행,0.0,0.0,2.0,2.0,1.0,0.0,0.0,0.0,0.0,0.0,0.0,0.0,0.0,0.0,0.0,0.0,1608621,1.0,1.0,1.0,0.5,0.5,0.5,1.0,0.0,0.0,0.0,0.0,0.0,0.5,0.0,0.0,0.0,0.35,0.5,13.5,0.59,1.0,2026,잠실,0.9512583942824044,0.4758444569648101,0.1966689881568251,178.43477090781036,0
2026-04-08,두산,조수행,0.0,0.0,3.0,3.0,1.0,0.0,0.0,0.0,0.0,0.0,0.0,0.0,0.0,0.0,0.0,0.0,1608621,1.0,1.0,2.0,0.3333333333333333,0.3333333333333333,0.3333333333333333,0.6666666666666666,0.0,0.0,0.0,0.0,0.0,0.3333333333333333,0.0,0.0,0.0,0.2333333333333333,0.3333333333333333,4.5,0.6799999999999999,0.5,2026,잠실,0.9512583942824044,0.3165319109035052,-0.1100432988072019,77.39030726672553,0
2026-04-09,두산,조수행,0.0,0.0,3.0,3.0,1.0,0.0,0.0,0.0,0.0,0.0,0.0,0.0,0.0,0.0,0.0,0.0,1608621,1.0,1.0,2.0,0.3333333333333333,0.3333333333333333,0.3333333333333333,0.6666666666666666,0.0,0.0,0.0,0.0,0.0,0.3333333333333333,0.0,0.0,0.0,0.2333333333333333,0.3333333333333333,4.5,0.6799999999999999,0.5,2026,잠실,0.9512583942824044,0.3165319109035052,-0.1100432988072019,77.39030726672553,0
2026-04-10,두산,조수행,0.0,0.0,4.0,3.0,1.0,0.0,0.0,0.0,0.0,0.0,0.0,1.0,0.0,0.0,0.0,0.0,1608621,1.0,1.0,3.0,0.3333333333333333,0.3333333333333333,0.3333333333333333,0.6666666666666666,0.0,0.0,0.0,0.0,0.0,0.3333333333333333,0.0,0.0,0.0,0.2333333333333333,0.0,0.0,0.72,0.3333333333333333,2026,잠실,0.9512583942824044,0.3156915249420153,-0.1456475400709161,77.59260131306706,0
2026-04-11,두산,조수행,0.0,0.0,4.0,3.0,1.0,0.0,0.0,0.0,0.0,0.0,0.0,1.0,0.0,0.0,0.0,0.0,1608621,1.0,1.0,3.0,0.3333333333333333,0.3333333333333333,0.3333333333333333,0.6666666666666666,0.0,0.0,0.0,0.0,0.0,0.3333333333333333,0.0,0.0,0.0,0.2333333333333333,0.0,0.0,0.72,0.3333333333333333,2026,잠실,0.9512583942824044,0.3157965575012826,-0.134891967671442,79.2130714092626,0
2026-04-12,두산,조수행,0.0,0.0,4.0,3.0,1.0,0.0,0.0,0.0,0.0,0.0,0.0,1.0,0.0,0.0,0.0,0.0,1608621,1.0,1.0,3.0,0.3333333333333333,0.3333333333333333,0.3333333333333333,0.6666666666666666,0.0,0.0,0.0,0.0,0.0,0.3333333333333333,0.0,0.0,0.0,0.2333333333333333,0.0,0.0,0.72,0.3333333333333333,2026,잠실,0.9512583942824044,0.315547963655331,-0.1266455448916022,80.53244182264523,0
2026-04-01,KT,오윤석,1.0,3.0,5.0,4.0,3.0,1.0,0.0,0.0,0.0,0.0,0.0,0.0,0.0,0.0,0.0,0.0,1627509,3.0,3.0,1.0,0.75,0.8,0.75,1.55,0.05,0.0,0.0,0.2,0.0,0.75,0.25,0.0,0.0,0.5475000000000001,2.0,54.0,1.93,4.0,2026,수원,1.0287682311922934,0.7256553998523556,1.634700680272109,311.9877254394938,0
2026-04-02,KT,오윤석,3.0,4.0,11.0,10.0,6.0,1.0,0.0,2.0,1.0,0.0,0.0,0.0,0.0,0.0,0.0,0.0,1627509,5.0,7.0,4.0,0.6,0.6363636363636364,0.7,1.3363636363636364,0.0363636363636363,0.0999999999999999,0.1818181818181818,0.0909090909090909,0.5,0.75,0.2,0.0,0.0,0.4613636363636363,4.083333333333333,27.5625,3.544,2.0,2026,수원,1.0287682311922934,0.618087810133052,2.515590386048181,249.1434117486008,0
2026-04-03,KT,오윤석,3.0,4.0,11.0,10.0,6.0,1.0,0.0,2.0,1.0,0.0,0.0,0.0,0.0,0.0,0.0,0.0,1627509,5.0,7.0,4.0,0.6,0.6363636363636364,0.7,1.3363636363636364,0.0363636363636363,0.0999999999999999,0.1818181818181818,0.0909090909090909,0.5,0.75,0.2,0.0,0.0,0.4613636363636363,4.083333333333333,27.5625,3.544,2.0,2026,수원,1.0287682311922934,0.619291535489679,2.4840086420382907,250.4944701214412,0
2026-04-04,KT,오윤석,3.0,5.0,15.0,14.0,7.0,1.0,0.0,2.0,1.0,0.0,0.0,0.0,0.0,1.0,0.0,0.0,1627509,6.0,8.0,8.0,0.5,0.5333333333333333,0.5714285714285714,1.1047619047619048,0.0333333333333333,0.0714285714285714,0.1333333333333333,0.0666666666666666,0.5,0.5833333333333334,0.1428571428571428,0.0,0.0,0.3828571428571428,3.5,11.8125,3.944,1.125,2026,수원,1.0287682311922934,0.5170899528265172,1.9935036975422773,188.79270405188143,0
2026-04-05,KT,오윤석,4.0,5.0,18.0,17.0,8.0,1.0,0.0,2.0,2.0,0.0,0.0,0.0,0.0,1.0,0.0,0.0,1627509,6.0,10.0,10.0,0.4705882352941176,0.5,0.5882352941176471,1.0882352941176472,0.0294117647058823,0.1176470588235294,0.1111111111111111,0.0555555555555555,0.5,0.5333333333333333,0.1764705882352941,0.0,0.0,0.3720588235294118,4.2105263157894735,11.36842105263158,4.843999999999999,1.1,2026,수원,1.0287682311922934,0.5030853866709145,2.1749592685869934,184.73240092954453,0
2026-04-06,KT,오윤석,4.0,5.0,18.0,17.0,8.0,1.0,0.0,2.0,2.0,0.0,0.0,0.0,0.0,1.0,0.0,0.0,1627509,6.0,10.0,10.0,0.4705882352941176,0.5,0.5882352941176471,1.0882352941176472,0.0294117647058823,0.1176470588235294,0.1111111111111111,0.0555555555555555,0.5,0.5333333333333333,0.1764705882352941,0.0,0.0,0.3720588235294118,4.2105263157894735,11.36842105263158,4.843999999999999,1.1,2026,수원,1.0287682311922934,0.5030853866709145,2.1749592685869934,184.73240092954453,0
2026-04-07,KT,오윤석,7.0,6.0,23.0,22.0,10.0,1.0,0.0,4.0,4.0,0.0,0.0,0.0,0.0,1.0,0.0,0.0,1627509,6.0,14.0,13.0,0.4545454545454545,0.4782608695652174,0.6363636363636364,1.1146245059288538,0.0237154150197628,0.1818181818181818,0.1739130434782608,0.0434782608695652,0.25,0.5555555555555556,0.2272727272727272,0.0,0.0,0.3743083003952569,5.833333333333333,12.115384615384617,6.177999999999999,1.1538461538461535,2026,수원,1.0287682311922934,0.5090828177564086,2.905784929429323,191.63259019693027,0
2026-04-08,KT,오윤석,7.0,6.0,26.0,25.0,11.0,1.0,0.0,4.0,4.0,0.0,0.0,0.0,0.0,1.0,0.0,0.0,1627509,7.0,15.0,15.0,0.44,0.4615384615384615,0.6,1.0615384615384615,0.0215384615384615,0.1599999999999999,0.1538461538461538,0.0384615384615384,0.25,0.5238095238095238,0.2,0.0,0.0,0.3576923076923077,6.111111111111111,11.0,6.857999999999999,1.0666666666666669,2026,수원,1.0287682311922934,0.4857626052075866,2.770334807036265,176.95833435729654,0
2026-04-09,KT,오윤석,7.0,6.0,26.0,25.0,11.0,1.0,0.0,4.0,4.0,0.0,0.0,0.0,0.0,1.0,0.0,0.0,1627509,7.0,15.0,15.0,0.44,0.4615384615384615,0.6,1.0615384615384615,0.0215384615384615,0.1599999999999999,0.1538461538461538,0.0384615384615384,0.25,0.5238095238095238,0.2,0.0,0.0,0.3576923076923077,6.111111111111111,11.0,6.857999999999999,1.0666666666666669,2026,수원,1.0287682311922934,0.4857626052075866,2.770334807036265,176.95833435729654,0
2026-04-10,KT,오윤석,7.0,6.0,30.0,29.0,12.0,1.0,0.0,6.0,4.0,0.0,0.0,0.0,0.0,1.0,0.0,0.0,1627509,8.0,16.0,18.0,0.4137931034482758,0.4333333333333333,0.5517241379310345,0.9850574712643678,0.0195402298850574,0.1379310344827586,0.2,0.0333333333333333,0.1666666666666666,0.5217391304347826,0.1724137931034483,0.0,0.0,0.3329310344827586,6.193548387096774,9.29032258064516,7.251999999999999,0.9444444444444444,2026,수원,1.0287682311922934,0.4515012615199824,2.3605219235473984,156.07711340208795,0
2026-04-11,KT,오윤석,7.0,6.0,34.0,33.0,12.0,1.0,0.0,7.0,4.0,0.0,0.0,0.0,0.0,1.0,0.0,0.0,1627509,8.0,16.0,22.0,0.3636363636363636,0.3823529411764705,0.4848484848484848,0.8672014260249554,0.0187165775401069,0.1212121212121212,0.2058823529411764,0.0294117647058823,0.1428571428571428,0.4615384615384615,0.1515151515151515,0.0,0.0,0.293270944741533,5.485714285714286,6.732467532467533,7.424,0.7727272727272727,2026,수원,1.0287682311922934,0.3989871508160103,1.218978871794377,124.40455144712456,0
2026-04-12,KT,오윤석,7.0,6.0,34.0,33.0,12.0,1.0,0.0,7.0,4.0,0.0,0.0,0.0,0.0,1.0,0.0,0.0,1627509,8.0,16.0,22.0,0.3636363636363636,0.3823529411764705,0.4848484848484848,0.8672014260249554,0.0187165775401069,0.1212121212121212,0.2058823529411764,0.0294117647058823,0.1428571428571428,0.4615384615384615,0.1515151515151515,0.0,0.0,0.293270944741533,5.485714285714286,6.732467532467533,7.424,0.7727272727272727,2026,수원,1.0287682311922934,0.3989889926903787,1.277809149904771,126.0172249651301,0
2026-03-28,KT,최원준,0.0,0.0,6.0,5.0,1.0,1.0,0.0,1.0,0.0,0.0,0.0,0.0,0.0,0.0,0.0,0.0,1631314,1.0,1.0,4.0,0.2,0.3333333333333333,0.2,0.5333333333333333,0.1333333333333333,0.0,0.1666666666666666,0.1666666666666666,1.0,0.25,0.2,0.0,0.0,0.2,0.2857142857142857,1.9285714285714284,1.012,0.5,2026,수원,1.0287682311922934,0.2965188187420699,-0.4430023794073109,47.59778267010717,0
2026-03-29,KT,최원준,0.0,0.0,11.0,9.0,3.0,2.0,0.0,1.0,0.0,0.0,0.0,0.0,0.0,0.0,0.0,0.0,1631314,3.0,3.0,6.0,0.3333333333333333,0.4545454545454545,0.3333333333333333,0.7878787878787878,0.1212121212121212,0.0,0.0909090909090909,0.1818181818181818,2.0,0.375,0.2222222222222222,0.0,0.0,0.2878787878787878,1.1538461538461535,5.192307692307692,2.532,0.8333333333333334,2026,수원,1.0287682311922934,0.3999845490275928,0.2534050524512956,111.9553467340388,0
2026-03-30,KT,최원준,0.0,0.0,11.0,9.0,3.0,2.0,0.0,1.0,0.0,0.0,0.0,0.0,0.0,0.0,0.0,0.0,1631314,3.0,3.0,6.0,0.3333333333333333,0.4545454545454545,0.3333333333333333,0.7878787878787878,0.1212121212121212,0.0,0.0909090909090909,0.1818181818181818,2.0,0.375,0.2222222222222222,0.0,0.0,0.2878787878787878,1.1538461538461535,5.192307692307692,2.532,0.8333333333333334,2026,수원,1.0287682311922934,0.3999845490275928,0.2534050524512956,111.9553467340388,0
2026-03-31,KT,최원준,0.0,2.0,16.0,13.0,4.0,3.0,0.0,1.0,1.0,0.0,0.0,0.0,0.0,0.0,0.0,0.0,1631314,3.0,5.0,9.0,0.3076923076923077,0.4375,0.3846153846153846,0.8221153846153846,0.1298076923076923,0.0769230769230769,0.0625,0.1875,3.0,0.3333333333333333,0.3076923076923077,0.0,0.0,0.2930288461538461,1.8421052631578947,5.526315789473684,3.862,0.8888888888888888,2026,수원,1.0287682311922934,0.4038676949253539,0.51214291911455,118.97576157136784,0
2026-04-01,KT,최원준,5.0,5.0,22.0,18.0,7.0,4.0,0.0,1.0,3.0,0.0,0.0,0.0,0.0,0.0,0.0,0.0,1631314,4.0,10.0,11.0,0.3888888888888889,0.5,0.5555555555555556,1.0555555555555556,0.1111111111111111,0.1666666666666666,0.0454545454545454,0.1818181818181818,4.0,0.4117647058823529,0.3888888888888889,0.0,0.0,0.3638888888888889,4.230769230769231,10.384615384615383,6.322,1.2727272727272727,2026,수원,1.0287682311922934,0.4882591314665045,2.3643605442176883,167.75290732264676,0
2026-04-02,KT,최원준,5.0,6.0,29.0,24.0,11.0,5.0,0.0,3.0,4.0,1.0,0.0,0.0,0.0,0.0,0.0,0.0,1631314,6.0,17.0,13.0,0.4583333333333333,0.5517241379310345,0.7083333333333334,1.2600574712643675,0.0933908045977011,0.25,0.1034482758620689,0.1724137931034483,1.6666666666666667,0.5238095238095238,0.4583333333333333,0.0,0.0,0.4253591954022988,8.0,16.615384615384617,9.226,1.6923076923076923,2026,수원,1.0287682311922934,0.5610904478439293,5.131821449267365,214.7557772983272,0
2026-04-03,KT,최원준,5.0,6.0,33.0,28.0,12.0,5.0,0.0,3.0,4.0,1.0,0.0,0.0,0.0,0.0,0.0,0.0,1631314,7.0,18.0,16.0,0.4285714285714285,0.5151515151515151,0.6428571428571429,1.158008658008658,0.0865800865800865,0.2142857142857143,0.0909090909090909,0.1515151515151515,1.6666666666666667,0.48,0.3928571428571428,0.0,0.0,0.3925324675324675,8.052631578947368,13.588815789473683,9.996,1.4375,2026,수원,1.0287682311922934,0.5230375620555197,4.601355840767009,191.82439007513688,0
2026-04-04,KT,최원준,5.0,6.0,38.0,33.0,12.0,5.0,0.0,5.0,4.0,1.0,0.0,0.0,0.0,0.0,0.0,0.0,1631314,7.0,18.0,21.0,0.3636363636363636,0.4473684210526316,0.5454545454545454,0.992822966507177,0.0837320574162679,0.1818181818181817,0.131578947368421,0.131578947368421,1.0,0.4285714285714285,0.3333333333333333,0.0,0.0,0.3376794258373206,7.116279069767442,9.149501661129568,10.07,1.0952380952380951,2026,수원,1.0287682311922934,0.453963557077856,2.9058367733529407,149.8688481364315,0
2026-04-05,KT,최원준,5.0,7.0,42.0,36.0,13.0,6.0,0.0,6.0,4.0,1.0,0.0,0.0,0.0,0.0,0.0,0.0,1631314,8.0,19.0,23.0,0.3611111111111111,0.4523809523809524,0.5277777777777778,0.9801587301587302,0.0912698412698412,0.1666666666666666,0.1428571428571428,0.1428571428571428,1.0,0.4333333333333333,0.3333333333333333,0.0,0.0,0.335515873015873,7.520833333333333,8.828804347826088,10.902,1.0869565217391304,2026,수원,1.0287682311922934,0.4524338837219809,3.23564619498005,152.98086380709714,0
2026-04-06,KT,최원준,5.0,7.0,42.0,36.0,13.0,6.0,0.0,6.0,4.0,1.0,0.0,0.0,0.0,0.0,0.0,0.0,1631314,8.0,19.0,23.0,0.3611111111111111,0.4523809523809524,0.5277777777777778,0.9801587301587302,0.0912698412698412,0.1666666666666666,0.1428571428571428,0.1428571428571428,1.0,0.4333333333333333,0.3333333333333333,0.0,0.0,0.335515873015873,7.520833333333333,8.828804347826088,10.902,1.0869565217391304,2026,수원,1.0287682311922934,0.4524338837219809,3.23564619498005,152.98086380709714,0
2026-04-07,KT,최원준,5.0,8.0,48.0,41.0,13.0,7.0,0.0,8.0,4.0,1.0,0.0,0.0,0.0,0.0,0.0,0.0,1631314,8.0,19.0,28.0,0.3170731707317073,0.4166666666666667,0.4634146341463415,0.8800813008130082,0.0995934959349593,0.1463414634146341,0.1666666666666666,0.1458333333333333,0.875,0.3939393939393939,0.3170731707317073,0.0,0.0,0.3033536585365853,6.909090909090909,6.662337662337663,11.316,0.9285714285714286,2026,수원,1.0287682311922934,0.4134753215395054,2.197788240770472,131.3750277308638,0
2026-04-08,KT,최원준,5.0,8.0,52.0,45.0,13.0,7.0,0.0,8.0,4.0,1.0,0.0,0.0,0.0,0.0,0.0,0.0,1631314,8.0,19.0,32.0,0.2888888888888888,0.3846153846153846,0.4222222222222222,0.8068376068376069,0.0957264957264957,0.1333333333333333,0.1538461538461538,0.1346153846153846,0.875,0.3513513513513513,0.2888888888888888,0.0,0.0,0.2786324786324786,6.440677966101695,5.4343220338983045,11.676,0.8125,2026,수원,1.0287682311922934,0.3807932625969167,0.920817538034112,110.39117845397143,0
2026-04-09,KT,최원준,5.0,8.0,52.0,45.0,13.0,7.0,0.0,8.0,4.0,1.0,0.0,0.0,0.0,0.0,0.0,0.0,1631314,8.0,19.0,32.0,0.2888888888888888,0.3846153846153846,0.4222222222222222,0.8068376068376069,0.0957264957264957,0.1333333333333333,0.1538461538461538,0.1346153846153846,0.875,0.3513513513513513,0.2888888888888888,0.0,0.0,0.2786324786324786,6.440677966101695,5.4343220338983045,11.676,0.8125,2026,수원,1.0287682311922934,0.3807932625969167,0.920817538034112,110.39117845397143,0
2026-04-10,KT,최원준,6.0,9.0,59.0,49.0,13.0,10.0,0.0,10.0,4.0,1.0,0.0,0.0,0.0,0.0,0.0,0.0,1631314,8.0,19.0,36.0,0.2653061224489796,0.3898305084745763,0.3877551020408163,0.7775856105153927,0.1245243860255966,0.1224489795918367,0.1694915254237288,0.1694915254237288,1.0,0.3333333333333333,0.3265306122448979,0.0,0.0,0.2723625043237634,6.333333333333333,4.75,12.68,0.8055555555555556,2026,수원,1.0287682311922934,0.3735984502144741,0.7471193107087286,106.61094311958894,0
2026-04-11,KT,최원준,6.0,9.0,59.0,49.0,13.0,10.0,0.0,10.0,4.0,1.0,0.0,0.0,0.0,0.0,0.0,0.0,1631314,8.0,19.0,36.0,0.2653061224489796,0.3898305084745763,0.3877551020408163,0.7775856105153927,0.1245243860255966,0.1224489795918367,0.1694915254237288,0.1694915254237288,1.0,0.3333333333333333,0.3265306122448979,0.0,0.0,0.2723625043237634,6.333333333333333,4.75,12.68,0.8055555555555556,2026,수원,1.0287682311922934,0.3737799076047804,0.8714646708494972,108.3626709142374,0
2026-04-12,KT,최원준,8.0,9.0,63.0,52.0,14.0,10.0,0.0,10.0,4.0,1.0,0.0,0.0,1.0,0.0,0.0,0.0,1631314,9.0,20.0,39.0,0.2692307692307692,0.3809523809523809,0.3846153846153846,0.7655677655677655,0.1117216117216117,0.1153846153846154,0.1587301587301587,0.1587301587301587,1.0,0.3255813953488372,0.3076923076923077,0.0,0.0,0.2675824175824176,6.301369863013699,4.362486828240253,13.73,0.7692307692307693,2026,수원,1.0287682311922934,0.3648342815005453,0.5820659746273689,104.22635946174698,0
2026-03-29,한화,이진영,0.0,0.0,1.0,1.0,0.0,0.0,0.0,1.0,0.0,0.0,0.0,0.0,0.0,0.0,0.0,0.0,1631325,0.0,0.0,1.0,0.0,0.0,0.0,0.0,0.0,0.0,1.0,0.0,0.0,0.0,0.0,0.0,0.0,0.0,0.0,0.0,-0.098,0.0,2026,대전,1.019564452032887,0.0,-0.3525497752087347,-128.94426201075865,0
2026-03-30,한화,이진영,0.0,0.0,1.0,1.0,0.0,0.0,0.0,1.0,0.0,0.0,0.0,0.0,0.0,0.0,0.0,0.0,1631325,0.0,0.0,1.0,0.0,0.0,0.0,0.0,0.0,0.0,1.0,0.0,0.0,0.0,0.0,0.0,0.0,0.0,0.0,0.0,-0.098,0.0,2026,대전,1.019564452032887,0.0,-0.3525497752087347,-128.94426201075865,0
2026-03-31,한화,이진영,0.0,0.0,1.0,1.0,0.0,0.0,0.0,1.0,0.0,0.0,0.0,0.0,0.0,0.0,0.0,0.0,1631325,0.0,0.0,1.0,0.0,0.0,0.0,0.0,0.0,0.0,1.0,0.0,0.0,0.0,0.0,0.0,0.0,0.0,0.0,0.0,-0.098,0.0,2026,대전,1.019564452032887,0.0,-0.3305407649785577,-127.61751880756891,0
2026-04-01,한화,이진영,0.0,0.0,1.0,1.0,0.0,0.0,0.0,1.0,0.0,0.0,0.0,0.0,0.0,0.0,0.0,0.0,1631325,0.0,0.0,1.0,0.0,0.0,0.0,0.0,0.0,0.0,1.0,0.0,0.0,0.0,0.0,0.0,0.0,0.0,0.0,0.0,-0.098,0.0,2026,대전,1.019564452032887,0.0,-0.343917130488559,-127.97824808078916,0
2026-04-02,한화,이진영,1.0,1.0,4.0,3.0,1.0,1.0,0.0,1.0,0.0,0.0,0.0,0.0,0.0,1.0,0.0,0.0,1631325,1.0,1.0,3.0,0.3333333333333333,0.5,0.3333333333333333,0.8333333333333333,0.1666666666666666,0.0,0.25,0.25,1.0,0.5,0.3333333333333333,0.0,0.0,0.3083333333333333,0.2,1.8,0.4620000000000001,0.6666666666666666,2026,대전,1.019564452032887,0.4315336930282824,0.2374957918264852,137.51200609864483,0
2026-04-03,한화,이진영,1.0,1.0,4.0,3.0,1.0,1.0,0.0,1.0,0.0,0.0,0.0,0.0,0.0,1.0,0.0,0.0,1631325,1.0,1.0,3.0,0.3333333333333333,0.5,0.3333333333333333,0.8333333333333333,0.1666666666666666,0.0,0.25,0.25,1.0,0.5,0.3333333333333333,0.0,0.0,0.3083333333333333,0.2,1.8,0.4620000000000001,0.6666666666666666,2026,대전,1.019564452032887,0.4318681938760116,0.2304572218301245,137.1739282841687,0
2026-04-04,한화,이진영,1.0,1.0,4.0,3.0,1.0,1.0,0.0,1.0,0.0,0.0,0.0,0.0,0.0,1.0,0.0,0.0,1631325,1.0,1.0,3.0,0.3333333333333333,0.5,0.3333333333333333,0.8333333333333333,0.1666666666666666,0.0,0.25,0.25,1.0,0.5,0.3333333333333333,0.0,0.0,0.3083333333333333,0.2,1.8,0.4620000000000001,0.6666666666666666,2026,대전,1.019564452032887,0.4312863634591936,0.2247898597355941,136.8064252523075,0
2026-04-05,한화,이진영,1.0,1.0,4.0,3.0,1.0,1.0,0.0,1.0,0.0,0.0,0.0,0.0,0.0,1.0,0.0,0.0,1631325,1.0,1.0,3.0,0.3333333333333333,0.5,0.3333333333333333,0.8333333333333333,0.1666666666666666,0.0,0.25,0.25,1.0,0.5,0.3333333333333333,0.0,0.0,0.3083333333333333,0.2,1.8,0.4620000000000001,0.6666666666666666,2026,대전,1.019564452032887,0.429670776660578,0.2294353930193317,139.63189931850812,0
2026-04-06,한화,이진영,1.0,1.0,4.0,3.0,1.0,1.0,0.0,1.0,0.0,0.0,0.0,0.0,0.0,1.0,0.0,0.0,1631325,1.0,1.0,3.0,0.3333333333333333,0.5,0.3333333333333333,0.8333333333333333,0.1666666666666666,0.0,0.25,0.25,1.0,0.5,0.3333333333333333,0.0,0.0,0.3083333333333333,0.2,1.8,0.4620000000000001,0.6666666666666666,2026,대전,1.019564452032887,0.429670776660578,0.2294353930193317,139.63189931850812,0
2026-04-07,한화,이진영,1.0,1.0,4.0,3.0,1.0,1.0,0.0,1.0,0.0,0.0,0.0,0.0,0.0,1.0,0.0,0.0,1631325,1.0,1.0,3.0,0.3333333333333333,0.5,0.3333333333333333,0.8333333333333333,0.1666666666666666,0.0,0.25,0.25,1.0,0.5,0.3333333333333333,0.0,0.0,0.3083333333333333,0.2,1.8,0.4620000000000001,0.6666666666666666,2026,대전,1.019564452032887,0.4298514792012707,0.23833797631365,142.61663967451358,0
2026-04-08,한화,이진영,1.0,1.0,4.0,3.0,1.0,1.0,0.0,1.0,0.0,0.0,0.0,0.0,0.0,1.0,0.0,0.0,1631325,1.0,1.0,3.0,0.3333333333333333,0.5,0.3333333333333333,0.8333333333333333,0.1666666666666666,0.0,0.25,0.25,1.0,0.5,0.3333333333333333,0.0,0.0,0.3083333333333333,0.2,1.8,0.4620000000000001,0.6666666666666666,2026,대전,1.019564452032887,0.4290143170382687,0.234084280930134,141.89132727241102,0
2026-04-09,한화,이진영,1.0,1.0,4.0,3.0,1.0,1.0,0.0,1.0,0.0,0.0,0.0,0.0,0.0,1.0,0.0,0.0,1631325,1.0,1.0,3.0,0.3333333333333333,0.5,0.3333333333333333,0.8333333333333333,0.1666666666666666,0.0,0.25,0.25,1.0,0.5,0.3333333333333333,0.0,0.0,0.3083333333333333,0.2,1.8,0.4620000000000001,0.6666666666666666,2026,대전,1.019564452032887,0.4290143170382687,0.234084280930134,141.89132727241102,0
2026-04-10,한화,이진영,1.0,1.0,4.0,3.0,1.0,1.0,0.0,1.0,0.0,0.0,0.0,0.0,0.0,1.0,0.0,0.0,1631325,1.0,1.0,3.0,0.3333333333333333,0.5,0.3333333333333333,0.8333333333333333,0.1666666666666666,0.0,0.25,0.25,1.0,0.5,0.3333333333333333,0.0,0.0,0.3083333333333333,0.2,1.8,0.4620000000000001,0.6666666666666666,2026,대전,1.019564452032887,0.427813460189713,0.2344365652800329,141.9563805469946,0
2026-04-11,한화,이진영,1.0,1.0,4.0,3.0,1.0,1.0,0.0,1.0,0.0,0.0,0.0,0.0,0.0,1.0,0.0,0.0,1631325,1.0,1.0,3.0,0.3333333333333333,0.5,0.3333333333333333,0.8333333333333333,0.1666666666666666,0.0,0.25,0.25,1.0,0.5,0.3333333333333333,0.0,0.0,0.3083333333333333,0.2,1.8,0.4620000000000001,0.6666666666666666,2026,대전,1.019564452032887,0.4273617992411295,0.2383322711292114,143.38254543730736,0
2026-04-12,한화,이진영,1.0,1.0,4.0,3.0,1.0,1.0,0.0,1.0,0.0,0.0,0.0,0.0,0.0,1.0,0.0,0.0,1631325,1.0,1.0,3.0,0.3333333333333333,0.5,0.3333333333333333,0.8333333333333333,0.1666666666666666,0.0,0.25,0.25,1.0,0.5,0.3333333333333333,0.0,0.0,0.3083333333333333,0.2,1.8,0.4620000000000001,0.6666666666666666,2026,대전,1.019564452032887,0.4266270767792119,0.2420729677017541,144.5708298114225,0
2026-03-28,KT,이정훈,2.0,1.0,3.0,3.0,2.0,0.0,0.0,0.0,0.0,0.0,0.0,0.0,0.0,0.0,0.0,0.0,1757008,2.0,2.0,1.0,0.6666666666666666,0.6666666666666666,0.6666666666666666,1.3333333333333333,0.0,0.0,0.0,0.0,0.0,0.6666666666666666,0.0,0.0,0.0,0.4666666666666667,1.3333333333333333,36.0,1.09,2.0,2026,수원,1.0287682311922934,0.6511961318236362,0.7237602747133899,258.9485511243799,0
2026-03-29,KT,이정훈,2.0,1.0,4.0,4.0,3.0,0.0,0.0,0.0,0.0,0.0,0.0,0.0,0.0,0.0,0.0,0.0,1757008,3.0,3.0,1.0,0.75,0.75,0.75,1.5,0.0,0.0,0.0,0.0,0.0,0.75,0.0,0.0,0.0,0.525,2.25,60.75,1.59,3.0,2026,수원,1.0287682311922934,0.709495126761549,1.2546724470134876,299.0771842173647,0
2026-03-30,KT,이정훈,2.0,1.0,4.0,4.0,3.0,0.0,0.0,0.0,0.0,0.0,0.0,0.0,0.0,0.0,0.0,0.0,1757008,3.0,3.0,1.0,0.75,0.75,0.75,1.5,0.0,0.0,0.0,0.0,0.0,0.75,0.0,0.0,0.0,0.525,2.25,60.75,1.59,3.0,2026,수원,1.0287682311922934,0.709495126761549,1.2546724470134876,299.0771842173647,0
2026-03-31,KT,이정훈,2.0,1.0,4.0,4.0,3.0,0.0,0.0,0.0,0.0,0.0,0.0,0.0,0.0,0.0,0.0,0.0,1757008,3.0,3.0,1.0,0.75,0.75,0.75,1.5,0.0,0.0,0.0,0.0,0.0,0.75,0.0,0.0,0.0,0.525,2.25,60.75,1.59,3.0,2026,수원,1.0287682311922934,0.712037930728935,1.234606293844972,307.8404402762031,0
2026-04-01,KT,이정훈,2.0,1.0,5.0,4.0,3.0,1.0,0.0,0.0,0.0,0.0,0.0,0.0,0.0,0.0,0.0,0.0,1757008,3.0,3.0,1.0,0.75,0.8,0.75,1.55,0.05,0.0,0.0,0.2,0.0,0.75,0.25,0.0,0.0,0.5475000000000001,2.0,54.0,1.93,4.0,2026,수원,1.0287682311922934,0.7256553998523556,1.634700680272109,311.9877254394938,0
2026-04-02,KT,이정훈,2.0,1.0,5.0,4.0,3.0,1.0,0.0,0.0,0.0,0.0,0.0,0.0,0.0,0.0,0.0,0.0,1757008,3.0,3.0,1.0,0.75,0.8,0.75,1.55,0.05,0.0,0.0,0.2,0.0,0.75,0.25,0.0,0.0,0.5475000000000001,2.0,54.0,1.93,4.0,2026,수원,1.0287682311922934,0.7246100113632099,1.6268466983084526,313.4103597199841,0
2026-04-03,KT,이정훈,2.0,1.0,5.0,4.0,3.0,1.0,0.0,0.0,0.0,0.0,0.0,0.0,0.0,0.0,0.0,0.0,1757008,3.0,3.0,1.0,0.75,0.8,0.75,1.55,0.05,0.0,0.0,0.2,0.0,0.75,0.25,0.0,0.0,0.5475000000000001,2.0,54.0,1.93,4.0,2026,수원,1.0287682311922934,0.7255310992340425,1.6058228092931033,315.2511080718722,0
2026-04-04,KT,이정훈,2.0,1.0,6.0,5.0,3.0,1.0,0.0,0.0,0.0,0.0,0.0,0.0,0.0,0.0,0.0,0.0,1757008,3.0,3.0,2.0,0.6,0.6666666666666666,0.6,1.2666666666666666,0.0666666666666666,0.0,0.0,0.1666666666666666,0.0,0.6,0.2,0.0,0.0,0.4499999999999999,1.7142857142857142,23.142857142857142,2.02,2.0,2026,수원,1.0287682311922934,0.6039469506128796,1.263268236670992,242.34889440600327,0
2026-04-05,KT,이정훈,2.0,1.0,6.0,5.0,3.0,1.0,0.0,0.0,0.0,0.0,0.0,0.0,0.0,0.0,0.0,0.0,1757008,3.0,3.0,2.0,0.6,0.6666666666666666,0.6,1.2666666666666666,0.0666666666666666,0.0,0.0,0.1666666666666666,0.0,0.6,0.2,0.0,0.0,0.4499999999999999,1.7142857142857142,23.142857142857142,2.02,2.0,2026,수원,1.0287682311922934,0.6027742757996386,1.242115805390466,247.22364560312187,0
2026-04-06,KT,이정훈,2.0,1.0,6.0,5.0,3.0,1.0,0.0,0.0,0.0,0.0,0.0,0.0,0.0,0.0,0.0,0.0,1757008,3.0,3.0,2.0,0.6,0.6666666666666666,0.6,1.2666666666666666,0.0666666666666666,0.0,0.0,0.1666666666666666,0.0,0.6,0.2,0.0,0.0,0.4499999999999999,1.7142857142857142,23.142857142857142,2.02,2.0,2026,수원,1.0287682311922934,0.6027742757996386,1.242115805390466,247.22364560312187,0
2026-04-07,KT,이정훈,2.0,1.0,6.0,5.0,3.0,1.0,0.0,0.0,0.0,0.0,0.0,0.0,0.0,0.0,0.0,0.0,1757008,3.0,3.0,2.0,0.6,0.6666666666666666,0.6,1.2666666666666666,0.0666666666666666,0.0,0.0,0.1666666666666666,0.0,0.6,0.2,0.0,0.0,0.4499999999999999,1.7142857142857142,23.142857142857142,2.02,2.0,2026,수원,1.0287682311922934,0.6037972907773872,1.2368238332188082,251.32731603259285,0
2026-04-08,KT,이정훈,2.0,1.0,6.0,5.0,3.0,1.0,0.0,0.0,0.0,0.0,0.0,0.0,0.0,0.0,0.0,0.0,1757008,3.0,3.0,2.0,0.6,0.6666666666666666,0.6,1.2666666666666666,0.0666666666666666,0.0,0.0,0.1666666666666666,0.0,0.6,0.2,0.0,0.0,0.4499999999999999,1.7142857142857142,23.142857142857142,2.02,2.0,2026,수원,1.0287682311922934,0.6025414555956844,1.2323394404048058,251.0145849411257,0
2026-04-09,KT,이정훈,2.0,1.0,6.0,5.0,3.0,1.0,0.0,0.0,0.0,0.0,0.0,0.0,0.0,0.0,0.0,0.0,1757008,3.0,3.0,2.0,0.6,0.6666666666666666,0.6,1.2666666666666666,0.0666666666666666,0.0,0.0,0.1666666666666666,0.0,0.6,0.2,0.0,0.0,0.4499999999999999,1.7142857142857142,23.142857142857142,2.02,2.0,2026,수원,1.0287682311922934,0.6025414555956844,1.2323394404048058,251.0145849411257,0
2026-04-10,KT,이정훈,2.0,2.0,7.0,6.0,4.0,1.0,0.0,0.0,0.0,0.0,0.0,0.0,0.0,0.0,0.0,0.0,1757008,4.0,4.0,2.0,0.6666666666666666,0.7142857142857143,0.6666666666666666,1.380952380952381,0.0476190476190476,0.0,0.0,0.1428571428571428,0.0,0.6666666666666666,0.1666666666666666,0.0,0.0,0.4880952380952381,2.5,33.75,2.52,2.5,2026,수원,1.0287682311922934,0.6503539378909986,1.7304532262796932,282.3431644682561,0
2026-04-11,KT,이정훈,2.0,2.0,7.0,6.0,4.0,1.0,0.0,0.0,0.0,0.0,0.0,0.0,0.0,0.0,0.0,0.0,1757008,4.0,4.0,2.0,0.6666666666666666,0.7142857142857143,0.6666666666666666,1.380952380952381,0.0476190476190476,0.0,0.0,0.1428571428571428,0.0,0.6666666666666666,0.1666666666666666,0.0,0.0,0.4880952380952381,2.5,33.75,2.52,2.5,2026,수원,1.0287682311922934,0.6502308877822945,1.7218360117775908,284.2959754824864,0
2026-04-12,KT,이정훈,2.0,2.0,7.0,6.0,4.0,1.0,0.0,0.0,0.0,0.0,0.0,0.0,0.0,0.0,0.0,0.0,1757008,4.0,4.0,2.0,0.6666666666666666,0.7142857142857143,0.6666666666666666,1.380952380952381,0.0476190476190476,0.0,0.0,0.1428571428571428,0.0,0.6666666666666666,0.1666666666666666,0.0,0.0,0.4880952380952381,2.5,33.75,2.52,2.5,2026,수원,1.0287682311922934,0.6494914257164038,1.718244346813122,285.83894900199425,0
2026-03-28,삼성,김성윤,0.0,1.0,5.0,5.0,2.0,0.0,0.0,0.0,1.0,0.0,0.0,0.0,0.0,0.0,0.0,0.0,1786762,1.0,3.0,3.0,0.4,0.4,0.6,1.0,0.0,0.1999999999999999,0.0,0.0,0.0,0.4,0.2,0.0,0.0,0.33,1.2,10.8,1.49,1.0,2026,대구,1.0406172533521605,0.4582565757465001,0.3492518386329226,142.7917520936929,0
2026-03-29,삼성,김성윤,0.0,1.0,9.0,8.0,2.0,0.0,1.0,0.0,1.0,0.0,0.0,0.0,0.0,0.0,0.0,0.0,1786762,1.0,3.0,6.0,0.25,0.3333333333333333,0.375,0.7083333333333333,0.0833333333333333,0.125,0.0,0.0,0.0,0.25,0.125,0.0,0.0,0.24375,0.9,4.05,2.1,0.6666666666666666,2026,대구,1.0406172533521605,0.3354470707882238,-0.3380764290301858,71.75280704954758,0
2026-03-30,삼성,김성윤,0.0,1.0,9.0,8.0,2.0,0.0,1.0,0.0,1.0,0.0,0.0,0.0,0.0,0.0,0.0,0.0,1786762,1.0,3.0,6.0,0.25,0.3333333333333333,0.375,0.7083333333333333,0.0833333333333333,0.125,0.0,0.0,0.0,0.25,0.125,0.0,0.0,0.24375,0.9,4.05,2.1,0.6666666666666666,2026,대구,1.0406172533521605,0.3354470707882238,-0.3380764290301858,71.75280704954758,0
2026-03-31,삼성,김성윤,1.0,2.0,14.0,12.0,4.0,0.0,1.0,0.0,1.0,0.0,0.0,1.0,0.0,0.0,0.0,0.0,1786762,3.0,5.0,9.0,0.3333333333333333,0.3846153846153846,0.4166666666666667,0.8012820512820513,0.0512820512820513,0.0833333333333333,0.0,0.0,0.0,0.3333333333333333,0.0833333333333333,0.0,0.0,0.2772435897435897,1.3333333333333333,4.0,3.3199999999999994,0.6666666666666666,2026,대구,1.0406172533521605,0.3797148921653968,0.1445794124320943,102.98861435210964,0
2026-04-01,삼성,김성윤,5.0,5.0,19.0,17.0,8.0,0.0,1.0,0.0,3.0,1.0,0.0,1.0,0.0,0.0,0.0,0.0,1786762,4.0,13.0,10.0,0.4705882352941176,0.5,0.7647058823529411,1.2647058823529411,0.0294117647058823,0.2941176470588235,0.0,0.0,0.0,0.4705882352941176,0.2941176470588235,0.0,0.0,0.4161764705882352,5.2,14.04,6.39,1.4,2026,대구,1.0406172533521605,0.5550175928467711,3.214574005359722,207.1284343013305,0
2026-04-02,삼성,김성윤,5.0,6.0,23.0,21.0,10.0,0.0,1.0,0.0,3.0,1.0,0.0,1.0,0.0,0.0,0.0,0.0,1786762,6.0,15.0,12.0,0.4761904761904761,0.5,0.7142857142857143,1.2142857142857144,0.0238095238095238,0.2380952380952381,0.0,0.0,0.0,0.4761904761904761,0.238095238095238,0.0,0.0,0.4035714285714286,6.25,14.0625,7.57,1.3333333333333333,2026,대구,1.0406172533521605,0.5413390519294892,3.657759893911381,201.6544678082093,0
2026-04-03,삼성,김성윤,6.0,6.0,27.0,25.0,10.0,0.0,1.0,0.0,3.0,1.0,0.0,1.0,0.0,0.0,0.0,0.0,1786762,6.0,15.0,16.0,0.4,0.4230769230769231,0.6,1.023076923076923,0.023076923076923,0.1999999999999999,0.0,0.0,0.0,0.4,0.2,0.0,0.0,0.3403846153846154,5.357142857142857,9.040178571428571,7.93,1.0,2026,대구,1.0406172533521605,0.4593888575397387,2.222449856884258,151.8434313894524,0
2026-04-04,삼성,김성윤,6.0,6.0,28.0,26.0,10.0,0.0,1.0,1.0,3.0,1.0,0.0,1.0,0.0,0.0,0.0,0.0,1786762,6.0,15.0,17.0,0.3846153846153846,0.4074074074074074,0.5769230769230769,0.9843304843304844,0.0227920227920227,0.1923076923076922,0.0357142857142857,0.0,0.0,0.4,0.1923076923076923,0.0,0.0,0.3275641025641025,5.172413793103448,8.21501014198783,7.832,0.9411764705882352,2026,대구,1.0406172533521605,0.4422570656234229,1.8481274887146384,141.4657009811641,0
2026-04-05,삼성,김성윤,6.0,6.0,28.0,26.0,10.0,0.0,1.0,1.0,3.0,1.0,0.0,1.0,0.0,0.0,0.0,0.0,1786762,6.0,15.0,17.0,0.3846153846153846,0.4074074074074074,0.5769230769230769,0.9843304843304844,0.0227920227920227,0.1923076923076922,0.0357142857142857,0.0,0.0,0.4,0.1923076923076923,0.0,0.0,0.3275641025641025,5.172413793103448,8.21501014198783,7.832,0.9411764705882352,2026,대구,1.0406172533521605,0.4440256926954067,1.9535518211241103,146.52518039075673,0
2026-04-06,삼성,김성윤,6.0,6.0,28.0,26.0,10.0,0.0,1.0,1.0,3.0,1.0,0.0,1.0,0.0,0.0,0.0,0.0,1786762,6.0,15.0,17.0,0.3846153846153846,0.4074074074074074,0.5769230769230769,0.9843304843304844,0.0227920227920227,0.1923076923076922,0.0357142857142857,0.0,0.0,0.4,0.1923076923076923,0.0,0.0,0.3275641025641025,5.172413793103448,8.21501014198783,7.832,0.9411764705882352,2026,대구,1.0406172533521605,0.4440256926954067,1.9535518211241103,146.52518039075673,0
2026-04-07,삼성,김성윤,6.0,6.0,28.0,26.0,10.0,0.0,1.0,1.0,3.0,1.0,0.0,1.0,0.0,0.0,0.0,0.0,1786762,6.0,15.0,17.0,0.3846153846153846,0.4074074074074074,0.5769230769230769,0.9843304843304844,0.0227920227920227,0.1923076923076922,0.0357142857142857,0.0,0.0,0.4,0.1923076923076923,0.0,0.0,0.3275641025641025,5.172413793103448,8.21501014198783,7.832,0.9411764705882352,2026,대구,1.0406172533521605,0.44663129248807,2.0642109892924667,151.08700148811266,0
2026-04-08,삼성,김성윤,6.0,6.0,28.0,26.0,10.0,0.0,1.0,1.0,3.0,1.0,0.0,1.0,0.0,0.0,0.0,0.0,1786762,6.0,15.0,17.0,0.3846153846153846,0.4074074074074074,0.5769230769230769,0.9843304843304844,0.0227920227920227,0.1923076923076922,0.0357142857142857,0.0,0.0,0.4,0.1923076923076923,0.0,0.0,0.3275641025641025,5.172413793103448,8.21501014198783,7.832,0.9411764705882352,2026,대구,1.0406172533521605,0.44551028640633,2.029519176486035,150.24709926665557,0
2026-04-09,삼성,김성윤,6.0,6.0,28.0,26.0,10.0,0.0,1.0,1.0,3.0,1.0,0.0,1.0,0.0,0.0,0.0,0.0,1786762,6.0,15.0,17.0,0.3846153846153846,0.4074074074074074,0.5769230769230769,0.9843304843304844,0.0227920227920227,0.1923076923076922,0.0357142857142857,0.0,0.0,0.4,0.1923076923076923,0.0,0.0,0.3275641025641025,5.172413793103448,8.21501014198783,7.832,0.9411764705882352,2026,대구,1.0406172533521605,0.44551028640633,2.029519176486035,150.24709926665557,0
2026-04-10,삼성,김성윤,6.0,6.0,28.0,26.0,10.0,0.0,1.0,1.0,3.0,1.0,0.0,1.0,0.0,0.0,0.0,0.0,1786762,6.0,15.0,17.0,0.3846153846153846,0.4074074074074074,0.5769230769230769,0.9843304843304844,0.0227920227920227,0.1923076923076922,0.0357142857142857,0.0,0.0,0.4,0.1923076923076923,0.0,0.0,0.3275641025641025,5.172413793103448,8.21501014198783,7.832,0.9411764705882352,2026,대구,1.0406172533521605,0.4444066580634049,2.0348029546695026,150.3873305946476,0
2026-04-11,삼성,김성윤,6.0,6.0,28.0,26.0,10.0,0.0,1.0,1.0,3.0,1.0,0.0,1.0,0.0,0.0,0.0,0.0,1786762,6.0,15.0,17.0,0.3846153846153846,0.4074074074074074,0.5769230769230769,0.9843304843304844,0.0227920227920227,0.1923076923076922,0.0357142857142857,0.0,0.0,0.4,0.1923076923076923,0.0,0.0,0.3275641025641025,5.172413793103448,8.21501014198783,7.832,0.9411764705882352,2026,대구,1.0406172533521605,0.4453152855428719,2.088750154420458,152.70285754440243,0
2026-04-12,삼성,김성윤,6.0,6.0,28.0,26.0,10.0,0.0,1.0,1.0,3.0,1.0,0.0,1.0,0.0,0.0,0.0,0.0,1786762,6.0,15.0,17.0,0.3846153846153846,0.4074074074074074,0.5769230769230769,0.9843304843304844,0.0227920227920227,0.1923076923076922,0.0357142857142857,0.0,0.0,0.4,0.1923076923076923,0.0,0.0,0.3275641025641025,5.172413793103448,8.21501014198783,7.832,0.9411764705882352,2026,대구,1.0406172533521605,0.4454748698564645,2.13245729901219,154.49052982642908,0
2026-04-02,한화,김태연,0.0,1.0,2.0,1.0,1.0,0.0,1.0,0.0,0.0,0.0,0.0,0.0,0.0,0.0,0.0,0.0,1795455,1.0,1.0,0.0,1.0,1.0,1.0,2.0,0.0,0.0,0.0,0.0,0.0,1.0,0.0,0.0,0.0,0.7,0.6666666666666666,0.0,0.8400000000000001,0.0,2026,대전,1.019564452032887,0.8768400080396124,0.9270658682634731,406.17410139582086,0
2026-04-03,한화,김태연,0.0,1.0,2.0,1.0,1.0,0.0,1.0,0.0,0.0,0.0,0.0,0.0,0.0,0.0,0.0,0.0,1795455,1.0,1.0,0.0,1.0,1.0,1.0,2.0,0.0,0.0,0.0,0.0,0.0,1.0,0.0,0.0,0.0,0.7,0.6666666666666666,0.0,0.8400000000000001,0.0,2026,대전,1.019564452032887,0.8776646091360651,0.9153961322520277,408.9020495710642,0
2026-04-04,한화,김태연,0.0,1.0,2.0,1.0,1.0,0.0,1.0,0.0,0.0,0.0,0.0,0.0,0.0,0.0,0.0,0.0,1795455,1.0,1.0,0.0,1.0,1.0,1.0,2.0,0.0,0.0,0.0,0.0,0.0,1.0,0.0,0.0,0.0,0.7,0.6666666666666666,0.0,0.8400000000000001,0.0,2026,대전,1.019564452032887,0.8765558556283655,0.9084783769353976,411.36044265169306,0
2026-04-05,한화,김태연,0.0,1.0,6.0,5.0,1.0,0.0,1.0,2.0,0.0,0.0,0.0,0.0,0.0,0.0,0.0,0.0,1795455,1.0,1.0,4.0,0.2,0.3333333333333333,0.2,0.5333333333333333,0.1333333333333333,0.0,0.3333333333333333,0.0,0.0,0.3333333333333333,0.0,0.0,0.0,0.2,0.2857142857142857,1.9285714285714284,0.8240000000000001,0.5,2026,대전,1.019564452032887,0.2912665242660092,-0.3738096263324703,52.87143808912895,0
2026-04-06,한화,김태연,0.0,1.0,6.0,5.0,1.0,0.0,1.0,2.0,0.0,0.0,0.0,0.0,0.0,0.0,0.0,0.0,1795455,1.0,1.0,4.0,0.2,0.3333333333333333,0.2,0.5333333333333333,0.1333333333333333,0.0,0.3333333333333333,0.0,0.0,0.3333333333333333,0.0,0.0,0.0,0.2,0.2857142857142857,1.9285714285714284,0.8240000000000001,0.5,2026,대전,1.019564452032887,0.2912665242660092,-0.3738096263324703,52.87143808912895,0
2026-04-07,한화,김태연,0.0,1.0,6.0,5.0,1.0,0.0,1.0,2.0,0.0,0.0,0.0,0.0,0.0,0.0,0.0,0.0,1795455,1.0,1.0,4.0,0.2,0.3333333333333333,0.2,0.5333333333333333,0.1333333333333333,0.0,0.3333333333333333,0.0,0.0,0.3333333333333333,0.0,0.0,0.0,0.2,0.2857142857142857,1.9285714285714284,0.8240000000000001,0.5,2026,대전,1.019564452032887,0.2915131342807976,-0.3418099042778577,55.42754059397637,0
2026-04-08,한화,김태연,0.0,1.0,6.0,5.0,1.0,0.0,1.0,2.0,0.0,0.0,0.0,0.0,0.0,0.0,0.0,0.0,1795455,1.0,1.0,4.0,0.2,0.3333333333333333,0.2,0.5333333333333333,0.1333333333333333,0.0,0.3333333333333333,0.0,0.0,0.3333333333333333,0.0,0.0,0.0,0.2,0.2857142857142857,1.9285714285714284,0.8240000000000001,0.5,2026,대전,1.019564452032887,0.2909325069843285,-0.3500865976144041,54.32563286422627,0
2026-04-09,한화,김태연,0.0,1.0,6.0,5.0,1.0,0.0,1.0,2.0,0.0,0.0,0.0,0.0,0.0,0.0,0.0,0.0,1795455,1.0,1.0,4.0,0.2,0.3333333333333333,0.2,0.5333333333333333,0.1333333333333333,0.0,0.3333333333333333,0.0,0.0,0.3333333333333333,0.0,0.0,0.0,0.2,0.2857142857142857,1.9285714285714284,0.8240000000000001,0.5,2026,대전,1.019564452032887,0.2909325069843285,-0.3500865976144041,54.32563286422627,0
2026-04-10,한화,김태연,0.0,2.0,6.0,5.0,1.0,0.0,1.0,2.0,0.0,0.0,0.0,0.0,0.0,0.0,0.0,0.0,1795455,1.0,1.0,4.0,0.2,0.3333333333333333,0.2,0.5333333333333333,0.1333333333333333,0.0,0.3333333333333333,0.0,0.0,0.3333333333333333,0.0,0.0,0.0,0.2,0.2857142857142857,1.9285714285714284,0.8240000000000001,0.5,2026,대전,1.019564452032887,0.2901255140214549,-0.3484713101063741,54.528272666566416,0
2026-04-11,한화,김태연,0.0,2.0,6.0,5.0,1.0,0.0,1.0,2.0,0.0,0.0,0.0,0.0,0.0,0.0,0.0,0.0,1795455,1.0,1.0,4.0,0.2,0.3333333333333333,0.2,0.5333333333333333,0.1333333333333333,0.0,0.3333333333333333,0.0,0.0,0.3333333333333333,0.0,0.0,0.0,0.2,0.2857142857142857,1.9285714285714284,0.8240000000000001,0.5,2026,대전,1.019564452032887,0.289889913151161,-0.332337951507163,55.89548646754765,0
2026-04-12,한화,김태연,0.0,2.0,7.0,6.0,1.0,0.0,1.0,2.0,0.0,0.0,0.0,0.0,0.0,0.0,0.0,0.0,1795455,1.0,1.0,5.0,0.1666666666666666,0.2857142857142857,0.1666666666666666,0.4523809523809523,0.119047619047619,0.0,0.2857142857142857,0.0,0.0,0.25,0.0,0.0,0.0,0.1702380952380952,0.25,1.35,0.914,0.4,2026,대전,1.019564452032887,0.2480905755516035,-0.613488959856982,30.663706894410268,0
2026-03-28,KIA,한준수,0.0,0.0,1.0,0.0,0.0,1.0,0.0,0.0,0.0,0.0,0.0,0.0,0.0,0.0,0.0,1.0,1797505,0.0,0.0,0.0,0.0,1.0,0.0,1.0,1.0,0.0,0.0,1.0,0.0,0.0,0.0,0.0,0.0,0.45,0.0,0.0,0.25,0.0,2026,광주,0.9987402594586288,0.0,-0.3372542180402336,-126.0937783543888,0
2026-03-29,KIA,한준수,1.0,1.0,5.0,4.0,2.0,1.0,0.0,1.0,2.0,0.0,0.0,0.0,0.0,1.0,0.0,1.0,1797505,0.0,4.0,3.0,0.5,0.6,1.0,1.6,0.0999999999999999,0.5,0.2,0.2,1.0,0.6666666666666666,0.75,0.0,0.0,0.52,1.3333333333333333,12.0,1.3119999999999998,1.6666666666666667,2026,광주,0.9987402594586288,0.6327406894518527,1.207977413830015,255.6762964196329,0
2026-03-30,KIA,한준수,1.0,1.0,5.0,4.0,2.0,1.0,0.0,1.0,2.0,0.0,0.0,0.0,0.0,1.0,0.0,1.0,1797505,0.0,4.0,3.0,0.5,0.6,1.0,1.6,0.0999999999999999,0.5,0.2,0.2,1.0,0.6666666666666666,0.75,0.0,0.0,0.52,1.3333333333333333,12.0,1.3119999999999998,1.6666666666666667,2026,광주,0.9987402594586288,0.6327406894518527,1.207977413830015,255.6762964196329,0
2026-03-31,KIA,한준수,1.0,1.0,10.0,7.0,2.0,3.0,0.0,2.0,2.0,0.0,0.0,0.0,0.0,1.0,0.0,1.0,1797505,0.0,4.0,6.0,0.2857142857142857,0.5,0.5714285714285714,1.0714285714285714,0.2142857142857143,0.2857142857142857,0.2,0.3,1.5,0.4,0.7142857142857143,0.0,0.0,0.3678571428571429,1.2307692307692308,5.538461538461539,2.074,1.1666666666666667,2026,광주,0.9987402594586288,0.4578428330600257,0.8046210224502791,155.0576687219589,0
2026-04-01,KIA,한준수,1.0,1.0,11.0,7.0,2.0,4.0,0.0,2.0,2.0,0.0,0.0,0.0,0.0,1.0,0.0,1.0,1797505,0.0,4.0,6.0,0.2857142857142857,0.5454545454545454,0.5714285714285714,1.1168831168831168,0.2597402597402597,0.2857142857142857,0.1818181818181818,0.3636363636363636,2.0,0.4,0.8571428571428571,0.0,0.0,0.3883116883116883,1.3333333333333333,6.0,2.414,1.3333333333333333,2026,광주,0.9987402594586288,0.489094977996061,1.190680272108844,171.26353965696123,0
2026-04-02,KIA,한준수,1.0,1.0,13.0,9.0,2.0,4.0,0.0,2.0,2.0,0.0,0.0,0.0,0.0,1.0,0.0,1.0,1797505,0.0,4.0,8.0,0.2222222222222222,0.4615384615384615,0.4444444444444444,0.905982905982906,0.2393162393162393,0.2222222222222222,0.1538461538461538,0.3076923076923077,2.0,0.2857142857142857,0.6666666666666666,0.0,0.0,0.3188034188034188,1.1764705882352942,3.9705882352941178,2.594,1.0,2026,광주,0.9987402594586288,0.4075860440978511,0.4893085200566603,125.14633575525924,0
2026-04-03,KIA,한준수,2.0,2.0,16.0,11.0,3.0,4.0,0.0,2.0,2.0,0.0,1.0,1.0,0.0,1.0,0.0,1.0,1797505,0.0,8.0,10.0,0.2727272727272727,0.4666666666666667,0.7272727272727273,1.193939393939394,0.1939393939393939,0.4545454545454546,0.125,0.25,2.0,0.25,0.8181818181818182,16.0,11.0,0.3918181818181818,2.0,5.4,4.164000000000001,1.2,2026,광주,0.9987402594586288,0.4877509569569821,1.7242682159342355,173.3187978092907,0
2026-04-04,KIA,한준수,2.0,2.0,19.0,12.0,3.0,6.0,0.0,3.0,2.0,0.0,1.0,1.0,0.0,1.0,0.0,1.0,1797505,0.0,8.0,11.0,0.25,0.5,0.6666666666666666,1.1666666666666663,0.25,0.4166666666666666,0.1578947368421052,0.3157894736842105,2.0,0.25,0.9166666666666666,19.0,12.0,0.3916666666666666,2.24,5.498181818181819,4.746,1.2727272727272727,2026,광주,0.9987402594586288,0.4931555612147761,2.118584932095339,177.03750974687142,0
2026-04-05,KIA,한준수,3.0,2.0,22.0,13.0,3.0,7.0,0.0,3.0,2.0,0.0,1.0,1.0,1.0,1.0,0.0,1.0,1797505,0.0,8.0,13.0,0.2307692307692307,0.4761904761904761,0.6153846153846154,1.0915750915750917,0.2454212454212453,0.3846153846153846,0.1363636363636363,0.3181818181818182,2.333333333333333,0.2,0.9230769230769232,22.0,13.0,0.3681318681318681,1.9310344827586208,4.0106100795755975,5.546,1.1538461538461535,2026,광주,0.9987402594586288,0.4596391904441855,1.8319114473545863,160.50039889640175,0
2026-04-06,KIA,한준수,3.0,2.0,22.0,13.0,3.0,7.0,0.0,3.0,2.0,0.0,1.0,1.0,1.0,1.0,0.0,1.0,1797505,0.0,8.0,13.0,0.2307692307692307,0.4761904761904761,0.6153846153846154,1.0915750915750917,0.2454212454212453,0.3846153846153846,0.1363636363636363,0.3181818181818182,2.333333333333333,0.2,0.9230769230769232,22.0,13.0,0.3681318681318681,1.9310344827586208,4.0106100795755975,5.546,1.1538461538461535,2026,광주,0.9987402594586288,0.4596391904441855,1.8319114473545863,160.50039889640175,0
2026-04-07,KIA,한준수,3.0,2.0,23.0,14.0,3.0,7.0,0.0,3.0,2.0,0.0,1.0,1.0,1.0,1.0,0.0,1.0,1797505,0.0,8.0,14.0,0.2142857142857142,0.4545454545454545,0.5714285714285714,1.025974025974026,0.2402597402597402,0.3571428571428571,0.1304347826086956,0.3043478260869565,2.333333333333333,0.1818181818181818,0.8571428571428571,23.0,14.0,0.3474025974025974,1.8666666666666667,3.6,5.636,1.0714285714285714,2026,광주,0.9987402594586288,0.4401257462771347,1.5695376816022115,151.17451655413643,0
2026-04-08,KIA,한준수,3.0,3.0,28.0,17.0,5.0,9.0,0.0,3.0,2.0,0.0,1.0,1.0,1.0,1.0,0.0,1.0,1797505,2.0,10.0,15.0,0.2941176470588235,0.5185185185185185,0.5882352941176471,1.1067538126361656,0.2244008714596949,0.2941176470588235,0.1071428571428571,0.3214285714285714,3.0,0.2857142857142857,0.8235294117647058,28.0,17.0,0.3803921568627451,2.972972972972973,5.351351351351351,7.406,1.2666666666666666,2026,광주,0.9987402594586288,0.4866526210138563,3.004529496024574,180.52554223819808,0
2026-04-09,KIA,한준수,3.0,3.0,28.0,17.0,5.0,9.0,0.0,3.0,2.0,0.0,1.0,1.0,1.0,1.0,0.0,1.0,1797505,2.0,10.0,15.0,0.2941176470588235,0.5185185185185185,0.5882352941176471,1.1067538126361656,0.2244008714596949,0.2941176470588235,0.1071428571428571,0.3214285714285714,3.0,0.2857142857142857,0.8235294117647058,28.0,17.0,0.3803921568627451,2.972972972972973,5.351351351351351,7.406,1.2666666666666666,2026,광주,0.9987402594586288,0.4866526210138563,3.004529496024574,180.52554223819808,0
2026-04-10,KIA,한준수,3.0,3.0,32.0,21.0,5.0,9.0,0.0,3.0,2.0,0.0,1.0,1.0,1.0,1.0,0.0,1.0,1797505,2.0,10.0,19.0,0.238095238095238,0.4516129032258064,0.4761904761904761,0.9278033794162824,0.2135176651305683,0.238095238095238,0.09375,0.28125,3.0,0.2222222222222222,0.6666666666666666,32.0,21.0,0.3222734254992319,2.682926829268293,3.8125802310654686,7.765999999999999,1.0,2026,광주,0.9987402594586288,0.4206776114535532,1.6819730167617906,139.507729580154,0
2026-04-11,KIA,한준수,4.0,4.0,36.0,24.0,7.0,10.0,0.0,3.0,3.0,0.0,1.0,1.0,1.0,2.0,0.0,1.0,1797505,3.0,13.0,21.0,0.2916666666666667,0.4857142857142857,0.5416666666666666,1.0273809523809525,0.194047619047619,0.2499999999999999,0.0833333333333333,0.2777777777777778,3.333333333333333,0.2857142857142857,0.6666666666666666,36.0,24.0,0.3539880952380952,3.6739130434782608,4.72360248447205,9.045999999999998,1.0952380952380951,2026,광주,0.9987402594586288,0.4602666040785201,3.1356917994859668,166.4055706838969,0
2026-04-12,KIA,한준수,7.0,8.0,41.0,29.0,11.0,10.0,0.0,3.0,4.0,0.0,2.0,1.0,1.0,2.0,0.0,1.0,1797505,5.0,21.0,22.0,0.3793103448275862,0.525,0.7241379310344828,1.2491379310344828,0.1456896551724138,0.3448275862068966,0.073170731707317,0.2439024390243902,3.333333333333333,0.36,0.6896551724137931,20.5,14.5,0.4172844827586207,7.0,8.590909090909092,12.295999999999998,1.4090909090909092,2026,광주,0.9987402594586288,0.5355408189583084,6.186937916375501,216.14072604102336,0
2026-04-02,롯데,한동희,0.0,0.0,4.0,4.0,0.0,0.0,0.0,2.0,0.0,0.0,0.0,0.0,0.0,1.0,0.0,0.0,1797510,0.0,0.0,5.0,0.0,0.0,0.0,0.0,0.0,0.0,0.5,0.0,0.0,0.0,0.0,0.0,0.0,0.0,-0.0,-0.0,-0.386,0.0,2026,사직,1.0488000917921212,0.0,-1.3291401528739757,-125.76435830265967,0
2026-04-03,롯데,한동희,0.0,1.0,8.0,8.0,3.0,0.0,0.0,2.0,1.0,0.0,0.0,0.0,0.0,1.0,0.0,0.0,1797510,2.0,4.0,6.0,0.375,0.375,0.5,0.875,0.0,0.125,0.25,0.0,0.0,0.5,0.125,0.0,0.0,0.29375,1.0,4.5,1.424,0.6666666666666666,2026,사직,1.0488000917921212,0.3980689242770319,0.2182469223232834,113.64855658926116,0
2026-04-04,롯데,한동희,2.0,2.0,12.0,11.0,5.0,1.0,0.0,2.0,2.0,0.0,0.0,0.0,0.0,1.0,0.0,0.0,1797510,3.0,7.0,7.0,0.4545454545454545,0.5,0.6363636363636364,1.1363636363636362,0.0454545454545454,0.1818181818181818,0.1666666666666666,0.0833333333333333,0.5,0.5555555555555556,0.2727272727272727,0.0,0.0,0.3840909090909091,2.6923076923076925,10.384615384615383,3.0739999999999994,1.1428571428571428,2026,사직,1.0488000917921212,0.5161173442997274,1.584369579206783,186.18980572082856,0
2026-04-05,롯데,한동희,2.0,2.0,17.0,15.0,5.0,2.0,0.0,2.0,2.0,0.0,0.0,0.0,0.0,1.0,0.0,0.0,1797510,3.0,7.0,11.0,0.3333333333333333,0.4117647058823529,0.4666666666666667,0.8784313725490196,0.0784313725490196,0.1333333333333333,0.1176470588235294,0.1176470588235294,1.0,0.3846153846153846,0.2666666666666666,0.0,0.0,0.3019607843137255,2.210526315789474,5.425837320574163,3.774,0.8181818181818182,2026,사직,1.0488000917921212,0.410487939435749,0.6931563465399572,124.6833304997452,0
2026-04-06,롯데,한동희,2.0,2.0,17.0,15.0,5.0,2.0,0.0,2.0,2.0,0.0,0.0,0.0,0.0,1.0,0.0,0.0,1797510,3.0,7.0,11.0,0.3333333333333333,0.4117647058823529,0.4666666666666667,0.8784313725490196,0.0784313725490196,0.1333333333333333,0.1176470588235294,0.1176470588235294,1.0,0.3846153846153846,0.2666666666666666,0.0,0.0,0.3019607843137255,2.210526315789474,5.425837320574163,3.774,0.8181818181818182,2026,사직,1.0488000917921212,0.410487939435749,0.6931563465399572,124.6833304997452,0
2026-04-07,롯데,한동희,3.0,3.0,22.0,20.0,7.0,2.0,0.0,4.0,2.0,0.0,0.0,0.0,0.0,1.0,0.0,0.0,1797510,5.0,9.0,14.0,0.35,0.4090909090909091,0.45,0.8590909090909091,0.0590909090909091,0.1,0.1818181818181818,0.0909090909090909,0.5,0.4375,0.2,0.0,0.0,0.2965909090909091,3.0,5.785714285714286,4.667999999999999,0.7857142857142857,2026,사직,1.0488000917921212,0.4049729880168697,0.849725132228411,124.01316255449416,0
2026-04-08,롯데,한동희,3.0,5.0,26.0,24.0,9.0,2.0,0.0,4.0,2.0,0.0,0.0,0.0,0.0,1.0,0.0,0.0,1797510,7.0,11.0,16.0,0.375,0.4230769230769231,0.4583333333333333,0.8814102564102564,0.048076923076923,0.0833333333333333,0.1538461538461538,0.0769230769230769,0.5,0.45,0.1666666666666666,0.0,0.0,0.3049679487179487,3.928571428571429,6.629464285714286,5.847999999999999,0.8125,2026,사직,1.0488000917921212,0.414930432128818,1.2116217880266602,130.03635399949732,0
2026-04-09,롯데,한동희,3.0,5.0,26.0,24.0,9.0,2.0,0.0,4.0,2.0,0.0,0.0,0.0,0.0,1.0,0.0,0.0,1797510,7.0,11.0,16.0,0.375,0.4230769230769231,0.4583333333333333,0.8814102564102564,0.048076923076923,0.0833333333333333,0.1538461538461538,0.0769230769230769,0.5,0.45,0.1666666666666666,0.0,0.0,0.3049679487179487,3.928571428571429,6.629464285714286,5.847999999999999,0.8125,2026,사직,1.0488000917921212,0.414930432128818,1.2116217880266602,130.03635399949732,0
2026-04-10,롯데,한동희,3.0,5.0,30.0,28.0,12.0,2.0,0.0,5.0,2.0,0.0,0.0,0.0,0.0,1.0,0.0,0.0,1797510,10.0,14.0,17.0,0.4285714285714285,0.4666666666666667,0.5,0.9666666666666668,0.0380952380952381,0.0714285714285714,0.1666666666666666,0.0666666666666666,0.4,0.5217391304347826,0.1428571428571428,0.0,0.0,0.335,5.6875,9.033088235294118,7.249999999999999,0.9411764705882352,2026,사직,1.0488000917921212,0.4533745090218407,2.4081480815738225,155.263388651079,0
2026-04-11,롯데,한동희,4.0,5.0,35.0,33.0,12.0,2.0,0.0,6.0,2.0,0.0,0.0,0.0,0.0,1.0,0.0,0.0,1797510,10.0,14.0,22.0,0.3636363636363636,0.4,0.4242424242424242,0.8242424242424242,0.0363636363636363,0.0606060606060606,0.1714285714285714,0.0571428571428571,0.3333333333333333,0.4444444444444444,0.1212121212121212,0.0,0.0,0.286060606060606,4.918918918918919,6.036855036855038,7.511999999999999,0.7272727272727273,2026,사직,1.0488000917921212,0.3888630253024648,0.9584801186771696,115.95837554381386,0
2026-04-12,롯데,한동희,4.0,5.0,39.0,37.0,13.0,2.0,0.0,6.0,2.0,0.0,0.0,0.0,0.0,2.0,0.0,0.0,1797510,11.0,15.0,26.0,0.3513513513513513,0.3846153846153846,0.4054054054054054,0.7900207900207901,0.0332640332640332,0.054054054054054,0.1538461538461538,0.0512820512820512,0.3333333333333333,0.4193548387096774,0.1081081081081081,0.0,0.0,0.2744282744282744,4.7560975609756095,4.939024390243902,7.911999999999997,0.6538461538461539,2026,사직,1.0488000917921212,0.3730542753006326,0.6263614750869475,107.46756789659057,0
2026-03-28,SSG,박성한,0.0,1.0,5.0,3.0,1.0,2.0,0.0,0.0,0.0,0.0,0.0,0.0,0.0,0.0,0.0,0.0,1838428,1.0,1.0,2.0,0.3333333333333333,0.6,0.3333333333333333,0.9333333333333332,0.2666666666666666,0.0,0.0,0.4,0.0,0.3333333333333333,0.6666666666666666,0.0,0.0,0.3533333333333333,0.4285714285714285,5.785714285714286,1.36,1.5,2026,문학,1.027807913649001,0.516286325433877,0.607013303049968,178.6523779058033,0
2026-03-29,SSG,박성한,2.0,3.0,10.0,5.0,2.0,5.0,0.0,0.0,1.0,0.0,0.0,0.0,0.0,0.0,0.0,0.0,1838428,1.0,3.0,3.0,0.4,0.7,0.6,1.2999999999999998,0.2999999999999999,0.1999999999999999,0.0,0.5,0.0,0.4,1.2,0.0,0.0,0.4649999999999999,1.4,12.6,3.19,2.6666666666666665,2026,문학,1.027807913649001,0.611609871189575,2.217535859558981,239.99440205439737,0
2026-03-30,SSG,박성한,2.0,3.0,10.0,5.0,2.0,5.0,0.0,0.0,1.0,0.0,0.0,0.0,0.0,0.0,0.0,0.0,1838428,1.0,3.0,3.0,0.4,0.7,0.6,1.2999999999999998,0.2999999999999999,0.1999999999999999,0.0,0.5,0.0,0.4,1.2,0.0,0.0,0.4649999999999999,1.4,12.6,3.19,2.6666666666666665,2026,문학,1.027807913649001,0.611609871189575,2.217535859558981,239.99440205439737,0
2026-03-31,SSG,박성한,4.0,3.0,15.0,9.0,3.0,6.0,0.0,0.0,1.0,0.0,0.0,0.0,0.0,0.0,0.0,0.0,1838428,2.0,4.0,6.0,0.3333333333333333,0.6,0.4444444444444444,1.0444444444444445,0.2666666666666666,0.1111111111111111,0.0,0.4,0.0,0.3333333333333333,0.7777777777777778,0.0,0.0,0.3811111111111111,1.7142857142857142,7.714285714285714,4.3,1.6666666666666667,2026,문학,1.027807913649001,0.5228438121231195,2.082196586599243,191.98729111707627,0
2026-04-01,SSG,박성한,4.0,3.0,19.0,13.0,5.0,6.0,0.0,0.0,2.0,0.0,0.0,0.0,0.0,0.0,0.0,0.0,1838428,3.0,7.0,8.0,0.3846153846153846,0.5789473684210527,0.5384615384615384,1.117408906882591,0.194331983805668,0.1538461538461538,0.0,0.3157894736842105,0.0,0.3846153846153846,0.6153846153846154,0.0,0.0,0.3951417004048583,3.08,10.395,5.7,1.625,2026,문학,1.027807913649001,0.5306249372811891,2.786111935683365,193.5891258861587,0
2026-04-02,SSG,박성한,6.0,6.0,23.0,16.0,8.0,7.0,0.0,0.0,4.0,0.0,0.0,0.0,0.0,0.0,0.0,0.0,1838428,4.0,12.0,8.0,0.5,0.6521739130434783,0.75,1.4021739130434785,0.1521739130434782,0.25,0.0,0.3043478260869565,0.0,0.5,0.6875,0.0,0.0,0.4809782608695652,6.0,20.25,7.979999999999999,2.375,2026,문학,1.027807913649001,0.6240683807615625,5.384713706228097,252.84763988812483,0
2026-04-03,SSG,박성한,10.0,8.0,28.0,21.0,12.0,7.0,0.0,0.0,6.0,0.0,0.0,0.0,0.0,0.0,0.0,0.0,1838428,6.0,18.0,9.0,0.5714285714285714,0.6785714285714286,0.8571428571428571,1.5357142857142856,0.1071428571428572,0.2857142857142857,0.0,0.25,0.0,0.5714285714285714,0.6190476190476191,0.0,0.0,0.5196428571428572,9.771428571428572,29.31428571428572,10.510000000000002,2.7777777777777777,2026,문학,1.027807913649001,0.6731582181962777,7.676538159495698,283.42408238646817,0
2026-04-04,SSG,박성한,10.0,9.0,34.0,26.0,14.0,8.0,0.0,0.0,7.0,0.0,0.0,0.0,0.0,0.0,0.0,0.0,1838428,7.0,21.0,12.0,0.5384615384615384,0.6470588235294118,0.8076923076923077,1.4547511312217196,0.1085972850678733,0.2692307692307693,0.0,0.2352941176470588,0.0,0.5384615384615384,0.5769230769230769,0.0,0.0,0.4930995475113122,11.0,24.75,12.34,2.4166666666666665,2026,문학,1.027807913649001,0.6425275883380007,8.331131043090553,266.2338209028403,0
2026-04-05,SSG,박성한,11.0,9.0,39.0,30.0,16.0,9.0,0.0,0.0,7.0,0.0,0.0,0.0,0.0,0.0,0.0,0.0,1838428,9.0,23.0,14.0,0.5333333333333333,0.6410256410256411,0.7666666666666667,1.4076923076923078,0.1076923076923077,0.2333333333333334,0.0,0.2307692307692307,0.0,0.5333333333333333,0.5333333333333333,0.0,0.0,0.4801282051282052,11.979166666666666,23.102678571428573,13.86,2.2857142857142856,2026,문학,1.027807913649001,0.6292298500112702,8.965790019176557,263.90368963292434,0
2026-04-06,SSG,박성한,11.0,9.0,39.0,30.0,16.0,9.0,0.0,0.0,7.0,0.0,0.0,0.0,0.0,0.0,0.0,0.0,1838428,9.0,23.0,14.0,0.5333333333333333,0.6410256410256411,0.7666666666666667,1.4076923076923078,0.1076923076923077,0.2333333333333334,0.0,0.2307692307692307,0.0,0.5333333333333333,0.5333333333333333,0.0,0.0,0.4801282051282052,11.979166666666666,23.102678571428573,13.86,2.2857142857142856,2026,문학,1.027807913649001,0.6292298500112702,8.965790019176557,263.90368963292434,0
2026-04-07,SSG,박성한,11.0,10.0,43.0,33.0,17.0,10.0,0.0,1.0,8.0,0.0,0.0,0.0,0.0,0.0,0.0,0.0,1838428,9.0,25.0,16.0,0.5151515151515151,0.627906976744186,0.7575757575757576,1.3854827343199436,0.1127554615926709,0.2424242424242424,0.0232558139534883,0.2325581395348837,10.0,0.53125,0.5454545454545454,0.0,0.0,0.4719520789288231,12.735849056603774,21.49174528301887,14.912,2.1875,2026,문학,1.027807913649001,0.6210343929769684,9.488376023487575,262.2872005560484,0
2026-04-08,SSG,박성한,11.0,10.0,48.0,36.0,18.0,12.0,0.0,1.0,8.0,1.0,0.0,0.0,0.0,0.0,0.0,0.0,1838428,9.0,28.0,18.0,0.5,0.625,0.7777777777777778,1.4027777777777777,0.125,0.2777777777777778,0.0208333333333333,0.25,12.0,0.5142857142857142,0.6111111111111112,0.0,0.0,0.4756944444444444,14.0,21.0,16.812,2.2222222222222223,2026,문학,1.027807913649001,0.6208197736655013,10.601289485219237,262.7019596375264,0
2026-04-09,SSG,박성한,11.0,10.0,48.0,36.0,18.0,12.0,0.0,1.0,8.0,1.0,0.0,0.0,0.0,0.0,0.0,0.0,1838428,9.0,28.0,18.0,0.5,0.625,0.7777777777777778,1.4027777777777777,0.125,0.2777777777777778,0.0208333333333333,0.25,12.0,0.5142857142857142,0.6111111111111112,0.0,0.0,0.4756944444444444,14.0,21.0,16.812,2.2222222222222223,2026,문학,1.027807913649001,0.6208197736655013,10.601289485219237,262.7019596375264,0
2026-04-10,SSG,박성한,11.0,12.0,52.0,39.0,20.0,13.0,0.0,1.0,9.0,1.0,0.0,0.0,0.0,0.0,0.0,0.0,1838428,10.0,31.0,19.0,0.5128205128205128,0.6346153846153846,0.7948717948717948,1.4294871794871793,0.1217948717948718,0.282051282051282,0.0192307692307692,0.25,13.0,0.5263157894736842,0.6153846153846154,0.0,0.0,0.4842948717948717,15.738461538461538,22.36518218623482,18.462,2.3157894736842106,2026,문학,1.027807913649001,0.6295062112774492,11.93605845482539,269.201455794649,0
2026-04-11,SSG,박성한,13.0,12.0,57.0,44.0,23.0,13.0,0.0,3.0,9.0,1.0,0.0,0.0,0.0,0.0,0.0,0.0,1838428,13.0,34.0,21.0,0.5227272727272727,0.631578947368421,0.7727272727272727,1.4043062200956935,0.1088516746411483,0.25,0.0526315789473684,0.2280701754385964,4.333333333333333,0.5609756097560976,0.5454545454545454,0.0,0.0,0.4773923444976076,17.485714285714284,22.481632653061222,19.766,2.238095238095238,2026,문학,1.027807913649001,0.6246775572570072,12.802507550098614,268.1298768614712,0
2026-04-12,SSG,박성한,13.0,12.0,61.0,48.0,24.0,13.0,0.0,3.0,9.0,1.0,0.0,0.0,0.0,0.0,0.0,0.0,1838428,14.0,35.0,24.0,0.5,0.6065573770491803,0.7291666666666666,1.3357240437158469,0.1065573770491803,0.2291666666666666,0.0491803278688524,0.2131147540983606,4.333333333333333,0.5333333333333333,0.5,0.0,0.0,0.4552424863387978,17.5,19.6875,20.536,2.0,2026,문학,1.027807913649001,0.5989858229067128,12.416618255236976,253.712169915491,0
2026-03-28,한화,강백호,1.0,0.0,6.0,6.0,1.0,0.0,0.0,2.0,0.0,0.0,0.0,0.0,0.0,0.0,0.0,0.0,1882039,1.0,1.0,5.0,0.1666666666666666,0.1666666666666666,0.1666666666666666,0.3333333333333333,0.0,0.0,0.3333333333333333,0.0,0.0,0.25,0.0,0.0,0.0,0.1166666666666666,0.1666666666666666,0.9,0.5740000000000001,0.2,2026,대전,1.019564452032887,0.162799032955909,-1.155763843824356,-31.164915948780813,0
2026-03-29,한화,강백호,6.0,1.0,11.0,11.0,3.0,0.0,0.0,3.0,1.0,0.0,1.0,0.0,0.0,0.0,0.0,0.0,1882039,1.0,7.0,8.0,0.2727272727272727,0.2727272727272727,0.6363636363636364,0.9090909090909092,0.0,0.3636363636363636,0.2727272727272727,0.0,0.0,0.2857142857142857,0.3636363636363636,11.0,11.0,0.2818181818181818,1.9090909090909087,6.443181818181818,2.8160000000000003,0.875,2026,대전,1.019564452032887,0.3707154153375956,-0.0489167201883964,95.18038732834152,0
2026-03-30,한화,강백호,6.0,1.0,11.0,11.0,3.0,0.0,0.0,3.0,1.0,0.0,1.0,0.0,0.0,0.0,0.0,0.0,1882039,1.0,7.0,8.0,0.2727272727272727,0.2727272727272727,0.6363636363636364,0.9090909090909092,0.0,0.3636363636363636,0.2727272727272727,0.0,0.0,0.2857142857142857,0.3636363636363636,11.0,11.0,0.2818181818181818,1.9090909090909087,6.443181818181818,2.8160000000000003,0.875,2026,대전,1.019564452032887,0.3707154153375956,-0.0489167201883964,95.18038732834152,0
2026-03-31,한화,강백호,6.0,1.0,16.0,16.0,5.0,0.0,0.0,5.0,1.0,0.0,1.0,0.0,0.0,0.0,0.0,0.0,1882039,3.0,9.0,11.0,0.3125,0.3125,0.5625,0.875,0.0,0.25,0.3125,0.0,0.0,0.4,0.25,16.0,16.0,0.28125,2.8125,6.903409090909091,3.709999999999999,0.8181818181818182,2026,대전,1.019564452032887,0.3787179432966694,0.1509143303339042,104.48290612143158,0
2026-04-01,한화,강백호,8.0,3.0,22.0,22.0,6.0,0.0,0.0,7.0,1.0,0.0,1.0,0.0,0.0,0.0,0.0,0.0,1882039,4.0,10.0,16.0,0.2727272727272727,0.2727272727272727,0.4545454545454545,0.7272727272727273,0.0,0.1818181818181818,0.3181818181818182,0.0,0.0,0.3571428571428571,0.1818181818181818,22.0,22.0,0.2363636363636363,2.727272727272727,4.602272727272727,4.284,0.625,2026,대전,1.019564452032887,0.316172473132052,-1.1356518243661098,64.1186179138963,0
2026-04-02,한화,강백호,9.0,4.0,27.0,27.0,7.0,0.0,0.0,10.0,1.0,0.0,2.0,0.0,0.0,0.0,0.0,0.0,1882039,4.0,14.0,20.0,0.2592592592592592,0.2592592592592592,0.5185185185185185,0.7777777777777777,0.0,0.2592592592592592,0.3703703703703703,0.0,0.0,0.3333333333333333,0.2592592592592592,13.5,13.5,0.2462962962962963,3.6296296296296298,4.9,5.52,0.7,2026,대전,1.019564452032887,0.3292640095953348,-0.903036093711196,75.8106861077628,0
2026-04-03,한화,강백호,9.0,6.0,32.0,29.0,8.0,3.0,0.0,11.0,1.0,0.0,2.0,0.0,0.0,0.0,0.0,0.0,1882039,5.0,15.0,21.0,0.2758620689655172,0.34375,0.5172413793103449,0.8609913793103449,0.0678879310344827,0.2413793103448276,0.34375,0.09375,0.2727272727272727,0.375,0.3448275862068966,16.0,14.5,0.2839978448275862,4.714285714285714,6.061224489795919,6.941999999999999,0.8571428571428571,2026,대전,1.019564452032887,0.3819447915718049,0.4099240357041417,106.74391168464426,0
2026-04-04,한화,강백호,11.0,8.0,37.0,33.0,10.0,4.0,0.0,11.0,1.0,0.0,2.0,0.0,0.0,0.0,0.0,0.0,1882039,7.0,17.0,23.0,0.303030303030303,0.3783783783783784,0.5151515151515151,0.8935298935298935,0.0753480753480753,0.2121212121212121,0.2972972972972973,0.1081081081081081,0.3636363636363636,0.4,0.3333333333333333,18.5,16.5,0.2990581490581491,5.804878048780488,6.814422057264051,8.462,0.9130434782608696,2026,대전,1.019564452032887,0.4027651983882656,1.1359523138146443,119.22022051821082,0
2026-04-05,한화,강백호,11.0,8.0,41.0,37.0,10.0,4.0,0.0,12.0,1.0,0.0,2.0,0.0,0.0,0.0,0.0,0.0,1882039,7.0,17.0,27.0,0.2702702702702703,0.3414634146341463,0.4594594594594595,0.8009228740936059,0.071193144363876,0.1891891891891892,0.2926829268292683,0.0975609756097561,0.3333333333333333,0.3478260869565217,0.2972972972972973,20.5,18.5,0.2685234014502307,5.288888888888889,5.288888888888888,8.633999999999999,0.7777777777777778,2026,대전,1.019564452032887,0.3654366012494461,0.0747747129774752,99.36589167106284,0
2026-04-06,한화,강백호,11.0,8.0,41.0,37.0,10.0,4.0,0.0,12.0,1.0,0.0,2.0,0.0,0.0,0.0,0.0,0.0,1882039,7.0,17.0,27.0,0.2702702702702703,0.3414634146341463,0.4594594594594595,0.8009228740936059,0.071193144363876,0.1891891891891892,0.2926829268292683,0.0975609756097561,0.3333333333333333,0.3478260869565217,0.2972972972972973,20.5,18.5,0.2685234014502307,5.288888888888889,5.288888888888888,8.633999999999999,0.7777777777777778,2026,대전,1.019564452032887,0.3654366012494461,0.0747747129774752,99.36589167106284,0
2026-04-07,한화,강백호,12.0,8.0,46.0,42.0,12.0,4.0,0.0,12.0,1.0,0.0,2.0,0.0,0.0,0.0,0.0,0.0,1882039,9.0,19.0,30.0,0.2857142857142857,0.3478260869565217,0.4523809523809524,0.8002070393374741,0.062111801242236,0.1666666666666666,0.2608695652173913,0.0869565217391304,0.3333333333333333,0.3571428571428571,0.2619047619047619,23.0,21.0,0.2696169772256729,6.08,5.472,9.903999999999998,0.7666666666666667,2026,대전,1.019564452032887,0.3692490174900951,0.3921827894634869,104.42134362917118,0
2026-04-08,한화,강백호,15.0,9.0,50.0,46.0,13.0,4.0,0.0,12.0,1.0,0.0,3.0,0.0,0.0,0.0,0.0,0.0,1882039,9.0,23.0,33.0,0.2826086956521739,0.34,0.5,0.8400000000000001,0.0573913043478261,0.2173913043478261,0.24,0.08,0.3333333333333333,0.3225806451612903,0.3043478260869565,16.666666666666668,15.333333333333334,0.278,7.24074074074074,5.924242424242424,11.614,0.8181818181818182,2026,대전,1.019564452032887,0.3791643167926962,0.8164666203378269,110.27854723971492,0
2026-04-09,한화,강백호,15.0,9.0,50.0,46.0,13.0,4.0,0.0,12.0,1.0,0.0,3.0,0.0,0.0,0.0,0.0,0.0,1882039,9.0,23.0,33.0,0.2826086956521739,0.34,0.5,0.8400000000000001,0.0573913043478261,0.2173913043478261,0.24,0.08,0.3333333333333333,0.3225806451612903,0.3043478260869565,16.666666666666668,15.333333333333334,0.278,7.24074074074074,5.924242424242424,11.614,0.8181818181818182,2026,대전,1.019564452032887,0.3791643167926962,0.8164666203378269,110.27854723971492,0
2026-04-10,한화,강백호,17.0,11.0,54.0,50.0,15.0,4.0,0.0,12.0,2.0,0.0,4.0,0.0,0.0,0.0,0.0,0.0,1882039,9.0,29.0,35.0,0.3,0.3518518518518518,0.58,0.9318518518518518,0.0518518518518518,0.2799999999999999,0.2222222222222222,0.074074074074074,0.3333333333333333,0.3235294117647059,0.36,13.5,12.5,0.3033333333333333,9.5,7.328571428571428,13.954,0.9428571428571428,2026,대전,1.019564452032887,0.4115736209545633,2.421695485736173,131.6445235099492,0
2026-04-11,한화,강백호,17.0,11.0,58.0,54.0,16.0,4.0,0.0,13.0,2.0,0.0,4.0,0.0,0.0,0.0,0.0,0.0,1882039,10.0,30.0,38.0,0.2962962962962963,0.3448275862068966,0.5555555555555556,0.9003831417624522,0.0485312899106002,0.2592592592592593,0.2241379310344827,0.0689655172413793,0.3076923076923077,0.3243243243243243,0.3333333333333333,14.5,13.5,0.2940613026819924,9.67741935483871,6.876061120543294,14.535999999999998,0.8947368421052632,2026,대전,1.019564452032887,0.4009425425654715,2.174285720033569,126.56933997064309,0
2026-04-12,한화,강백호,17.0,12.0,62.0,56.0,17.0,6.0,0.0,13.0,3.0,0.0,4.0,0.0,0.0,0.0,0.0,0.0,1882039,10.0,32.0,39.0,0.3035714285714285,0.3709677419354839,0.5714285714285714,0.9423963133640552,0.0673963133640553,0.2678571428571428,0.2096774193548387,0.0967741935483871,0.4615384615384615,0.3333333333333333,0.375,15.5,14.0,0.3097926267281106,10.823529411764708,7.493212669683258,16.026,0.9743589743589745,2026,대전,1.019564452032887,0.4211781955716969,3.471780342775089,141.09441811299143,0
2026-03-28,KT,장진혁,0.0,0.0,1.0,1.0,0.0,0.0,0.0,0.0,0.0,0.0,0.0,0.0,0.0,0.0,0.0,0.0,1945252,0.0,0.0,1.0,0.0,0.0,0.0,0.0,0.0,0.0,0.0,0.0,0.0,0.0,0.0,0.0,0.0,0.0,0.0,0.0,0.09,0.0,2026,수원,1.0287682311922934,0.0,-0.3372542180402336,-129.09657552775528,0
2026-03-29,KT,장진혁,0.0,0.0,1.0,1.0,0.0,0.0,0.0,0.0,0.0,0.0,0.0,0.0,0.0,0.0,0.0,0.0,1945252,0.0,0.0,1.0,0.0,0.0,0.0,0.0,0.0,0.0,0.0,0.0,0.0,0.0,0.0,0.0,0.0,0.0,0.0,0.0,0.09,0.0,2026,수원,1.0287682311922934,0.0,-0.3525497752087347,-129.86463992669928,0
2026-03-30,KT,장진혁,0.0,0.0,1.0,1.0,0.0,0.0,0.0,0.0,0.0,0.0,0.0,0.0,0.0,0.0,0.0,0.0,1945252,0.0,0.0,1.0,0.0,0.0,0.0,0.0,0.0,0.0,0.0,0.0,0.0,0.0,0.0,0.0,0.0,0.0,0.0,0.0,0.09,0.0,2026,수원,1.0287682311922934,0.0,-0.3525497752087347,-129.86463992669928,0
2026-03-31,KT,장진혁,0.0,0.0,1.0,1.0,0.0,0.0,0.0,0.0,0.0,0.0,0.0,0.0,0.0,0.0,0.0,0.0,1945252,0.0,0.0,1.0,0.0,0.0,0.0,0.0,0.0,0.0,0.0,0.0,0.0,0.0,0.0,0.0,0.0,0.0,0.0,0.0,0.09,0.0,2026,수원,1.0287682311922934,0.0,-0.3305407649785577,-128.53789672350956,0
2026-04-01,KT,장진혁,0.0,0.0,1.0,1.0,0.0,0.0,0.0,0.0,0.0,0.0,0.0,0.0,0.0,0.0,0.0,0.0,1945252,0.0,0.0,1.0,0.0,0.0,0.0,0.0,0.0,0.0,0.0,0.0,0.0,0.0,0.0,0.0,0.0,0.0,0.0,0.0,0.09,0.0,2026,수원,1.0287682311922934,0.0,-0.343917130488559,-128.8986259967298,0
2026-04-02,KT,장진혁,0.0,1.0,2.0,2.0,0.0,0.0,0.0,1.0,0.0,0.0,0.0,0.0,0.0,0.0,0.0,0.0,1945252,0.0,0.0,2.0,0.0,0.0,0.0,0.0,0.0,0.0,0.5,0.0,0.0,0.0,0.0,0.0,0.0,0.0,0.0,0.0,-0.008,0.0,2026,수원,1.0287682311922934,0.0,-0.6645700764369878,-123.7611722426769,0
2026-04-03,KT,장진혁,0.0,1.0,2.0,2.0,0.0,0.0,0.0,1.0,0.0,0.0,0.0,0.0,0.0,0.0,0.0,0.0,1945252,0.0,0.0,2.0,0.0,0.0,0.0,0.0,0.0,0.0,0.5,0.0,0.0,0.0,0.0,0.0,0.0,0.0,0.0,0.0,-0.008,0.0,2026,수원,1.0287682311922934,0.0,-0.659938910421903,-126.98484489127011,0
2026-04-04,KT,장진혁,0.0,1.0,2.0,2.0,0.0,0.0,0.0,1.0,0.0,0.0,0.0,0.0,0.0,0.0,0.0,0.0,1945252,0.0,0.0,2.0,0.0,0.0,0.0,0.0,0.0,0.0,0.5,0.0,0.0,0.0,0.0,0.0,0.0,0.0,0.0,0.0,-0.008,0.0,2026,수원,1.0287682311922934,0.0,-0.6586885171998035,-130.04594625349492,0
2026-04-05,KT,장진혁,0.0,1.0,2.0,2.0,0.0,0.0,0.0,1.0,0.0,0.0,0.0,0.0,0.0,0.0,0.0,0.0,1945252,0.0,0.0,2.0,0.0,0.0,0.0,0.0,0.0,0.0,0.5,0.0,0.0,0.0,0.0,0.0,0.0,0.0,0.0,0.0,-0.008,0.0,2026,수원,1.0287682311922934,0.0,-0.6282450193518022,-130.63305519022637,0
2026-04-06,KT,장진혁,0.0,1.0,2.0,2.0,0.0,0.0,0.0,1.0,0.0,0.0,0.0,0.0,0.0,0.0,0.0,0.0,1945252,0.0,0.0,2.0,0.0,0.0,0.0,0.0,0.0,0.0,0.5,0.0,0.0,0.0,0.0,0.0,0.0,0.0,0.0,0.0,-0.008,0.0,2026,수원,1.0287682311922934,0.0,-0.6282450193518022,-130.63305519022637,0
2026-04-07,KT,장진혁,0.0,1.0,2.0,2.0,0.0,0.0,0.0,1.0,0.0,0.0,0.0,0.0,0.0,0.0,0.0,0.0,1945252,0.0,0.0,2.0,0.0,0.0,0.0,0.0,0.0,0.0,0.5,0.0,0.0,0.0,0.0,0.0,0.0,0.0,0.0,0.0,-0.008,0.0,2026,수원,1.0287682311922934,0.0,-0.605147880591508,-129.22185014698994,0
2026-04-08,KT,장진혁,0.0,1.0,2.0,2.0,0.0,0.0,0.0,1.0,0.0,0.0,0.0,0.0,0.0,0.0,0.0,0.0,1945252,0.0,0.0,2.0,0.0,0.0,0.0,0.0,0.0,0.0,0.5,0.0,0.0,0.0,0.0,0.0,0.0,0.0,0.0,0.0,-0.008,0.0,2026,수원,1.0287682311922934,0.0,-0.6091708785445379,-131.0919426916132,0
2026-04-09,KT,장진혁,0.0,1.0,2.0,2.0,0.0,0.0,0.0,1.0,0.0,0.0,0.0,0.0,0.0,0.0,0.0,0.0,1945252,0.0,0.0,2.0,0.0,0.0,0.0,0.0,0.0,0.0,0.5,0.0,0.0,0.0,0.0,0.0,0.0,0.0,0.0,0.0,-0.008,0.0,2026,수원,1.0287682311922934,0.0,-0.6091708785445379,-131.0919426916132,0
2026-04-10,KT,장진혁,0.0,1.0,3.0,3.0,0.0,0.0,0.0,2.0,0.0,0.0,0.0,0.0,0.0,0.0,0.0,0.0,1945252,0.0,0.0,3.0,0.0,0.0,0.0,0.0,0.0,0.0,0.6666666666666666,0.0,0.0,0.0,0.0,0.0,0.0,0.0,0.0,0.0,-0.106,0.0,2026,수원,1.0287682311922934,0.0,-0.9118618130796108,-130.61393035914548,0
2026-04-11,KT,장진혁,0.0,1.0,3.0,3.0,0.0,0.0,0.0,2.0,0.0,0.0,0.0,0.0,0.0,0.0,0.0,0.0,1945252,0.0,0.0,3.0,0.0,0.0,0.0,0.0,0.0,0.0,0.6666666666666666,0.0,0.0,0.0,0.0,0.0,0.0,0.0,0.0,0.0,-0.106,0.0,2026,수원,1.0287682311922934,0.0,-0.8935053339545618,-129.51072813791245,0
2026-04-12,KT,장진혁,0.0,1.0,3.0,3.0,0.0,0.0,0.0,2.0,0.0,0.0,0.0,0.0,0.0,0.0,0.0,0.0,1945252,0.0,0.0,3.0,0.0,0.0,0.0,0.0,0.0,0.0,0.6666666666666666,0.0,0.0,0.0,0.0,0.0,0.0,0.0,0.0,0.0,-0.106,0.0,2026,수원,1.0287682311922934,0.0,-0.8805619275587365,-128.53961870785426,0
2026-03-29,NC,오영수,0.0,0.0,1.0,1.0,0.0,0.0,0.0,0.0,0.0,0.0,0.0,0.0,0.0,0.0,0.0,0.0,1958785,0.0,0.0,1.0,0.0,0.0,0.0,0.0,0.0,0.0,0.0,0.0,0.0,0.0,0.0,0.0,0.0,0.0,0.0,0.0,0.09,0.0,2026,창원,1.0100284809306723,0.0,-0.3525497752087347,-127.99066490053715,0
2026-03-30,NC,오영수,0.0,0.0,1.0,1.0,0.0,0.0,0.0,0.0,0.0,0.0,0.0,0.0,0.0,0.0,0.0,0.0,1958785,0.0,0.0,1.0,0.0,0.0,0.0,0.0,0.0,0.0,0.0,0.0,0.0,0.0,0.0,0.0,0.0,0.0,0.0,0.0,0.09,0.0,2026,창원,1.0100284809306723,0.0,-0.3525497752087347,-127.99066490053715,0
2026-03-31,NC,오영수,0.0,0.0,2.0,2.0,0.0,0.0,0.0,1.0,0.0,0.0,0.0,0.0,0.0,0.0,0.0,0.0,1958785,0.0,0.0,2.0,0.0,0.0,0.0,0.0,0.0,0.0,0.5,0.0,0.0,0.0,0.0,0.0,0.0,0.0,0.0,0.0,-0.008,0.0,2026,창원,1.0100284809306723,0.0,-0.6610815299571154,-126.66392169734743,0
2026-04-01,NC,오영수,0.0,0.0,3.0,3.0,0.0,0.0,0.0,2.0,0.0,0.0,0.0,0.0,0.0,0.0,0.0,0.0,1958785,0.0,0.0,3.0,0.0,0.0,0.0,0.0,0.0,0.0,0.6666666666666666,0.0,0.0,0.0,0.0,0.0,0.0,0.0,0.0,0.0,-0.106,0.0,2026,창원,1.0100284809306723,0.0,-1.031751391465677,-127.0246509705677,0
2026-04-02,NC,오영수,0.0,0.0,3.0,3.0,0.0,0.0,0.0,2.0,0.0,0.0,0.0,0.0,0.0,0.0,0.0,0.0,1958785,0.0,0.0,3.0,0.0,0.0,0.0,0.0,0.0,0.0,0.6666666666666666,0.0,0.0,0.0,0.0,0.0,0.0,0.0,0.0,0.0,-0.106,0.0,2026,창원,1.0100284809306723,0.0,-0.9968551146554818,-121.8871972165148,0
2026-04-03,NC,오영수,0.0,0.0,3.0,3.0,0.0,0.0,0.0,2.0,0.0,0.0,0.0,0.0,0.0,0.0,0.0,0.0,1958785,0.0,0.0,3.0,0.0,0.0,0.0,0.0,0.0,0.0,0.6666666666666666,0.0,0.0,0.0,0.0,0.0,0.0,0.0,0.0,0.0,-0.106,0.0,2026,창원,1.0100284809306723,0.0,-0.9899083656328546,-125.110869865108,0
2026-04-04,NC,오영수,0.0,0.0,3.0,3.0,0.0,0.0,0.0,2.0,0.0,0.0,0.0,0.0,0.0,0.0,0.0,0.0,1958785,0.0,0.0,3.0,0.0,0.0,0.0,0.0,0.0,0.0,0.6666666666666666,0.0,0.0,0.0,0.0,0.0,0.0,0.0,0.0,0.0,-0.106,0.0,2026,창원,1.0100284809306723,0.0,-0.9880327757997052,-128.17197122733282,0
2026-04-05,NC,오영수,0.0,0.0,3.0,3.0,0.0,0.0,0.0,2.0,0.0,0.0,0.0,0.0,0.0,0.0,0.0,0.0,1958785,0.0,0.0,3.0,0.0,0.0,0.0,0.0,0.0,0.0,0.6666666666666666,0.0,0.0,0.0,0.0,0.0,0.0,0.0,0.0,0.0,-0.106,0.0,2026,창원,1.0100284809306723,0.0,-0.9423675290277034,-128.75908016406424,0
2026-04-06,NC,오영수,0.0,0.0,3.0,3.0,0.0,0.0,0.0,2.0,0.0,0.0,0.0,0.0,0.0,0.0,0.0,0.0,1958785,0.0,0.0,3.0,0.0,0.0,0.0,0.0,0.0,0.0,0.6666666666666666,0.0,0.0,0.0,0.0,0.0,0.0,0.0,0.0,0.0,-0.106,0.0,2026,창원,1.0100284809306723,0.0,-0.9423675290277034,-128.75908016406424,0
2026-04-07,NC,오영수,0.0,0.0,3.0,3.0,0.0,0.0,0.0,2.0,0.0,0.0,0.0,0.0,0.0,0.0,0.0,0.0,1958785,0.0,0.0,3.0,0.0,0.0,0.0,0.0,0.0,0.0,0.6666666666666666,0.0,0.0,0.0,0.0,0.0,0.0,0.0,0.0,0.0,-0.106,0.0,2026,창원,1.0100284809306723,0.0,-0.9077218208872622,-127.34787512082788,0
2026-04-08,NC,오영수,0.0,0.0,3.0,3.0,0.0,0.0,0.0,2.0,0.0,0.0,0.0,0.0,0.0,0.0,0.0,0.0,1958785,0.0,0.0,3.0,0.0,0.0,0.0,0.0,0.0,0.0,0.6666666666666666,0.0,0.0,0.0,0.0,0.0,0.0,0.0,0.0,0.0,-0.106,0.0,2026,창원,1.0100284809306723,0.0,-0.9137563178168068,-129.2179676654511,0
2026-04-09,NC,오영수,0.0,0.0,3.0,3.0,0.0,0.0,0.0,2.0,0.0,0.0,0.0,0.0,0.0,0.0,0.0,0.0,1958785,0.0,0.0,3.0,0.0,0.0,0.0,0.0,0.0,0.0,0.6666666666666666,0.0,0.0,0.0,0.0,0.0,0.0,0.0,0.0,0.0,-0.106,0.0,2026,창원,1.0100284809306723,0.0,-0.9137563178168068,-129.2179676654511,0
2026-04-10,NC,오영수,0.0,0.0,3.0,3.0,0.0,0.0,0.0,2.0,0.0,0.0,0.0,0.0,0.0,0.0,0.0,0.0,1958785,0.0,0.0,3.0,0.0,0.0,0.0,0.0,0.0,0.0,0.6666666666666666,0.0,0.0,0.0,0.0,0.0,0.0,0.0,0.0,0.0,-0.106,0.0,2026,창원,1.0100284809306723,0.0,-0.9118618130796108,-128.73995533298336,0
2026-04-11,NC,오영수,0.0,0.0,3.0,3.0,0.0,0.0,0.0,2.0,0.0,0.0,0.0,0.0,0.0,0.0,0.0,0.0,1958785,0.0,0.0,3.0,0.0,0.0,0.0,0.0,0.0,0.0,0.6666666666666666,0.0,0.0,0.0,0.0,0.0,0.0,0.0,0.0,0.0,-0.106,0.0,2026,창원,1.0100284809306723,0.0,-0.8935053339545618,-127.63675311175034,0
2026-04-12,NC,오영수,1.0,2.0,7.0,6.0,2.0,1.0,0.0,2.0,0.0,0.0,1.0,0.0,0.0,1.0,0.0,0.0,1958785,1.0,5.0,5.0,0.3333333333333333,0.4285714285714285,0.8333333333333334,1.261904761904762,0.0952380952380952,0.5,0.2857142857142857,0.1428571428571428,0.5,0.3333333333333333,0.6666666666666666,7.0,6.0,0.4011904761904762,1.25,6.75,1.894,1.2,2026,창원,1.0100284809306723,0.5353213675589993,1.0550316826625965,214.87189287453984,0
2026-03-29,두산,이유찬,0.0,0.0,1.0,1.0,0.0,0.0,0.0,1.0,0.0,0.0,0.0,0.0,0.0,0.0,0.0,0.0,1962778,0.0,0.0,1.0,0.0,0.0,0.0,0.0,0.0,0.0,1.0,0.0,0.0,0.0,0.0,0.0,0.0,0.0,0.0,0.0,-0.098,0.0,2026,잠실,0.9512583942824044,0.0,-0.3525497752087347,-122.11365623571038,0
2026-03-30,두산,이유찬,0.0,0.0,1.0,1.0,0.0,0.0,0.0,1.0,0.0,0.0,0.0,0.0,0.0,0.0,0.0,0.0,1962778,0.0,0.0,1.0,0.0,0.0,0.0,0.0,0.0,0.0,1.0,0.0,0.0,0.0,0.0,0.0,0.0,0.0,0.0,0.0,-0.098,0.0,2026,잠실,0.9512583942824044,0.0,-0.3525497752087347,-122.11365623571038,0
2026-03-31,두산,이유찬,0.0,0.0,1.0,1.0,0.0,0.0,0.0,1.0,0.0,0.0,0.0,0.0,0.0,0.0,0.0,0.0,1962778,0.0,0.0,1.0,0.0,0.0,0.0,0.0,0.0,0.0,1.0,0.0,0.0,0.0,0.0,0.0,0.0,0.0,0.0,0.0,-0.098,0.0,2026,잠실,0.9512583942824044,0.0,-0.3305407649785577,-120.78691303252064,0
2026-04-01,두산,이유찬,0.0,0.0,2.0,2.0,0.0,0.0,0.0,1.0,0.0,0.0,0.0,0.0,0.0,0.0,0.0,0.0,1962778,0.0,0.0,2.0,0.0,0.0,0.0,0.0,0.0,0.0,0.5,0.0,0.0,0.0,0.0,0.0,0.0,0.0,0.0,0.0,-0.008,0.0,2026,잠실,0.9512583942824044,0.0,-0.687834260977118,-121.14764230574092,0
2026-04-02,두산,이유찬,1.0,0.0,5.0,4.0,0.0,1.0,0.0,2.0,0.0,0.0,0.0,0.0,0.0,0.0,0.0,0.0,1962778,0.0,0.0,4.0,0.0,0.2,0.0,0.2,0.2,0.0,0.4,0.2,0.5,0.0,0.25,0.0,0.0,0.09,0.0,0.0,0.324,0.25,2026,잠실,0.9512583942824044,0.1555354259523339,-0.9556072187422392,-22.1725940225612,0
2026-04-03,두산,이유찬,1.0,0.0,5.0,4.0,0.0,1.0,0.0,2.0,0.0,0.0,0.0,0.0,0.0,0.0,0.0,0.0,1962778,0.0,0.0,4.0,0.0,0.2,0.0,0.2,0.2,0.0,0.4,0.2,0.5,0.0,0.25,0.0,0.0,0.09,0.0,0.0,0.324,0.25,2026,잠실,0.9512583942824044,0.1554762830341926,-0.9521797547177924,-24.46576337045454,0
2026-04-04,두산,이유찬,1.0,0.0,6.0,5.0,0.0,1.0,0.0,2.0,0.0,0.0,0.0,0.0,0.0,0.0,0.0,0.0,1962778,0.0,0.0,5.0,0.0,0.1666666666666666,0.0,0.1666666666666666,0.1666666666666666,0.0,0.3333333333333333,0.1666666666666666,0.5,0.0,0.2,0.0,0.0,0.075,0.0,0.0,0.4140000000000001,0.2,2026,잠실,0.9512583942824044,0.1293128881527538,-1.2824821045318098,-42.56038930239336,0
2026-04-05,두산,이유찬,2.0,1.0,10.0,7.0,0.0,2.0,1.0,2.0,0.0,0.0,0.0,0.0,0.0,0.0,0.0,0.0,1962778,0.0,0.0,7.0,0.0,0.3,0.0,0.3,0.3,0.0,0.2,0.2,1.0,0.0,0.2857142857142857,0.0,0.0,0.135,0.0,0.0,1.274,0.4285714285714285,2026,잠실,0.9512583942824044,0.2338021536647401,-1.1198369491746067,23.67977423470935,0
2026-04-06,두산,이유찬,2.0,1.0,10.0,7.0,0.0,2.0,1.0,2.0,0.0,0.0,0.0,0.0,0.0,0.0,0.0,0.0,1962778,0.0,0.0,7.0,0.0,0.3,0.0,0.3,0.3,0.0,0.2,0.2,1.0,0.0,0.2857142857142857,0.0,0.0,0.135,0.0,0.0,1.274,0.4285714285714285,2026,잠실,0.9512583942824044,0.2338021536647401,-1.1198369491746067,23.67977423470935,0
2026-04-07,두산,이유찬,3.0,1.0,13.0,9.0,0.0,2.0,1.0,3.0,0.0,0.0,0.0,0.0,1.0,0.0,0.0,0.0,1962778,0.0,0.0,10.0,0.0,0.2307692307692307,0.0,0.2307692307692307,0.2307692307692307,0.0,0.2307692307692307,0.1538461538461538,0.6666666666666666,0.0,0.2222222222222222,0.0,0.0,0.1038461538461538,0.0,0.0,1.636,0.3,2026,잠실,0.9512583942824044,0.1794479921158532,-1.968010617599803,-8.372008916632678,0
2026-04-08,두산,이유찬,3.0,2.0,14.0,10.0,1.0,2.0,1.0,3.0,0.0,0.0,0.0,0.0,1.0,0.0,0.0,0.0,1962778,1.0,1.0,10.0,0.1,0.2857142857142857,0.1,0.3857142857142857,0.1857142857142857,0.0,0.2142857142857142,0.1428571428571428,0.6666666666666666,0.125,0.2,0.0,0.0,0.1535714285714285,0.1764705882352941,0.4764705882352941,2.136,0.4,2026,잠실,0.9512583942824044,0.2341798651993635,-1.4893440737733454,25.16609275794448,0
2026-04-09,두산,이유찬,3.0,2.0,14.0,10.0,1.0,2.0,1.0,3.0,0.0,0.0,0.0,0.0,1.0,0.0,0.0,0.0,1962778,1.0,1.0,10.0,0.1,0.2857142857142857,0.1,0.3857142857142857,0.1857142857142857,0.0,0.2142857142857142,0.1428571428571428,0.6666666666666666,0.125,0.2,0.0,0.0,0.1535714285714285,0.1764705882352941,0.4764705882352941,2.136,0.4,2026,잠실,0.9512583942824044,0.2341798651993635,-1.4893440737733454,25.16609275794448,0
2026-04-10,두산,이유찬,3.0,2.0,15.0,11.0,1.0,2.0,1.0,4.0,0.0,0.0,0.0,0.0,1.0,0.0,0.0,0.0,1962778,1.0,1.0,11.0,0.0909090909090909,0.2666666666666666,0.0909090909090909,0.3575757575757575,0.1757575757575757,0.0,0.2666666666666666,0.1333333333333333,0.5,0.125,0.1818181818181818,0.0,0.0,0.1427272727272727,0.1666666666666666,0.4090909090909091,2.0380000000000003,0.3636363636363636,2026,잠실,0.9512583942824044,0.2179407743996227,-1.7888044332923594,15.523528444702151,0
2026-04-11,두산,이유찬,3.0,2.0,17.0,13.0,1.0,2.0,1.0,4.0,0.0,0.0,0.0,0.0,1.0,0.0,0.0,0.0,1962778,1.0,1.0,13.0,0.0769230769230769,0.2352941176470588,0.0769230769230769,0.3122171945701357,0.1583710407239819,0.0,0.2352941176470588,0.1176470588235294,0.5,0.1,0.1538461538461538,0.0,0.0,0.1251131221719457,0.15,0.3115384615384615,2.2180000000000004,0.3076923076923077,2026,잠실,0.9512583942824044,0.191967913401665,-2.3338514596052624,0.4085667456784181,0
2026-04-12,두산,이유찬,3.0,2.0,17.0,13.0,1.0,2.0,1.0,4.0,0.0,0.0,0.0,0.0,1.0,0.0,0.0,0.0,1962778,1.0,1.0,13.0,0.0769230769230769,0.2352941176470588,0.0769230769230769,0.3122171945701357,0.1583710407239819,0.0,0.2352941176470588,0.1176470588235294,0.5,0.1,0.1538461538461538,0.0,0.0,0.1251131221719457,0.15,0.3115384615384615,2.2180000000000004,0.3076923076923077,2026,잠실,0.9512583942824044,0.1915507565389961,-2.287539847272701,1.421643665128336,0
2026-03-31,한화,이도윤,0.0,1.0,1.0,1.0,0.0,0.0,0.0,0.0,0.0,0.0,0.0,0.0,0.0,0.0,0.0,0.0,1971980,0.0,0.0,1.0,0.0,0.0,0.0,0.0,0.0,0.0,0.0,0.0,0.0,0.0,0.0,0.0,0.0,0.0,0.0,0.0,0.09,0.0,2026,대전,1.019564452032887,0.0,-0.3305407649785577,-127.61751880756891,0
2026-04-01,한화,이도윤,0.0,1.0,1.0,1.0,0.0,0.0,0.0,0.0,0.0,0.0,0.0,0.0,0.0,0.0,0.0,0.0,1971980,0.0,0.0,1.0,0.0,0.0,0.0,0.0,0.0,0.0,0.0,0.0,0.0,0.0,0.0,0.0,0.0,0.0,0.0,0.0,0.09,0.0,2026,대전,1.019564452032887,0.0,-0.343917130488559,-127.97824808078916,0
2026-04-02,한화,이도윤,2.0,1.0,4.0,4.0,1.0,0.0,0.0,0.0,1.0,0.0,0.0,0.0,0.0,0.0,0.0,0.0,1971980,0.0,2.0,3.0,0.25,0.25,0.5,0.75,0.0,0.25,0.0,0.0,0.0,0.25,0.25,0.0,0.0,0.2375,0.5,4.5,0.99,0.6666666666666666,2026,대전,1.019564452032887,0.3197501424861506,-0.1683221805237452,70.07078216800555,0
2026-04-03,한화,이도윤,2.0,1.0,5.0,5.0,1.0,0.0,0.0,0.0,1.0,0.0,0.0,0.0,0.0,0.0,0.0,0.0,1971980,0.0,2.0,4.0,0.2,0.2,0.4,0.6000000000000001,0.0,0.2,0.0,0.0,0.0,0.2,0.2,0.0,0.0,0.19,0.4,2.7,1.08,0.5,2026,대전,1.019564452032887,0.2568737347100178,-0.4971797547177922,30.50883633394928,0
2026-04-04,한화,이도윤,3.0,1.0,10.0,7.0,2.0,2.0,1.0,0.0,1.0,0.0,0.0,0.0,0.0,0.0,0.0,0.0,1971980,1.0,3.0,5.0,0.2857142857142857,0.5,0.4285714285714285,0.9285714285714286,0.2142857142857143,0.1428571428571428,0.0,0.2,0.0,0.2857142857142857,0.4285714285714285,0.0,0.0,0.3321428571428571,1.1538461538461535,6.23076923076923,2.6900000000000004,1.2,2026,대전,1.019564452032887,0.4589729583049503,0.8094746493389858,153.8780323951647,0
2026-04-05,한화,이도윤,3.0,1.0,13.0,10.0,5.0,2.0,1.0,0.0,2.0,0.0,0.0,0.0,0.0,0.0,0.0,0.0,1971980,3.0,7.0,5.0,0.5,0.6153846153846154,0.7,1.3153846153846154,0.1153846153846154,0.1999999999999999,0.0,0.1538461538461538,0.0,0.5,0.4,0.0,0.0,0.4519230769230769,3.5,18.9,4.41,2.0,2026,대전,1.019564452032887,0.5982240647635408,2.6401091011050304,245.2916660130417,0
2026-04-06,한화,이도윤,3.0,1.0,13.0,10.0,5.0,2.0,1.0,0.0,2.0,0.0,0.0,0.0,0.0,0.0,0.0,0.0,1971980,3.0,7.0,5.0,0.5,0.6153846153846154,0.7,1.3153846153846154,0.1153846153846154,0.1999999999999999,0.0,0.1538461538461538,0.0,0.5,0.4,0.0,0.0,0.4519230769230769,3.5,18.9,4.41,2.0,2026,대전,1.019564452032887,0.5982240647635408,2.6401091011050304,245.2916660130417,0
2026-04-07,한화,이도윤,3.0,1.0,13.0,10.0,5.0,2.0,1.0,0.0,2.0,0.0,0.0,0.0,0.0,0.0,0.0,0.0,1971980,3.0,7.0,5.0,0.5,0.6153846153846154,0.7,1.3153846153846154,0.1153846153846154,0.1999999999999999,0.0,0.1538461538461538,0.0,0.5,0.4,0.0,0.0,0.4519230769230769,3.5,18.9,4.41,2.0,2026,대전,1.019564452032887,0.6002629077128507,2.641073726141863,250.0201143473781,0
2026-04-08,한화,이도윤,3.0,1.0,13.0,10.0,5.0,2.0,1.0,0.0,2.0,0.0,0.0,0.0,0.0,0.0,0.0,0.0,1971980,3.0,7.0,5.0,0.5,0.6153846153846154,0.7,1.3153846153846154,0.1153846153846154,0.1999999999999999,0.0,0.1538461538461538,0.0,0.5,0.4,0.0,0.0,0.4519230769230769,3.5,18.9,4.41,2.0,2026,대전,1.019564452032887,0.5989082779771279,2.6300934415373427,249.6309539441407,0
2026-04-09,한화,이도윤,3.0,1.0,13.0,10.0,5.0,2.0,1.0,0.0,2.0,0.0,0.0,0.0,0.0,0.0,0.0,0.0,1971980,3.0,7.0,5.0,0.5,0.6153846153846154,0.7,1.3153846153846154,0.1153846153846154,0.1999999999999999,0.0,0.1538461538461538,0.0,0.5,0.4,0.0,0.0,0.4519230769230769,3.5,18.9,4.41,2.0,2026,대전,1.019564452032887,0.5989082779771279,2.6300934415373427,249.6309539441407,0
2026-04-10,한화,이도윤,3.0,1.0,15.0,12.0,5.0,2.0,1.0,1.0,2.0,0.0,0.0,0.0,0.0,0.0,0.0,0.0,1971980,3.0,7.0,7.0,0.4166666666666667,0.5333333333333333,0.5833333333333334,1.1166666666666667,0.1166666666666666,0.1666666666666666,0.0666666666666666,0.1333333333333333,2.0,0.4545454545454545,0.3333333333333333,0.0,0.0,0.3858333333333333,3.111111111111111,12.0,4.402,1.4285714285714286,2026,대전,1.019564452032887,0.5176927837450388,2.0217001988133343,199.02731097116032,0
2026-04-11,한화,이도윤,3.0,1.0,15.0,12.0,5.0,2.0,1.0,1.0,2.0,0.0,0.0,0.0,0.0,0.0,0.0,0.0,1971980,3.0,7.0,7.0,0.4166666666666667,0.5333333333333333,0.5833333333333334,1.1166666666666667,0.1166666666666666,0.1666666666666666,0.0666666666666666,0.1333333333333333,2.0,0.4545454545454545,0.3333333333333333,0.0,0.0,0.3858333333333333,3.111111111111111,12.0,4.402,1.4285714285714286,2026,대전,1.019564452032887,0.5180285322974967,2.0311641958350326,201.08282181459265,0
2026-04-12,한화,이도윤,3.0,1.0,15.0,12.0,5.0,2.0,1.0,1.0,2.0,0.0,0.0,0.0,0.0,0.0,0.0,0.0,1971980,3.0,7.0,7.0,0.4166666666666667,0.5333333333333333,0.5833333333333334,1.1166666666666667,0.1166666666666666,0.1666666666666666,0.0666666666666666,0.1333333333333333,2.0,0.4545454545454545,0.3333333333333333,0.0,0.0,0.3858333333333333,3.111111111111111,12.0,4.402,1.4285714285714286,2026,대전,1.019564452032887,0.5177303831261305,2.0418125133265947,202.6951654114301,0
2026-03-28,LG,문성주,1.0,0.0,5.0,4.0,1.0,0.0,0.0,1.0,0.0,0.0,0.0,0.0,1.0,0.0,0.0,0.0,1983121,1.0,1.0,4.0,0.25,0.2,0.25,0.45,-0.0499999999999999,0.0,0.2,0.0,0.0,0.25,0.0,0.0,0.0,0.1525,0.0,0.0,0.952,0.25,2026,잠실,0.9512583942824044,0.1953588395470908,-0.8185096257841227,-4.932053841125828,0
2026-03-29,LG,문성주,3.0,0.0,10.0,9.0,4.0,0.0,0.0,2.0,0.0,0.0,0.0,0.0,1.0,0.0,0.0,0.0,1983121,4.0,4.0,6.0,0.4444444444444444,0.4,0.4444444444444444,0.8444444444444444,-0.0444444444444444,0.0,0.2,0.0,0.0,0.5,0.0,0.0,0.0,0.2911111111111111,1.2,5.4,2.444,0.6666666666666666,2026,잠실,0.9512583942824044,0.3783974009394928,0.0276643117105547,106.65531664112372,0
2026-03-30,LG,문성주,3.0,0.0,10.0,9.0,4.0,0.0,0.0,2.0,0.0,0.0,0.0,0.0,1.0,0.0,0.0,0.0,1983121,4.0,4.0,6.0,0.4444444444444444,0.4,0.4444444444444444,0.8444444444444444,-0.0444444444444444,0.0,0.2,0.0,0.0,0.5,0.0,0.0,0.0,0.2911111111111111,1.2,5.4,2.444,0.6666666666666666,2026,잠실,0.9512583942824044,0.3783974009394928,0.0276643117105547,106.65531664112372,0
2026-03-31,LG,문성주,3.0,0.0,12.0,11.0,4.0,0.0,0.0,2.0,0.0,0.0,0.0,0.0,1.0,0.0,0.0,0.0,1983121,4.0,4.0,8.0,0.3636363636363636,0.3333333333333333,0.3636363636363636,0.696969696969697,-0.0303030303030303,0.0,0.1666666666666666,0.0,0.0,0.4,0.0,0.0,0.0,0.2409090909090909,1.0,3.375,2.624,0.5,2026,잠실,0.9512583942824044,0.3164613025461933,-0.5574633747304224,73.15901452290714,0
2026-04-01,LG,문성주,4.0,0.0,17.0,14.0,6.0,2.0,0.0,2.0,1.0,0.0,0.0,0.0,1.0,0.0,0.0,0.0,1983121,5.0,7.0,9.0,0.4285714285714285,0.4705882352941176,0.5,0.9705882352941176,0.042016806722689,0.0714285714285714,0.1176470588235294,0.1176470588235294,1.0,0.4615384615384615,0.2142857142857142,0.0,0.0,0.3367647058823529,2.5789473684210527,7.736842105263158,4.614,1.0,2026,잠실,0.9512583942824044,0.4459446542213617,1.161981447124305,149.7948898963865,0
2026-04-02,LG,문성주,4.0,0.0,21.0,17.0,8.0,3.0,0.0,2.0,1.0,0.0,0.0,0.0,1.0,0.0,0.0,1.0,1983121,7.0,9.0,10.0,0.4705882352941176,0.5238095238095238,0.5294117647058824,1.0532212885154062,0.0532212885154061,0.0588235294117647,0.0952380952380952,0.1428571428571428,1.5,0.5,0.2352941176470588,0.0,0.0,0.3680672268907563,3.75,10.125,5.954,1.2,2026,잠실,0.9512583942824044,0.473677916296408,2.0501029070890464,169.76905418138537,0
2026-04-03,LG,문성주,4.0,0.0,25.0,21.0,9.0,3.0,0.0,3.0,1.0,0.0,0.0,0.0,1.0,0.0,0.0,1.0,1983121,8.0,10.0,13.0,0.4285714285714285,0.48,0.4761904761904761,0.956190476190476,0.0514285714285714,0.0476190476190476,0.12,0.12,1.0,0.4736842105263157,0.1904761904761904,0.0,0.0,0.335047619047619,3.928571428571429,8.159340659340659,6.535999999999999,1.0,2026,잠실,0.9512583942824044,0.4349942661065283,1.5104956350456045,145.90998171453273,0
2026-04-04,LG,문성주,4.0,1.0,30.0,25.0,9.0,4.0,0.0,3.0,1.0,0.0,0.0,0.0,1.0,0.0,0.0,1.0,1983121,8.0,10.0,17.0,0.36,0.4333333333333333,0.4,0.8333333333333334,0.0733333333333333,0.04,0.1,0.1333333333333333,1.3333333333333333,0.391304347826087,0.2,0.0,0.0,0.295,3.5294117647058822,5.6055363321799305,7.236,0.8235294117647058,2026,잠실,0.9512583942824044,0.3864358689679761,0.4831219297386789,115.9821306547195,0
2026-04-05,LG,문성주,4.0,1.0,35.0,29.0,10.0,5.0,0.0,4.0,1.0,0.0,0.0,0.0,1.0,0.0,0.0,1.0,1983121,9.0,11.0,20.0,0.3448275862068966,0.4285714285714285,0.3793103448275862,0.8078817733990147,0.0837438423645319,0.0344827586206896,0.1142857142857142,0.1428571428571428,1.25,0.3846153846153846,0.2068965517241379,0.0,0.0,0.2876847290640394,3.85,5.1975,8.158,0.8,2026,잠실,0.9512583942824044,0.379870957014139,0.5006160075822689,115.24485645262124,0
2026-04-06,LG,문성주,4.0,1.0,35.0,29.0,10.0,5.0,0.0,4.0,1.0,0.0,0.0,0.0,1.0,0.0,0.0,1.0,1983121,9.0,11.0,20.0,0.3448275862068966,0.4285714285714285,0.3793103448275862,0.8078817733990147,0.0837438423645319,0.0344827586206896,0.1142857142857142,0.1428571428571428,1.25,0.3846153846153846,0.2068965517241379,0.0,0.0,0.2876847290640394,3.85,5.1975,8.158,0.8,2026,잠실,0.9512583942824044,0.379870957014139,0.5006160075822689,115.24485645262124,0
2026-04-07,LG,문성주,4.0,1.0,37.0,31.0,11.0,5.0,0.0,4.0,1.0,0.0,0.0,0.0,1.0,0.0,0.0,1.0,1983121,10.0,12.0,21.0,0.3548387096774194,0.4324324324324324,0.3870967741935484,0.8195292066259808,0.077593722755013,0.032258064516129,0.1081081081081081,0.1351351351351351,1.25,0.3928571428571428,0.1935483870967742,0.0,0.0,0.2913687881429817,4.285714285714286,5.5102040816326525,8.748,0.8095238095238095,2026,잠실,0.9512583942824044,0.3859866869801141,0.8372187133716831,121.80102980836544,0
2026-04-08,LG,문성주,4.0,1.0,39.0,33.0,13.0,5.0,0.0,4.0,1.0,0.0,0.0,0.0,1.0,0.0,0.0,1.0,1983121,12.0,14.0,21.0,0.3939393939393939,0.4615384615384615,0.4242424242424242,0.8857808857808858,0.0675990675990676,0.0303030303030303,0.1025641025641025,0.1282051282051282,1.25,0.4333333333333333,0.1818181818181818,0.0,0.0,0.3137529137529137,5.409090909090909,6.954545454545455,9.748,0.9047619047619048,2026,잠실,0.9512583942824044,0.4148695776853078,1.815423963206986,139.75193241391491,0
2026-04-09,LG,문성주,4.0,1.0,39.0,33.0,13.0,5.0,0.0,4.0,1.0,0.0,0.0,0.0,1.0,0.0,0.0,1.0,1983121,12.0,14.0,21.0,0.3939393939393939,0.4615384615384615,0.4242424242424242,0.8857808857808858,0.0675990675990676,0.0303030303030303,0.1025641025641025,0.1282051282051282,1.25,0.4333333333333333,0.1818181818181818,0.0,0.0,0.3137529137529137,5.409090909090909,6.954545454545455,9.748,0.9047619047619048,2026,잠실,0.9512583942824044,0.4148695776853078,1.815423963206986,139.75193241391491,0
2026-04-10,LG,문성주,4.0,3.0,43.0,35.0,14.0,5.0,2.0,4.0,1.0,0.0,0.0,0.0,1.0,0.0,0.0,1.0,1983121,13.0,15.0,22.0,0.4,0.4883720930232558,0.4285714285714285,0.9169435215946844,0.0883720930232557,0.0285714285714285,0.0930232558139534,0.1162790697674418,1.25,0.4375,0.1714285714285714,0.0,0.0,0.3269102990033222,6.0,7.363636363636363,11.018,1.0,2026,잠실,0.9512583942824044,0.4346930726271372,2.7708972483047307,153.15535345288558,0
2026-04-11,LG,문성주,5.0,3.0,47.0,39.0,16.0,5.0,2.0,5.0,1.0,0.0,0.0,0.0,1.0,0.0,0.0,1.0,1983121,15.0,17.0,24.0,0.4102564102564102,0.4893617021276595,0.4358974358974359,0.9252591380250954,0.0791052918712493,0.0256410256410256,0.1063829787234042,0.1063829787234042,1.0,0.4571428571428571,0.1538461538461538,0.0,0.0,0.3291871249318058,6.925925925925926,7.791666666666667,12.01,1.0,2026,잠실,0.9512583942824044,0.4380233011743448,3.219484428475932,156.99812721630008,0
2026-04-12,LG,문성주,6.0,4.0,52.0,44.0,17.0,5.0,2.0,5.0,2.0,0.0,0.0,0.0,1.0,0.0,0.0,1.0,1983121,15.0,19.0,28.0,0.3863636363636363,0.4615384615384615,0.4318181818181818,0.8933566433566433,0.0751748251748252,0.0454545454545454,0.0961538461538461,0.0961538461538461,1.0,0.425,0.1590909090909091,0.0,0.0,0.3156468531468531,7.406779661016949,7.14225181598063,13.09,0.9285714285714286,2026,잠실,0.9512583942824044,0.4203019884055062,2.874005247658012,147.3659996174072,0
2026-03-28,NC,김형준,0.0,0.0,4.0,4.0,0.0,0.0,0.0,3.0,0.0,0.0,0.0,0.0,0.0,1.0,0.0,0.0,1986399,0.0,0.0,5.0,0.0,0.0,0.0,0.0,0.0,0.0,0.75,0.0,0.0,0.0,0.0,0.0,0.0,0.0,-0.0,-0.0,-0.5740000000000001,0.0,2026,창원,1.0100284809306723,0.0,-1.3490168721609344,-127.22260050159316,0
2026-03-29,NC,김형준,2.0,1.0,9.0,9.0,1.0,0.0,0.0,5.0,0.0,0.0,1.0,0.0,0.0,1.0,0.0,0.0,1986399,0.0,4.0,9.0,0.1111111111111111,0.1111111111111111,0.4444444444444444,0.5555555555555556,0.0,0.3333333333333333,0.5555555555555556,0.0,0.0,0.0,0.3333333333333333,9.0,9.0,0.1611111111111111,0.0,0.0,0.85,0.4444444444444444,2026,창원,1.0100284809306723,0.2073771874956794,-1.4203982016698775,-2.615950212527696,0
2026-03-30,NC,김형준,2.0,1.0,9.0,9.0,1.0,0.0,0.0,5.0,0.0,0.0,1.0,0.0,0.0,1.0,0.0,0.0,1986399,0.0,4.0,9.0,0.1111111111111111,0.1111111111111111,0.4444444444444444,0.5555555555555556,0.0,0.3333333333333333,0.5555555555555556,0.0,0.0,0.0,0.3333333333333333,9.0,9.0,0.1611111111111111,0.0,0.0,0.85,0.4444444444444444,2026,창원,1.0100284809306723,0.2073771874956794,-1.4203982016698775,-2.615950212527696,0
2026-03-31,NC,김형준,3.0,2.0,13.0,11.0,2.0,1.0,1.0,6.0,0.0,0.0,1.0,0.0,0.0,1.0,0.0,0.0,1986399,1.0,5.0,10.0,0.1818181818181818,0.3076923076923077,0.4545454545454545,0.7622377622377623,0.1258741258741259,0.2727272727272727,0.4615384615384615,0.0769230769230769,0.1666666666666666,0.25,0.3636363636363636,13.0,11.0,0.2520979020979021,1.0,2.7,1.932,0.7,2026,창원,1.0100284809306723,0.3429564327571883,-0.2947198259834901,83.51976561931747,0
2026-04-01,NC,김형준,3.0,2.0,17.0,15.0,3.0,1.0,1.0,7.0,0.0,0.0,1.0,0.0,0.0,1.0,0.0,0.0,1986399,2.0,6.0,13.0,0.2,0.2941176470588235,0.4,0.6941176470588235,0.0941176470588235,0.2,0.4117647058823529,0.0588235294117647,0.1428571428571428,0.2857142857142857,0.2666666666666666,17.0,15.0,0.2323529411764706,1.263157894736842,2.623481781376518,2.514,0.6153846153846154,2026,창원,1.0100284809306723,0.3161191131580812,-0.8783877551020396,65.03979511207478,0
2026-04-02,NC,김형준,3.0,2.0,21.0,19.0,3.0,1.0,1.0,10.0,0.0,0.0,1.0,0.0,0.0,1.0,0.0,0.0,1986399,2.0,6.0,17.0,0.1578947368421052,0.238095238095238,0.3157894736842105,0.5538847117794485,0.0802005012531328,0.1578947368421052,0.4761904761904761,0.0476190476190476,0.1,0.25,0.2105263157894736,21.0,19.0,0.1860902255639097,1.0434782608695652,1.6572890025575449,2.31,0.4705882352941176,2026,창원,1.0100284809306723,0.2565934927644835,-2.0874288749689565,32.9207250649667,0
2026-04-03,NC,김형준,3.0,2.0,25.0,23.0,3.0,1.0,1.0,12.0,0.0,0.0,1.0,0.0,0.0,2.0,0.0,0.0,1986399,2.0,6.0,22.0,0.1304347826086956,0.2,0.2608695652173913,0.4608695652173913,0.0695652173913043,0.1304347826086956,0.48,0.04,0.0833333333333333,0.2,0.1739130434782608,25.0,23.0,0.1552173913043478,0.6666666666666666,0.8181818181818182,1.924,0.3636363636363636,2026,창원,1.0100284809306723,0.2164173519424343,-3.393596839714976,6.802888173744526,0
2026-04-04,NC,김형준,3.0,3.0,30.0,25.0,4.0,4.0,1.0,13.0,0.0,0.0,1.0,0.0,0.0,2.0,0.0,0.0,1986399,3.0,7.0,23.0,0.16,0.3,0.28,0.5800000000000001,0.1399999999999999,0.12,0.4333333333333333,0.1333333333333333,0.3076923076923077,0.2727272727272727,0.28,30.0,25.0,0.205,1.4,1.643478260869565,3.346,0.5217391304347826,2026,창원,1.0100284809306723,0.2896562914970817,-2.112315922856346,50.43065009332297,0
2026-04-05,NC,김형준,3.0,3.0,30.0,25.0,4.0,4.0,1.0,13.0,0.0,0.0,1.0,0.0,0.0,2.0,0.0,0.0,1986399,3.0,7.0,23.0,0.16,0.3,0.28,0.5800000000000001,0.1399999999999999,0.12,0.4333333333333333,0.1333333333333333,0.3076923076923077,0.2727272727272727,0.28,30.0,25.0,0.205,1.4,1.643478260869565,3.346,0.5217391304347826,2026,창원,1.0100284809306723,0.2902331451486943,-1.895851053709387,53.17724839156177,0
2026-04-06,NC,김형준,3.0,3.0,30.0,25.0,4.0,4.0,1.0,13.0,0.0,0.0,1.0,0.0,0.0,2.0,0.0,0.0,1986399,3.0,7.0,23.0,0.16,0.3,0.28,0.5800000000000001,0.1399999999999999,0.12,0.4333333333333333,0.1333333333333333,0.3076923076923077,0.2727272727272727,0.28,30.0,25.0,0.205,1.4,1.643478260869565,3.346,0.5217391304347826,2026,창원,1.0100284809306723,0.2902331451486943,-1.895851053709387,53.17724839156177,0
2026-04-07,NC,김형준,3.0,3.0,34.0,28.0,5.0,5.0,1.0,15.0,0.0,0.0,1.0,0.0,0.0,2.0,0.0,0.0,1986399,4.0,8.0,25.0,0.1785714285714285,0.3235294117647059,0.2857142857142857,0.6092436974789917,0.1449579831932773,0.1071428571428571,0.4411764705882353,0.1470588235294117,0.3333333333333333,0.3333333333333333,0.2857142857142857,34.0,28.0,0.217016806722689,1.8,1.944,3.99,0.56,2026,창원,1.0100284809306723,0.3077512369248796,-1.4717713422765502,66.61536120259726,0
2026-04-08,NC,김형준,3.0,3.0,38.0,31.0,6.0,6.0,1.0,16.0,0.0,0.0,1.0,0.0,0.0,2.0,0.0,0.0,1986399,5.0,9.0,27.0,0.1935483870967742,0.3421052631578947,0.2903225806451613,0.6324278438030561,0.1485568760611205,0.0967741935483871,0.4210526315789473,0.1578947368421052,0.375,0.3571428571428571,0.2903225806451613,38.0,31.0,0.2265280135823429,2.2,2.2,4.821999999999999,0.5925925925925926,2026,창원,1.0100284809306723,0.3199140407187265,-1.2851050249586935,73.65810352394304,0
2026-04-09,NC,김형준,3.0,3.0,38.0,31.0,6.0,6.0,1.0,16.0,0.0,0.0,1.0,0.0,0.0,2.0,0.0,0.0,1986399,5.0,9.0,27.0,0.1935483870967742,0.3421052631578947,0.2903225806451613,0.6324278438030561,0.1485568760611205,0.0967741935483871,0.4210526315789473,0.1578947368421052,0.375,0.3571428571428571,0.2903225806451613,38.0,31.0,0.2265280135823429,2.2,2.2,4.821999999999999,0.5925925925925926,2026,창원,1.0100284809306723,0.3199140407187265,-1.2851050249586935,73.65810352394304,0
2026-04-10,NC,김형준,3.0,3.0,42.0,34.0,7.0,7.0,1.0,17.0,0.0,0.0,1.0,0.0,0.0,2.0,0.0,0.0,1986399,6.0,10.0,29.0,0.2058823529411764,0.3571428571428571,0.2941176470588235,0.6512605042016807,0.1512605042016807,0.088235294117647,0.4047619047619047,0.1666666666666666,0.4117647058823529,0.375,0.2941176470588235,42.0,34.0,0.2342436974789916,2.6,2.420689655172414,5.654,0.6206896551724138,2026,창원,1.0100284809306723,0.3294284498988455,-1.0403452330514151,80.43816706737974,0
2026-04-11,NC,김형준,5.0,3.0,46.0,38.0,11.0,7.0,1.0,17.0,2.0,0.0,1.0,0.0,0.0,2.0,0.0,0.0,1986399,8.0,16.0,29.0,0.2894736842105263,0.4130434782608695,0.4210526315789473,0.834096109839817,0.1235697940503432,0.131578947368421,0.3695652173913043,0.1521739130434782,0.4117647058823529,0.5,0.3157894736842105,46.0,38.0,0.2911327231121281,5.037037037037037,4.689655172413793,8.094,0.8275862068965517,2026,창원,1.0100284809306723,0.3988641435403798,1.6444744382992154,126.20024468722208,0
2026-04-12,NC,김형준,5.0,3.0,47.0,39.0,11.0,7.0,1.0,17.0,2.0,0.0,1.0,0.0,0.0,2.0,0.0,0.0,1986399,8.0,16.0,30.0,0.282051282051282,0.4042553191489361,0.4102564102564102,0.8145117294053463,0.1222040370976541,0.1282051282051282,0.3617021276595745,0.1489361702127659,0.4117647058823529,0.4761904761904761,0.3076923076923077,47.0,39.0,0.2844789961811238,4.945454545454545,4.450909090909091,8.184,0.8,2026,창원,1.0100284809306723,0.3901965648568584,1.4234502841199994,122.28158990548148,0
2026-03-28,SSG,안상현,0.0,1.0,1.0,1.0,1.0,0.0,0.0,0.0,1.0,0.0,0.0,0.0,0.0,0.0,0.0,0.0,2020561,0.0,2.0,0.0,1.0,1.0,2.0,3.0,0.0,1.0,0.0,0.0,0.0,1.0,1.0,0.0,0.0,0.95,2.0,0.0,0.72,0.0,2026,문학,1.027807913649001,1.3144886809970462,0.8305072463768117,654.2979154355459,0
2026-03-29,SSG,안상현,0.0,1.0,2.0,2.0,1.0,0.0,0.0,0.0,1.0,0.0,0.0,0.0,0.0,0.0,0.0,0.0,2020561,0.0,2.0,1.0,0.5,0.5,1.0,1.5,0.0,0.5,0.0,0.0,0.0,0.5,0.5,0.0,0.0,0.475,1.0,27.0,0.8099999999999999,2.0,2026,문학,1.027807913649001,0.6327406894518527,0.483190965532006,252.76953100059563,0
2026-03-30,SSG,안상현,0.0,1.0,2.0,2.0,1.0,0.0,0.0,0.0,1.0,0.0,0.0,0.0,0.0,0.0,0.0,0.0,2020561,0.0,2.0,1.0,0.5,0.5,1.0,1.5,0.0,0.5,0.0,0.0,0.0,0.5,0.5,0.0,0.0,0.475,1.0,27.0,0.8099999999999999,2.0,2026,문학,1.027807913649001,0.6327406894518527,0.483190965532006,252.76953100059563,0
2026-03-31,SSG,안상현,0.0,2.0,4.0,3.0,2.0,1.0,0.0,0.0,2.0,0.0,0.0,0.0,0.0,0.0,0.0,0.0,2020561,0.0,4.0,1.0,0.6666666666666666,0.75,1.3333333333333333,2.083333333333333,0.0833333333333333,0.6666666666666666,0.0,0.25,0.0,0.6666666666666666,1.0,0.0,0.0,0.6708333333333334,2.4,64.8,1.87,5.0,2026,문학,1.027807913649001,0.8359665434950819,1.679606293844972,383.887147706208,0
2026-04-01,SSG,안상현,1.0,2.0,5.0,4.0,3.0,1.0,0.0,0.0,2.0,0.0,0.0,0.0,0.0,0.0,0.0,0.0,2020561,1.0,5.0,1.0,0.75,0.8,1.25,2.05,0.05,0.5,0.0,0.2,0.0,0.75,0.75,0.0,0.0,0.6725000000000001,3.333333333333333,90.0,2.37,6.0,2026,문학,1.027807913649001,0.855457449148193,2.234700680272109,390.947570423395,0
2026-04-02,SSG,안상현,1.0,3.0,9.0,7.0,4.0,1.0,0.0,0.0,2.0,0.0,0.0,1.0,0.0,0.0,0.0,0.0,2020561,2.0,6.0,4.0,0.5714285714285714,0.625,0.8571428571428571,1.4821428571428572,0.0535714285714286,0.2857142857142857,0.0,0.1111111111111111,0.0,0.5714285714285714,0.4285714285714285,0.0,0.0,0.4955357142857143,2.4,16.2,3.09,1.75,2026,문학,1.027807913649001,0.6540741942942243,2.352160750503601,270.95073985107103,0
2026-04-03,SSG,안상현,1.0,5.0,15.0,11.0,6.0,3.0,0.0,0.0,2.0,0.0,0.0,1.0,0.0,0.0,0.0,0.0,2020561,4.0,8.0,6.0,0.5454545454545454,0.6428571428571429,0.7272727272727273,1.3701298701298703,0.0974025974025974,0.1818181818181818,0.0,0.2,0.0,0.5454545454545454,0.4545454545454545,0.0,0.0,0.4711038961038961,3.555555555555556,16.0,4.95,1.8333333333333333,2026,문학,1.027807913649001,0.6215176452818143,3.417252127585035,251.9473917270324,0
2026-04-04,SSG,안상현,1.0,6.0,17.0,13.0,7.0,3.0,0.0,1.0,2.0,0.0,0.0,1.0,0.0,0.0,0.0,0.0,2020561,5.0,9.0,7.0,0.5384615384615384,0.625,0.6923076923076923,1.3173076923076923,0.0865384615384615,0.1538461538461538,0.0588235294117647,0.1764705882352941,3.0,0.5833333333333334,0.3846153846153846,0.0,0.0,0.4543269230769231,4.05,15.62142857142857,5.352,1.7142857142857142,2026,문학,1.027807913649001,0.6027311899543925,3.5607842288949274,241.6952858214949,0
2026-04-05,SSG,안상현,1.0,6.0,21.0,15.0,7.0,5.0,0.0,1.0,2.0,0.0,0.0,1.0,0.0,0.0,0.0,0.0,2020561,5.0,9.0,9.0,0.4666666666666667,0.6,0.6,1.2,0.1333333333333333,0.1333333333333333,0.0476190476190476,0.238095238095238,5.0,0.5,0.4666666666666667,0.0,0.0,0.42,3.807692307692308,11.423076923076923,6.212000000000001,1.5555555555555556,2026,문학,1.027807913649001,0.5592681508128456,3.5575075166605754,220.0473110475176,0
2026-04-06,SSG,안상현,1.0,6.0,21.0,15.0,7.0,5.0,0.0,1.0,2.0,0.0,0.0,1.0,0.0,0.0,0.0,0.0,2020561,5.0,9.0,9.0,0.4666666666666667,0.6,0.6,1.2,0.1333333333333333,0.1333333333333333,0.0476190476190476,0.238095238095238,5.0,0.5,0.4666666666666667,0.0,0.0,0.42,3.807692307692308,11.423076923076923,6.212000000000001,1.5555555555555556,2026,문학,1.027807913649001,0.5592681508128456,3.5575075166605754,220.0473110475176,0
2026-04-07,SSG,안상현,1.0,6.0,24.0,18.0,7.0,5.0,0.0,4.0,2.0,0.0,0.0,1.0,0.0,0.0,0.0,0.0,2020561,5.0,9.0,12.0,0.3888888888888889,0.5217391304347826,0.5,1.0217391304347827,0.1328502415458937,0.1111111111111111,0.1666666666666666,0.2083333333333333,1.25,0.5,0.3888888888888889,0.0,0.0,0.3597826086956521,3.413793103448276,7.68103448275862,5.918,1.1666666666666667,2026,문학,1.027807913649001,0.4875024671738053,2.595758398098424,178.1273942784766,0
2026-04-08,SSG,안상현,1.0,6.0,24.0,18.0,7.0,5.0,0.0,4.0,2.0,0.0,0.0,1.0,0.0,0.0,0.0,0.0,2020561,5.0,9.0,12.0,0.3888888888888889,0.5217391304347826,0.5,1.0217391304347827,0.1328502415458937,0.1111111111111111,0.1666666666666666,0.2083333333333333,1.25,0.5,0.3888888888888889,0.0,0.0,0.3597826086956521,3.413793103448276,7.68103448275862,5.918,1.1666666666666667,2026,문학,1.027807913649001,0.4864514946198223,2.5712255215858137,177.49123089294133,0
2026-04-09,SSG,안상현,1.0,6.0,24.0,18.0,7.0,5.0,0.0,4.0,2.0,0.0,0.0,1.0,0.0,0.0,0.0,0.0,2020561,5.0,9.0,12.0,0.3888888888888889,0.5217391304347826,0.5,1.0217391304347827,0.1328502415458937,0.1111111111111111,0.1666666666666666,0.2083333333333333,1.25,0.5,0.3888888888888889,0.0,0.0,0.3597826086956521,3.413793103448276,7.68103448275862,5.918,1.1666666666666667,2026,문학,1.027807913649001,0.4864514946198223,2.5712255215858137,177.49123089294133,0
2026-04-10,SSG,안상현,1.0,6.0,25.0,19.0,7.0,5.0,0.0,4.0,2.0,0.0,0.0,1.0,0.0,0.0,0.0,0.0,2020561,5.0,9.0,13.0,0.3684210526315789,0.5,0.4736842105263157,0.9736842105263156,0.131578947368421,0.1052631578947368,0.16,0.2,1.25,0.4666666666666667,0.3684210526315789,0.0,0.0,0.3434210526315789,3.3,6.8538461538461535,6.008,1.0769230769230769,2026,문학,1.027807913649001,0.464933341430142,2.251686866333538,164.7021512468189,0
2026-04-11,SSG,안상현,1.0,7.0,29.0,23.0,7.0,5.0,0.0,5.0,2.0,0.0,0.0,1.0,0.0,1.0,0.0,0.0,2020561,5.0,9.0,18.0,0.3043478260869565,0.4285714285714285,0.391304347826087,0.8198757763975155,0.124223602484472,0.0869565217391304,0.1724137931034483,0.1724137931034483,1.0,0.3888888888888889,0.3043478260869565,0.0,0.0,0.2906832298136645,2.647058823529412,3.9705882352941178,5.8100000000000005,0.7777777777777778,2026,문학,1.027807913649001,0.39855107487318,1.0291407951276104,124.2230646279418,0
2026-04-12,SSG,안상현,1.0,7.0,29.0,23.0,7.0,5.0,0.0,5.0,2.0,0.0,0.0,1.0,0.0,1.0,0.0,0.0,2020561,5.0,9.0,18.0,0.3043478260869565,0.4285714285714285,0.391304347826087,0.8198757763975155,0.124223602484472,0.0869565217391304,0.1724137931034483,0.1724137931034483,1.0,0.3888888888888889,0.3043478260869565,0.0,0.0,0.2906832298136645,2.647058823529412,3.9705882352941178,5.8100000000000005,0.7777777777777778,2026,문학,1.027807913649001,0.3981730942636171,1.07026078027979,125.5927097066866,0
2026-03-28,삼성,전병우,0.0,0.0,1.0,0.0,0.0,0.0,1.0,0.0,0.0,0.0,0.0,0.0,0.0,0.0,0.0,0.0,2034879,0.0,0.0,0.0,0.0,1.0,0.0,1.0,1.0,0.0,0.0,0.0,0.0,0.0,0.0,0.0,0.0,0.45,0.0,0.0,0.34,0.0,2026,대구,1.0406172533521605,0.830459921655431,0.4005072463768115,364.58621223446056,0
2026-03-29,삼성,전병우,0.0,0.0,1.0,0.0,0.0,0.0,1.0,0.0,0.0,0.0,0.0,0.0,0.0,0.0,0.0,0.0,2034879,0.0,0.0,0.0,0.0,1.0,0.0,1.0,1.0,0.0,0.0,0.0,0.0,0.0,0.0,0.0,0.0,0.45,0.0,0.0,0.34,0.0,2026,대구,1.0406172533521605,0.8075487558415769,0.4057407407407407,357.1728900493993,0
2026-03-30,삼성,전병우,0.0,0.0,1.0,0.0,0.0,0.0,1.0,0.0,0.0,0.0,0.0,0.0,0.0,0.0,0.0,0.0,2034879,0.0,0.0,0.0,0.0,1.0,0.0,1.0,1.0,0.0,0.0,0.0,0.0,0.0,0.0,0.0,0.0,0.45,0.0,0.0,0.34,0.0,2026,대구,1.0406172533521605,0.8075487558415769,0.4057407407407407,357.1728900493993,0
2026-03-31,삼성,전병우,0.0,0.0,2.0,1.0,0.0,0.0,1.0,1.0,0.0,0.0,0.0,0.0,0.0,0.0,0.0,0.0,2034879,0.0,0.0,1.0,0.0,0.5,0.0,0.5,0.5,0.0,0.5,0.0,0.0,0.0,0.0,0.0,0.0,0.225,0.0,0.0,0.242,1.0,2026,대구,1.0406172533521605,0.402284225012103,0.0611749212959521,116.82041671796976,0
2026-04-01,삼성,전병우,0.0,0.0,2.0,1.0,0.0,0.0,1.0,1.0,0.0,0.0,0.0,0.0,0.0,0.0,0.0,0.0,2034879,0.0,0.0,1.0,0.0,0.5,0.0,0.5,0.5,0.0,0.5,0.0,0.0,0.0,0.0,0.0,0.0,0.225,0.0,0.0,0.242,1.0,2026,대구,1.0406172533521605,0.4041828040817009,0.0594873222016081,115.48576244659642,0
2026-04-02,삼성,전병우,0.0,0.0,2.0,1.0,0.0,0.0,1.0,1.0,0.0,0.0,0.0,0.0,0.0,0.0,0.0,0.0,2034879,0.0,0.0,1.0,0.0,0.5,0.0,0.5,0.5,0.0,0.5,0.0,0.0,0.0,0.0,0.0,0.0,0.225,0.0,0.0,0.242,1.0,2026,대구,1.0406172533521605,0.4026111868638823,0.0662478959132425,117.9572067359482,0
2026-04-03,삼성,전병우,0.0,0.0,2.0,1.0,0.0,0.0,1.0,1.0,0.0,0.0,0.0,0.0,0.0,0.0,0.0,0.0,2034879,0.0,0.0,1.0,0.0,0.5,0.0,0.5,0.5,0.0,0.5,0.0,0.0,0.0,0.0,0.0,0.0,0.225,0.0,0.0,0.242,1.0,2026,대구,1.0406172533521605,0.4026189289695236,0.0627286109150623,117.24022349470718,0
2026-04-04,삼성,전병우,0.0,0.0,2.0,1.0,0.0,0.0,1.0,1.0,0.0,0.0,0.0,0.0,0.0,0.0,0.0,0.0,2034879,0.0,0.0,1.0,0.0,0.5,0.0,0.5,0.5,0.0,0.5,0.0,0.0,0.0,0.0,0.0,0.0,0.225,0.0,0.0,0.242,1.0,2026,대구,1.0406172533521605,0.4019217931682397,0.0598949298677972,116.5948951203802,0
2026-04-05,삼성,전병우,0.0,0.0,2.0,1.0,0.0,0.0,1.0,1.0,0.0,0.0,0.0,0.0,0.0,0.0,0.0,0.0,2034879,0.0,0.0,1.0,0.0,0.5,0.0,0.5,0.5,0.0,0.5,0.0,0.0,0.0,0.0,0.0,0.0,0.225,0.0,0.0,0.242,1.0,2026,대구,1.0406172533521605,0.399308935759148,0.062217696509666,118.49391408680256,0
2026-04-06,삼성,전병우,0.0,0.0,2.0,1.0,0.0,0.0,1.0,1.0,0.0,0.0,0.0,0.0,0.0,0.0,0.0,0.0,2034879,0.0,0.0,1.0,0.0,0.5,0.0,0.5,0.5,0.0,0.5,0.0,0.0,0.0,0.0,0.0,0.0,0.225,0.0,0.0,0.242,1.0,2026,대구,1.0406172533521605,0.399308935759148,0.062217696509666,118.49391408680256,0
2026-04-07,삼성,전병우,0.0,1.0,3.0,2.0,1.0,0.0,1.0,1.0,1.0,0.0,0.0,0.0,0.0,0.0,0.0,0.0,2034879,0.0,2.0,1.0,0.5,0.6666666666666666,1.0,1.6666666666666663,0.1666666666666666,0.5,0.3333333333333333,0.0,0.0,1.0,0.5,0.0,0.0,0.55,1.0,27.0,0.962,3.0,2026,대구,1.0406172533521605,0.7017178240804065,0.8659119166094045,311.8577905986836,0
2026-04-08,삼성,전병우,0.0,1.0,7.0,5.0,2.0,0.0,2.0,1.0,1.0,0.0,0.0,0.0,0.0,0.0,0.0,0.0,2034879,1.0,3.0,3.0,0.4,0.5714285714285714,0.6,1.1714285714285713,0.1714285714285713,0.1999999999999999,0.1428571428571428,0.0,0.0,0.5,0.2,0.0,0.0,0.4071428571428571,1.3333333333333333,12.0,1.982,1.6666666666666667,2026,대구,1.0406172533521605,0.5493776241209566,1.122754001132536,216.11540987004173,0
2026-04-09,삼성,전병우,0.0,1.0,7.0,5.0,2.0,0.0,2.0,1.0,1.0,0.0,0.0,0.0,0.0,0.0,0.0,0.0,2034879,1.0,3.0,3.0,0.4,0.5714285714285714,0.6,1.1714285714285713,0.1714285714285713,0.1999999999999999,0.1428571428571428,0.0,0.0,0.5,0.2,0.0,0.0,0.4071428571428571,1.3333333333333333,12.0,1.982,1.6666666666666667,2026,대구,1.0406172533521605,0.5493776241209566,1.122754001132536,216.11540987004173,0
2026-04-10,삼성,전병우,0.0,2.0,8.0,6.0,3.0,0.0,2.0,1.0,1.0,0.0,0.0,0.0,0.0,0.0,0.0,0.0,2034879,2.0,4.0,3.0,0.5,0.625,0.6666666666666666,1.2916666666666663,0.125,0.1666666666666666,0.125,0.0,0.0,0.6,0.1666666666666666,0.0,0.0,0.4479166666666666,2.0,18.0,2.482,2.0,2026,대구,1.0406172533521605,0.5978214579402542,1.6214992885864894,247.80156362922813,0
2026-04-11,삼성,전병우,1.0,3.0,12.0,9.0,4.0,0.0,3.0,1.0,1.0,0.0,0.0,0.0,0.0,0.0,0.0,0.0,2034879,3.0,5.0,5.0,0.4444444444444444,0.5833333333333334,0.5555555555555556,1.1388888888888888,0.1388888888888889,0.1111111111111111,0.0833333333333333,0.0,0.0,0.5,0.1111111111111111,0.0,0.0,0.4013888888888889,2.333333333333333,12.6,3.502,1.6,2026,대구,1.0406172533521605,0.5436762910445102,1.882333171588615,215.29976614442657,0
2026-04-12,삼성,전병우,2.0,4.0,17.0,14.0,5.0,0.0,3.0,3.0,1.0,0.0,0.0,0.0,0.0,0.0,0.0,0.0,2034879,4.0,6.0,9.0,0.3571428571428571,0.4705882352941176,0.4285714285714285,0.8991596638655461,0.1134453781512604,0.0714285714285714,0.1764705882352941,0.0,0.0,0.4545454545454545,0.0714285714285714,0.0,0.0,0.31890756302521,2.4,7.199999999999999,3.9859999999999993,1.0,2026,대구,1.0406172533521605,0.4390999134969521,1.2047712282874377,150.4232778491551,0
2026-03-28,LG,신민재,1.0,0.0,5.0,5.0,1.0,0.0,0.0,0.0,0.0,0.0,0.0,0.0,0.0,0.0,0.0,0.0,2484309,1.0,1.0,4.0,0.2,0.2,0.2,0.4,0.0,0.0,0.0,0.0,0.0,0.2,0.0,0.0,0.0,0.14,0.2,1.35,0.86,0.25,2026,잠실,0.9512583942824044,0.1953588395470908,-0.8185096257841227,-4.932053841125828,0
2026-03-29,LG,신민재,1.0,0.0,10.0,10.0,1.0,0.0,0.0,1.0,0.0,0.0,0.0,0.0,0.0,1.0,0.0,0.0,2484309,1.0,1.0,10.0,0.1,0.1,0.1,0.2,0.0,0.0,0.1,0.0,0.0,0.1111111111111111,0.0,0.0,0.0,0.07,0.0,0.0,0.7519999999999999,0.1,2026,잠실,0.9512583942824044,0.0945993502348732,-2.637207236137872,-64.92141301650187,0
2026-03-30,LG,신민재,1.0,0.0,10.0,10.0,1.0,0.0,0.0,1.0,0.0,0.0,0.0,0.0,0.0,1.0,0.0,0.0,2484309,1.0,1.0,10.0,0.1,0.1,0.1,0.2,0.0,0.0,0.1,0.0,0.0,0.1111111111111111,0.0,0.0,0.0,0.07,0.0,0.0,0.7519999999999999,0.1,2026,잠실,0.9512583942824044,0.0945993502348732,-2.637207236137872,-64.92141301650187,0
2026-03-31,LG,신민재,1.0,0.0,14.0,13.0,2.0,1.0,0.0,3.0,0.0,0.0,0.0,0.0,0.0,1.0,0.0,0.0,2484309,2.0,2.0,12.0,0.1538461538461538,0.2142857142857142,0.1538461538461538,0.3681318681318681,0.0604395604395604,0.0,0.2142857142857142,0.0714285714285714,0.3333333333333333,0.2,0.0769230769230769,0.0,0.0,0.1348901098901098,0.2666666666666666,0.6,1.396,0.25,2026,잠실,0.9512583942824044,0.1911062242026473,-2.2258013559406056,-3.665882383954133,0
2026-04-01,LG,신민재,1.0,2.0,19.0,15.0,3.0,4.0,0.0,4.0,0.0,0.0,0.0,0.0,0.0,1.0,0.0,0.0,2484309,3.0,3.0,13.0,0.2,0.3684210526315789,0.2,0.5684210526315789,0.1684210526315789,0.0,0.2105263157894736,0.2105263157894736,1.0,0.2727272727272727,0.2666666666666666,0.0,0.0,0.2157894736842105,0.782608695652174,1.625418060200669,2.818,0.5384615384615384,2026,잠실,0.9512583942824044,0.3143288180495834,-1.013174397031539,69.82907442418083,0
2026-04-02,LG,신민재,1.0,2.0,23.0,19.0,3.0,4.0,0.0,5.0,0.0,0.0,0.0,0.0,0.0,1.0,0.0,0.0,2484309,3.0,3.0,17.0,0.1578947368421052,0.3043478260869565,0.1578947368421052,0.4622425629290618,0.1464530892448513,0.0,0.217391304347826,0.1739130434782608,0.8,0.2142857142857142,0.2105263157894736,0.0,0.0,0.1764302059496567,0.6666666666666666,1.0588235294117647,2.99,0.4117647058823529,2026,잠실,0.9512583942824044,0.258960062873959,-2.236830072573748,40.22553222006011,0
2026-04-03,LG,신민재,1.0,2.0,28.0,24.0,5.0,4.0,0.0,7.0,0.0,0.0,0.0,0.0,0.0,1.0,0.0,0.0,2484309,5.0,5.0,20.0,0.2083333333333333,0.3214285714285714,0.2083333333333333,0.5297619047619048,0.1130952380952381,0.0,0.25,0.1428571428571428,0.5714285714285714,0.2941176470588235,0.1666666666666666,0.0,0.0,0.1967261904761905,1.25,1.6875,3.884,0.45,2026,잠실,0.9512583942824044,0.2807136593696167,-2.185137053873956,51.8706893726056,0
2026-04-04,LG,신민재,1.0,2.0,33.0,29.0,5.0,4.0,0.0,7.0,0.0,0.0,0.0,0.0,0.0,2.0,0.0,0.0,2484309,5.0,5.0,26.0,0.1724137931034483,0.2727272727272727,0.1724137931034483,0.445141065830721,0.1003134796238244,0.0,0.2121212121212121,0.1212121212121212,0.5714285714285714,0.2272727272727272,0.1379310344827586,0.0,0.0,0.1658307210031347,0.945945945945946,0.9823284823284824,3.964,0.3461538461538461,2026,잠실,0.9512583942824044,0.2378742406141621,-3.851109510188352,24.37874750526852,0
2026-04-05,LG,신민재,1.0,2.0,38.0,33.0,6.0,4.0,0.0,9.0,0.0,0.0,0.0,1.0,0.0,2.0,0.0,0.0,2484309,6.0,6.0,30.0,0.1818181818181818,0.2702702702702703,0.1818181818181818,0.4520884520884521,0.0884520884520884,0.0,0.2368421052631578,0.1052631578947368,0.4444444444444444,0.25,0.1212121212121212,0.0,0.0,0.167076167076167,1.0,0.9,4.398000000000001,0.3333333333333333,2026,잠실,0.9512583942824044,0.2370998641817505,-4.147038285863759,25.74698590275213,0
2026-04-06,LG,신민재,1.0,2.0,38.0,33.0,6.0,4.0,0.0,9.0,0.0,0.0,0.0,1.0,0.0,2.0,0.0,0.0,2484309,6.0,6.0,30.0,0.1818181818181818,0.2702702702702703,0.1818181818181818,0.4520884520884521,0.0884520884520884,0.0,0.2368421052631578,0.1052631578947368,0.4444444444444444,0.25,0.1212121212121212,0.0,0.0,0.167076167076167,1.0,0.9,4.398000000000001,0.3333333333333333,2026,잠실,0.9512583942824044,0.2370998641817505,-4.147038285863759,25.74698590275213,0
2026-04-07,LG,신민재,1.0,2.0,42.0,36.0,6.0,4.0,0.0,11.0,0.0,0.0,0.0,2.0,0.0,2.0,0.0,0.0,2484309,6.0,6.0,34.0,0.1666666666666666,0.25,0.1666666666666666,0.4166666666666666,0.0833333333333333,0.0,0.2619047619047619,0.0952380952380952,0.3636363636363636,0.24,0.1111111111111111,0.0,0.0,0.1541666666666666,0.782608695652174,0.6214833759590793,4.332,0.2941176470588235,2026,잠실,0.9512583942824044,0.2195250373769893,-4.940028370564171,16.886942042605256,0
2026-04-08,LG,신민재,2.0,2.0,44.0,38.0,7.0,4.0,0.0,11.0,0.0,0.0,0.0,2.0,0.0,2.0,0.0,0.0,2484309,7.0,7.0,35.0,0.1842105263157894,0.2619047619047619,0.1842105263157894,0.4461152882205513,0.0776942355889724,0.0,0.25,0.0909090909090909,0.3636363636363636,0.2592592592592592,0.1052631578947368,0.0,0.0,0.1639097744360902,1.0208333333333333,0.7874999999999999,4.922,0.3142857142857143,2026,잠실,0.9512583942824044,0.2312622921605677,-4.789447394631054,23.315890265458684,0
2026-04-09,LG,신민재,2.0,2.0,44.0,38.0,7.0,4.0,0.0,11.0,0.0,0.0,0.0,2.0,0.0,2.0,0.0,0.0,2484309,7.0,7.0,35.0,0.1842105263157894,0.2619047619047619,0.1842105263157894,0.4461152882205513,0.0776942355889724,0.0,0.25,0.0909090909090909,0.3636363636363636,0.2592592592592592,0.1052631578947368,0.0,0.0,0.1639097744360902,1.0208333333333333,0.7874999999999999,4.922,0.3142857142857143,2026,잠실,0.9512583942824044,0.2312622921605677,-4.789447394631054,23.315890265458684,0
2026-04-10,LG,신민재,2.0,2.0,48.0,41.0,7.0,5.0,0.0,12.0,0.0,0.0,0.0,2.0,0.0,2.0,0.0,0.0,2484309,7.0,7.0,38.0,0.1707317073170731,0.2608695652173913,0.1707317073170731,0.4316012725344644,0.0901378579003181,0.0,0.25,0.1041666666666666,0.4166666666666667,0.2413793103448276,0.1219512195121951,0.0,0.0,0.1600742311770943,1.0566037735849056,0.7507447864945382,5.343999999999999,0.3157894736842105,2026,잠실,0.9512583942824044,0.2271830076836163,-5.348209291377684,21.3920956729593,0
2026-04-11,LG,신민재,2.0,2.0,51.0,44.0,8.0,5.0,0.0,12.0,0.0,0.0,0.0,2.0,0.0,2.0,0.0,0.0,2484309,8.0,8.0,40.0,0.1818181818181818,0.2653061224489796,0.1818181818181818,0.4471243042671614,0.0834879406307977,0.0,0.2352941176470588,0.0980392156862745,0.4166666666666667,0.25,0.1136363636363636,0.0,0.0,0.1648423005565862,1.2857142857142858,0.8678571428571429,6.024,0.325,2026,잠실,0.9512583942824044,0.2324368367823293,-5.275427299936735,26.16297506106136,0
2026-04-12,LG,신민재,3.0,3.0,55.0,47.0,8.0,6.0,0.0,12.0,0.0,0.0,0.0,2.0,0.0,2.0,0.0,0.0,2484309,8.0,8.0,43.0,0.1702127659574468,0.2641509433962264,0.1702127659574468,0.4343637093536732,0.0939381774387796,0.0,0.2181818181818181,0.109090909090909,0.5,0.2285714285714285,0.1276595744680851,0.0,0.0,0.1614211160176636,1.3114754098360657,0.8234845596645063,6.633999999999999,0.3255813953488372,2026,잠실,0.9512583942824044,0.2289120306534542,-5.695618696212179,25.25831131364655,0
2026-03-28,한화,노시환,1.0,0.0,6.0,6.0,1.0,0.0,0.0,2.0,0.0,0.0,0.0,0.0,0.0,0.0,0.0,0.0,2484601,1.0,1.0,5.0,0.1666666666666666,0.1666666666666666,0.1666666666666666,0.3333333333333333,0.0,0.0,0.3333333333333333,0.0,0.0,0.25,0.0,0.0,0.0,0.1166666666666666,0.1666666666666666,0.9,0.5740000000000001,0.2,2026,대전,1.019564452032887,0.162799032955909,-1.155763843824356,-31.164915948780813,0
2026-03-29,한화,노시환,1.0,2.0,11.0,10.0,3.0,1.0,0.0,3.0,0.0,0.0,0.0,0.0,0.0,0.0,0.0,0.0,2484601,3.0,3.0,7.0,0.3,0.3636363636363636,0.3,0.6636363636363636,0.0636363636363636,0.0,0.2727272727272727,0.0909090909090909,0.3333333333333333,0.4285714285714285,0.1,0.0,0.0,0.2386363636363636,1.0,3.857142857142857,1.906,0.5714285714285714,2026,대전,1.019564452032887,0.3289913884704417,-0.47988546349818,69.95515389125839,0
2026-03-30,한화,노시환,1.0,2.0,11.0,10.0,3.0,1.0,0.0,3.0,0.0,0.0,0.0,0.0,0.0,0.0,0.0,0.0,2484601,3.0,3.0,7.0,0.3,0.3636363636363636,0.3,0.6636363636363636,0.0636363636363636,0.0,0.2727272727272727,0.0909090909090909,0.3333333333333333,0.4285714285714285,0.1,0.0,0.0,0.2386363636363636,1.0,3.857142857142857,1.906,0.5714285714285714,2026,대전,1.019564452032887,0.3289913884704417,-0.47988546349818,69.95515389125839,0
2026-03-31,한화,노시환,1.0,2.0,16.0,15.0,3.0,1.0,0.0,8.0,0.0,0.0,0.0,0.0,0.0,0.0,0.0,0.0,2484601,3.0,3.0,12.0,0.2,0.25,0.2,0.45,0.0499999999999999,0.0,0.5,0.0625,0.125,0.4285714285714285,0.0666666666666666,0.0,0.0,0.1625,0.7058823529411765,1.588235294117647,1.416,0.3333333333333333,2026,대전,1.019564452032887,0.2265544404047277,-2.034626434644653,11.22824442656949,0
2026-04-01,한화,노시환,1.0,3.0,22.0,20.0,4.0,2.0,0.0,10.0,0.0,0.0,0.0,0.0,0.0,0.0,0.0,0.0,2484601,4.0,4.0,16.0,0.2,0.2727272727272727,0.2,0.4727272727272727,0.0727272727272727,0.0,0.4545454545454545,0.0909090909090909,0.2,0.4,0.1,0.0,0.0,0.1727272727272727,1.0,1.6875,2.24,0.375,2026,대전,1.019564452032887,0.2435720458510199,-2.612247371675942,20.00878630076741,0
2026-04-02,한화,노시환,2.0,3.0,27.0,25.0,4.0,2.0,0.0,13.0,0.0,0.0,0.0,0.0,0.0,0.0,0.0,0.0,2484601,4.0,4.0,21.0,0.16,0.2222222222222222,0.16,0.3822222222222222,0.0622222222222222,0.0,0.4814814814814814,0.074074074074074,0.1538461538461538,0.3333333333333333,0.08,0.0,0.0,0.1399999999999999,0.8275862068965517,1.064039408866995,2.1260000000000003,0.2857142857142857,2026,대전,1.019564452032887,0.1981179566270066,-4.116788197797954,-3.3123179743352,0
2026-04-03,한화,노시환,2.0,4.0,32.0,30.0,6.0,2.0,0.0,13.0,1.0,0.0,0.0,0.0,0.0,0.0,0.0,0.0,2484601,5.0,7.0,24.0,0.2,0.25,0.2333333333333333,0.4833333333333333,0.0499999999999999,0.0333333333333333,0.40625,0.0625,0.1538461538461538,0.3529411764705882,0.1,0.0,0.0,0.1708333333333333,1.6470588235294117,1.852941176470588,3.616,0.375,2026,대전,1.019564452032887,0.2371746345486697,-3.747682396054728,18.501562846200457,0
2026-04-04,한화,노시환,2.0,4.0,37.0,35.0,7.0,2.0,0.0,15.0,1.0,0.0,0.0,0.0,0.0,0.0,0.0,0.0,2484601,6.0,8.0,28.0,0.2,0.2432432432432432,0.2285714285714285,0.4718146718146718,0.0432432432432432,0.0285714285714285,0.4054054054054054,0.054054054054054,0.1333333333333333,0.35,0.0857142857142857,0.0,0.0,0.1666023166023166,1.8461538461538465,1.7802197802197803,4.1,0.3571428571428571,2026,대전,1.019564452032887,0.2306007194949805,-4.55848654458796,13.063274747346298,0
2026-04-05,한화,노시환,2.0,4.0,41.0,38.0,7.0,3.0,0.0,16.0,1.0,0.0,0.0,0.0,0.0,0.0,0.0,0.0,2484601,6.0,8.0,31.0,0.1842105263157894,0.2439024390243902,0.2105263157894736,0.4544287548138639,0.0596919127086007,0.0263157894736842,0.3902439024390244,0.073170731707317,0.1875,0.3181818181818182,0.1052631578947368,0.0,0.0,0.162387676508344,1.818181818181818,1.5835777126099706,4.522,0.3548387096774194,2026,대전,1.019564452032887,0.226804070333729,-4.839395738097264,12.462331155058326,0
2026-04-06,한화,노시환,2.0,4.0,41.0,38.0,7.0,3.0,0.0,16.0,1.0,0.0,0.0,0.0,0.0,0.0,0.0,0.0,2484601,6.0,8.0,31.0,0.1842105263157894,0.2439024390243902,0.2105263157894736,0.4544287548138639,0.0596919127086007,0.0263157894736842,0.3902439024390244,0.073170731707317,0.1875,0.3181818181818182,0.1052631578947368,0.0,0.0,0.162387676508344,1.818181818181818,1.5835777126099706,4.522,0.3548387096774194,2026,대전,1.019564452032887,0.226804070333729,-4.839395738097264,12.462331155058326,0
2026-04-07,한화,노시환,3.0,5.0,46.0,41.0,8.0,4.0,1.0,18.0,1.0,0.0,0.0,0.0,0.0,0.0,0.0,0.0,2484601,7.0,9.0,33.0,0.1951219512195122,0.2826086956521739,0.2195121951219512,0.5021208907741251,0.0874867444326616,0.024390243902439,0.391304347826087,0.0869565217391304,0.2222222222222222,0.3478260869565217,0.1219512195121951,0.0,0.0,0.182051961823966,2.294117647058824,1.8770053475935828,5.505999999999999,0.4242424242424242,2026,대전,1.019564452032887,0.2573444322010959,-3.944781959876354,33.892380889751905,0
2026-04-08,한화,노시환,3.0,6.0,50.0,44.0,8.0,5.0,1.0,18.0,1.0,0.0,0.0,0.0,0.0,1.0,0.0,0.0,2484601,7.0,9.0,37.0,0.1818181818181818,0.28,0.2045454545454545,0.4845454545454546,0.0981818181818182,0.0227272727272727,0.36,0.1,0.2777777777777778,0.3076923076923077,0.1363636363636363,0.0,0.0,0.1771363636363636,2.0892857142857144,1.5246138996138998,5.746,0.4054054054054054,2026,대전,1.019564452032887,0.2515905226625426,-4.58228969747898,29.376595947724816,0
2026-04-09,한화,노시환,3.0,6.0,50.0,44.0,8.0,5.0,1.0,18.0,1.0,0.0,0.0,0.0,0.0,1.0,0.0,0.0,2484601,7.0,9.0,37.0,0.1818181818181818,0.28,0.2045454545454545,0.4845454545454546,0.0981818181818182,0.0227272727272727,0.36,0.1,0.2777777777777778,0.3076923076923077,0.1363636363636363,0.0,0.0,0.1771363636363636,2.0892857142857144,1.5246138996138998,5.746,0.4054054054054054,2026,대전,1.019564452032887,0.2515905226625426,-4.58228969747898,29.376595947724816,0
2026-04-10,한화,노시환,3.0,6.0,54.0,48.0,8.0,5.0,1.0,19.0,1.0,0.0,0.0,0.0,0.0,1.0,0.0,0.0,2484601,7.0,9.0,41.0,0.1666666666666666,0.2592592592592592,0.1875,0.4467592592592592,0.0925925925925925,0.0208333333333333,0.3518518518518518,0.0925925925925925,0.2631578947368421,0.2758620689655172,0.125,0.0,0.0,0.1635416666666666,1.95,1.2841463414634149,5.918,0.3658536585365853,2026,대전,1.019564452032887,0.2323178214446964,-5.781746423063062,17.821957236867657,0
2026-04-11,한화,노시환,3.0,6.0,58.0,51.0,8.0,5.0,1.0,20.0,1.0,0.0,0.0,1.0,0.0,1.0,0.0,0.0,2484601,7.0,9.0,45.0,0.1568627450980392,0.2456140350877192,0.1764705882352941,0.4220846233230134,0.08875128998968,0.0196078431372549,0.3448275862068966,0.0862068965517241,0.25,0.2580645161290322,0.1176470588235294,0.0,0.0,0.1546439628482972,1.6875,1.0125,6.04,0.3333333333333333,2026,대전,1.019564452032887,0.2200010910885373,-6.602732546644408,11.418265189603892,0
2026-04-12,한화,노시환,3.0,6.0,62.0,55.0,8.0,5.0,1.0,21.0,1.0,0.0,0.0,1.0,0.0,1.0,0.0,0.0,2484601,7.0,9.0,49.0,0.1454545454545454,0.2295081967213114,0.1636363636363636,0.3931445603576751,0.084053651266766,0.0181818181818181,0.3387096774193548,0.0806451612903225,0.238095238095238,0.2352941176470588,0.109090909090909,0.0,0.0,0.144187779433681,1.588235294117647,0.8751500600240096,6.212,0.3061224489795918,2026,대전,1.019564452032887,0.2053110165132783,-7.634812567417983,3.370148119547389,0
2026-03-28,키움,추재현,0.0,0.0,2.0,2.0,0.0,0.0,0.0,0.0,0.0,0.0,0.0,0.0,0.0,0.0,0.0,0.0,2490927,0.0,0.0,2.0,0.0,0.0,0.0,0.0,0.0,0.0,0.0,0.0,0.0,0.0,0.0,0.0,0.0,0.0,0.0,0.0,0.18,0.0,2026,고척,0.9666905138306804,0.0,-0.6745084360804672,-122.88880379159396,0
2026-03-29,키움,추재현,0.0,0.0,2.0,2.0,0.0,0.0,0.0,0.0,0.0,0.0,0.0,0.0,0.0,0.0,0.0,0.0,2490927,0.0,0.0,2.0,0.0,0.0,0.0,0.0,0.0,0.0,0.0,0.0,0.0,0.0,0.0,0.0,0.0,0.0,0.0,0.0,0.18,0.0,2026,고척,0.9666905138306804,0.0,-0.7050995504174694,-123.65686819053798,0
2026-03-30,키움,추재현,0.0,0.0,2.0,2.0,0.0,0.0,0.0,0.0,0.0,0.0,0.0,0.0,0.0,0.0,0.0,0.0,2490927,0.0,0.0,2.0,0.0,0.0,0.0,0.0,0.0,0.0,0.0,0.0,0.0,0.0,0.0,0.0,0.0,0.0,0.0,0.0,0.18,0.0,2026,고척,0.9666905138306804,0.0,-0.7050995504174694,-123.65686819053798,0
2026-03-31,키움,추재현,0.0,0.0,2.0,2.0,0.0,0.0,0.0,0.0,0.0,0.0,0.0,0.0,0.0,0.0,0.0,0.0,2490927,0.0,0.0,2.0,0.0,0.0,0.0,0.0,0.0,0.0,0.0,0.0,0.0,0.0,0.0,0.0,0.0,0.0,0.0,0.0,0.18,0.0,2026,고척,0.9666905138306804,0.0,-0.6610815299571154,-122.33012498734826,0
2026-04-01,키움,추재현,1.0,1.0,7.0,7.0,1.0,0.0,0.0,1.0,0.0,0.0,0.0,0.0,0.0,1.0,0.0,0.0,2490927,1.0,1.0,7.0,0.1428571428571428,0.1428571428571428,0.1428571428571428,0.2857142857142857,0.0,0.0,0.1428571428571428,0.0,0.0,0.1666666666666666,0.0,0.0,0.0,0.0999999999999999,0.0,0.0,0.482,0.1428571428571428,2026,고척,0.9666905138306804,0.1355692135572226,-1.530098330241187,-40.32308583428345,0
2026-04-02,키움,추재현,1.0,1.0,7.0,7.0,1.0,0.0,0.0,1.0,0.0,0.0,0.0,0.0,0.0,1.0,0.0,0.0,2490927,1.0,1.0,7.0,0.1428571428571428,0.1428571428571428,0.1428571428571428,0.2857142857142857,0.0,0.0,0.1428571428571428,0.0,0.0,0.1666666666666666,0.0,0.0,0.0,0.0999999999999999,0.0,0.0,0.482,0.1428571428571428,2026,고척,0.9666905138306804,0.1354939489073514,-1.465177295179227,-35.80722492710267,0
2026-04-03,키움,추재현,1.0,1.0,7.0,7.0,1.0,0.0,0.0,1.0,0.0,0.0,0.0,0.0,0.0,1.0,0.0,0.0,2490927,1.0,1.0,7.0,0.1428571428571428,0.1428571428571428,0.1428571428571428,0.2857142857142857,0.0,0.0,0.1428571428571428,0.0,0.0,0.1666666666666666,0.0,0.0,0.0,0.0999999999999999,0.0,0.0,0.482,0.1428571428571428,2026,고척,0.9666905138306804,0.1357273371904404,-1.4571186651396952,-38.04663145670032,0
2026-04-04,키움,추재현,1.0,1.0,7.0,7.0,1.0,0.0,0.0,1.0,0.0,0.0,0.0,0.0,0.0,1.0,0.0,0.0,2490927,1.0,1.0,7.0,0.1428571428571428,0.1428571428571428,0.1428571428571428,0.2857142857142857,0.0,0.0,0.1428571428571428,0.0,0.0,0.1666666666666666,0.0,0.0,0.0,0.0999999999999999,0.0,0.0,0.482,0.1428571428571428,2026,고척,0.9666905138306804,0.1356097321314645,-1.4568263631317118,-40.22095526036632,0
2026-04-05,키움,추재현,1.0,1.0,7.0,7.0,1.0,0.0,0.0,1.0,0.0,0.0,0.0,0.0,0.0,1.0,0.0,0.0,2490927,1.0,1.0,7.0,0.1428571428571428,0.1428571428571428,0.1428571428571428,0.2857142857142857,0.0,0.0,0.1428571428571428,0.0,0.0,0.1666666666666666,0.0,0.0,0.0,0.0999999999999999,0.0,0.0,0.482,0.1428571428571428,2026,고척,0.9666905138306804,0.1355687534396799,-1.3783948518698397,-39.4422907119998,0
2026-04-06,키움,추재현,1.0,1.0,7.0,7.0,1.0,0.0,0.0,1.0,0.0,0.0,0.0,0.0,0.0,1.0,0.0,0.0,2490927,1.0,1.0,7.0,0.1428571428571428,0.1428571428571428,0.1428571428571428,0.2857142857142857,0.0,0.0,0.1428571428571428,0.0,0.0,0.1666666666666666,0.0,0.0,0.0,0.0999999999999999,0.0,0.0,0.482,0.1428571428571428,2026,고척,0.9666905138306804,0.1355687534396799,-1.3783948518698397,-39.4422907119998,0
2026-04-07,키움,추재현,1.0,1.0,7.0,7.0,1.0,0.0,0.0,1.0,0.0,0.0,0.0,0.0,0.0,1.0,0.0,0.0,2490927,1.0,1.0,7.0,0.1428571428571428,0.1428571428571428,0.1428571428571428,0.2857142857142857,0.0,0.0,0.1428571428571428,0.0,0.0,0.1666666666666666,0.0,0.0,0.0,0.0999999999999999,0.0,0.0,0.482,0.1428571428571428,2026,고척,0.9666905138306804,0.1359555591328028,-1.3162007133219449,-37.32675344973965,0
2026-04-08,키움,추재현,1.0,1.0,7.0,7.0,1.0,0.0,0.0,1.0,0.0,0.0,0.0,0.0,0.0,1.0,0.0,0.0,2490927,1.0,1.0,7.0,0.1428571428571428,0.1428571428571428,0.1428571428571428,0.2857142857142857,0.0,0.0,0.1428571428571428,0.0,0.0,0.1666666666666666,0.0,0.0,0.0,0.0999999999999999,0.0,0.0,0.482,0.1428571428571428,2026,고척,0.9666905138306804,0.1356565332443594,-1.3283850558962778,-38.85648541230197,0
2026-04-09,키움,추재현,1.0,1.0,7.0,7.0,1.0,0.0,0.0,1.0,0.0,0.0,0.0,0.0,0.0,1.0,0.0,0.0,2490927,1.0,1.0,7.0,0.1428571428571428,0.1428571428571428,0.1428571428571428,0.2857142857142857,0.0,0.0,0.1428571428571428,0.0,0.0,0.1666666666666666,0.0,0.0,0.0,0.0999999999999999,0.0,0.0,0.482,0.1428571428571428,2026,고척,0.9666905138306804,0.1356565332443594,-1.3283850558962778,-38.85648541230197,0
2026-04-10,키움,추재현,1.0,1.0,7.0,7.0,1.0,0.0,0.0,1.0,0.0,0.0,0.0,0.0,0.0,1.0,0.0,0.0,2490927,1.0,1.0,7.0,0.1428571428571428,0.1428571428571428,0.1428571428571428,0.2857142857142857,0.0,0.0,0.1428571428571428,0.0,0.0,0.1666666666666666,0.0,0.0,0.0,0.0999999999999999,0.0,0.0,0.482,0.1428571428571428,2026,고척,0.9666905138306804,0.1352963678322923,-1.3250514058260012,-38.4966380596026,0
2026-04-11,키움,추재현,1.0,1.0,7.0,7.0,1.0,0.0,0.0,1.0,0.0,0.0,0.0,0.0,0.0,1.0,0.0,0.0,2490927,1.0,1.0,7.0,0.1428571428571428,0.1428571428571428,0.1428571428571428,0.2857142857142857,0.0,0.0,0.1428571428571428,0.0,0.0,0.1666666666666666,0.0,0.0,0.0,0.0999999999999999,0.0,0.0,0.482,0.1428571428571428,2026,고척,0.9666905138306804,0.135341381786264,-1.2925094210263306,-37.17174960624282,0
2026-04-12,키움,추재현,1.0,1.0,7.0,7.0,1.0,0.0,0.0,1.0,0.0,0.0,0.0,0.0,0.0,1.0,0.0,0.0,2490927,1.0,1.0,7.0,0.1428571428571428,0.1428571428571428,0.1428571428571428,0.2857142857142857,0.0,0.0,0.1428571428571428,0.0,0.0,0.1666666666666666,0.0,0.0,0.0,0.0999999999999999,0.0,0.0,0.482,0.1428571428571428,2026,고척,0.9666905138306804,0.1352348415665704,-1.269066728747017,-36.05138546904557,0
2026-03-28,KIA,오선우,0.0,0.0,3.0,3.0,0.0,0.0,0.0,2.0,0.0,0.0,0.0,0.0,0.0,0.0,0.0,0.0,2506627,0.0,0.0,3.0,0.0,0.0,0.0,0.0,0.0,0.0,0.6666666666666666,0.0,0.0,0.0,0.0,0.0,0.0,0.0,0.0,0.0,-0.106,0.0,2026,광주,0.9987402594586288,0.0,-1.0117626541207003,-126.09377835438876,0
2026-03-29,KIA,오선우,0.0,0.0,5.0,4.0,0.0,1.0,0.0,3.0,0.0,0.0,0.0,0.0,0.0,0.0,0.0,0.0,2506627,0.0,0.0,4.0,0.0,0.2,0.0,0.2,0.2,0.0,0.6,0.2,0.3333333333333333,0.0,0.25,0.0,0.0,0.09,0.0,0.0,0.136,0.25,2026,광주,0.9987402594586288,0.1561849532257324,-1.029458360094198,-32.43658708414652,0
2026-03-30,KIA,오선우,0.0,0.0,5.0,4.0,0.0,1.0,0.0,3.0,0.0,0.0,0.0,0.0,0.0,0.0,0.0,0.0,2506627,0.0,0.0,4.0,0.0,0.2,0.0,0.2,0.2,0.0,0.6,0.2,0.3333333333333333,0.0,0.25,0.0,0.0,0.09,0.0,0.0,0.136,0.25,2026,광주,0.9987402594586288,0.1561849532257324,-1.029458360094198,-32.43658708414652,0
2026-03-31,KIA,오선우,0.0,0.0,9.0,8.0,1.0,1.0,0.0,5.0,0.0,0.0,0.0,0.0,0.0,0.0,0.0,0.0,2506627,1.0,1.0,7.0,0.125,0.2222222222222222,0.125,0.3472222222222222,0.0972222222222222,0.0,0.5555555555555556,0.1111111111111111,0.2,0.3333333333333333,0.125,0.0,0.0,0.1312499999999999,0.2,0.7714285714285715,0.53,0.2857142857142857,2026,광주,0.9987402594586288,0.1917892479109425,-1.4253539823008845,-7.995472170848883,0
2026-04-01,KIA,오선우,1.0,1.0,12.0,11.0,2.0,1.0,0.0,5.0,0.0,0.0,1.0,0.0,0.0,0.0,0.0,0.0,2506627,1.0,5.0,9.0,0.1818181818181818,0.25,0.4545454545454545,0.7045454545454546,0.0681818181818181,0.2727272727272727,0.4166666666666667,0.0833333333333333,0.2,0.2,0.3636363636363636,12.0,11.0,0.2261363636363636,1.1538461538461535,3.461538461538461,2.1499999999999995,0.6666666666666666,2026,광주,0.9987402594586288,0.301389568385285,-0.7834452690166969,57.219389768495056,0
2026-04-02,KIA,오선우,1.0,1.0,16.0,15.0,2.0,1.0,0.0,7.0,0.0,0.0,1.0,0.0,0.0,0.0,0.0,0.0,2506627,1.0,5.0,13.0,0.1333333333333333,0.1875,0.3333333333333333,0.5208333333333333,0.0541666666666666,0.1999999999999999,0.4375,0.0625,0.1428571428571428,0.1428571428571428,0.2666666666666666,16.0,15.0,0.1677083333333333,0.8823529411764706,1.832579185520362,2.134,0.4615384615384615,2026,광주,0.9987402594586288,0.227173958248433,-2.017639628576948,16.300160959814413,0
2026-04-03,KIA,오선우,1.0,1.0,20.0,18.0,2.0,2.0,0.0,8.0,0.0,0.0,1.0,0.0,0.0,0.0,0.0,0.0,2506627,1.0,5.0,16.0,0.1111111111111111,0.2,0.2777777777777778,0.4777777777777778,0.0888888888888889,0.1666666666666666,0.4,0.1,0.25,0.1111111111111111,0.2777777777777778,20.0,18.0,0.1594444444444444,0.9090909090909092,1.534090909090909,2.556,0.4375,2026,광주,0.9987402594586288,0.2216242997729845,-2.621417084997183,11.10552263347937,0
2026-04-04,KIA,오선우,1.0,1.0,20.0,18.0,2.0,2.0,0.0,8.0,0.0,0.0,1.0,0.0,0.0,0.0,0.0,0.0,2506627,1.0,5.0,16.0,0.1111111111111111,0.2,0.2777777777777778,0.4777777777777778,0.0888888888888889,0.1666666666666666,0.4,0.1,0.25,0.1111111111111111,0.2777777777777778,20.0,18.0,0.1594444444444444,0.9090909090909092,1.534090909090909,2.556,0.4375,2026,광주,0.9987402594586288,0.2217777125451211,-2.6217905721953314,9.705411105924313,0
2026-04-05,KIA,오선우,1.0,1.0,20.0,18.0,2.0,2.0,0.0,8.0,0.0,0.0,1.0,0.0,0.0,0.0,0.0,0.0,2506627,1.0,5.0,16.0,0.1111111111111111,0.2,0.2777777777777778,0.4777777777777778,0.0888888888888889,0.1666666666666666,0.4,0.1,0.25,0.1111111111111111,0.2777777777777778,20.0,18.0,0.1594444444444444,0.9090909090909092,1.534090909090909,2.556,0.4375,2026,광주,0.9987402594586288,0.2235505134828954,-2.4169395362577166,12.505217030160033,0
2026-04-06,KIA,오선우,1.0,1.0,20.0,18.0,2.0,2.0,0.0,8.0,0.0,0.0,1.0,0.0,0.0,0.0,0.0,0.0,2506627,1.0,5.0,16.0,0.1111111111111111,0.2,0.2777777777777778,0.4777777777777778,0.0888888888888889,0.1666666666666666,0.4,0.1,0.25,0.1111111111111111,0.2777777777777778,20.0,18.0,0.1594444444444444,0.9090909090909092,1.534090909090909,2.556,0.4375,2026,광주,0.9987402594586288,0.2235505134828954,-2.4169395362577166,12.505217030160033,0
2026-04-07,KIA,오선우,1.0,1.0,20.0,18.0,2.0,2.0,0.0,8.0,0.0,0.0,1.0,0.0,0.0,0.0,0.0,0.0,2506627,1.0,5.0,16.0,0.1111111111111111,0.2,0.2777777777777778,0.4777777777777778,0.0888888888888889,0.1666666666666666,0.4,0.1,0.25,0.1111111111111111,0.2777777777777778,20.0,18.0,0.1594444444444444,0.9090909090909092,1.534090909090909,2.556,0.4375,2026,광주,0.9987402594586288,0.2253967206637745,-2.253454259374327,15.839441521734866,0
2026-04-08,KIA,오선우,1.0,1.0,20.0,18.0,2.0,2.0,0.0,8.0,0.0,0.0,1.0,0.0,0.0,0.0,0.0,0.0,2506627,1.0,5.0,16.0,0.1111111111111111,0.2,0.2777777777777778,0.4777777777777778,0.0888888888888889,0.1666666666666666,0.4,0.1,0.25,0.1111111111111111,0.2777777777777778,20.0,18.0,0.1594444444444444,0.9090909090909092,1.534090909090909,2.556,0.4375,2026,광주,0.9987402594586288,0.2248252582751927,-2.2859842891442947,14.485606751268133,0
2026-04-09,KIA,오선우,1.0,1.0,20.0,18.0,2.0,2.0,0.0,8.0,0.0,0.0,1.0,0.0,0.0,0.0,0.0,0.0,2506627,1.0,5.0,16.0,0.1111111111111111,0.2,0.2777777777777778,0.4777777777777778,0.0888888888888889,0.1666666666666666,0.4,0.1,0.25,0.1111111111111111,0.2777777777777778,20.0,18.0,0.1594444444444444,0.9090909090909092,1.534090909090909,2.556,0.4375,2026,광주,0.9987402594586288,0.2248252582751927,-2.2859842891442947,14.485606751268133,0
2026-04-10,KIA,오선우,1.0,1.0,20.0,18.0,2.0,2.0,0.0,8.0,0.0,0.0,1.0,0.0,0.0,0.0,0.0,0.0,2506627,1.0,5.0,16.0,0.1111111111111111,0.2,0.2777777777777778,0.4777777777777778,0.0888888888888889,0.1666666666666666,0.4,0.1,0.25,0.1111111111111111,0.2777777777777778,20.0,18.0,0.1594444444444444,0.9090909090909092,1.534090909090909,2.556,0.4375,2026,광주,0.9987402594586288,0.2243023591327283,-2.277246342091598,14.814775529036185,0
2026-04-11,KIA,오선우,1.0,1.0,20.0,18.0,2.0,2.0,0.0,8.0,0.0,0.0,1.0,0.0,0.0,0.0,0.0,0.0,2506627,1.0,5.0,16.0,0.1111111111111111,0.2,0.2777777777777778,0.4777777777777778,0.0888888888888889,0.1666666666666666,0.4,0.1,0.25,0.1111111111111111,0.2777777777777778,20.0,18.0,0.1594444444444444,0.9090909090909092,1.534090909090909,2.556,0.4375,2026,광주,0.9987402594586288,0.2250795677498812,-2.191858040442617,16.732625171671934,0
2026-04-12,KIA,오선우,1.0,1.0,20.0,18.0,2.0,2.0,0.0,8.0,0.0,0.0,1.0,0.0,0.0,0.0,0.0,0.0,2506627,1.0,5.0,16.0,0.1111111111111111,0.2,0.2777777777777778,0.4777777777777778,0.0888888888888889,0.1666666666666666,0.4,0.1,0.25,0.1111111111111111,0.2777777777777778,20.0,18.0,0.1594444444444444,0.9090909090909092,1.534090909090909,2.556,0.4375,2026,광주,0.9987402594586288,0.2253556994531925,-2.130158901201893,18.24116885493405,0
2026-04-11,한화,이원석,1.0,1.0,5.0,5.0,2.0,0.0,0.0,1.0,0.0,1.0,0.0,0.0,0.0,0.0,0.0,0.0,2507570,1.0,4.0,3.0,0.4,0.4,0.8,1.2000000000000002,0.0,0.4,0.2,0.0,0.0,0.5,0.4,0.0,0.0,0.38,1.6,14.4,1.622,1.3333333333333333,2026,대전,1.019564452032887,0.5152646746591022,0.6654971598110243,199.32390380545155,0
2026-04-12,한화,이원석,2.0,1.0,10.0,10.0,4.0,0.0,0.0,2.0,0.0,1.0,0.0,0.0,0.0,0.0,0.0,0.0,2507570,3.0,6.0,6.0,0.4,0.4,0.6,1.0,0.0,0.1999999999999999,0.2,0.0,0.0,0.5,0.2,0.0,0.0,0.33,2.4,10.8,2.704,1.0,2026,대전,1.019564452032887,0.4473442019635771,0.7771046503643504,157.78845258680212,0
2026-04-03,롯데,신윤후,0.0,0.0,1.0,1.0,0.0,0.0,0.0,1.0,0.0,0.0,0.0,0.0,0.0,0.0,0.0,0.0,2513790,0.0,0.0,1.0,0.0,0.0,0.0,0.0,0.0,0.0,1.0,0.0,0.0,0.0,0.0,0.0,0.0,0.0,0.0,0.0,-0.098,0.0,2026,사직,1.0488000917921212,0.0,-0.3299694552109515,-128.98803095125288,0
2026-04-04,롯데,신윤후,0.0,0.0,1.0,1.0,0.0,0.0,0.0,1.0,0.0,0.0,0.0,0.0,0.0,0.0,0.0,0.0,2513790,0.0,0.0,1.0,0.0,0.0,0.0,0.0,0.0,0.0,1.0,0.0,0.0,0.0,0.0,0.0,0.0,0.0,0.0,0.0,-0.098,0.0,2026,사직,1.0488000917921212,0.0,-0.3293442585999017,-132.0491323134777,0
2026-04-05,롯데,신윤후,0.0,0.0,1.0,1.0,0.0,0.0,0.0,1.0,0.0,0.0,0.0,0.0,0.0,0.0,0.0,0.0,2513790,0.0,0.0,1.0,0.0,0.0,0.0,0.0,0.0,0.0,1.0,0.0,0.0,0.0,0.0,0.0,0.0,0.0,0.0,0.0,-0.098,0.0,2026,사직,1.0488000917921212,0.0,-0.3141225096759011,-132.63624125020914,0
2026-04-06,롯데,신윤후,0.0,0.0,1.0,1.0,0.0,0.0,0.0,1.0,0.0,0.0,0.0,0.0,0.0,0.0,0.0,0.0,2513790,0.0,0.0,1.0,0.0,0.0,0.0,0.0,0.0,0.0,1.0,0.0,0.0,0.0,0.0,0.0,0.0,0.0,0.0,0.0,-0.098,0.0,2026,사직,1.0488000917921212,0.0,-0.3141225096759011,-132.63624125020914,0
2026-04-07,롯데,신윤후,0.0,0.0,1.0,1.0,0.0,0.0,0.0,1.0,0.0,0.0,0.0,0.0,0.0,0.0,0.0,0.0,2513790,0.0,0.0,1.0,0.0,0.0,0.0,0.0,0.0,0.0,1.0,0.0,0.0,0.0,0.0,0.0,0.0,0.0,0.0,0.0,-0.098,0.0,2026,사직,1.0488000917921212,0.0,-0.302573940295754,-131.2250362069727,0
2026-04-08,롯데,신윤후,0.0,0.0,1.0,1.0,0.0,0.0,0.0,1.0,0.0,0.0,0.0,0.0,0.0,0.0,0.0,0.0,2513790,0.0,0.0,1.0,0.0,0.0,0.0,0.0,0.0,0.0,1.0,0.0,0.0,0.0,0.0,0.0,0.0,0.0,0.0,0.0,-0.098,0.0,2026,사직,1.0488000917921212,0.0,-0.3045854392722689,-133.09512875159598,0
2026-04-09,롯데,신윤후,0.0,0.0,1.0,1.0,0.0,0.0,0.0,1.0,0.0,0.0,0.0,0.0,0.0,0.0,0.0,0.0,2513790,0.0,0.0,1.0,0.0,0.0,0.0,0.0,0.0,0.0,1.0,0.0,0.0,0.0,0.0,0.0,0.0,0.0,0.0,0.0,-0.098,0.0,2026,사직,1.0488000917921212,0.0,-0.3045854392722689,-133.09512875159598,0
2026-04-10,롯데,신윤후,0.0,0.0,1.0,1.0,0.0,0.0,0.0,1.0,0.0,0.0,0.0,0.0,0.0,0.0,0.0,0.0,2513790,0.0,0.0,1.0,0.0,0.0,0.0,0.0,0.0,0.0,1.0,0.0,0.0,0.0,0.0,0.0,0.0,0.0,0.0,0.0,-0.098,0.0,2026,사직,1.0488000917921212,0.0,-0.3039539376932035,-132.61711641912825,0
2026-04-11,롯데,신윤후,0.0,0.0,1.0,1.0,0.0,0.0,0.0,1.0,0.0,0.0,0.0,0.0,0.0,0.0,0.0,0.0,2513790,0.0,0.0,1.0,0.0,0.0,0.0,0.0,0.0,0.0,1.0,0.0,0.0,0.0,0.0,0.0,0.0,0.0,0.0,0.0,-0.098,0.0,2026,사직,1.0488000917921212,0.0,-0.2978351113181873,-131.51391419789528,0
2026-04-12,롯데,신윤후,0.0,0.0,1.0,1.0,0.0,0.0,0.0,1.0,0.0,0.0,0.0,0.0,0.0,0.0,0.0,0.0,2513790,0.0,0.0,1.0,0.0,0.0,0.0,0.0,0.0,0.0,1.0,0.0,0.0,0.0,0.0,0.0,0.0,0.0,0.0,0.0,-0.098,0.0,2026,사직,1.0488000917921212,0.0,-0.2935206425195788,-130.54280476783703,0
2026-03-28,LG,구본혁,0.0,1.0,5.0,4.0,0.0,1.0,0.0,0.0,0.0,0.0,0.0,0.0,0.0,0.0,0.0,0.0,2522898,0.0,0.0,4.0,0.0,0.2,0.0,0.2,0.2,0.0,0.0,0.2,0.0,0.0,0.25,0.0,0.0,0.09,0.0,0.0,0.7,0.25,2026,잠실,0.9512583942824044,0.160463742943393,-0.9735096257841228,-25.72589999497199,0
2026-03-29,LG,구본혁,0.0,1.0,9.0,8.0,1.0,1.0,0.0,0.0,0.0,0.0,0.0,0.0,0.0,0.0,0.0,0.0,2522898,1.0,1.0,7.0,0.125,0.2222222222222222,0.125,0.3472222222222222,0.0972222222222222,0.0,0.0,0.1111111111111111,0.0,0.125,0.125,0.0,0.0,0.1312499999999999,0.2,0.7714285714285715,1.4700000000000002,0.2857142857142857,2026,잠실,0.9512583942824044,0.1918798076085993,-1.5513669449796614,-6.108243953708525,0
2026-03-30,LG,구본혁,0.0,1.0,9.0,8.0,1.0,1.0,0.0,0.0,0.0,0.0,0.0,0.0,0.0,0.0,0.0,0.0,2522898,1.0,1.0,7.0,0.125,0.2222222222222222,0.125,0.3472222222222222,0.0972222222222222,0.0,0.0,0.1111111111111111,0.0,0.125,0.125,0.0,0.0,0.1312499999999999,0.2,0.7714285714285715,1.4700000000000002,0.2857142857142857,2026,잠실,0.9512583942824044,0.1918798076085993,-1.5513669449796614,-6.108243953708525,0
2026-03-31,LG,구본혁,0.0,1.0,10.0,9.0,1.0,1.0,0.0,0.0,0.0,0.0,0.0,0.0,0.0,0.0,0.0,0.0,2522898,1.0,1.0,8.0,0.1111111111111111,0.2,0.1111111111111111,0.3111111111111111,0.0888888888888889,0.0,0.0,0.1,0.0,0.1111111111111111,0.1111111111111111,0.0,0.0,0.1177777777777777,0.1818181818181818,0.6136363636363636,1.56,0.25,2026,잠실,0.9512583942824044,0.1726103231198483,-1.7558947472794424,-15.001248391155888,0
2026-04-01,LG,구본혁,1.0,1.0,15.0,14.0,2.0,1.0,0.0,0.0,0.0,0.0,0.0,0.0,0.0,0.0,0.0,0.0,2522898,2.0,2.0,12.0,0.1428571428571428,0.2,0.1428571428571428,0.3428571428571428,0.0571428571428571,0.0,0.0,0.0666666666666666,0.0,0.1428571428571428,0.0714285714285714,0.0,0.0,0.1257142857142857,0.375,0.84375,2.42,0.25,2026,잠실,0.9512583942824044,0.1786195002907479,-2.6817922077922067,-12.623817092599388,0
2026-04-02,LG,구본혁,2.0,1.0,18.0,17.0,2.0,1.0,0.0,1.0,0.0,0.0,0.0,0.0,0.0,0.0,0.0,0.0,2522898,2.0,2.0,15.0,0.1176470588235294,0.1666666666666666,0.1176470588235294,0.284313725490196,0.0490196078431372,0.0,0.0555555555555555,0.0555555555555555,1.0,0.125,0.0588235294117647,0.0,0.0,0.1044117647058823,0.3157894736842105,0.5684210526315788,2.502,0.2,2026,잠실,0.9512583942824044,0.1485884674702549,-3.5536767708821992,-26.3638312873872,0
2026-04-03,LG,구본혁,2.0,1.0,21.0,20.0,2.0,1.0,0.0,4.0,0.0,0.0,0.0,0.0,0.0,0.0,0.0,0.0,2522898,2.0,2.0,18.0,0.1,0.1428571428571428,0.1,0.2428571428571428,0.0428571428571428,0.0,0.1904761904761904,0.0476190476190476,0.25,0.125,0.05,0.0,0.0,0.0892857142857142,0.2727272727272727,0.409090909090909,2.208,0.1666666666666666,2026,잠실,0.9512583942824044,0.1275030540874823,-4.5263559954190855,-41.51640058471682,0
2026-04-04,LG,구본혁,2.0,2.0,21.0,20.0,2.0,1.0,0.0,4.0,0.0,0.0,0.0,0.0,0.0,0.0,0.0,0.0,2522898,2.0,2.0,18.0,0.1,0.1428571428571428,0.1,0.2428571428571428,0.0428571428571428,0.0,0.1904761904761904,0.0476190476190476,0.25,0.125,0.05,0.0,0.0,0.0892857142857142,0.2727272727272727,0.409090909090909,2.208,0.1666666666666666,2026,잠실,0.9512583942824044,0.1273530275598583,-4.525479089395136,-43.76884307878135,0
2026-04-05,LG,구본혁,2.0,2.0,22.0,20.0,2.0,1.0,0.0,4.0,0.0,0.0,0.0,1.0,0.0,0.0,0.0,0.0,2522898,2.0,2.0,19.0,0.1,0.1428571428571428,0.1,0.2428571428571428,0.0428571428571428,0.0,0.1818181818181818,0.0454545454545454,0.25,0.125,0.05,0.0,0.0,0.0892857142857142,0.1739130434782608,0.2471395881006864,2.248,0.1578947368421052,2026,잠실,0.9512583942824044,0.1270316371771462,-4.494479058257591,-43.25067837706449,0
2026-04-06,LG,구본혁,2.0,2.0,22.0,20.0,2.0,1.0,0.0,4.0,0.0,0.0,0.0,1.0,0.0,0.0,0.0,0.0,2522898,2.0,2.0,19.0,0.1,0.1428571428571428,0.1,0.2428571428571428,0.0428571428571428,0.0,0.1818181818181818,0.0454545454545454,0.25,0.125,0.05,0.0,0.0,0.0892857142857142,0.1739130434782608,0.2471395881006864,2.248,0.1578947368421052,2026,잠실,0.9512583942824044,0.1270316371771462,-4.494479058257591,-43.25067837706449,0
2026-04-07,LG,구본혁,3.0,2.0,24.0,21.0,3.0,2.0,0.0,4.0,0.0,0.0,0.0,1.0,0.0,0.0,0.0,0.0,2522898,3.0,3.0,19.0,0.1428571428571428,0.217391304347826,0.1428571428571428,0.3602484472049689,0.0745341614906832,0.0,0.1666666666666666,0.0833333333333333,0.5,0.1764705882352941,0.0952380952380952,0.0,0.0,0.1335403726708074,0.4615384615384615,0.6558704453441295,3.0880000000000005,0.2631578947368421,2026,잠실,0.9512583942824044,0.1908913368495559,-3.4018604692807064,-1.1597286311259891,0
2026-04-08,LG,구본혁,3.0,2.0,24.0,21.0,3.0,2.0,0.0,4.0,0.0,0.0,0.0,1.0,0.0,0.0,0.0,0.0,2522898,3.0,3.0,19.0,0.1428571428571428,0.217391304347826,0.1428571428571428,0.3602484472049689,0.0745341614906832,0.0,0.1666666666666666,0.0833333333333333,0.5,0.1764705882352941,0.0952380952380952,0.0,0.0,0.1335403726708074,0.4615384615384615,0.6558704453441295,3.0880000000000005,0.2631578947368421,2026,잠실,0.9512583942824044,0.1905091421311593,-3.4402434868321685,-2.528048775114833,0
2026-04-09,LG,구본혁,3.0,2.0,24.0,21.0,3.0,2.0,0.0,4.0,0.0,0.0,0.0,1.0,0.0,0.0,0.0,0.0,2522898,3.0,3.0,19.0,0.1428571428571428,0.217391304347826,0.1428571428571428,0.3602484472049689,0.0745341614906832,0.0,0.1666666666666666,0.0833333333333333,0.5,0.1764705882352941,0.0952380952380952,0.0,0.0,0.1335403726708074,0.4615384615384615,0.6558704453441295,3.0880000000000005,0.2631578947368421,2026,잠실,0.9512583942824044,0.1905091421311593,-3.4402434868321685,-2.528048775114833,0
2026-04-10,LG,구본혁,3.0,2.0,24.0,21.0,3.0,2.0,0.0,4.0,0.0,0.0,0.0,1.0,0.0,0.0,0.0,0.0,2522898,3.0,3.0,19.0,0.1428571428571428,0.217391304347826,0.1428571428571428,0.3602484472049689,0.0745341614906832,0.0,0.1666666666666666,0.0833333333333333,0.5,0.1764705882352941,0.0952380952380952,0.0,0.0,0.1335403726708074,0.4615384615384615,0.6558704453441295,3.0880000000000005,0.2631578947368421,2026,잠실,0.9512583942824044,0.1899818372323369,-3.430758027977284,-2.2296376305362964,0
2026-04-11,LG,구본혁,3.0,2.0,24.0,21.0,3.0,2.0,0.0,4.0,0.0,0.0,0.0,1.0,0.0,0.0,0.0,0.0,2522898,3.0,3.0,19.0,0.1428571428571428,0.217391304347826,0.1428571428571428,0.3602484472049689,0.0745341614906832,0.0,0.1666666666666666,0.0833333333333333,0.5,0.1764705882352941,0.0952380952380952,0.0,0.0,0.1335403726708074,0.4615384615384615,0.6558704453441295,3.0880000000000005,0.2631578947368421,2026,잠실,0.9512583942824044,0.1898384376709949,-3.3375921071096406,-0.9466308450630344,0
2026-04-12,LG,구본혁,3.0,2.0,25.0,22.0,4.0,2.0,0.0,4.0,0.0,0.0,0.0,1.0,0.0,0.0,0.0,0.0,2522898,4.0,4.0,19.0,0.1818181818181818,0.25,0.1818181818181818,0.4318181818181818,0.0681818181818181,0.0,0.16,0.08,0.5,0.2222222222222222,0.0909090909090909,0.0,0.0,0.1579545454545454,0.7407407407407407,1.0526315789473684,3.5880000000000005,0.3157894736842105,2026,잠실,0.9512583942824044,0.2210960165069034,-2.75107167409342,20.271657727457647,0
2026-04-02,SSG,채현우,0.0,1.0,1.0,1.0,1.0,0.0,0.0,0.0,0.0,0.0,0.0,0.0,0.0,0.0,0.0,0.0,2527084,1.0,1.0,0.0,1.0,1.0,1.0,2.0,0.0,0.0,0.0,0.0,0.0,1.0,0.0,0.0,0.0,0.7,1.0,0.0,0.5,0.0,2026,문학,1.027807913649001,0.94845764235146,0.5285329341317366,448.5580885675427,0
2026-04-03,SSG,채현우,1.0,1.0,3.0,2.0,1.0,0.0,0.0,0.0,0.0,0.0,0.0,0.0,1.0,0.0,0.0,0.0,2527084,1.0,1.0,2.0,0.5,0.3333333333333333,0.5,0.8333333333333333,-0.1666666666666666,0.0,0.0,0.0,0.0,0.3333333333333333,0.0,0.0,0.0,0.275,0.0,0.0,0.96,0.5,2026,문학,1.027807913649001,0.3166971201110277,-0.1372408442958893,66.14888415934558,0
2026-04-04,SSG,채현우,1.0,1.0,3.0,2.0,1.0,0.0,0.0,0.0,0.0,0.0,0.0,0.0,1.0,0.0,0.0,0.0,2527084,1.0,1.0,2.0,0.5,0.3333333333333333,0.5,0.8333333333333333,-0.1666666666666666,0.0,0.0,0.0,0.0,0.3333333333333333,0.0,0.0,0.0,0.275,0.0,0.0,0.96,0.5,2026,문학,1.027807913649001,0.3164227083067505,-0.1394493287321046,65.15693043375805,0
2026-04-05,SSG,채현우,1.0,1.0,3.0,2.0,1.0,0.0,0.0,0.0,0.0,0.0,0.0,0.0,1.0,0.0,0.0,0.0,2527084,1.0,1.0,2.0,0.5,0.3333333333333333,0.5,0.8333333333333333,-0.1666666666666666,0.0,0.0,0.0,0.0,0.3333333333333333,0.0,0.0,0.0,0.275,0.0,0.0,0.96,0.5,2026,문학,1.027807913649001,0.3163270913592532,-0.1219048131662351,67.75662629558852,0
2026-04-06,SSG,채현우,1.0,1.0,3.0,2.0,1.0,0.0,0.0,0.0,0.0,0.0,0.0,0.0,1.0,0.0,0.0,0.0,2527084,1.0,1.0,2.0,0.5,0.3333333333333333,0.5,0.8333333333333333,-0.1666666666666666,0.0,0.0,0.0,0.0,0.3333333333333333,0.0,0.0,0.0,0.275,0.0,0.0,0.96,0.5,2026,문학,1.027807913649001,0.3163270913592532,-0.1219048131662351,67.75662629558852,0
2026-04-07,SSG,채현우,1.0,1.0,3.0,2.0,1.0,0.0,0.0,0.0,0.0,0.0,0.0,0.0,1.0,0.0,0.0,0.0,2527084,1.0,1.0,2.0,0.5,0.3333333333333333,0.5,0.8333333333333333,-0.1666666666666666,0.0,0.0,0.0,0.0,0.3333333333333333,0.0,0.0,0.0,0.275,0.0,0.0,0.96,0.5,2026,문학,1.027807913649001,0.3172296379765401,-0.1059049521389288,70.81127318321356,0
2026-04-08,SSG,채현우,1.0,1.0,3.0,2.0,1.0,0.0,0.0,0.0,0.0,0.0,0.0,0.0,1.0,0.0,0.0,0.0,2527084,1.0,1.0,2.0,0.5,0.3333333333333333,0.5,0.8333333333333333,-0.1666666666666666,0.0,0.0,0.0,0.0,0.3333333333333333,0.0,0.0,0.0,0.275,0.0,0.0,0.96,0.5,2026,문학,1.027807913649001,0.3165319109035052,-0.1100432988072019,69.73535533006587,0
2026-04-09,SSG,채현우,1.0,1.0,3.0,2.0,1.0,0.0,0.0,0.0,0.0,0.0,0.0,0.0,1.0,0.0,0.0,0.0,2527084,1.0,1.0,2.0,0.5,0.3333333333333333,0.5,0.8333333333333333,-0.1666666666666666,0.0,0.0,0.0,0.0,0.3333333333333333,0.0,0.0,0.0,0.275,0.0,0.0,0.96,0.5,2026,문학,1.027807913649001,0.3165319109035052,-0.1100432988072019,69.73535533006587,0
2026-04-10,SSG,채현우,1.0,1.0,3.0,2.0,1.0,0.0,0.0,0.0,0.0,0.0,0.0,0.0,1.0,0.0,0.0,0.0,2527084,1.0,1.0,2.0,0.5,0.3333333333333333,0.5,0.8333333333333333,-0.1666666666666666,0.0,0.0,0.0,0.0,0.3333333333333333,0.0,0.0,0.0,0.275,0.0,0.0,0.96,0.5,2026,문학,1.027807913649001,0.3156915249420153,-0.1092356550531871,69.9376493764074,0
2026-04-11,SSG,채현우,1.0,1.0,3.0,2.0,1.0,0.0,0.0,0.0,0.0,0.0,0.0,0.0,1.0,0.0,0.0,0.0,2527084,1.0,1.0,2.0,0.5,0.3333333333333333,0.5,0.8333333333333333,-0.1666666666666666,0.0,0.0,0.0,0.0,0.3333333333333333,0.0,0.0,0.0,0.275,0.0,0.0,0.96,0.5,2026,문학,1.027807913649001,0.3157965575012826,-0.1011689757535814,71.55811947260293,0
2026-04-12,SSG,채현우,1.0,1.0,3.0,2.0,1.0,0.0,0.0,0.0,0.0,0.0,0.0,0.0,1.0,0.0,0.0,0.0,2527084,1.0,1.0,2.0,0.5,0.3333333333333333,0.5,0.8333333333333333,-0.1666666666666666,0.0,0.0,0.0,0.0,0.3333333333333333,0.0,0.0,0.0,0.275,0.0,0.0,0.96,0.5,2026,문학,1.027807913649001,0.315547963655331,-0.0949841586687016,72.8774898859856,0
2026-04-10,삼성,박승규,4.0,3.0,5.0,5.0,4.0,0.0,0.0,0.0,0.0,2.0,1.0,0.0,0.0,0.0,0.0,0.0,2561065,1.0,11.0,1.0,0.8,0.8,2.2,3.0,0.0,1.4,0.0,0.0,0.0,0.75,1.4,5.0,5.0,0.91,8.8,237.6,4.109999999999999,11.0,2026,대구,1.0406172533521605,1.239400659621491,3.732062723306455,655.1869391789534,0
2026-04-11,삼성,박승규,5.0,4.0,10.0,8.0,5.0,1.0,1.0,0.0,0.0,2.0,1.0,0.0,0.0,0.0,0.0,0.0,2561065,2.0,12.0,3.0,0.625,0.7,1.5,2.2,0.0749999999999999,0.875,0.0,0.1,0.0,0.5714285714285714,1.0,10.0,8.0,0.69,7.0,63.0,5.469999999999999,4.666666666666667,2026,대구,1.0406172533521605,0.8736740711027245,4.3285021473421965,425.3102349391041,0
2026-04-12,삼성,박승규,6.0,5.0,15.0,13.0,6.0,1.0,1.0,2.0,0.0,2.0,1.0,0.0,0.0,0.0,0.0,0.0,2561065,3.0,13.0,7.0,0.4615384615384615,0.5333333333333333,1.0,1.5333333333333332,0.0717948717948717,0.5384615384615384,0.1333333333333333,0.0666666666666666,0.5,0.5,0.6153846153846154,15.0,13.0,0.49,6.117647058823529,23.596638655462183,5.954,2.142857142857143,2026,대구,1.0406172533521605,0.6465032124143865,3.644755386956138,282.7475527214621,0
2026-04-01,삼성,양우현,0.0,0.0,1.0,0.0,0.0,1.0,0.0,0.0,0.0,0.0,0.0,0.0,0.0,0.0,0.0,0.0,2575182,0.0,0.0,0.0,0.0,1.0,0.0,1.0,1.0,0.0,0.0,1.0,0.0,0.0,0.0,0.0,0.0,0.45,0.0,0.0,0.34,0.0,2026,대구,1.0406172533521605,0.7813235145601021,0.3784044526901669,344.625092016415,0
2026-04-02,삼성,양우현,0.0,0.0,1.0,0.0,0.0,1.0,0.0,0.0,0.0,0.0,0.0,0.0,0.0,0.0,0.0,0.0,2575182,0.0,0.0,0.0,0.0,1.0,0.0,1.0,1.0,0.0,0.0,1.0,0.0,0.0,0.0,0.0,0.0,0.45,0.0,0.0,0.34,0.0,2026,대구,1.0406172533521605,0.7776771297616696,0.3735329341317365,344.2418981869703,0
2026-04-03,삼성,양우현,0.0,0.0,1.0,0.0,0.0,1.0,0.0,0.0,0.0,0.0,0.0,0.0,0.0,0.0,0.0,0.0,2575182,0.0,0.0,0.0,0.0,1.0,0.0,1.0,1.0,0.0,0.0,1.0,0.0,0.0,0.0,0.0,0.0,0.45,0.0,0.0,0.34,0.0,2026,대구,1.0406172533521605,0.7773814151709633,0.3676980661260137,345.6707420418765,0
2026-04-04,삼성,양우현,0.0,0.0,1.0,0.0,0.0,1.0,0.0,0.0,0.0,0.0,0.0,0.0,0.0,0.0,0.0,0.0,2575182,0.0,0.0,0.0,0.0,1.0,0.0,1.0,1.0,0.0,0.0,1.0,0.0,0.0,0.0,0.0,0.0,0.45,0.0,0.0,0.34,0.0,2026,대구,1.0406172533521605,0.7758773289165231,0.3642391884676988,347.1765910911944,0
2026-04-05,삼성,양우현,0.0,0.0,4.0,3.0,2.0,1.0,0.0,1.0,0.0,0.0,0.0,0.0,0.0,0.0,0.0,0.0,2575182,2.0,2.0,1.0,0.6666666666666666,0.75,0.6666666666666666,1.4166666666666663,0.0833333333333333,0.0,0.25,0.25,1.0,1.0,0.3333333333333333,0.0,0.0,0.5041666666666667,1.2,32.4,1.242,3.0,2026,대구,1.0406172533521605,0.6669160951800179,1.0498981088807997,286.246856485195,0
2026-04-06,삼성,양우현,0.0,0.0,4.0,3.0,2.0,1.0,0.0,1.0,0.0,0.0,0.0,0.0,0.0,0.0,0.0,0.0,2575182,2.0,2.0,1.0,0.6666666666666666,0.75,0.6666666666666666,1.4166666666666663,0.0833333333333333,0.0,0.25,0.25,1.0,1.0,0.3333333333333333,0.0,0.0,0.5041666666666667,1.2,32.4,1.242,3.0,2026,대구,1.0406172533521605,0.6669160951800179,1.0498981088807997,286.246856485195,0
2026-04-07,삼성,양우현,0.0,1.0,5.0,4.0,3.0,1.0,0.0,1.0,1.0,0.0,0.0,0.0,0.0,0.0,0.0,0.0,2575182,2.0,4.0,1.0,0.75,0.8,1.0,1.8,0.05,0.25,0.2,0.2,1.0,1.0,0.5,0.0,0.0,0.6100000000000001,2.6666666666666665,72.0,1.962,5.0,2026,대구,1.0406172533521605,0.7957716822441514,1.8393977735145624,371.1361574394881,0
2026-04-08,삼성,양우현,0.0,1.0,6.0,5.0,3.0,1.0,0.0,1.0,1.0,0.0,0.0,0.0,0.0,0.0,0.0,0.0,2575182,2.0,4.0,2.0,0.6,0.6666666666666666,0.8,1.4666666666666668,0.0666666666666666,0.2,0.1666666666666666,0.1666666666666666,1.0,0.75,0.4,0.0,0.0,0.5,2.2857142857142856,30.85714285714285,2.052,2.5,2026,대구,1.0406172533521605,0.6616170031014769,1.532339440404806,287.29291801925666,0
2026-04-09,삼성,양우현,0.0,1.0,6.0,5.0,3.0,1.0,0.0,1.0,1.0,0.0,0.0,0.0,0.0,0.0,0.0,0.0,2575182,2.0,4.0,2.0,0.6,0.6666666666666666,0.8,1.4666666666666668,0.0666666666666666,0.2,0.1666666666666666,0.1666666666666666,1.0,0.75,0.4,0.0,0.0,0.5,2.2857142857142856,30.85714285714285,2.052,2.5,2026,대구,1.0406172533521605,0.6616170031014769,1.532339440404806,287.29291801925666,0
2026-04-10,삼성,양우현,0.0,1.0,6.0,5.0,3.0,1.0,0.0,1.0,1.0,0.0,0.0,0.0,0.0,0.0,0.0,0.0,2575182,2.0,4.0,2.0,0.6,0.6666666666666666,0.8,1.4666666666666668,0.0666666666666666,0.2,0.1666666666666666,0.1666666666666666,1.0,0.75,0.4,0.0,0.0,0.5,2.2857142857142856,30.85714285714285,2.052,2.5,2026,대구,1.0406172533521605,0.6598989851415787,1.5317810059464727,287.21910812855054,0
2026-04-11,삼성,양우현,0.0,2.0,8.0,6.0,3.0,2.0,0.0,2.0,1.0,0.0,0.0,0.0,0.0,0.0,0.0,0.0,2575182,2.0,4.0,3.0,0.5,0.625,0.6666666666666666,1.2916666666666663,0.125,0.1666666666666666,0.25,0.25,1.0,0.75,0.5,0.0,0.0,0.4479166666666666,2.0,18.0,2.294,2.0,2026,대구,1.0406172533521605,0.5906239312177826,1.5690009004594034,245.17722750144983,0
2026-04-12,삼성,양우현,0.0,2.0,8.0,6.0,3.0,2.0,0.0,2.0,1.0,0.0,0.0,0.0,0.0,0.0,0.0,0.0,2575182,2.0,4.0,3.0,0.5,0.625,0.6666666666666666,1.2916666666666663,0.125,0.1666666666666666,0.25,0.25,1.0,0.75,0.5,0.0,0.0,0.4479166666666666,2.0,18.0,2.294,2.0,2026,대구,1.0406172533521605,0.5901461457665268,1.569723704293543,246.79148058069524,0
2026-03-28,LG,이재원,0.0,0.0,1.0,1.0,0.0,0.0,0.0,1.0,0.0,0.0,0.0,0.0,0.0,0.0,0.0,0.0,2600568,0.0,0.0,1.0,0.0,0.0,0.0,0.0,0.0,0.0,1.0,0.0,0.0,0.0,0.0,0.0,0.0,0.0,0.0,0.0,-0.098,0.0,2026,잠실,0.9512583942824044,0.0,-0.3372542180402336,-121.34559183676636,0
2026-03-29,LG,이재원,0.0,0.0,1.0,1.0,0.0,0.0,0.0,1.0,0.0,0.0,0.0,0.0,0.0,0.0,0.0,0.0,2600568,0.0,0.0,1.0,0.0,0.0,0.0,0.0,0.0,0.0,1.0,0.0,0.0,0.0,0.0,0.0,0.0,0.0,0.0,0.0,-0.098,0.0,2026,잠실,0.9512583942824044,0.0,-0.3525497752087347,-122.11365623571038,0
2026-03-30,LG,이재원,0.0,0.0,1.0,1.0,0.0,0.0,0.0,1.0,0.0,0.0,0.0,0.0,0.0,0.0,0.0,0.0,2600568,0.0,0.0,1.0,0.0,0.0,0.0,0.0,0.0,0.0,1.0,0.0,0.0,0.0,0.0,0.0,0.0,0.0,0.0,0.0,-0.098,0.0,2026,잠실,0.9512583942824044,0.0,-0.3525497752087347,-122.11365623571038,0
2026-03-31,LG,이재원,0.0,0.0,3.0,3.0,0.0,0.0,0.0,2.0,0.0,0.0,0.0,0.0,0.0,0.0,0.0,0.0,2600568,0.0,0.0,3.0,0.0,0.0,0.0,0.0,0.0,0.0,0.6666666666666666,0.0,0.0,0.0,0.0,0.0,0.0,0.0,0.0,0.0,-0.106,0.0,2026,잠실,0.9512583942824044,0.0,-0.9916222949356732,-120.78691303252064,0
2026-04-01,LG,이재원,0.0,0.0,6.0,5.0,0.0,1.0,0.0,3.0,0.0,0.0,0.0,0.0,0.0,0.0,0.0,0.0,2600568,0.0,0.0,5.0,0.0,0.1666666666666666,0.0,0.1666666666666666,0.1666666666666666,0.0,0.5,0.1666666666666666,0.3333333333333333,0.0,0.2,0.0,0.0,0.075,0.0,0.0,0.2259999999999999,0.2,2026,잠실,0.9512583942824044,0.130220585760017,-1.341181199752628,-42.02953893421897,0
2026-04-02,LG,이재원,0.0,0.0,6.0,5.0,0.0,1.0,0.0,3.0,0.0,0.0,0.0,0.0,0.0,0.0,0.0,0.0,2600568,0.0,0.0,5.0,0.0,0.1666666666666666,0.0,0.1666666666666666,0.1666666666666666,0.0,0.5,0.1666666666666666,0.3333333333333333,0.0,0.2,0.0,0.0,0.075,0.0,0.0,0.2259999999999999,0.2,2026,잠실,0.9512583942824044,0.1296128549602782,-1.287892256960733,-37.81219311074899,0
2026-04-03,LG,이재원,0.0,0.0,7.0,6.0,0.0,1.0,0.0,4.0,0.0,0.0,0.0,0.0,0.0,0.0,0.0,0.0,2600568,0.0,0.0,6.0,0.0,0.1428571428571428,0.0,0.1428571428571428,0.1428571428571428,0.0,0.5714285714285714,0.1428571428571428,0.25,0.0,0.1666666666666666,0.0,0.0,0.0642857142857142,0.0,0.0,0.128,0.1666666666666666,2026,잠실,0.9512583942824044,0.1110544878815661,-1.6121186651396953,-51.54236275040503,0
2026-04-04,LG,이재원,1.0,0.0,8.0,6.0,0.0,2.0,0.0,4.0,0.0,0.0,0.0,0.0,0.0,0.0,0.0,0.0,2600568,0.0,0.0,6.0,0.0,0.25,0.0,0.25,0.25,0.0,0.5,0.25,0.5,0.0,0.3333333333333333,0.0,0.0,0.1125,0.0,0.0,0.4680000000000001,0.3333333333333333,2026,잠실,0.9512583942824044,0.1939693322291307,-1.2475871746640128,-2.693102672337022,0
2026-04-05,LG,이재원,1.0,0.0,8.0,6.0,0.0,2.0,0.0,4.0,0.0,0.0,0.0,0.0,0.0,0.0,0.0,0.0,2600568,0.0,0.0,6.0,0.0,0.25,0.0,0.25,0.25,0.0,0.5,0.25,0.5,0.0,0.3333333333333333,0.0,0.0,0.1125,0.0,0.0,0.4680000000000001,0.3333333333333333,2026,잠실,0.9512583942824044,0.1924254581411382,-1.1820546456842729,-2.2577322050578497,0
2026-04-06,LG,이재원,1.0,0.0,8.0,6.0,0.0,2.0,0.0,4.0,0.0,0.0,0.0,0.0,0.0,0.0,0.0,0.0,2600568,0.0,0.0,6.0,0.0,0.25,0.0,0.25,0.25,0.0,0.5,0.25,0.5,0.0,0.3333333333333333,0.0,0.0,0.1125,0.0,0.0,0.4680000000000001,0.3333333333333333,2026,잠실,0.9512583942824044,0.1924254581411382,-1.1820546456842729,-2.2577322050578497,0
2026-04-07,LG,이재원,1.0,0.0,9.0,7.0,0.0,2.0,0.0,5.0,0.0,0.0,0.0,0.0,0.0,0.0,0.0,0.0,2600568,0.0,0.0,7.0,0.0,0.2222222222222222,0.0,0.2222222222222222,0.2222222222222222,0.0,0.5555555555555556,0.2222222222222222,0.4,0.0,0.2857142857142857,0.0,0.0,0.0999999999999999,0.0,0.0,0.3700000000000001,0.2857142857142857,2026,잠실,0.9512583942824044,0.1706037784167695,-1.4295317251651198,-13.94616136830573,0
2026-04-08,LG,이재원,1.0,0.0,11.0,9.0,1.0,2.0,0.0,5.0,0.0,0.0,0.0,0.0,0.0,0.0,0.0,0.0,2600568,1.0,1.0,8.0,0.1111111111111111,0.2727272727272727,0.1111111111111111,0.3838383838383838,0.1616161616161616,0.0,0.4545454545454545,0.1818181818181818,0.4,0.25,0.2222222222222222,0.0,0.0,0.1505050505050505,0.2307692307692307,0.7788461538461539,0.9600000000000002,0.375,2026,잠실,0.9512583942824044,0.2256835275996031,-1.2493007749661436,19.77807168870472,0
2026-04-09,LG,이재원,1.0,0.0,11.0,9.0,1.0,2.0,0.0,5.0,0.0,0.0,0.0,0.0,0.0,0.0,0.0,0.0,2600568,1.0,1.0,8.0,0.1111111111111111,0.2727272727272727,0.1111111111111111,0.3838383838383838,0.1616161616161616,0.0,0.4545454545454545,0.1818181818181818,0.4,0.25,0.2222222222222222,0.0,0.0,0.1505050505050505,0.2307692307692307,0.7788461538461539,0.9600000000000002,0.375,2026,잠실,0.9512583942824044,0.2256835275996031,-1.2493007749661436,19.77807168870472,0
2026-04-10,LG,이재원,1.0,0.0,12.0,10.0,1.0,2.0,0.0,6.0,0.0,0.0,0.0,0.0,0.0,0.0,0.0,0.0,2600568,1.0,1.0,9.0,0.1,0.25,0.1,0.35,0.15,0.0,0.5,0.1666666666666666,0.3333333333333333,0.25,0.2,0.0,0.0,0.1375,0.2142857142857142,0.6428571428571428,0.8620000000000001,0.3333333333333333,2026,잠실,0.9512583942824044,0.2062860922243048,-1.549568778239172,8.123121663337107,0
2026-04-11,LG,이재원,1.0,0.0,15.0,13.0,1.0,2.0,0.0,8.0,0.0,0.0,0.0,0.0,0.0,0.0,0.0,0.0,2600568,1.0,1.0,12.0,0.0769230769230769,0.2,0.0769230769230769,0.2769230769230769,0.123076923076923,0.0,0.5333333333333333,0.1333333333333333,0.25,0.2,0.1538461538461538,0.0,0.0,0.1092307692307692,0.1764705882352941,0.3970588235294117,0.756,0.25,2026,잠실,0.9512583942824044,0.1647669814283459,-2.4005175951698683,-16.902096599878536,0
2026-04-12,LG,이재원,1.0,0.0,16.0,13.0,1.0,2.0,1.0,8.0,0.0,0.0,0.0,0.0,0.0,0.0,0.0,0.0,2600568,1.0,1.0,12.0,0.0769230769230769,0.25,0.0769230769230769,0.3269230769230769,0.173076923076923,0.0,0.5,0.125,0.25,0.2,0.1538461538461538,0.0,0.0,0.1317307692307692,0.2105263157894736,0.4736842105263157,1.096,0.3333333333333333,2026,잠실,0.9512583942824044,0.2035226788226833,-1.9940192047531224,9.059786082752929,0
2026-04-03,키움,박주홍,0.0,0.0,1.0,1.0,0.0,0.0,0.0,0.0,0.0,0.0,0.0,0.0,0.0,1.0,0.0,0.0,2622616,0.0,0.0,2.0,0.0,0.0,0.0,0.0,0.0,0.0,0.0,0.0,0.0,0.0,0.0,0.0,0.0,0.0,-0.0,-0.0,-0.28,0.0,2026,고척,0.9666905138306804,0.0,-0.3299694552109515,-120.7770731551088,0
2026-04-04,키움,박주홍,2.0,0.0,5.0,4.0,1.0,1.0,0.0,0.0,1.0,0.0,0.0,0.0,0.0,1.0,0.0,0.0,2622616,0.0,2.0,4.0,0.25,0.4,0.5,0.9,0.15,0.25,0.0,0.2,0.0,0.25,0.5,0.0,0.0,0.305,0.3333333333333333,2.25,0.96,0.75,2026,고척,0.9666905138306804,0.4121481085752497,0.1954456011356923,130.29313464027007,0
2026-04-05,키움,박주홍,2.0,1.0,9.0,8.0,4.0,1.0,0.0,1.0,2.0,0.0,0.0,0.0,0.0,1.0,0.0,0.0,2622616,2.0,6.0,5.0,0.5,0.5555555555555556,0.75,1.3055555555555556,0.0555555555555555,0.25,0.1111111111111111,0.1111111111111111,1.0,0.5714285714285714,0.375,0.0,0.0,0.4375,2.4,12.96,2.582,1.4,2026,고척,0.9666905138306804,0.5844013181961581,1.720210992224231,241.91409581016265,0
2026-04-06,키움,박주홍,2.0,1.0,9.0,8.0,4.0,1.0,0.0,1.0,2.0,0.0,0.0,0.0,0.0,1.0,0.0,0.0,2622616,2.0,6.0,5.0,0.5,0.5555555555555556,0.75,1.3055555555555556,0.0555555555555555,0.25,0.1111111111111111,0.1111111111111111,1.0,0.5714285714285714,0.375,0.0,0.0,0.4375,2.4,12.96,2.582,1.4,2026,고척,0.9666905138306804,0.5844013181961581,1.720210992224231,241.91409581016265,0
2026-04-07,키움,박주홍,2.0,1.0,11.0,10.0,4.0,1.0,0.0,3.0,2.0,0.0,0.0,0.0,0.0,1.0,0.0,0.0,2622616,2.0,6.0,7.0,0.4,0.4545454545454545,0.6,1.0545454545454545,0.0545454545454545,0.1999999999999999,0.2727272727272727,0.0909090909090909,0.3333333333333333,0.5714285714285714,0.3,0.0,0.0,0.3545454545454545,2.0,7.714285714285714,2.386,1.0,2026,고척,0.9666905138306804,0.4806019992460736,1.125771000488372,179.8900466505144,0
2026-04-08,키움,박주홍,2.0,1.0,14.0,13.0,4.0,1.0,0.0,3.0,2.0,0.0,0.0,0.0,0.0,2.0,0.0,0.0,2622616,2.0,6.0,11.0,0.3076923076923077,0.3571428571428571,0.4615384615384615,0.8186813186813187,0.0494505494505494,0.1538461538461538,0.2142857142857142,0.0714285714285714,0.3333333333333333,0.4,0.2307692307692307,0.0,0.0,0.2760989010989011,1.2,2.9454545454545453,2.286,0.6363636363636364,2026,고척,0.9666905138306804,0.3766965025967236,0.1993689452362587,114.00095676796911,0
2026-04-09,키움,박주홍,2.0,1.0,14.0,13.0,4.0,1.0,0.0,3.0,2.0,0.0,0.0,0.0,0.0,2.0,0.0,0.0,2622616,2.0,6.0,11.0,0.3076923076923077,0.3571428571428571,0.4615384615384615,0.8186813186813187,0.0494505494505494,0.1538461538461538,0.2142857142857142,0.0714285714285714,0.3333333333333333,0.4,0.2307692307692307,0.0,0.0,0.2760989010989011,1.2,2.9454545454545453,2.286,0.6363636363636364,2026,고척,0.9666905138306804,0.3766965025967236,0.1993689452362587,114.00095676796911,0
2026-04-10,키움,박주홍,2.0,1.0,15.0,14.0,5.0,1.0,0.0,3.0,2.0,0.0,0.0,0.0,0.0,2.0,0.0,0.0,2622616,3.0,7.0,11.0,0.3571428571428571,0.4,0.5,0.9,0.0428571428571428,0.1428571428571428,0.2,0.0666666666666666,0.3333333333333333,0.4545454545454545,0.2142857142857142,0.0,0.0,0.305,1.75,4.295454545454546,2.786,0.7272727272727273,2026,고척,0.9666905138306804,0.4138355987293395,0.701447882760488,138.36821180924215,0
2026-04-11,키움,박주홍,2.0,1.0,16.0,15.0,5.0,1.0,0.0,3.0,2.0,0.0,0.0,0.0,0.0,2.0,0.0,0.0,2622616,3.0,7.0,12.0,0.3333333333333333,0.375,0.4666666666666667,0.8416666666666667,0.0416666666666666,0.1333333333333333,0.1875,0.0625,0.3333333333333333,0.4166666666666667,0.2,0.0,0.0,0.2854166666666666,1.6470588235294117,3.705882352941176,2.8759999999999994,0.6666666666666666,2026,고척,0.9666905138306804,0.3885262908499164,0.4336563681148854,123.95503565520823,0
2026-04-12,키움,박주홍,2.0,1.0,20.0,19.0,6.0,1.0,0.0,5.0,2.0,0.0,0.0,0.0,0.0,2.0,0.0,0.0,2622616,4.0,8.0,15.0,0.3157894736842105,0.35,0.4210526315789473,0.7710526315789473,0.0342105263157894,0.1052631578947368,0.25,0.05,0.2,0.4285714285714285,0.1578947368421052,0.0,0.0,0.2627631578947368,1.9047619047619049,3.4285714285714284,3.27,0.6,2026,고척,0.9666905138306804,0.3581372541905933,0.0736315318386669,106.16139644771408,0
2026-03-28,롯데,전민재,1.0,1.0,4.0,2.0,1.0,1.0,0.0,0.0,0.0,0.0,0.0,0.0,1.0,0.0,0.0,0.0,2647420,1.0,1.0,2.0,0.5,0.5,0.5,1.0,0.0,0.0,0.0,0.25,0.0,0.3333333333333333,0.5,0.0,0.0,0.35,0.2,2.7,1.3,1.0,2026,사직,1.0488000917921212,0.4447782281131048,0.2315060566731561,133.94177570905558,0
2026-03-29,롯데,전민재,1.0,1.0,8.0,6.0,1.0,1.0,0.0,1.0,0.0,0.0,0.0,0.0,1.0,0.0,0.0,0.0,2647420,1.0,1.0,6.0,0.1666666666666666,0.25,0.1666666666666666,0.4166666666666666,0.0833333333333333,0.0,0.125,0.125,1.0,0.1666666666666666,0.1666666666666666,0.0,0.0,0.1541666666666666,0.1111111111111111,0.5,1.472,0.3333333333333333,2026,사직,1.0488000917921212,0.2158647835596743,-1.198817169770927,-1.3617371694299552,0
2026-03-30,롯데,전민재,1.0,1.0,8.0,6.0,1.0,1.0,0.0,1.0,0.0,0.0,0.0,0.0,1.0,0.0,0.0,0.0,2647420,1.0,1.0,6.0,0.1666666666666666,0.25,0.1666666666666666,0.4166666666666666,0.0833333333333333,0.0,0.125,0.125,1.0,0.1666666666666666,0.1666666666666666,0.0,0.0,0.1541666666666666,0.1111111111111111,0.5,1.472,0.3333333333333333,2026,사직,1.0488000917921212,0.2158647835596743,-1.198817169770927,-1.3617371694299552,0
2026-03-31,롯데,전민재,1.0,1.0,10.0,8.0,1.0,1.0,0.0,2.0,0.0,0.0,0.0,0.0,1.0,1.0,0.0,0.0,2647420,1.0,1.0,9.0,0.125,0.2,0.125,0.325,0.075,0.0,0.2,0.1,0.5,0.1428571428571428,0.125,0.0,0.0,0.12125,0.0,0.0,1.094,0.2222222222222222,2026,사직,1.0488000917921212,0.1726103231198483,-1.7558947472794424,-24.75541814212756,0
2026-04-01,롯데,전민재,2.0,1.0,14.0,11.0,3.0,2.0,0.0,2.0,0.0,0.0,0.0,0.0,1.0,1.0,0.0,0.0,2647420,3.0,3.0,10.0,0.2727272727272727,0.3571428571428571,0.2727272727272727,0.6298701298701299,0.0844155844155844,0.0,0.1428571428571428,0.1428571428571428,1.0,0.3,0.1818181818181818,0.0,0.0,0.2288961038961039,0.5625,1.51875,2.524,0.5,2026,사직,1.0488000917921212,0.3149714652729914,-0.7382319109461958,60.46535775830526,0
2026-04-02,롯데,전민재,2.0,1.0,16.0,12.0,3.0,2.0,0.0,3.0,0.0,0.0,0.0,1.0,1.0,1.0,0.0,0.0,2647420,3.0,3.0,12.0,0.25,0.3333333333333333,0.25,0.5833333333333333,0.0833333333333333,0.0,0.1875,0.125,0.6666666666666666,0.3,0.1666666666666666,0.0,0.0,0.2125,0.3333333333333333,0.75,2.466,0.4166666666666667,2026,사직,1.0488000917921212,0.2933818124385146,-1.056198092294674,51.23868386126957,0
2026-04-03,롯데,전민재,2.0,1.0,18.0,14.0,3.0,2.0,0.0,3.0,0.0,0.0,0.0,1.0,1.0,1.0,0.0,0.0,2647420,3.0,3.0,14.0,0.2142857142857142,0.2941176470588235,0.2142857142857142,0.5084033613445378,0.0798319327731092,0.0,0.1666666666666666,0.1111111111111111,0.6666666666666666,0.25,0.1428571428571428,0.0,0.0,0.1859243697478991,0.3,0.5785714285714285,2.6460000000000004,0.3571428571428571,2026,사직,1.0488000917921212,0.2591198183141868,-1.7535633161308408,28.95433692903211,0
2026-04-04,롯데,전민재,2.0,1.0,22.0,18.0,5.0,2.0,0.0,4.0,0.0,0.0,0.0,1.0,1.0,1.0,0.0,0.0,2647420,5.0,5.0,16.0,0.2777777777777778,0.3333333333333333,0.2777777777777778,0.6111111111111112,0.0555555555555555,0.0,0.1818181818181818,0.0909090909090909,0.5,0.3333333333333333,0.1111111111111111,0.0,0.0,0.2194444444444444,0.8333333333333334,1.40625,3.638,0.4375,2026,사직,1.0488000917921212,0.2999092991635382,-1.347390315464006,52.87551307296077,0
2026-04-05,롯데,전민재,2.0,1.0,26.0,22.0,5.0,2.0,0.0,5.0,0.0,0.0,0.0,1.0,1.0,1.0,0.0,0.0,2647420,5.0,5.0,20.0,0.2272727272727272,0.28,0.2272727272727272,0.5072727272727273,0.0527272727272727,0.0,0.1923076923076923,0.0769230769230769,0.4,0.2777777777777778,0.0909090909090909,0.0,0.0,0.1828181818181818,0.7142857142857143,0.9642857142857142,3.81,0.35,2026,사직,1.0488000917921212,0.2513724014207161,-2.51661668010194,24.939737162819743,0
2026-04-06,롯데,전민재,2.0,1.0,26.0,22.0,5.0,2.0,0.0,5.0,0.0,0.0,0.0,1.0,1.0,1.0,0.0,0.0,2647420,5.0,5.0,20.0,0.2272727272727272,0.28,0.2272727272727272,0.5072727272727273,0.0527272727272727,0.0,0.1923076923076923,0.0769230769230769,0.4,0.2777777777777778,0.0909090909090909,0.0,0.0,0.1828181818181818,0.7142857142857143,0.9642857142857142,3.81,0.35,2026,사직,1.0488000917921212,0.2513724014207161,-2.51661668010194,24.939737162819743,0
2026-04-07,롯데,전민재,2.0,1.0,28.0,24.0,5.0,2.0,0.0,7.0,0.0,0.0,0.0,1.0,1.0,1.0,0.0,0.0,2647420,5.0,5.0,22.0,0.2083333333333333,0.2592592592592592,0.2083333333333333,0.4675925925925925,0.0509259259259259,0.0,0.25,0.0714285714285714,0.2857142857142857,0.2777777777777778,0.0833333333333333,0.0,0.0,0.16875,0.6666666666666666,0.8181818181818182,3.614,0.3181818181818182,2026,사직,1.0488000917921212,0.2331066139036677,-2.97295528107099,15.692694142189213,0
2026-04-08,롯데,전민재,2.0,1.0,32.0,27.0,6.0,3.0,0.0,7.0,0.0,0.0,0.0,1.0,1.0,1.0,0.0,0.0,2647420,6.0,6.0,24.0,0.2222222222222222,0.2903225806451613,0.2222222222222222,0.5125448028673836,0.0681003584229391,0.0,0.21875,0.09375,0.4285714285714285,0.2857142857142857,0.1111111111111111,0.0,0.0,0.1862007168458781,1.0285714285714285,1.157142857142857,4.634,0.375,2026,사직,1.0488000917921212,0.257966419438412,-2.7599808478491794,30.4963583768928,0
2026-04-09,롯데,전민재,2.0,1.0,32.0,27.0,6.0,3.0,0.0,7.0,0.0,0.0,0.0,1.0,1.0,1.0,0.0,0.0,2647420,6.0,6.0,24.0,0.2222222222222222,0.2903225806451613,0.2222222222222222,0.5125448028673836,0.0681003584229391,0.0,0.21875,0.09375,0.4285714285714285,0.2857142857142857,0.1111111111111111,0.0,0.0,0.1862007168458781,1.0285714285714285,1.157142857142857,4.634,0.375,2026,사직,1.0488000917921212,0.257966419438412,-2.7599808478491794,30.4963583768928,0
2026-04-10,롯데,전민재,2.0,1.0,36.0,31.0,7.0,3.0,0.0,9.0,0.0,0.0,0.0,1.0,1.0,1.0,0.0,0.0,2647420,7.0,7.0,27.0,0.2258064516129032,0.2857142857142857,0.2258064516129032,0.511520737327189,0.0599078341013824,0.0,0.25,0.0833333333333333,0.3333333333333333,0.3043478260869565,0.0967741935483871,0.0,0.0,0.1850230414746543,1.2564102564102564,1.2564102564102564,5.028,0.3703703703703703,2026,사직,1.0488000917921212,0.2549159949023069,-3.1650441315406845,29.24761991393112,0
2026-04-11,롯데,전민재,2.0,1.0,39.0,34.0,7.0,3.0,0.0,9.0,0.0,0.0,0.0,1.0,1.0,1.0,0.0,0.0,2647420,7.0,7.0,30.0,0.2058823529411764,0.2631578947368421,0.2058823529411764,0.4690402476780185,0.0572755417956656,0.0,0.2307692307692307,0.0769230769230769,0.3333333333333333,0.2692307692307692,0.088235294117647,0.0,0.0,0.169891640866873,1.1666666666666667,1.05,5.298,0.3333333333333333,2026,사직,1.0488000917921212,0.2346815863397091,-3.960933033557136,17.83736312277806,0
2026-04-12,롯데,전민재,2.0,1.0,41.0,36.0,7.0,3.0,0.0,9.0,0.0,0.0,0.0,1.0,1.0,1.0,0.0,0.0,2647420,7.0,7.0,32.0,0.1944444444444444,0.25,0.1944444444444444,0.4444444444444444,0.0555555555555555,0.0,0.2195121951219512,0.073170731707317,0.3333333333333333,0.25,0.0833333333333333,0.0,0.0,0.1611111111111111,1.1136363636363635,0.9396306818181818,5.478,0.3125,2026,사직,1.0488000917921212,0.2226525121303629,-4.4587992121798745,11.51053946501699,0
2026-03-28,NC,최정원,0.0,0.0,4.0,2.0,0.0,0.0,1.0,1.0,0.0,0.0,0.0,1.0,0.0,0.0,0.0,0.0,2697419,0.0,0.0,3.0,0.0,0.3333333333333333,0.0,0.3333333333333333,0.3333333333333333,0.0,0.25,0.0,0.0,0.0,0.0,0.0,0.0,0.15,0.0,0.0,0.372,0.3333333333333333,2026,창원,1.0100284809306723,0.2768199738851437,-0.3653349196048741,37.73329615780772,0
2026-03-29,NC,최정원,0.0,0.0,8.0,4.0,0.0,1.0,1.0,2.0,0.0,0.0,0.0,2.0,0.0,0.0,0.0,0.0,2697419,0.0,0.0,6.0,0.0,0.3333333333333333,0.0,0.3333333333333333,0.3333333333333333,0.0,0.25,0.125,0.5,0.0,0.25,0.0,0.0,0.15,0.0,0.0,0.7440000000000001,0.3333333333333333,2026,창원,1.0100284809306723,0.2647455869950398,-0.8316234924712766,32.067453522465605,0
2026-03-30,NC,최정원,0.0,0.0,8.0,4.0,0.0,1.0,1.0,2.0,0.0,0.0,0.0,2.0,0.0,0.0,0.0,0.0,2697419,0.0,0.0,6.0,0.0,0.3333333333333333,0.0,0.3333333333333333,0.3333333333333333,0.0,0.25,0.125,0.5,0.0,0.25,0.0,0.0,0.15,0.0,0.0,0.7440000000000001,0.3333333333333333,2026,창원,1.0100284809306723,0.2647455869950398,-0.8316234924712766,32.067453522465605,0
2026-03-31,NC,최정원,1.0,0.0,12.0,7.0,1.0,2.0,1.0,2.0,0.0,0.0,0.0,2.0,0.0,0.0,0.0,0.0,2697419,1.0,1.0,8.0,0.1428571428571428,0.4,0.1428571428571428,0.5428571428571429,0.2571428571428572,0.0,0.1666666666666666,0.1666666666666666,1.0,0.2,0.2857142857142857,0.0,0.0,0.2157142857142857,0.1333333333333333,0.45,1.764,0.5,2026,창원,1.0100284809306723,0.3307391004782593,-0.403658213727968,76.03227245024702,0
2026-04-01,NC,최정원,1.0,0.0,14.0,8.0,2.0,2.0,1.0,2.0,0.0,0.0,0.0,3.0,0.0,0.0,0.0,0.0,2697419,2.0,2.0,9.0,0.25,0.4545454545454545,0.25,0.7045454545454546,0.2045454545454545,0.0,0.1428571428571428,0.1428571428571428,1.0,0.3333333333333333,0.25,0.0,0.0,0.2670454545454545,0.2352941176470588,0.7058823529411764,2.304,0.5555555555555556,2026,창원,1.0100284809306723,0.3880892388258839,0.2081157024793393,108.766674460785,0
2026-04-02,NC,최정원,1.0,1.0,18.0,11.0,4.0,3.0,1.0,2.0,0.0,0.0,0.0,3.0,0.0,0.0,0.0,0.0,2697419,4.0,4.0,10.0,0.3636363636363636,0.5333333333333333,0.3636363636363636,0.896969696969697,0.1696969696969696,0.0,0.1111111111111111,0.1666666666666666,1.5,0.4444444444444444,0.2727272727272727,0.0,0.0,0.3309090909090909,0.9090909090909092,2.454545454545454,3.734,0.8,2026,창원,1.0100284809306723,0.4621389554945742,1.5687218466293225,156.93036255346436,0
2026-04-03,NC,최정원,1.0,3.0,22.0,12.0,5.0,4.0,2.0,2.0,0.0,0.0,0.0,4.0,0.0,0.0,0.0,0.0,2697419,5.0,5.0,11.0,0.4166666666666667,0.6111111111111112,0.4166666666666667,1.027777777777778,0.1944444444444444,0.0,0.0909090909090909,0.1818181818181818,2.0,0.5,0.3333333333333333,0.0,0.0,0.3791666666666667,1.25,3.0681818181818183,4.954000000000001,1.0,2026,창원,1.0100284809306723,0.5261365654570758,3.1287575500004894,195.5873133820413,0
2026-04-04,NC,최정원,1.0,3.0,27.0,16.0,7.0,5.0,2.0,2.0,0.0,0.0,0.0,4.0,0.0,0.0,0.0,0.0,2697419,7.0,7.0,13.0,0.4375,0.6086956521739131,0.4375,1.046195652173913,0.171195652173913,0.0,0.074074074074074,0.1851851851851851,2.5,0.5,0.3125,0.0,0.0,0.3832880434782609,2.0588235294117645,4.27601809954751,6.474000000000001,1.0769230769230769,2026,창원,1.0100284809306723,0.5274761170303188,3.8389894956962607,197.07080771850303,0
2026-04-05,NC,최정원,1.0,3.0,30.0,19.0,7.0,5.0,2.0,2.0,0.0,0.0,0.0,4.0,0.0,0.0,0.0,0.0,2697419,7.0,7.0,16.0,0.3684210526315789,0.5384615384615384,0.3684210526315789,0.9068825910931172,0.1700404858299595,0.0,0.0666666666666666,0.1666666666666666,2.5,0.4117647058823529,0.2631578947368421,0.0,0.0,0.334412955465587,1.891891891891892,3.1925675675675675,6.7440000000000015,0.875,2026,창원,1.0100284809306723,0.4649466855539874,2.6357224274851445,162.69864738273782,0
2026-04-06,NC,최정원,1.0,3.0,30.0,19.0,7.0,5.0,2.0,2.0,0.0,0.0,0.0,4.0,0.0,0.0,0.0,0.0,2697419,7.0,7.0,16.0,0.3684210526315789,0.5384615384615384,0.3684210526315789,0.9068825910931172,0.1700404858299595,0.0,0.0666666666666666,0.1666666666666666,2.5,0.4117647058823529,0.2631578947368421,0.0,0.0,0.334412955465587,1.891891891891892,3.1925675675675675,6.7440000000000015,0.875,2026,창원,1.0100284809306723,0.4649466855539874,2.6357224274851445,162.69864738273782,0
2026-04-07,NC,최정원,1.0,3.0,34.0,23.0,8.0,5.0,2.0,3.0,0.0,0.0,0.0,4.0,0.0,0.0,0.0,0.0,2697419,8.0,8.0,19.0,0.3478260869565217,0.5,0.3478260869565217,0.8478260869565217,0.1521739130434782,0.0,0.088235294117647,0.1470588235294117,1.6666666666666667,0.4,0.217391304347826,0.0,0.0,0.3119565217391304,2.1463414634146343,3.050064184852375,7.326,0.7894736842105263,2026,창원,1.0100284809306723,0.4348958703108202,2.1703727986660253,146.74951377047842,0
2026-04-08,NC,최정원,1.0,3.0,36.0,25.0,8.0,5.0,2.0,3.0,0.0,0.0,0.0,4.0,0.0,0.0,0.0,0.0,2697419,8.0,8.0,21.0,0.32,0.46875,0.32,0.7887500000000001,0.14875,0.0,0.0833333333333333,0.1388888888888889,1.6666666666666667,0.3636363636363636,0.2,0.0,0.0,0.2909375,2.046511627906977,2.6312292358803986,7.506,0.7142857142857143,2026,창원,1.0100284809306723,0.4069085049152448,1.4332063819854004,128.82634519212726,0
2026-04-09,NC,최정원,1.0,3.0,36.0,25.0,8.0,5.0,2.0,3.0,0.0,0.0,0.0,4.0,0.0,0.0,0.0,0.0,2697419,8.0,8.0,21.0,0.32,0.46875,0.32,0.7887500000000001,0.14875,0.0,0.0833333333333333,0.1388888888888889,1.6666666666666667,0.3636363636363636,0.2,0.0,0.0,0.2909375,2.046511627906977,2.6312292358803986,7.506,0.7142857142857143,2026,창원,1.0100284809306723,0.4069085049152448,1.4332063819854004,128.82634519212726,0
2026-04-10,NC,최정원,1.0,3.0,39.0,26.0,8.0,6.0,2.0,3.0,0.0,0.0,0.0,5.0,0.0,0.0,0.0,0.0,2697419,8.0,8.0,23.0,0.3076923076923077,0.4705882352941176,0.3076923076923077,0.7782805429864253,0.1628959276018099,0.0,0.0769230769230769,0.1538461538461538,2.0,0.3478260869565217,0.2307692307692307,0.0,0.0,0.2886877828054298,1.872340425531915,2.197964847363552,7.976,0.6956521739130435,2026,창원,1.0100284809306723,0.4043832121414873,1.5113470949205996,128.03240622825314,0
2026-04-11,NC,최정원,1.0,3.0,43.0,28.0,8.0,7.0,3.0,4.0,0.0,0.0,0.0,5.0,0.0,0.0,0.0,0.0,2697419,8.0,8.0,25.0,0.2857142857142857,0.4736842105263157,0.2857142857142857,0.7593984962406015,0.18796992481203,0.0,0.0930232558139534,0.1627906976744186,1.75,0.3333333333333333,0.25,0.0,0.0,0.2845864661654135,1.962264150943396,2.119245283018868,8.648,0.72,2026,창원,1.0100284809306723,0.402351828170127,1.6626518250958082,128.41980593388257,0
2026-04-12,NC,최정원,1.0,3.0,46.0,31.0,9.0,7.0,3.0,5.0,0.0,0.0,0.0,5.0,0.0,0.0,0.0,0.0,2697419,9.0,9.0,27.0,0.2903225806451613,0.4634146341463415,0.2903225806451613,0.7537372147915028,0.1730920535011801,0.0,0.108695652173913,0.1521739130434782,1.4,0.3461538461538461,0.2258064516129032,0.0,0.0,0.281117230527144,2.25,2.25,9.14,0.7037037037037037,2026,창원,1.0100284809306723,0.395336984035015,1.589391176047919,125.56120138630008,0
2026-03-28,삼성,김지찬,0.0,0.0,4.0,3.0,0.0,1.0,0.0,0.0,0.0,0.0,0.0,0.0,0.0,0.0,0.0,0.0,2697432,0.0,0.0,3.0,0.0,0.25,0.0,0.25,0.25,0.0,0.0,0.25,0.0,0.0,0.3333333333333333,0.0,0.0,0.1125,0.0,0.0,0.6100000000000001,0.3333333333333333,2026,대구,1.0406172533521605,0.2005796786792412,-0.6362554077438891,-10.756862941499,0
2026-03-29,삼성,김지찬,1.0,0.0,8.0,6.0,1.0,2.0,0.0,0.0,1.0,0.0,0.0,0.0,0.0,0.0,0.0,0.0,2697432,0.0,2.0,5.0,0.1666666666666666,0.375,0.3333333333333333,0.7083333333333333,0.2083333333333333,0.1666666666666666,0.0,0.25,0.0,0.1666666666666666,0.5,0.0,0.0,0.2520833333333333,0.6,3.24,1.85,0.8,2026,대구,1.0406172533521605,0.3534163638951287,-0.1655266538214515,82.61656223703828,0
2026-03-30,삼성,김지찬,1.0,0.0,8.0,6.0,1.0,2.0,0.0,0.0,1.0,0.0,0.0,0.0,0.0,0.0,0.0,0.0,2697432,0.0,2.0,5.0,0.1666666666666666,0.375,0.3333333333333333,0.7083333333333333,0.2083333333333333,0.1666666666666666,0.0,0.25,0.0,0.1666666666666666,0.5,0.0,0.0,0.2520833333333333,0.6,3.24,1.85,0.8,2026,대구,1.0406172533521605,0.3534163638951287,-0.1655266538214515,82.61656223703828,0
2026-03-31,삼성,김지찬,1.0,0.0,10.0,6.0,1.0,4.0,0.0,0.0,1.0,0.0,0.0,0.0,0.0,0.0,0.0,1.0,2697432,0.0,2.0,5.0,0.1666666666666666,0.5,0.3333333333333333,0.8333333333333333,0.3333333333333333,0.1666666666666666,0.0,0.4,0.0,0.1666666666666666,0.8333333333333334,0.0,0.0,0.3083333333333333,0.7142857142857143,3.8571428571428568,2.44,1.2,2026,대구,1.0406172533521605,0.4015257106544358,0.2990654668947234,116.35555491819127,0
2026-04-01,삼성,김지찬,3.0,3.0,15.0,9.0,2.0,5.0,1.0,0.0,1.0,1.0,0.0,0.0,0.0,0.0,0.0,1.0,2697432,0.0,5.0,7.0,0.2222222222222222,0.5333333333333333,0.5555555555555556,1.088888888888889,0.3111111111111111,0.3333333333333333,0.0,0.3333333333333333,0.0,0.2222222222222222,0.8888888888888888,0.0,0.0,0.3788888888888889,1.9047619047619049,7.346938775510203,4.34,1.5714285714285714,2026,대구,1.0406172533521605,0.483763822399982,1.5497263450834884,163.83679079567918,0
2026-04-02,삼성,김지찬,3.0,4.0,19.0,11.0,2.0,7.0,1.0,2.0,1.0,1.0,0.0,0.0,0.0,0.0,0.0,1.0,2697432,0.0,5.0,9.0,0.1818181818181818,0.5263157894736842,0.4545454545454545,0.9808612440191388,0.3444976076555023,0.2727272727272727,0.1052631578947368,0.3684210526315789,3.5,0.2222222222222222,0.9090909090909092,0.0,0.0,0.3504784688995215,1.851851851851852,5.555555555555555,4.824000000000001,1.4444444444444444,2026,대구,1.0406172533521605,0.462598607056712,1.6637994556202504,154.1488021775437,0
2026-04-03,삼성,김지찬,3.0,4.0,24.0,16.0,3.0,7.0,1.0,2.0,1.0,1.0,0.0,0.0,0.0,0.0,0.0,1.0,2697432,1.0,6.0,13.0,0.1875,0.4583333333333333,0.375,0.8333333333333333,0.2708333333333333,0.1875,0.0833333333333333,0.2916666666666667,3.5,0.2142857142857142,0.625,0.0,0.0,0.3,2.0625,4.283653846153846,5.684000000000001,1.0769230769230769,2026,대구,1.0406172533521605,0.4038784625344953,0.7798724280185391,118.0079521654456,0
2026-04-04,삼성,김지찬,3.0,5.0,29.0,21.0,4.0,7.0,1.0,2.0,1.0,1.0,0.0,0.0,0.0,0.0,0.0,1.0,2697432,2.0,7.0,17.0,0.1904761904761904,0.4137931034482758,0.3333333333333333,0.7471264367816092,0.2233169129720854,0.1428571428571428,0.0689655172413793,0.2413793103448276,3.5,0.2105263157894736,0.4761904761904761,0.0,0.0,0.2695402298850575,2.27027027027027,3.605723370429253,6.5440000000000005,0.8823529411764706,2026,대구,1.0406172533521605,0.365335922061825,-0.0799792274484142,94.03597727629416,0
2026-04-05,삼성,김지찬,3.0,5.0,33.0,25.0,4.0,7.0,1.0,2.0,1.0,1.0,0.0,0.0,0.0,0.0,0.0,1.0,2697432,2.0,7.0,21.0,0.16,0.3636363636363636,0.28,0.6436363636363637,0.2036363636363636,0.12,0.0606060606060606,0.2121212121212121,3.5,0.1739130434782608,0.4,0.0,0.0,0.2336363636363636,2.048780487804878,2.6341463414634148,6.904000000000001,0.7142857142857143,2026,대구,1.0406172533521605,0.3193447537127158,-1.2548563862512074,68.36735224966975,0
2026-04-06,삼성,김지찬,3.0,5.0,33.0,25.0,4.0,7.0,1.0,2.0,1.0,1.0,0.0,0.0,0.0,0.0,0.0,1.0,2697432,2.0,7.0,21.0,0.16,0.3636363636363636,0.28,0.6436363636363637,0.2036363636363636,0.12,0.0606060606060606,0.2121212121212121,3.5,0.1739130434782608,0.4,0.0,0.0,0.2336363636363636,2.048780487804878,2.6341463414634148,6.904000000000001,0.7142857142857143,2026,대구,1.0406172533521605,0.3193447537127158,-1.2548563862512074,68.36735224966975,0
2026-04-07,삼성,김지찬,3.0,6.0,38.0,30.0,5.0,7.0,1.0,3.0,1.0,1.0,0.0,0.0,0.0,0.0,0.0,1.0,2697432,3.0,8.0,25.0,0.1666666666666666,0.3421052631578947,0.2666666666666666,0.6087719298245614,0.1754385964912281,0.1,0.0789473684210526,0.1842105263157894,2.333333333333333,0.1851851851851851,0.3333333333333333,0.0,0.0,0.2206140350877193,2.260869565217391,2.441739130434782,7.576,0.64,2026,대구,1.0406172533521605,0.3025608922072892,-1.8110937272051413,60.285218281331886,0
2026-04-08,삼성,김지찬,3.0,7.0,43.0,35.0,7.0,7.0,1.0,3.0,1.0,1.0,0.0,0.0,0.0,0.0,0.0,1.0,2697432,5.0,10.0,28.0,0.2,0.3488372093023256,0.2857142857142857,0.6345514950166113,0.1488372093023255,0.0857142857142856,0.0697674418604651,0.1627906976744186,2.333333333333333,0.21875,0.2857142857142857,0.0,0.0,0.2284053156146179,2.9411764705882355,2.8361344537815127,8.846,0.6428571428571429,2026,대구,1.0406172533521605,0.3111869804148859,-1.7718110924270387,65.064890547425,0
2026-04-09,삼성,김지찬,3.0,7.0,43.0,35.0,7.0,7.0,1.0,3.0,1.0,1.0,0.0,0.0,0.0,0.0,0.0,1.0,2697432,5.0,10.0,28.0,0.2,0.3488372093023256,0.2857142857142857,0.6345514950166113,0.1488372093023255,0.0857142857142856,0.0697674418604651,0.1627906976744186,2.333333333333333,0.21875,0.2857142857142857,0.0,0.0,0.2284053156146179,2.9411764705882355,2.8361344537815127,8.846,0.6428571428571429,2026,대구,1.0406172533521605,0.3111869804148859,-1.7718110924270387,65.064890547425,0
2026-04-10,삼성,김지찬,3.0,8.0,47.0,37.0,8.0,9.0,1.0,3.0,1.0,1.0,0.0,0.0,0.0,0.0,0.0,1.0,2697432,6.0,11.0,29.0,0.2162162162162162,0.3829787234042553,0.2972972972972973,0.6802760207015526,0.1667625071880391,0.081081081081081,0.0638297872340425,0.1914893617021276,3.0,0.2352941176470588,0.3243243243243243,0.0,0.0,0.2466647498562392,3.473684210526316,3.2341197822141563,10.116,0.7241379310344828,2026,대구,1.0406172533521605,0.3371800631444616,-0.8554372397737754,82.3013537962985,0
2026-04-11,삼성,김지찬,5.0,8.0,51.0,40.0,9.0,10.0,1.0,3.0,2.0,1.0,0.0,0.0,0.0,1.0,0.0,1.0,2697432,6.0,13.0,32.0,0.225,0.392156862745098,0.325,0.717156862745098,0.167156862745098,0.1,0.0588235294117647,0.196078431372549,3.333333333333333,0.2432432432432432,0.35,0.0,0.0,0.2577205882352941,3.983870967741936,3.361391129032258,10.986,0.75,2026,대구,1.0406172533521605,0.351518667479807,-0.1962120552925525,93.01072347215305,0
2026-04-12,삼성,김지찬,5.0,9.0,56.0,45.0,11.0,10.0,1.0,4.0,2.0,1.0,0.0,0.0,0.0,1.0,0.0,1.0,2697432,8.0,15.0,35.0,0.2444444444444444,0.3928571428571428,0.3333333333333333,0.7261904761904762,0.1484126984126984,0.0888888888888888,0.0714285714285714,0.1785714285714285,2.5,0.2682926829268293,0.3111111111111111,0.0,0.0,0.2601190476190476,4.701492537313433,3.626865671641791,12.068,0.7428571428571429,2026,대구,1.0406172533521605,0.3536679356639218,-0.0015295044658507,95.9172763695785,0
2026-03-28,SSG,최지훈,0.0,1.0,4.0,3.0,1.0,1.0,0.0,0.0,0.0,0.0,0.0,0.0,0.0,0.0,0.0,0.0,2698101,1.0,1.0,2.0,0.3333333333333333,0.5,0.3333333333333333,0.8333333333333333,0.1666666666666666,0.0,0.0,0.25,0.0,0.3333333333333333,0.3333333333333333,0.0,0.0,0.3083333333333333,0.4,5.4,1.02,1.0,2026,문학,1.027807913649001,0.4447782281131048,0.2315060566731561,136.0409935233676,0
2026-03-29,SSG,최지훈,0.0,2.0,8.0,5.0,1.0,3.0,0.0,0.0,0.0,0.0,0.0,0.0,0.0,0.0,0.0,0.0,2698101,1.0,1.0,4.0,0.2,0.5,0.2,0.7,0.3,0.0,0.0,0.375,0.0,0.2,0.6,0.0,0.0,0.275,0.3636363636363636,2.4545454545454546,1.88,1.0,2026,문학,1.027807913649001,0.4110959750918398,0.2677638621280237,118.76905023136489,0
2026-03-30,SSG,최지훈,0.0,2.0,8.0,5.0,1.0,3.0,0.0,0.0,0.0,0.0,0.0,0.0,0.0,0.0,0.0,0.0,2698101,1.0,1.0,4.0,0.2,0.5,0.2,0.7,0.3,0.0,0.0,0.375,0.0,0.2,0.6,0.0,0.0,0.275,0.3636363636363636,2.4545454545454546,1.88,1.0,2026,문학,1.027807913649001,0.4110959750918398,0.2677638621280237,118.76905023136489,0
2026-03-31,SSG,최지훈,0.0,3.0,12.0,9.0,2.0,3.0,0.0,0.0,1.0,0.0,0.0,0.0,0.0,0.0,0.0,0.0,2698101,1.0,3.0,7.0,0.2222222222222222,0.4166666666666667,0.3333333333333333,0.75,0.1944444444444444,0.1111111111111111,0.0,0.25,0.0,0.2222222222222222,0.4444444444444444,0.0,0.0,0.2708333333333333,1.0,3.857142857142857,2.87,0.8571428571428571,2026,문학,1.027807913649001,0.3802596086273751,0.1297930765226447,104.60338231294224,0
2026-04-01,SSG,최지훈,0.0,3.0,15.0,12.0,2.0,3.0,0.0,1.0,1.0,0.0,0.0,0.0,0.0,1.0,0.0,0.0,2698101,1.0,3.0,11.0,0.1666666666666666,0.3333333333333333,0.25,0.5833333333333333,0.1666666666666666,0.0833333333333333,0.0666666666666666,0.2,3.0,0.1818181818181818,0.3333333333333333,0.0,0.0,0.2125,0.6666666666666666,1.6363636363636365,2.5820000000000003,0.5454545454545454,2026,문학,1.027807913649001,0.3044296437814011,-0.937149041434755,56.15968253955381,0
2026-04-02,SSG,최지훈,2.0,4.0,19.0,16.0,3.0,3.0,0.0,2.0,1.0,0.0,1.0,0.0,0.0,1.0,0.0,0.0,2698101,1.0,7.0,14.0,0.1875,0.3157894736842105,0.4375,0.7532894736842105,0.1282894736842105,0.25,0.1052631578947368,0.1578947368421052,1.5,0.1538461538461538,0.4375,19.0,16.0,0.2514802631578947,1.5909090909090908,3.068181818181818,4.104,0.7142857142857143,2026,문학,1.027807913649001,0.3404809558654142,-0.4420408261817383,81.75374518198038,0
2026-04-03,SSG,최지훈,5.0,7.0,24.0,20.0,5.0,4.0,0.0,3.0,2.0,0.0,2.0,0.0,0.0,1.0,0.0,0.0,2698101,1.0,13.0,16.0,0.25,0.375,0.65,1.025,0.125,0.4,0.125,0.1666666666666666,1.3333333333333333,0.2,0.6,12.0,10.0,0.33125,3.7142857142857135,6.267857142857143,6.596000000000001,1.0625,2026,문학,1.027807913649001,0.4368174157369366,1.4893446347178236,139.36630166552783,0
2026-04-04,SSG,최지훈,6.0,8.0,29.0,24.0,7.0,5.0,0.0,3.0,2.0,0.0,2.0,0.0,0.0,1.0,0.0,0.0,2698101,3.0,15.0,18.0,0.2916666666666667,0.4137931034482758,0.625,1.0387931034482758,0.1221264367816091,0.3333333333333333,0.1034482758620689,0.1724137931034483,1.6666666666666667,0.2631578947368421,0.5416666666666666,14.5,12.0,0.3424568965517242,4.852941176470588,7.279411764705882,8.116000000000001,1.1111111111111112,2026,문학,1.027807913649001,0.4539993235710714,2.218539488478657,149.9869335786358,0
2026-04-05,SSG,최지훈,6.0,9.0,34.0,27.0,7.0,6.0,1.0,3.0,2.0,0.0,2.0,0.0,0.0,1.0,0.0,0.0,2698101,3.0,15.0,21.0,0.2592592592592592,0.4117647058823529,0.5555555555555556,0.9673202614379084,0.1525054466230936,0.2962962962962963,0.088235294117647,0.1764705882352941,2.0,0.2272727272727272,0.5185185185185185,17.0,13.5,0.3241830065359477,4.7560975609756095,6.114982578397212,9.066,1.0476190476190477,2026,문학,1.027807913649001,0.4359109068554802,2.133632280708782,142.71925792372463,0
2026-04-06,SSG,최지훈,6.0,9.0,34.0,27.0,7.0,6.0,1.0,3.0,2.0,0.0,2.0,0.0,0.0,1.0,0.0,0.0,2698101,3.0,15.0,21.0,0.2592592592592592,0.4117647058823529,0.5555555555555556,0.9673202614379084,0.1525054466230936,0.2962962962962963,0.088235294117647,0.1764705882352941,2.0,0.2272727272727272,0.5185185185185185,17.0,13.5,0.3241830065359477,4.7560975609756095,6.114982578397212,9.066,1.0476190476190477,2026,문학,1.027807913649001,0.4359109068554802,2.133632280708782,142.71925792372463,0
2026-04-07,SSG,최지훈,6.0,9.0,38.0,31.0,7.0,6.0,1.0,4.0,2.0,0.0,2.0,0.0,0.0,1.0,0.0,0.0,2698101,3.0,15.0,25.0,0.2258064516129032,0.3684210526315789,0.4838709677419355,0.8522920203735145,0.1426146010186757,0.2580645161290322,0.1052631578947368,0.1578947368421052,1.5,0.2,0.4516129032258064,19.0,15.5,0.2867572156196943,4.333333333333333,4.68,9.238,0.88,2026,문학,1.027807913649001,0.3925239157620736,1.0691405743328526,118.26623044625096,0
2026-04-08,SSG,최지훈,6.0,9.0,42.0,34.0,8.0,6.0,2.0,4.0,3.0,0.0,2.0,0.0,0.0,2.0,0.0,0.0,2698101,3.0,17.0,28.0,0.2352941176470588,0.3809523809523809,0.5,0.8809523809523809,0.1456582633053221,0.2647058823529412,0.0952380952380952,0.1428571428571428,1.5,0.2142857142857142,0.4411764705882353,21.0,17.0,0.2964285714285714,4.76,4.589999999999999,10.108,0.8928571428571429,2026,문학,1.027807913649001,0.4042779715769063,1.5785646952437102,125.38022797076763,0
2026-04-09,SSG,최지훈,6.0,9.0,42.0,34.0,8.0,6.0,2.0,4.0,3.0,0.0,2.0,0.0,0.0,2.0,0.0,0.0,2698101,3.0,17.0,28.0,0.2352941176470588,0.3809523809523809,0.5,0.8809523809523809,0.1456582633053221,0.2647058823529412,0.0952380952380952,0.1428571428571428,1.5,0.2142857142857142,0.4411764705882353,21.0,17.0,0.2964285714285714,4.76,4.589999999999999,10.108,0.8928571428571429,2026,문학,1.027807913649001,0.4042779715769063,1.5785646952437102,125.38022797076763,0
2026-04-10,SSG,최지훈,6.0,9.0,46.0,37.0,9.0,6.0,2.0,4.0,3.0,0.0,2.0,1.0,0.0,2.0,0.0,0.0,2698101,4.0,18.0,31.0,0.2432432432432432,0.3777777777777777,0.4864864864864865,0.8642642642642643,0.1345345345345345,0.2432432432432432,0.0869565217391304,0.1304347826086956,1.5,0.2258064516129032,0.4054054054054054,23.0,18.5,0.2916216216216216,4.666666666666667,4.064516129032259,10.828,0.8387096774193549,2026,문학,1.027807913649001,0.3974479011383539,1.5122480062461223,121.8507287484504,0
2026-04-11,SSG,최지훈,6.0,9.0,51.0,42.0,9.0,6.0,2.0,6.0,3.0,0.0,2.0,1.0,0.0,2.0,0.0,0.0,2698101,4.0,18.0,36.0,0.2142857142857142,0.34,0.4285714285714285,0.7685714285714286,0.1257142857142857,0.2142857142857142,0.1176470588235294,0.1176470588235294,1.0,0.2058823529411764,0.3571428571428571,25.5,21.0,0.2601428571428572,4.271186440677966,3.203389830508475,10.902,0.7222222222222222,2026,문학,1.027807913649001,0.3584853576834038,0.1009392303365485,98.7252565877316,0
2026-04-12,SSG,최지훈,7.0,9.0,55.0,45.0,9.0,6.0,2.0,6.0,3.0,0.0,2.0,1.0,1.0,2.0,0.0,0.0,2698101,4.0,18.0,40.0,0.2,0.3148148148148148,0.4,0.7148148148148148,0.1148148148148148,0.2,0.109090909090909,0.109090909090909,1.0,0.1842105263157894,0.3333333333333333,27.5,22.5,0.2416666666666666,3.7142857142857135,2.507142857142857,11.541999999999998,0.65,2026,문학,1.027807913649001,0.3320681948860632,-0.987358856883646,83.41747468728671,0
2026-03-28,롯데,손호영,0.0,1.0,5.0,5.0,1.0,0.0,0.0,1.0,0.0,0.0,0.0,0.0,0.0,0.0,0.0,0.0,2699438,1.0,1.0,4.0,0.2,0.2,0.2,0.4,0.0,0.0,0.2,0.0,0.0,0.25,0.0,0.0,0.0,0.14,0.2,1.35,0.672,0.25,2026,사직,1.0488000917921212,0.1953588395470908,-0.8185096257841227,-14.686223592097502,0
2026-03-29,롯데,손호영,2.0,3.0,10.0,10.0,3.0,0.0,0.0,1.0,0.0,0.0,2.0,0.0,0.0,1.0,0.0,0.0,2699438,1.0,9.0,8.0,0.3,0.3,0.9,1.2,0.0,0.6000000000000001,0.1,0.0,0.0,0.1428571428571428,0.6,5.0,5.0,0.36,1.8,6.075,3.452,1.125,2026,사직,1.0488000917921212,0.4678782877270963,0.8678923142795981,150.99890367094352,0
2026-03-30,롯데,손호영,2.0,3.0,10.0,10.0,3.0,0.0,0.0,1.0,0.0,0.0,2.0,0.0,0.0,1.0,0.0,0.0,2699438,1.0,9.0,8.0,0.3,0.3,0.9,1.2,0.0,0.6000000000000001,0.1,0.0,0.0,0.1428571428571428,0.6,5.0,5.0,0.36,1.8,6.075,3.452,1.125,2026,사직,1.0488000917921212,0.4678782877270963,0.8678923142795981,150.99890367094352,0
2026-03-31,롯데,손호영,2.0,4.0,14.0,13.0,3.0,1.0,0.0,3.0,0.0,0.0,2.0,0.0,0.0,1.0,0.0,0.0,2699438,1.0,9.0,11.0,0.2307692307692307,0.2857142857142857,0.6923076923076923,0.978021978021978,0.0549450549450549,0.4615384615384615,0.2142857142857142,0.0714285714285714,0.3333333333333333,0.125,0.5384615384615384,7.0,6.5,0.3016483516483516,1.8,4.418181818181818,3.685999999999999,0.9090909090909092,2026,사직,1.0488000917921212,0.39868765146,0.3830237227634419,113.79794301577732,0
2026-04-01,롯데,손호영,2.0,5.0,18.0,16.0,4.0,2.0,0.0,3.0,0.0,0.0,2.0,0.0,0.0,1.0,0.0,0.0,2699438,2.0,10.0,13.0,0.25,0.3333333333333333,0.625,0.9583333333333331,0.0833333333333333,0.375,0.1666666666666666,0.1111111111111111,0.6666666666666666,0.1818181818181818,0.5,9.0,8.0,0.30625,2.5,5.1923076923076925,4.705999999999999,0.9230769230769232,2026,사직,1.0488000917921212,0.4018527578470466,0.4966122448979596,113.25181273243194,0
2026-04-02,롯데,손호영,2.0,6.0,22.0,19.0,5.0,3.0,0.0,3.0,0.0,0.0,2.0,0.0,0.0,1.0,0.0,0.0,2699438,3.0,11.0,15.0,0.2631578947368421,0.3636363636363636,0.5789473684210527,0.9425837320574164,0.1004784688995215,0.3157894736842105,0.1363636363636363,0.1363636363636363,1.0,0.2142857142857142,0.4736842105263157,11.0,9.5,0.3083732057416268,3.08,5.544,5.726,0.9333333333333332,2026,사직,1.0488000917921212,0.4088955198210449,0.8542070697315053,120.93038508977304,0
2026-04-03,롯데,손호영,2.0,6.0,26.0,23.0,5.0,3.0,0.0,4.0,0.0,0.0,2.0,0.0,0.0,1.0,0.0,0.0,2699438,3.0,11.0,19.0,0.217391304347826,0.3076923076923077,0.4782608695652174,0.7859531772575251,0.0903010033444816,0.2608695652173913,0.1538461538461538,0.1153846153846153,0.75,0.1764705882352941,0.391304347826087,13.0,11.5,0.2580267558528428,2.655172413793104,3.7731397459165152,5.898,0.7368421052631579,2026,사직,1.0488000917921212,0.34760315138775,-0.4682617970410462,82.8879466177873,0
2026-04-04,롯데,손호영,2.0,7.0,28.0,24.0,5.0,4.0,0.0,4.0,0.0,0.0,2.0,0.0,0.0,1.0,0.0,0.0,2699438,3.0,11.0,20.0,0.2083333333333333,0.3214285714285714,0.4583333333333333,0.7797619047619048,0.1130952380952381,0.2499999999999999,0.1428571428571428,0.1428571428571428,1.0,0.1666666666666666,0.4166666666666667,14.0,12.0,0.2592261904761905,2.75,3.7125,6.327999999999999,0.75,2026,사직,1.0488000917921212,0.3507277366687535,-0.4428665941242413,84.21025848083951,0
2026-04-05,롯데,손호영,2.0,7.0,28.0,24.0,5.0,4.0,0.0,4.0,0.0,0.0,2.0,0.0,0.0,1.0,0.0,0.0,2699438,3.0,11.0,20.0,0.2083333333333333,0.3214285714285714,0.4583333333333333,0.7797619047619048,0.1130952380952381,0.2499999999999999,0.1428571428571428,0.1428571428571428,1.0,0.1666666666666666,0.4166666666666667,14.0,12.0,0.2592261904761905,2.75,3.7125,6.327999999999999,0.75,2026,사직,1.0488000917921212,0.3532500647640563,-0.2439462405431514,88.80304271676425,0
2026-04-06,롯데,손호영,2.0,7.0,28.0,24.0,5.0,4.0,0.0,4.0,0.0,0.0,2.0,0.0,0.0,1.0,0.0,0.0,2699438,3.0,11.0,20.0,0.2083333333333333,0.3214285714285714,0.4583333333333333,0.7797619047619048,0.1130952380952381,0.2499999999999999,0.1428571428571428,0.1428571428571428,1.0,0.1666666666666666,0.4166666666666667,14.0,12.0,0.2592261904761905,2.75,3.7125,6.327999999999999,0.75,2026,사직,1.0488000917921212,0.3532500647640563,-0.2439462405431514,88.80304271676425,0
2026-04-07,롯데,손호영,3.0,7.0,29.0,25.0,6.0,4.0,0.0,4.0,1.0,0.0,2.0,0.0,0.0,1.0,0.0,0.0,2699438,3.0,13.0,20.0,0.24,0.3448275862068966,0.52,0.8648275862068966,0.1048275862068965,0.28,0.1379310344827586,0.1379310344827586,1.0,0.2105263157894736,0.44,14.5,12.5,0.2851724137931034,3.5454545454545454,4.786363636363636,7.047999999999999,0.85,2026,사직,1.0488000917921212,0.3888041834816088,0.7250385620013077,113.8226148690413,0
2026-04-08,롯데,손호영,3.0,8.0,33.0,29.0,7.0,4.0,0.0,6.0,2.0,0.0,2.0,0.0,0.0,1.0,0.0,0.0,2699438,3.0,15.0,23.0,0.2413793103448276,0.3333333333333333,0.5172413793103449,0.8505747126436782,0.0919540229885057,0.2758620689655172,0.1818181818181818,0.1212121212121212,0.6666666666666666,0.238095238095238,0.4137931034482758,16.5,14.5,0.2793103448275862,4.054054054054054,4.759106933019977,7.662,0.8260869565217391,2026,사직,1.0488000917921212,0.3803243666426898,0.5712685536461064,108.09063823980264,0
2026-04-09,롯데,손호영,3.0,8.0,33.0,29.0,7.0,4.0,0.0,6.0,2.0,0.0,2.0,0.0,0.0,1.0,0.0,0.0,2699438,3.0,15.0,23.0,0.2413793103448276,0.3333333333333333,0.5172413793103449,0.8505747126436782,0.0919540229885057,0.2758620689655172,0.1818181818181818,0.1212121212121212,0.6666666666666666,0.238095238095238,0.4137931034482758,16.5,14.5,0.2793103448275862,4.054054054054054,4.759106933019977,7.662,0.8260869565217391,2026,사직,1.0488000917921212,0.3803243666426898,0.5712685536461064,108.09063823980264,0
2026-04-10,롯데,손호영,3.0,8.0,33.0,29.0,7.0,4.0,0.0,6.0,2.0,0.0,2.0,0.0,0.0,1.0,0.0,0.0,2699438,3.0,15.0,23.0,0.2413793103448276,0.3333333333333333,0.5172413793103449,0.8505747126436782,0.0919540229885057,0.2758620689655172,0.1818181818181818,0.1212121212121212,0.6666666666666666,0.238095238095238,0.4137931034482758,16.5,14.5,0.2793103448275862,4.054054054054054,4.759106933019977,7.662,0.8260869565217391,2026,사직,1.0488000917921212,0.3794333312322524,0.5810633537485018,108.31274810122132,0
2026-04-11,롯데,손호영,3.0,8.0,34.0,30.0,7.0,4.0,0.0,6.0,2.0,0.0,2.0,0.0,0.0,1.0,0.0,0.0,2699438,3.0,15.0,24.0,0.2333333333333333,0.3235294117647059,0.5,0.8235294117647058,0.0901960784313725,0.2666666666666666,0.1764705882352941,0.1176470588235294,0.6666666666666666,0.2272727272727272,0.4,17.0,15.0,0.2705882352941177,3.947368421052632,4.440789473684211,7.752,0.7916666666666666,2026,사직,1.0488000917921212,0.369493132180163,0.3803036616268279,103.63138251252802,0
2026-04-12,롯데,손호영,3.0,8.0,35.0,31.0,7.0,4.0,0.0,7.0,2.0,0.0,2.0,0.0,0.0,1.0,0.0,0.0,2699438,3.0,15.0,25.0,0.2258064516129032,0.3142857142857143,0.4838709677419355,0.7981566820276498,0.088479262672811,0.2580645161290322,0.2,0.1142857142857142,0.5714285714285714,0.2272727272727272,0.3870967741935484,17.5,15.5,0.2623963133640553,3.8461538461538463,4.153846153846154,7.654000000000001,0.76,2026,사직,1.0488000917921212,0.3593479135111637,0.1640187168642117,98.72284496115172,0
2026-04-01,KIA,김규성,0.0,1.0,1.0,0.0,0.0,1.0,0.0,0.0,0.0,0.0,0.0,0.0,0.0,0.0,0.0,0.0,2704538,0.0,0.0,0.0,0.0,1.0,0.0,1.0,1.0,0.0,0.0,1.0,0.0,0.0,0.0,0.0,0.0,0.45,0.0,0.0,0.34,0.0,2026,광주,0.9987402594586288,0.7813235145601021,0.3784044526901669,348.8127914057682,0
2026-04-02,KIA,김규성,0.0,1.0,1.0,0.0,0.0,1.0,0.0,0.0,0.0,0.0,0.0,0.0,0.0,0.0,0.0,0.0,2704538,0.0,0.0,0.0,0.0,1.0,0.0,1.0,1.0,0.0,0.0,1.0,0.0,0.0,0.0,0.0,0.0,0.45,0.0,0.0,0.34,0.0,2026,광주,0.9987402594586288,0.7776771297616696,0.3735329341317365,348.4295975763235,0
2026-04-03,KIA,김규성,0.0,1.0,1.0,0.0,0.0,1.0,0.0,0.0,0.0,0.0,0.0,0.0,0.0,0.0,0.0,0.0,2704538,0.0,0.0,0.0,0.0,1.0,0.0,1.0,1.0,0.0,0.0,1.0,0.0,0.0,0.0,0.0,0.0,0.45,0.0,0.0,0.34,0.0,2026,광주,0.9987402594586288,0.7773814151709633,0.3676980661260137,349.8584414312297,0
2026-04-04,KIA,김규성,0.0,1.0,1.0,0.0,0.0,1.0,0.0,0.0,0.0,0.0,0.0,0.0,0.0,0.0,0.0,0.0,2704538,0.0,0.0,0.0,0.0,1.0,0.0,1.0,1.0,0.0,0.0,1.0,0.0,0.0,0.0,0.0,0.0,0.45,0.0,0.0,0.34,0.0,2026,광주,0.9987402594586288,0.7758773289165231,0.3642391884676988,351.3642904805476,0
2026-04-05,KIA,김규성,0.0,1.0,2.0,0.0,0.0,1.0,0.0,0.0,0.0,0.0,0.0,1.0,0.0,0.0,0.0,0.0,2704538,0.0,0.0,1.0,0.0,1.0,0.0,1.0,1.0,0.0,0.0,0.5,0.0,0.0,0.0,0.0,0.0,0.45,0.0,0.0,0.38,1.0,2026,광주,0.9987402594586288,0.7697018325645528,0.7026804123711339,354.8670991598586,0
2026-04-06,KIA,김규성,0.0,1.0,2.0,0.0,0.0,1.0,0.0,0.0,0.0,0.0,0.0,1.0,0.0,0.0,0.0,0.0,2704538,0.0,0.0,1.0,0.0,1.0,0.0,1.0,1.0,0.0,0.0,0.5,0.0,0.0,0.0,0.0,0.0,0.45,0.0,0.0,0.38,1.0,2026,광주,0.9987402594586288,0.7697018325645528,0.7026804123711339,354.8670991598586,0
2026-04-07,KIA,김규성,0.0,1.0,3.0,1.0,0.0,1.0,0.0,0.0,0.0,0.0,0.0,1.0,0.0,0.0,0.0,0.0,2704538,0.0,0.0,2.0,0.0,0.5,0.0,0.5,0.5,0.0,0.0,0.3333333333333333,0.0,0.0,1.0,0.0,0.0,0.225,0.0,0.0,0.47,0.5,2026,광주,0.9987402594586288,0.3838585014377315,0.0625034822352375,115.71153347369092,0
2026-04-08,KIA,김규성,0.0,1.0,3.0,1.0,0.0,1.0,0.0,0.0,0.0,0.0,0.0,1.0,0.0,0.0,0.0,0.0,2704538,0.0,0.0,2.0,0.0,0.5,0.0,0.5,0.5,0.0,0.0,0.3333333333333333,0.0,0.0,1.0,0.0,0.0,0.225,0.0,0.0,0.47,0.5,2026,광주,0.9987402594586288,0.3832307677212795,0.0593132106976004,114.93973917689566,0
2026-04-09,KIA,김규성,0.0,1.0,3.0,1.0,0.0,1.0,0.0,0.0,0.0,0.0,0.0,1.0,0.0,0.0,0.0,0.0,2704538,0.0,0.0,2.0,0.0,0.5,0.0,0.5,0.5,0.0,0.0,0.3333333333333333,0.0,0.0,1.0,0.0,0.0,0.225,0.0,0.0,0.47,0.5,2026,광주,0.9987402594586288,0.3832307677212795,0.0593132106976004,114.93973917689566,0
2026-04-10,KIA,김규성,0.0,2.0,4.0,2.0,1.0,1.0,0.0,0.0,0.0,0.0,0.0,1.0,0.0,0.0,0.0,0.0,2704538,1.0,1.0,2.0,0.5,0.6666666666666666,0.5,1.1666666666666663,0.1666666666666666,0.0,0.0,0.25,0.0,0.5,0.5,0.0,0.0,0.425,0.2,2.7,0.97,1.0,2026,광주,0.9987402594586288,0.5704179469196173,0.7178540039643153,234.58877746782028,0
2026-04-11,KIA,김규성,0.0,2.0,4.0,2.0,1.0,1.0,0.0,0.0,0.0,0.0,0.0,1.0,0.0,0.0,0.0,0.0,2704538,1.0,1.0,2.0,0.5,0.6666666666666666,0.5,1.1666666666666663,0.1666666666666666,0.0,0.0,0.25,0.0,0.5,0.5,0.0,0.0,0.425,0.2,2.7,0.97,1.0,2026,광주,0.9987402594586288,0.569815732321506,0.7148898432631982,236.12259658115963,0
2026-04-12,KIA,김규성,1.0,2.0,8.0,3.0,2.0,2.0,0.0,0.0,0.0,0.0,0.0,3.0,0.0,0.0,0.0,0.0,2704538,2.0,2.0,4.0,0.6666666666666666,0.8,0.6666666666666666,1.4666666666666668,0.1333333333333334,0.0,0.0,0.25,0.0,0.6666666666666666,0.6666666666666666,0.0,0.0,0.5266666666666667,0.2,1.35,1.89,1.0,2026,광주,0.9987402594586288,0.6826033228467391,2.183532580739592,309.9672914308501,0
2026-03-29,NC,한석현,0.0,0.0,1.0,1.0,1.0,0.0,0.0,0.0,0.0,0.0,0.0,0.0,0.0,0.0,0.0,0.0,2715047,1.0,1.0,0.0,1.0,1.0,1.0,2.0,0.0,0.0,0.0,0.0,0.0,1.0,0.0,0.0,0.0,0.7,1.0,0.0,0.5,0.0,2026,창원,1.0100284809306723,0.945993502348732,0.5357407407407407,443.93176729154817,0
2026-03-30,NC,한석현,0.0,0.0,1.0,1.0,1.0,0.0,0.0,0.0,0.0,0.0,0.0,0.0,0.0,0.0,0.0,0.0,2715047,1.0,1.0,0.0,1.0,1.0,1.0,2.0,0.0,0.0,0.0,0.0,0.0,1.0,0.0,0.0,0.0,0.7,1.0,0.0,0.5,0.0,2026,창원,1.0100284809306723,0.945993502348732,0.5357407407407407,443.93176729154817,0
2026-03-31,NC,한석현,0.0,1.0,1.0,1.0,1.0,0.0,0.0,0.0,0.0,0.0,0.0,0.0,0.0,0.0,0.0,0.0,2715047,1.0,1.0,0.0,1.0,1.0,1.0,2.0,0.0,0.0,0.0,0.0,0.0,1.0,0.0,0.0,0.0,0.7,1.0,0.0,0.5,0.0,2026,창원,1.0100284809306723,0.94938390763858,0.5217156862745099,455.173860968936,0
2026-04-01,NC,한석현,0.0,1.0,1.0,1.0,1.0,0.0,0.0,0.0,0.0,0.0,0.0,0.0,0.0,0.0,0.0,0.0,2715047,1.0,1.0,0.0,1.0,1.0,1.0,2.0,0.0,0.0,0.0,0.0,0.0,1.0,0.0,0.0,0.0,0.7,1.0,0.0,0.5,0.0,2026,창원,1.0100284809306723,0.9489844949005588,0.533404452690167,449.5497280134278,0
2026-04-02,NC,한석현,2.0,1.0,2.0,2.0,2.0,0.0,0.0,0.0,1.0,0.0,0.0,0.0,0.0,0.0,0.0,0.0,2715047,1.0,3.0,0.0,1.0,1.0,1.5,2.5,0.0,0.5,0.0,0.0,0.0,1.0,0.5,0.0,0.0,0.825,3.0,0.0,1.22,0.0,2026,창원,1.0100284809306723,1.113729106148031,1.357065868263473,550.047570300914,0
2026-04-03,NC,한석현,2.0,1.0,4.0,4.0,2.0,0.0,0.0,1.0,1.0,0.0,0.0,0.0,0.0,0.0,0.0,0.0,2715047,1.0,3.0,2.0,0.5,0.5,0.75,1.25,0.0,0.25,0.25,0.0,0.0,0.6666666666666666,0.25,0.0,0.0,0.4125,1.5,20.25,1.212,1.5,2026,창원,1.0100284809306723,0.558615008470793,0.6854572218301244,215.3840322437053,0
2026-04-04,NC,한석현,2.0,1.0,5.0,5.0,2.0,0.0,0.0,1.0,1.0,0.0,0.0,0.0,0.0,0.0,0.0,0.0,2715047,1.0,3.0,3.0,0.4,0.4,0.6,1.0,0.0,0.1999999999999999,0.2,0.0,0.0,0.5,0.2,0.0,0.0,0.33,1.2,10.8,1.3019999999999998,1.0,2026,창원,1.0100284809306723,0.4468262677759954,0.3504456011356923,147.34195697788994,0
2026-04-05,NC,한석현,2.0,1.0,8.0,8.0,2.0,0.0,0.0,1.0,1.0,0.0,0.0,0.0,0.0,0.0,0.0,0.0,2715047,1.0,3.0,6.0,0.25,0.25,0.375,0.625,0.0,0.125,0.125,0.0,0.0,0.2857142857142857,0.125,0.0,0.0,0.20625,0.75,3.375,1.5719999999999998,0.5,2026,창원,1.0100284809306723,0.2806193769500544,-0.5720546456842724,47.15073584851894,0
2026-04-06,NC,한석현,2.0,1.0,8.0,8.0,2.0,0.0,0.0,1.0,1.0,0.0,0.0,0.0,0.0,0.0,0.0,0.0,2715047,1.0,3.0,6.0,0.25,0.25,0.375,0.625,0.0,0.125,0.125,0.0,0.0,0.2857142857142857,0.125,0.0,0.0,0.20625,0.75,3.375,1.5719999999999998,0.5,2026,창원,1.0100284809306723,0.2806193769500544,-0.5720546456842724,47.15073584851894,0
2026-04-07,NC,한석현,2.0,1.0,9.0,9.0,2.0,0.0,0.0,2.0,1.0,0.0,0.0,0.0,0.0,0.0,0.0,0.0,2715047,1.0,3.0,7.0,0.2222222222222222,0.2222222222222222,0.3333333333333333,0.5555555555555556,0.0,0.1111111111111111,0.2222222222222222,0.0,0.0,0.2857142857142857,0.1111111111111111,0.0,0.0,0.1833333333333333,0.6666666666666666,2.571428571428572,1.474,0.4285714285714285,2026,창원,1.0100284809306723,0.2510502771572971,-0.8195317251651194,30.879025033624696,0
2026-04-08,NC,한석현,2.0,1.0,9.0,9.0,2.0,0.0,0.0,2.0,1.0,0.0,0.0,0.0,0.0,0.0,0.0,0.0,2715047,1.0,3.0,7.0,0.2222222222222222,0.2222222222222222,0.3333333333333333,0.5555555555555556,0.0,0.1111111111111111,0.2222222222222222,0.0,0.0,0.2857142857142857,0.1111111111111111,0.0,0.0,0.1833333333333333,0.6666666666666666,2.571428571428572,1.474,0.4285714285714285,2026,창원,1.0100284809306723,0.2504049722728651,-0.8338429154312109,29.578366708860536,0
2026-04-09,NC,한석현,2.0,1.0,9.0,9.0,2.0,0.0,0.0,2.0,1.0,0.0,0.0,0.0,0.0,0.0,0.0,0.0,2715047,1.0,3.0,7.0,0.2222222222222222,0.2222222222222222,0.3333333333333333,0.5555555555555556,0.0,0.1111111111111111,0.2222222222222222,0.0,0.0,0.2857142857142857,0.1111111111111111,0.0,0.0,0.1833333333333333,0.6666666666666666,2.571428571428572,1.474,0.4285714285714285,2026,창원,1.0100284809306723,0.2504049722728651,-0.8338429154312109,29.578366708860536,0
2026-04-10,NC,한석현,2.0,1.0,9.0,9.0,2.0,0.0,0.0,2.0,1.0,0.0,0.0,0.0,0.0,0.0,0.0,0.0,2715047,1.0,3.0,7.0,0.2222222222222222,0.2222222222222222,0.3333333333333333,0.5555555555555556,0.0,0.1111111111111111,0.2222222222222222,0.0,0.0,0.2857142857142857,0.1111111111111111,0.0,0.0,0.1833333333333333,0.6666666666666666,2.571428571428572,1.474,0.4285714285714285,2026,창원,1.0100284809306723,0.24979334112118,-0.830333123185985,29.872034918272018,0
2026-04-11,NC,한석현,2.0,1.0,9.0,9.0,2.0,0.0,0.0,2.0,1.0,0.0,0.0,0.0,0.0,0.0,0.0,0.0,2715047,1.0,3.0,7.0,0.2222222222222222,0.2222222222222222,0.3333333333333333,0.5555555555555556,0.0,0.1111111111111111,0.2222222222222222,0.0,0.0,0.2857142857142857,0.1111111111111111,0.0,0.0,0.1833333333333333,0.6666666666666666,2.571428571428572,1.474,0.4285714285714285,2026,창원,1.0100284809306723,0.2503874142574525,-0.7958432854617249,31.7097074590404,0
2026-04-12,NC,한석현,2.0,1.0,9.0,9.0,2.0,0.0,0.0,2.0,1.0,0.0,0.0,0.0,0.0,0.0,0.0,0.0,2715047,1.0,3.0,7.0,0.2222222222222222,0.2222222222222222,0.3333333333333333,0.5555555555555556,0.0,0.1111111111111111,0.2222222222222222,0.0,0.0,0.2857142857142857,0.1111111111111111,0.0,0.0,0.1833333333333333,0.6666666666666666,2.571428571428572,1.474,0.4285714285714285,2026,창원,1.0100284809306723,0.2505329380960569,-0.7705302448961399,33.17554273254477,0
2026-03-28,NC,서호철,0.0,1.0,4.0,3.0,0.0,1.0,0.0,1.0,0.0,0.0,0.0,0.0,0.0,0.0,0.0,0.0,2715863,0.0,0.0,3.0,0.0,0.25,0.0,0.25,0.25,0.0,0.25,0.25,1.0,0.0,0.3333333333333333,0.0,0.0,0.1125,0.0,0.0,0.422,0.3333333333333333,2026,창원,1.0100284809306723,0.2005796786792412,-0.6362554077438891,-7.697985699350185,0
2026-03-29,NC,서호철,0.0,1.0,6.0,5.0,0.0,1.0,0.0,2.0,0.0,0.0,0.0,0.0,0.0,0.0,0.0,0.0,2715863,0.0,0.0,5.0,0.0,0.1666666666666666,0.0,0.1666666666666666,0.1666666666666666,0.0,0.3333333333333333,0.1666666666666666,0.5,0.0,0.2,0.0,0.0,0.075,0.0,0.0,0.4140000000000001,0.2,2026,창원,1.0100284809306723,0.1301541276881103,-1.382008135302933,-49.30295184288196,0
2026-03-30,NC,서호철,0.0,1.0,6.0,5.0,0.0,1.0,0.0,2.0,0.0,0.0,0.0,0.0,0.0,0.0,0.0,0.0,2715863,0.0,0.0,5.0,0.0,0.1666666666666666,0.0,0.1666666666666666,0.1666666666666666,0.0,0.3333333333333333,0.1666666666666666,0.5,0.0,0.2,0.0,0.0,0.075,0.0,0.0,0.4140000000000001,0.2,2026,창원,1.0100284809306723,0.1301541276881103,-1.382008135302933,-49.30295184288196,0
2026-03-31,NC,서호철,0.0,2.0,9.0,8.0,1.0,1.0,0.0,2.0,1.0,0.0,0.0,0.0,0.0,0.0,0.0,0.0,2715863,0.0,2.0,7.0,0.125,0.2222222222222222,0.25,0.4722222222222222,0.0972222222222222,0.125,0.2222222222222222,0.1111111111111111,0.5,0.1666666666666666,0.25,0.0,0.0,0.1624999999999999,0.4,1.542857142857143,1.314,0.4285714285714285,2026,창원,1.0100284809306723,0.2289214165300128,-1.1253539823008842,13.63246243870353,0
2026-04-01,NC,서호철,0.0,2.0,11.0,10.0,1.0,1.0,0.0,3.0,1.0,0.0,0.0,0.0,0.0,0.0,0.0,0.0,2715863,0.0,2.0,9.0,0.1,0.1818181818181818,0.2,0.3818181818181818,0.0818181818181818,0.1,0.2727272727272727,0.0909090909090909,0.3333333333333333,0.1428571428571428,0.2,0.0,0.0,0.1318181818181818,0.3333333333333333,1.0,1.306,0.3333333333333333,2026,창원,1.0100284809306723,0.1868011938818412,-1.8834452690166967,-13.529875308107986,0
2026-04-02,NC,서호철,0.0,3.0,11.0,10.0,1.0,1.0,0.0,3.0,1.0,0.0,0.0,0.0,0.0,0.0,0.0,0.0,2715863,0.0,2.0,9.0,0.1,0.1818181818181818,0.2,0.3818181818181818,0.0818181818181818,0.1,0.2727272727272727,0.0909090909090909,0.3333333333333333,0.1428571428571428,0.2,0.0,0.0,0.1318181818181818,0.3333333333333333,1.0,1.306,0.3333333333333333,2026,창원,1.0100284809306723,0.1869706999732974,-1.7884994757029722,-9.084080977914669,0
2026-04-03,NC,서호철,0.0,3.0,11.0,10.0,1.0,1.0,0.0,3.0,1.0,0.0,0.0,0.0,0.0,0.0,0.0,0.0,2715863,0.0,2.0,9.0,0.1,0.1818181818181818,0.2,0.3818181818181818,0.0818181818181818,0.1,0.2727272727272727,0.0909090909090909,0.3333333333333333,0.1428571428571428,0.2,0.0,0.0,0.1318181818181818,0.3333333333333333,1.0,1.306,0.3333333333333333,2026,창원,1.0100284809306723,0.1874318262473684,-1.779328964646536,-10.864778438241917,0
2026-04-04,NC,서호철,0.0,3.0,12.0,11.0,1.0,1.0,0.0,3.0,1.0,0.0,0.0,0.0,0.0,0.0,0.0,0.0,2715863,0.0,2.0,10.0,0.0909090909090909,0.1666666666666666,0.1818181818181818,0.3484848484848485,0.0757575757575757,0.0909090909090909,0.25,0.0833333333333333,0.3333333333333333,0.125,0.1818181818181818,0.0,0.0,0.1204545454545454,0.3076923076923077,0.8307692307692308,1.396,0.3,2026,창원,1.0100284809306723,0.1717283785730207,-2.10996420906362,-22.283925744997934,0
2026-04-05,NC,서호철,0.0,3.0,14.0,13.0,1.0,1.0,0.0,4.0,1.0,0.0,0.0,0.0,0.0,0.0,0.0,0.0,2715863,0.0,2.0,12.0,0.0769230769230769,0.1428571428571428,0.1538461538461538,0.2967032967032967,0.0659340659340659,0.0769230769230769,0.2857142857142857,0.0714285714285714,0.25,0.1111111111111111,0.1538461538461538,0.0,0.0,0.1027472527472527,0.2666666666666666,0.6,1.388,0.25,2026,창원,1.0100284809306723,0.1475482552919448,-2.61178970373968,-36.266584729569495,0
2026-04-06,NC,서호철,0.0,3.0,14.0,13.0,1.0,1.0,0.0,4.0,1.0,0.0,0.0,0.0,0.0,0.0,0.0,0.0,2715863,0.0,2.0,12.0,0.0769230769230769,0.1428571428571428,0.1538461538461538,0.2967032967032967,0.0659340659340659,0.0769230769230769,0.2857142857142857,0.0714285714285714,0.25,0.1111111111111111,0.1538461538461538,0.0,0.0,0.1027472527472527,0.2666666666666666,0.6,1.388,0.25,2026,창원,1.0100284809306723,0.1475482552919448,-2.61178970373968,-36.266584729569495,0
2026-04-07,NC,서호철,0.0,3.0,15.0,14.0,2.0,1.0,0.0,4.0,1.0,0.0,0.0,0.0,0.0,0.0,0.0,0.0,2715863,1.0,3.0,12.0,0.1428571428571428,0.2,0.2142857142857142,0.4142857142857142,0.0571428571428571,0.0714285714285714,0.2666666666666666,0.0666666666666666,0.25,0.2,0.1428571428571428,0.0,0.0,0.1435714285714285,0.5625,1.265625,1.8880000000000003,0.3333333333333333,2026,창원,1.0100284809306723,0.2018112998194091,-1.9881584981913107,-0.1543235018477418,0
2026-04-08,NC,서호철,2.0,4.0,18.0,17.0,4.0,1.0,0.0,4.0,2.0,0.0,1.0,0.0,0.0,0.0,0.0,0.0,2715863,1.0,9.0,13.0,0.2352941176470588,0.2777777777777778,0.5294117647058824,0.8071895424836601,0.0424836601307189,0.2941176470588235,0.2222222222222222,0.0555555555555555,0.25,0.25,0.3529411764705882,18.0,17.0,0.2573529411764705,2.3684210526315788,4.919028340080971,4.137999999999999,0.7692307692307693,2026,창원,1.0100284809306723,0.3521189814195464,-0.1181003915901528,94.0811266197446,0
2026-04-09,NC,서호철,2.0,4.0,18.0,17.0,4.0,1.0,0.0,4.0,2.0,0.0,1.0,0.0,0.0,0.0,0.0,0.0,2715863,1.0,9.0,13.0,0.2352941176470588,0.2777777777777778,0.5294117647058824,0.8071895424836601,0.0424836601307189,0.2941176470588235,0.2222222222222222,0.0555555555555555,0.25,0.25,0.3529411764705882,18.0,17.0,0.2573529411764705,2.3684210526315788,4.919028340080971,4.137999999999999,0.7692307692307693,2026,창원,1.0100284809306723,0.3521189814195464,-0.1181003915901528,94.0811266197446,0
2026-04-10,NC,서호철,2.0,4.0,23.0,22.0,5.0,1.0,0.0,6.0,2.0,0.0,1.0,0.0,0.0,0.0,0.0,0.0,2715863,2.0,10.0,17.0,0.2272727272727272,0.2608695652173913,0.4545454545454545,0.7154150197628458,0.033596837944664,0.2272727272727272,0.2608695652173913,0.0434782608695652,0.1666666666666666,0.2666666666666666,0.2727272727272727,23.0,22.0,0.2310276679841897,2.5,3.9705882352941178,4.622,0.6470588235294118,2026,창원,1.0100284809306723,0.3161336296555198,-0.8288558391183609,71.9963171391081,0
2026-04-11,NC,서호철,2.0,5.0,27.0,25.0,5.0,2.0,0.0,7.0,2.0,0.0,1.0,0.0,0.0,0.0,0.0,0.0,2715863,2.0,10.0,20.0,0.2,0.2592592592592592,0.4,0.6592592592592592,0.0592592592592592,0.2,0.2592592592592592,0.074074074074074,0.2857142857142857,0.2352941176470588,0.28,27.0,25.0,0.2166666666666666,2.413793103448276,3.258620689655172,5.044,0.6,2026,창원,1.0100284809306723,0.2985620421899229,-1.2996947450669898,62.36802338565823,0
2026-04-12,NC,서호철,2.0,5.0,31.0,28.0,5.0,3.0,0.0,7.0,2.0,0.0,1.0,0.0,0.0,0.0,0.0,0.0,2715863,2.0,10.0,23.0,0.1785714285714285,0.2580645161290322,0.3571428571428571,0.6152073732718895,0.0794930875576036,0.1785714285714285,0.2258064516129032,0.0967741935483871,0.4285714285714285,0.2,0.2857142857142857,31.0,28.0,0.2054147465437788,2.3529411764705883,2.762148337595908,5.654,0.5652173913043478,2026,창원,1.0100284809306723,0.2848363677412173,-1.7715748933571198,55.06129130608151,0
2026-03-28,LG,천성호,0.0,0.0,1.0,0.0,0.0,1.0,0.0,0.0,0.0,0.0,0.0,0.0,0.0,0.0,0.0,0.0,2717987,0.0,0.0,0.0,0.0,1.0,0.0,1.0,1.0,0.0,0.0,1.0,0.0,0.0,0.0,0.0,0.0,0.45,0.0,0.0,0.34,0.0,2026,잠실,0.9512583942824044,0.8023187147169651,0.3755072463768116,356.7528673722055,0
2026-03-29,LG,천성호,0.0,0.0,1.0,0.0,0.0,1.0,0.0,0.0,0.0,0.0,0.0,0.0,0.0,0.0,0.0,0.0,2717987,0.0,0.0,0.0,0.0,1.0,0.0,1.0,1.0,0.0,0.0,1.0,0.0,0.0,0.0,0.0,0.0,0.45,0.0,0.0,0.34,0.0,2026,잠실,0.9512583942824044,0.7809247661286624,0.3807407407407406,350.012622110221,0
2026-03-30,LG,천성호,0.0,0.0,1.0,0.0,0.0,1.0,0.0,0.0,0.0,0.0,0.0,0.0,0.0,0.0,0.0,0.0,2717987,0.0,0.0,0.0,0.0,1.0,0.0,1.0,1.0,0.0,0.0,1.0,0.0,0.0,0.0,0.0,0.0,0.45,0.0,0.0,0.34,0.0,2026,잠실,0.9512583942824044,0.7809247661286624,0.3807407407407406,350.012622110221,0
2026-03-31,LG,천성호,0.0,0.0,3.0,1.0,1.0,2.0,0.0,0.0,0.0,0.0,0.0,0.0,0.0,0.0,0.0,0.0,2717987,1.0,1.0,0.0,1.0,1.0,1.0,2.0,0.0,0.0,0.0,0.6666666666666666,0.0,1.0,2.0,0.0,0.0,0.7,0.6,0.0,1.1800000000000002,0.0,2026,잠실,0.9512583942824044,0.8342741849194621,1.2551470588235296,390.50492368781687,0
2026-04-01,LG,천성호,0.0,1.0,4.0,2.0,2.0,2.0,0.0,0.0,1.0,0.0,0.0,0.0,0.0,0.0,0.0,0.0,2717987,1.0,3.0,0.0,1.0,1.0,1.5,2.5,0.0,0.5,0.0,0.5,0.0,1.0,1.5,0.0,0.0,0.825,2.0,0.0,1.9,0.0,2026,잠실,0.9512583942824044,0.9462802855402288,2.123617810760668,453.7837405693051,0
2026-04-02,LG,천성호,1.0,1.0,8.0,5.0,3.0,3.0,0.0,0.0,1.0,0.0,0.0,0.0,0.0,0.0,0.0,0.0,2717987,2.0,4.0,2.0,0.6,0.75,0.8,1.55,0.15,0.2,0.0,0.375,0.0,0.6,0.8,0.0,0.0,0.5375000000000001,2.1818181818181817,29.454545454545453,2.9200000000000004,3.5,2026,잠실,0.9512583942824044,0.6886184054915664,2.341627528353432,299.44689670176825,0
2026-04-03,LG,천성호,1.0,1.0,12.0,9.0,5.0,3.0,0.0,1.0,2.0,0.0,0.0,0.0,0.0,0.0,0.0,0.0,2717987,3.0,7.0,4.0,0.5555555555555556,0.6666666666666666,0.7777777777777778,1.4444444444444444,0.111111111111111,0.2222222222222222,0.0833333333333333,0.25,3.0,0.625,0.5555555555555556,0.0,0.0,0.4944444444444444,3.733333333333333,25.2,4.132000000000001,2.5,2026,잠실,0.9512583942824044,0.6459296394676931,2.996706708164304,274.4822868169493,0
2026-04-04,LG,천성호,1.0,2.0,17.0,13.0,5.0,4.0,0.0,4.0,2.0,0.0,0.0,0.0,0.0,0.0,0.0,0.0,2717987,3.0,7.0,8.0,0.3846153846153846,0.5294117647058824,0.5384615384615384,1.0678733031674208,0.1447963800904977,0.1538461538461538,0.2352941176470588,0.2352941176470588,1.0,0.5555555555555556,0.4615384615384615,0.0,0.0,0.3728506787330317,3.0,10.125,4.268,1.375,2026,잠실,0.9512583942824044,0.5012376540203706,2.0183986274100767,186.7691300900648,0
2026-04-05,LG,천성호,1.0,3.0,21.0,17.0,8.0,4.0,0.0,4.0,2.0,0.0,0.0,0.0,0.0,0.0,0.0,0.0,2717987,6.0,10.0,9.0,0.4705882352941176,0.5714285714285714,0.5882352941176471,1.1596638655462184,0.1008403361344537,0.1176470588235294,0.1904761904761904,0.1904761904761904,1.0,0.6153846153846154,0.3529411764705882,0.0,0.0,0.4042016806722689,4.8,14.4,5.858,1.5555555555555556,2026,잠실,0.9512583942824044,0.5411734503700056,3.228979887143693,216.35937048581167,0
2026-04-06,LG,천성호,1.0,3.0,21.0,17.0,8.0,4.0,0.0,4.0,2.0,0.0,0.0,0.0,0.0,0.0,0.0,0.0,2717987,6.0,10.0,9.0,0.4705882352941176,0.5714285714285714,0.5882352941176471,1.1596638655462184,0.1008403361344537,0.1176470588235294,0.1904761904761904,0.1904761904761904,1.0,0.6153846153846154,0.3529411764705882,0.0,0.0,0.4042016806722689,4.8,14.4,5.858,1.5555555555555556,2026,잠실,0.9512583942824044,0.5411734503700056,3.228979887143693,216.35937048581167,0
2026-04-07,LG,천성호,1.0,3.0,23.0,19.0,8.0,4.0,0.0,4.0,2.0,0.0,0.0,0.0,0.0,0.0,0.0,0.0,2717987,6.0,10.0,11.0,0.4210526315789473,0.5217391304347826,0.5263157894736842,1.0480549199084668,0.1006864988558352,0.1052631578947368,0.1739130434782608,0.1739130434782608,1.0,0.5333333333333333,0.3157894736842105,0.0,0.0,0.3663615560640732,4.444444444444445,10.909090909090908,6.037999999999999,1.2727272727272727,2026,잠실,0.9512583942824044,0.4955012459152904,2.642601798177654,190.82365499048376,0
2026-04-08,LG,천성호,3.0,4.0,27.0,23.0,10.0,4.0,0.0,5.0,3.0,0.0,1.0,0.0,0.0,1.0,0.0,0.0,2717987,6.0,16.0,14.0,0.4347826086956521,0.5185185185185185,0.6956521739130435,1.214170692431562,0.0837359098228663,0.2608695652173913,0.1851851851851851,0.1481481481481481,0.8,0.5294117647058824,0.4347826086956521,27.0,23.0,0.4072463768115942,6.709677419354839,12.940092165898616,7.819999999999999,1.4285714285714286,2026,잠실,0.9512583942824044,0.5440575538213838,4.209047826045869,221.6775302542416,0
2026-04-09,LG,천성호,3.0,4.0,27.0,23.0,10.0,4.0,0.0,5.0,3.0,0.0,1.0,0.0,0.0,1.0,0.0,0.0,2717987,6.0,16.0,14.0,0.4347826086956521,0.5185185185185185,0.6956521739130435,1.214170692431562,0.0837359098228663,0.2608695652173913,0.1851851851851851,0.1481481481481481,0.8,0.5294117647058824,0.4347826086956521,27.0,23.0,0.4072463768115942,6.709677419354839,12.940092165898616,7.819999999999999,1.4285714285714286,2026,잠실,0.9512583942824044,0.5440575538213838,4.209047826045869,221.6775302542416,0
2026-04-10,LG,천성호,3.0,8.0,32.0,27.0,13.0,5.0,0.0,5.0,3.0,0.0,1.0,0.0,0.0,1.0,0.0,0.0,2717987,9.0,19.0,15.0,0.4814814814814814,0.5625,0.7037037037037037,1.2662037037037035,0.0810185185185185,0.2222222222222222,0.15625,0.15625,1.0,0.5714285714285714,0.4074074074074074,32.0,27.0,0.4290509259259259,8.72972972972973,15.713513513513512,9.750000000000002,1.6,2026,잠실,0.9512583942824044,0.5705743145267211,5.74707261795989,239.43625317090385,0
2026-04-11,LG,천성호,3.0,8.0,36.0,30.0,13.0,5.0,1.0,6.0,3.0,0.0,1.0,0.0,0.0,2.0,0.0,0.0,2717987,9.0,19.0,19.0,0.4333333333333333,0.5277777777777778,0.6333333333333333,1.161111111111111,0.0944444444444444,0.1999999999999999,0.1666666666666666,0.1388888888888889,0.8333333333333334,0.5217391304347826,0.3666666666666666,36.0,30.0,0.3958333333333333,7.690476190476191,10.928571428571429,9.802,1.3157894736842106,2026,잠실,0.9512583942824044,0.5299200633959225,5.23282555148109,215.48119371287467,0
2026-04-12,LG,천성호,5.0,8.0,41.0,34.0,13.0,5.0,1.0,6.0,3.0,0.0,1.0,1.0,0.0,2.0,0.0,0.0,2717987,9.0,19.0,24.0,0.3823529411764705,0.475,0.5588235294117647,1.0338235294117646,0.0926470588235294,0.1764705882352941,0.1463414634146341,0.1219512195121951,0.8333333333333334,0.4444444444444444,0.3235294117647059,41.0,34.0,0.3534558823529412,6.468085106382978,7.276595744680851,10.202,1.0416666666666667,2026,잠실,0.9512583942824044,0.4768576539708786,4.190297151300976,183.44877879652628,0
2026-04-02,한화,최인호,0.0,1.0,2.0,2.0,1.0,0.0,0.0,0.0,0.0,0.0,0.0,0.0,0.0,0.0,0.0,0.0,2723238,1.0,1.0,1.0,0.5,0.5,0.5,1.0,0.0,0.0,0.0,0.0,0.0,0.5,0.0,0.0,0.0,0.35,0.5,13.5,0.59,1.0,2026,대전,1.019564452032887,0.4742288211757299,0.1962478959132426,163.27082020120892,0
2026-04-03,한화,최인호,0.0,1.0,2.0,2.0,1.0,0.0,0.0,0.0,0.0,0.0,0.0,0.0,0.0,0.0,0.0,0.0,2723238,1.0,1.0,1.0,0.5,0.5,0.5,1.0,0.0,0.0,0.0,0.0,0.0,0.5,0.0,0.0,0.0,0.35,0.5,13.5,0.59,1.0,2026,대전,1.019564452032887,0.4750456801665415,0.1927286109150622,163.49207896910022,0
2026-04-04,한화,최인호,0.0,1.0,2.0,2.0,1.0,0.0,0.0,0.0,0.0,0.0,0.0,0.0,0.0,0.0,0.0,0.0,2723238,1.0,1.0,1.0,0.5,0.5,0.5,1.0,0.0,0.0,0.0,0.0,0.0,0.5,0.0,0.0,0.0,0.35,0.5,13.5,0.59,1.0,2026,대전,1.019564452032887,0.4746340624601257,0.189894929867797,163.53469906183133,0
2026-04-05,한화,최인호,0.0,1.0,3.0,3.0,1.0,0.0,0.0,1.0,0.0,0.0,0.0,0.0,0.0,0.0,0.0,0.0,2723238,1.0,1.0,2.0,0.3333333333333333,0.3333333333333333,0.3333333333333333,0.6666666666666666,0.0,0.0,0.3333333333333333,0.0,0.0,0.5,0.0,0.0,0.0,0.2333333333333333,0.3333333333333333,4.5,0.492,0.5,2026,대전,1.019564452032887,0.3163270913592532,-0.1219048131662351,68.58097245719992,0
2026-04-06,한화,최인호,0.0,1.0,3.0,3.0,1.0,0.0,0.0,1.0,0.0,0.0,0.0,0.0,0.0,0.0,0.0,0.0,2723238,1.0,1.0,2.0,0.3333333333333333,0.3333333333333333,0.3333333333333333,0.6666666666666666,0.0,0.0,0.3333333333333333,0.0,0.0,0.5,0.0,0.0,0.0,0.2333333333333333,0.3333333333333333,4.5,0.492,0.5,2026,대전,1.019564452032887,0.3163270913592532,-0.1219048131662351,68.58097245719992,0
2026-04-07,한화,최인호,0.0,1.0,3.0,3.0,1.0,0.0,0.0,1.0,0.0,0.0,0.0,0.0,0.0,0.0,0.0,0.0,2723238,1.0,1.0,2.0,0.3333333333333333,0.3333333333333333,0.3333333333333333,0.6666666666666666,0.0,0.0,0.3333333333333333,0.0,0.0,0.5,0.0,0.0,0.0,0.2333333333333333,0.3333333333333333,4.5,0.492,0.5,2026,대전,1.019564452032887,0.3172296379765401,-0.1059049521389288,71.63561934482496,0
2026-04-08,한화,최인호,0.0,1.0,3.0,3.0,1.0,0.0,0.0,1.0,0.0,0.0,0.0,0.0,0.0,0.0,0.0,0.0,2723238,1.0,1.0,2.0,0.3333333333333333,0.3333333333333333,0.3333333333333333,0.6666666666666666,0.0,0.0,0.3333333333333333,0.0,0.0,0.5,0.0,0.0,0.0,0.2333333333333333,0.3333333333333333,4.5,0.492,0.5,2026,대전,1.019564452032887,0.3165319109035052,-0.1100432988072019,70.55970149167727,0
2026-04-09,한화,최인호,0.0,1.0,3.0,3.0,1.0,0.0,0.0,1.0,0.0,0.0,0.0,0.0,0.0,0.0,0.0,0.0,2723238,1.0,1.0,2.0,0.3333333333333333,0.3333333333333333,0.3333333333333333,0.6666666666666666,0.0,0.0,0.3333333333333333,0.0,0.0,0.5,0.0,0.0,0.0,0.2333333333333333,0.3333333333333333,4.5,0.492,0.5,2026,대전,1.019564452032887,0.3165319109035052,-0.1100432988072019,70.55970149167727,0
2026-04-10,한화,최인호,0.0,1.0,3.0,3.0,1.0,0.0,0.0,1.0,0.0,0.0,0.0,0.0,0.0,0.0,0.0,0.0,2723238,1.0,1.0,2.0,0.3333333333333333,0.3333333333333333,0.3333333333333333,0.6666666666666666,0.0,0.0,0.3333333333333333,0.0,0.0,0.5,0.0,0.0,0.0,0.2333333333333333,0.3333333333333333,4.5,0.492,0.5,2026,대전,1.019564452032887,0.3156915249420153,-0.1092356550531871,70.76199553801881,0
2026-04-11,한화,최인호,1.0,1.0,4.0,4.0,2.0,0.0,0.0,1.0,0.0,0.0,0.0,0.0,0.0,0.0,0.0,0.0,2723238,2.0,2.0,2.0,0.5,0.5,0.5,1.0,0.0,0.0,0.25,0.0,0.0,0.6666666666666666,0.0,0.0,0.0,0.35,1.0,13.5,0.992,1.0,2026,대전,1.019564452032887,0.473694836251924,0.3933322711292116,172.8688735623074,0
2026-04-12,한화,최인호,1.0,1.0,4.0,4.0,2.0,0.0,0.0,1.0,0.0,0.0,0.0,0.0,0.0,0.0,0.0,0.0,2723238,2.0,2.0,2.0,0.5,0.5,0.5,1.0,0.0,0.0,0.25,0.0,0.0,0.6666666666666666,0.0,0.0,0.0,0.35,1.0,13.5,0.992,1.0,2026,대전,1.019564452032887,0.4733219454829965,0.3970729677017542,174.36237446735228,0
2026-03-28,두산,박지훈,0.0,0.0,3.0,3.0,0.0,0.0,0.0,0.0,0.0,0.0,0.0,0.0,0.0,0.0,0.0,0.0,2736212,0.0,0.0,3.0,0.0,0.0,0.0,0.0,0.0,0.0,0.0,0.0,0.0,0.0,0.0,0.0,0.0,0.0,0.0,0.0,0.27,0.0,2026,잠실,0.9512583942824044,0.0,-1.0117626541207003,-121.34559183676632,0
2026-03-29,두산,박지훈,0.0,0.0,5.0,5.0,0.0,0.0,0.0,0.0,0.0,0.0,0.0,0.0,0.0,0.0,0.0,0.0,2736212,0.0,0.0,5.0,0.0,0.0,0.0,0.0,0.0,0.0,0.0,0.0,0.0,0.0,0.0,0.0,0.0,0.0,0.0,0.0,0.4499999999999999,0.0,2026,잠실,0.9512583942824044,0.0,-1.7627488760436736,-122.11365623571038,0
2026-03-30,두산,박지훈,0.0,0.0,5.0,5.0,0.0,0.0,0.0,0.0,0.0,0.0,0.0,0.0,0.0,0.0,0.0,0.0,2736212,0.0,0.0,5.0,0.0,0.0,0.0,0.0,0.0,0.0,0.0,0.0,0.0,0.0,0.0,0.0,0.0,0.0,0.0,0.0,0.4499999999999999,0.0,2026,잠실,0.9512583942824044,0.0,-1.7627488760436736,-122.11365623571038,0
2026-03-31,두산,박지훈,0.0,2.0,10.0,8.0,1.0,2.0,0.0,0.0,0.0,0.0,0.0,0.0,0.0,0.0,0.0,0.0,2736212,1.0,1.0,7.0,0.125,0.3,0.125,0.425,0.175,0.0,0.0,0.2,0.0,0.125,0.25,0.0,0.0,0.16625,0.25,0.9642857142857144,1.81,0.4285714285714285,2026,잠실,0.9512583942824044,0.2502822554758386,-1.0586382960263745,32.6006379835806,0
2026-04-01,두산,박지훈,1.0,2.0,13.0,11.0,2.0,2.0,0.0,0.0,0.0,0.0,0.0,0.0,0.0,0.0,0.0,0.0,2736212,2.0,2.0,9.0,0.1818181818181818,0.3076923076923077,0.1818181818181818,0.4895104895104895,0.1258741258741259,0.0,0.0,0.1538461538461538,0.0,0.1818181818181818,0.1818181818181818,0.0,0.0,0.1839160839160839,0.5333333333333333,1.6,2.49,0.4444444444444444,2026,잠실,0.9512583942824044,0.266201232224717,-1.2716363636363632,40.588203727047855,0
2026-04-02,두산,박지훈,1.0,2.0,15.0,13.0,2.0,2.0,0.0,0.0,0.0,0.0,0.0,0.0,0.0,0.0,0.0,0.0,2736212,2.0,2.0,11.0,0.1538461538461538,0.2666666666666666,0.1538461538461538,0.4205128205128205,0.1128205128205128,0.0,0.0,0.1333333333333333,0.0,0.1538461538461538,0.1538461538461538,0.0,0.0,0.1584615384615384,0.4705882352941176,1.1550802139037433,2.67,0.3636363636363636,2026,잠실,0.9512583942824044,0.2301513029484172,-1.8510036838764872,22.844638341848555,0
2026-04-03,두산,박지훈,2.0,2.0,17.0,15.0,3.0,2.0,0.0,1.0,0.0,0.0,0.0,0.0,0.0,0.0,0.0,0.0,2736212,3.0,3.0,12.0,0.2,0.2941176470588235,0.2,0.4941176470588235,0.0941176470588235,0.0,0.0588235294117647,0.1176470588235294,2.0,0.2142857142857142,0.1333333333333333,0.0,0.0,0.1823529411764706,0.7894736842105263,1.7763157894736843,3.072,0.4166666666666667,2026,잠실,0.9512583942824044,0.2591198183141868,-1.6561431319013498,38.708506680003765,0
2026-04-04,두산,박지훈,2.0,2.0,19.0,17.0,3.0,2.0,0.0,2.0,0.0,0.0,0.0,0.0,0.0,0.0,0.0,0.0,2736212,3.0,3.0,14.0,0.1764705882352941,0.2631578947368421,0.1764705882352941,0.4396284829721362,0.0866873065015479,0.0,0.1052631578947368,0.1052631578947368,1.0,0.2,0.1176470588235294,0.0,0.0,0.1625386996904024,0.7142857142857143,1.3775510204081631,3.064,0.3571428571428571,2026,잠실,0.9512583942824044,0.2315557385575684,-2.3246236780601306,20.48274709631848,0
2026-04-05,두산,박지훈,5.0,3.0,23.0,19.0,4.0,2.0,0.0,2.0,0.0,1.0,0.0,2.0,0.0,0.0,0.0,0.0,2736212,3.0,6.0,17.0,0.2105263157894736,0.2857142857142857,0.3157894736842105,0.6015037593984962,0.075187969924812,0.1052631578947368,0.0869565217391304,0.0869565217391304,1.0,0.2352941176470588,0.2105263157894736,0.0,0.0,0.2075187969924811,0.96,1.5247058823529411,4.274000000000001,0.4705882352941176,2026,잠실,0.9512583942824044,0.2854578309326421,-1.5484436849798875,56.0607907666479,0
2026-04-06,두산,박지훈,5.0,3.0,23.0,19.0,4.0,2.0,0.0,2.0,0.0,1.0,0.0,2.0,0.0,0.0,0.0,0.0,2736212,3.0,6.0,17.0,0.2105263157894736,0.2857142857142857,0.3157894736842105,0.6015037593984962,0.075187969924812,0.1052631578947368,0.0869565217391304,0.0869565217391304,1.0,0.2352941176470588,0.2105263157894736,0.0,0.0,0.2075187969924811,0.96,1.5247058823529411,4.274000000000001,0.4705882352941176,2026,잠실,0.9512583942824044,0.2854578309326421,-1.5484436849798875,56.0607907666479,0
2026-04-07,두산,박지훈,5.0,3.0,24.0,20.0,4.0,2.0,0.0,2.0,0.0,1.0,0.0,2.0,0.0,0.0,0.0,0.0,2736212,3.0,6.0,18.0,0.2,0.2727272727272727,0.3,0.5727272727272728,0.0727272727272727,0.0999999999999999,0.0833333333333333,0.0833333333333333,1.0,0.2222222222222222,0.2,0.0,0.0,0.1977272727272727,0.9230769230769232,1.3846153846153846,4.364000000000001,0.4444444444444444,2026,잠실,0.9512583942824044,0.2735787058148468,-1.7298823352908257,50.95479687926803,0
2026-04-08,두산,박지훈,5.0,3.0,28.0,22.0,5.0,3.0,1.0,2.0,0.0,1.0,0.0,2.0,0.0,0.0,0.0,0.0,2736212,4.0,7.0,19.0,0.2272727272727272,0.3461538461538461,0.3181818181818182,0.6643356643356644,0.1188811188811188,0.0909090909090909,0.0714285714285714,0.1071428571428571,1.5,0.25,0.2272727272727272,0.0,0.0,0.2353146853146853,1.53125,2.175986842105264,5.634,0.5789473684210527,2026,잠실,0.9512583942824044,0.3275701469477594,-0.7654814999919758,84.39029375212132,0
2026-04-09,두산,박지훈,5.0,3.0,28.0,22.0,5.0,3.0,1.0,2.0,0.0,1.0,0.0,2.0,0.0,0.0,0.0,0.0,2736212,4.0,7.0,19.0,0.2272727272727272,0.3461538461538461,0.3181818181818182,0.6643356643356644,0.1188811188811188,0.0909090909090909,0.0714285714285714,0.1071428571428571,1.5,0.25,0.2272727272727272,0.0,0.0,0.2353146853146853,1.53125,2.175986842105264,5.634,0.5789473684210527,2026,잠실,0.9512583942824044,0.3275701469477594,-0.7654814999919758,84.39029375212132,0
2026-04-10,두산,박지훈,6.0,4.0,29.0,23.0,5.0,3.0,1.0,2.0,0.0,1.0,0.0,2.0,0.0,0.0,0.0,0.0,2736212,4.0,7.0,20.0,0.217391304347826,0.3333333333333333,0.3043478260869565,0.6376811594202898,0.1159420289855072,0.0869565217391304,0.0689655172413793,0.1034482758620689,1.5,0.238095238095238,0.217391304347826,0.0,0.0,0.2260869565217391,1.4848484848484849,2.004545454545455,5.724,0.55,2026,잠실,0.9512583942824044,0.3145989603727606,-1.082796517365994,76.8988524724067,0
2026-04-11,두산,박지훈,6.0,4.0,31.0,25.0,5.0,3.0,1.0,2.0,0.0,1.0,0.0,2.0,0.0,0.0,0.0,0.0,2736212,4.0,7.0,22.0,0.2,0.3103448275862069,0.28,0.5903448275862069,0.1103448275862069,0.08,0.064516129032258,0.0967741935483871,1.5,0.217391304347826,0.2,0.0,0.0,0.2096551724137931,1.4,1.718181818181818,5.904000000000001,0.5,2026,잠실,0.9512583942824044,0.2929867162273166,-1.6367903840336853,64.69689660883593,0
2026-04-12,두산,박지훈,6.0,4.0,31.0,25.0,5.0,3.0,1.0,2.0,0.0,1.0,0.0,2.0,0.0,0.0,0.0,0.0,2736212,4.0,7.0,22.0,0.2,0.3103448275862069,0.28,0.5903448275862069,0.1103448275862069,0.08,0.064516129032258,0.0967741935483871,1.5,0.217391304347826,0.2,0.0,0.0,0.2096551724137931,1.4,1.718181818181818,5.904000000000001,0.5,2026,잠실,0.9512583942824044,0.2927472171361918,-1.5680641415441945,65.98545888919891,0
2026-03-29,두산,오명진,0.0,0.0,1.0,1.0,0.0,0.0,0.0,0.0,0.0,0.0,0.0,0.0,0.0,0.0,0.0,0.0,2745405,0.0,0.0,1.0,0.0,0.0,0.0,0.0,0.0,0.0,0.0,0.0,0.0,0.0,0.0,0.0,0.0,0.0,0.0,0.0,0.09,0.0,2026,잠실,0.9512583942824044,0.0,-0.3525497752087347,-122.11365623571038,0
2026-03-30,두산,오명진,0.0,0.0,1.0,1.0,0.0,0.0,0.0,0.0,0.0,0.0,0.0,0.0,0.0,0.0,0.0,0.0,2745405,0.0,0.0,1.0,0.0,0.0,0.0,0.0,0.0,0.0,0.0,0.0,0.0,0.0,0.0,0.0,0.0,0.0,0.0,0.0,0.09,0.0,2026,잠실,0.9512583942824044,0.0,-0.3525497752087347,-122.11365623571038,0
2026-03-31,두산,오명진,0.0,0.0,1.0,1.0,0.0,0.0,0.0,0.0,0.0,0.0,0.0,0.0,0.0,0.0,0.0,0.0,2745405,0.0,0.0,1.0,0.0,0.0,0.0,0.0,0.0,0.0,0.0,0.0,0.0,0.0,0.0,0.0,0.0,0.0,0.0,0.0,0.09,0.0,2026,잠실,0.9512583942824044,0.0,-0.3305407649785577,-120.78691303252064,0
2026-04-01,두산,오명진,0.0,0.0,2.0,2.0,0.0,0.0,0.0,0.0,0.0,0.0,0.0,0.0,0.0,0.0,0.0,0.0,2745405,0.0,0.0,2.0,0.0,0.0,0.0,0.0,0.0,0.0,0.0,0.0,0.0,0.0,0.0,0.0,0.0,0.0,0.0,0.0,0.18,0.0,2026,잠실,0.9512583942824044,0.0,-0.687834260977118,-121.14764230574092,0
2026-04-02,두산,오명진,0.0,0.0,3.0,3.0,0.0,0.0,0.0,1.0,0.0,0.0,0.0,0.0,0.0,0.0,0.0,0.0,2745405,0.0,0.0,3.0,0.0,0.0,0.0,0.0,0.0,0.0,0.3333333333333333,0.0,0.0,0.0,0.0,0.0,0.0,0.0,0.0,0.0,0.0819999999999999,0.0,2026,잠실,0.9512583942824044,0.0,-0.9968551146554818,-116.010188551688,0
2026-04-03,두산,오명진,0.0,0.0,5.0,5.0,0.0,0.0,0.0,1.0,0.0,0.0,0.0,0.0,0.0,0.0,0.0,0.0,2745405,0.0,0.0,5.0,0.0,0.0,0.0,0.0,0.0,0.0,0.2,0.0,0.0,0.0,0.0,0.0,0.0,0.0,0.0,0.0,0.262,0.0,2026,잠실,0.9512583942824044,0.0,-1.6498472760547571,-119.23386120028115,0
2026-04-04,두산,오명진,0.0,0.0,5.0,5.0,0.0,0.0,0.0,1.0,0.0,0.0,0.0,0.0,0.0,0.0,0.0,0.0,2745405,0.0,0.0,5.0,0.0,0.0,0.0,0.0,0.0,0.0,0.2,0.0,0.0,0.0,0.0,0.0,0.0,0.0,0.0,0.0,0.262,0.0,2026,잠실,0.9512583942824044,0.0,-1.6467212929995088,-122.29496256250604,0
2026-04-05,두산,오명진,0.0,0.0,5.0,5.0,0.0,0.0,0.0,1.0,0.0,0.0,0.0,0.0,0.0,0.0,0.0,0.0,2745405,0.0,0.0,5.0,0.0,0.0,0.0,0.0,0.0,0.0,0.2,0.0,0.0,0.0,0.0,0.0,0.0,0.0,0.0,0.0,0.262,0.0,2026,잠실,0.9512583942824044,0.0,-1.5706125483795057,-122.88207149923748,0
2026-04-06,두산,오명진,0.0,0.0,5.0,5.0,0.0,0.0,0.0,1.0,0.0,0.0,0.0,0.0,0.0,0.0,0.0,0.0,2745405,0.0,0.0,5.0,0.0,0.0,0.0,0.0,0.0,0.0,0.2,0.0,0.0,0.0,0.0,0.0,0.0,0.0,0.0,0.0,0.262,0.0,2026,잠실,0.9512583942824044,0.0,-1.5706125483795057,-122.88207149923748,0
2026-04-07,두산,오명진,0.0,0.0,5.0,5.0,0.0,0.0,0.0,1.0,0.0,0.0,0.0,0.0,0.0,0.0,0.0,0.0,2745405,0.0,0.0,5.0,0.0,0.0,0.0,0.0,0.0,0.0,0.2,0.0,0.0,0.0,0.0,0.0,0.0,0.0,0.0,0.0,0.262,0.0,2026,잠실,0.9512583942824044,0.0,-1.51286970147877,-121.47086645600102,0
2026-04-08,두산,오명진,0.0,1.0,6.0,6.0,0.0,0.0,0.0,1.0,0.0,0.0,0.0,0.0,0.0,0.0,0.0,0.0,2745405,0.0,0.0,6.0,0.0,0.0,0.0,0.0,0.0,0.0,0.1666666666666666,0.0,0.0,0.0,0.0,0.0,0.0,0.0,0.0,0.0,0.352,0.0,2026,잠실,0.9512583942824044,0.0,-1.827512635633613,-123.34095900062432,0
2026-04-09,두산,오명진,0.0,1.0,6.0,6.0,0.0,0.0,0.0,1.0,0.0,0.0,0.0,0.0,0.0,0.0,0.0,0.0,2745405,0.0,0.0,6.0,0.0,0.0,0.0,0.0,0.0,0.0,0.1666666666666666,0.0,0.0,0.0,0.0,0.0,0.0,0.0,0.0,0.0,0.352,0.0,2026,잠실,0.9512583942824044,0.0,-1.827512635633613,-123.34095900062432,0
2026-04-10,두산,오명진,0.0,1.0,6.0,6.0,0.0,0.0,0.0,1.0,0.0,0.0,0.0,0.0,0.0,0.0,0.0,0.0,2745405,0.0,0.0,6.0,0.0,0.0,0.0,0.0,0.0,0.0,0.1666666666666666,0.0,0.0,0.0,0.0,0.0,0.0,0.0,0.0,0.0,0.352,0.0,2026,잠실,0.9512583942824044,0.0,-1.823723626159221,-122.86294666815658,0
2026-04-11,두산,오명진,0.0,1.0,8.0,8.0,0.0,0.0,0.0,3.0,0.0,0.0,0.0,0.0,0.0,0.0,0.0,0.0,2745405,0.0,0.0,8.0,0.0,0.0,0.0,0.0,0.0,0.0,0.375,0.0,0.0,0.0,0.0,0.0,0.0,0.0,0.0,0.0,0.1559999999999999,0.0,2026,잠실,0.9512583942824044,0.0,-2.3826808905454984,-121.7597444469236,0
2026-04-12,두산,오명진,0.0,1.0,8.0,8.0,0.0,0.0,0.0,3.0,0.0,0.0,0.0,0.0,0.0,0.0,0.0,0.0,2745405,0.0,0.0,8.0,0.0,0.0,0.0,0.0,0.0,0.0,0.375,0.0,0.0,0.0,0.0,0.0,0.0,0.0,0.0,0.0,0.1559999999999999,0.0,2026,잠실,0.9512583942824044,0.0,-2.3481651401566306,-120.78863501686536,0
2026-03-28,KIA,박민,0.0,0.0,3.0,3.0,0.0,0.0,0.0,2.0,0.0,0.0,0.0,0.0,0.0,0.0,0.0,0.0,2825638,0.0,0.0,3.0,0.0,0.0,0.0,0.0,0.0,0.0,0.6666666666666666,0.0,0.0,0.0,0.0,0.0,0.0,0.0,0.0,0.0,-0.106,0.0,2026,광주,0.9987402594586288,0.0,-1.0117626541207003,-126.09377835438876,0
2026-03-29,KIA,박민,0.0,0.0,3.0,3.0,0.0,0.0,0.0,2.0,0.0,0.0,0.0,0.0,0.0,0.0,0.0,0.0,2825638,0.0,0.0,3.0,0.0,0.0,0.0,0.0,0.0,0.0,0.6666666666666666,0.0,0.0,0.0,0.0,0.0,0.0,0.0,0.0,0.0,-0.106,0.0,2026,광주,0.9987402594586288,0.0,-1.057649325626204,-126.8618427533328,0
2026-03-30,KIA,박민,0.0,0.0,3.0,3.0,0.0,0.0,0.0,2.0,0.0,0.0,0.0,0.0,0.0,0.0,0.0,0.0,2825638,0.0,0.0,3.0,0.0,0.0,0.0,0.0,0.0,0.0,0.6666666666666666,0.0,0.0,0.0,0.0,0.0,0.0,0.0,0.0,0.0,-0.106,0.0,2026,광주,0.9987402594586288,0.0,-1.057649325626204,-126.8618427533328,0
2026-03-31,KIA,박민,0.0,0.0,3.0,3.0,0.0,0.0,0.0,2.0,0.0,0.0,0.0,0.0,0.0,0.0,0.0,0.0,2825638,0.0,0.0,3.0,0.0,0.0,0.0,0.0,0.0,0.0,0.6666666666666666,0.0,0.0,0.0,0.0,0.0,0.0,0.0,0.0,0.0,-0.106,0.0,2026,광주,0.9987402594586288,0.0,-0.9916222949356732,-125.53509955014307,0
2026-04-01,KIA,박민,0.0,0.0,5.0,5.0,0.0,0.0,0.0,2.0,0.0,0.0,0.0,0.0,0.0,0.0,0.0,0.0,2825638,0.0,0.0,5.0,0.0,0.0,0.0,0.0,0.0,0.0,0.4,0.0,0.0,0.0,0.0,0.0,0.0,0.0,0.0,0.0,0.074,0.0,2026,광주,0.9987402594586288,0.0,-1.7195856524427948,-125.89582882336336,0
2026-04-02,KIA,박민,1.0,0.0,9.0,9.0,2.0,0.0,0.0,2.0,0.0,0.0,0.0,0.0,0.0,0.0,0.0,0.0,2825638,2.0,2.0,7.0,0.2222222222222222,0.2222222222222222,0.2222222222222222,0.4444444444444444,0.0,0.0,0.2222222222222222,0.0,0.0,0.2857142857142857,0.0,0.0,0.0,0.1555555555555555,0.4444444444444444,1.7142857142857142,1.254,0.2857142857142857,2026,광주,0.9987402594586288,0.210768364966991,-1.2689293992659842,6.4023424986652255,0
2026-04-03,KIA,박민,1.0,0.0,9.0,9.0,2.0,0.0,0.0,2.0,0.0,0.0,0.0,0.0,0.0,0.0,0.0,0.0,2825638,2.0,2.0,7.0,0.2222222222222222,0.2222222222222222,0.2222222222222222,0.4444444444444444,0.0,0.0,0.2222222222222222,0.0,0.0,0.2857142857142857,0.0,0.0,0.0,0.1555555555555555,0.4444444444444444,1.7142857142857142,1.254,0.2857142857142857,2026,광주,0.9987402594586288,0.2111314134073517,-1.2643900542246334,4.7097504796206335,0
2026-04-04,KIA,박민,1.0,0.0,9.0,9.0,2.0,0.0,0.0,2.0,0.0,0.0,0.0,0.0,0.0,0.0,0.0,0.0,2825638,2.0,2.0,7.0,0.2222222222222222,0.2222222222222222,0.2222222222222222,0.4444444444444444,0.0,0.0,0.2222222222222222,0.0,0.0,0.2857142857142857,0.0,0.0,0.0,0.1555555555555555,0.4444444444444444,1.7142857142857142,1.254,0.2857142857142857,2026,광주,0.9987402594586288,0.2109484722045003,-1.2669314332639146,3.0280808751540267,0
2026-04-05,KIA,박민,1.0,0.0,9.0,9.0,2.0,0.0,0.0,2.0,0.0,0.0,0.0,0.0,0.0,0.0,0.0,0.0,2825638,2.0,2.0,7.0,0.2222222222222222,0.2222222222222222,0.2222222222222222,0.4444444444444444,0.0,0.0,0.2222222222222222,0.0,0.0,0.2857142857142857,0.0,0.0,0.0,0.1555555555555555,0.4444444444444444,1.7142857142857142,1.254,0.2857142857142857,2026,광주,0.9987402594586288,0.2108847275728354,-1.1861771553601737,4.565508470797197,0
2026-04-06,KIA,박민,1.0,0.0,9.0,9.0,2.0,0.0,0.0,2.0,0.0,0.0,0.0,0.0,0.0,0.0,0.0,0.0,2825638,2.0,2.0,7.0,0.2222222222222222,0.2222222222222222,0.2222222222222222,0.4444444444444444,0.0,0.0,0.2222222222222222,0.0,0.0,0.2857142857142857,0.0,0.0,0.0,0.1555555555555555,0.4444444444444444,1.7142857142857142,1.254,0.2857142857142857,2026,광주,0.9987402594586288,0.2108847275728354,-1.1861771553601737,4.565508470797197,0
2026-04-07,KIA,박민,1.0,0.0,9.0,9.0,2.0,0.0,0.0,2.0,0.0,0.0,0.0,0.0,0.0,0.0,0.0,0.0,2825638,2.0,2.0,7.0,0.2222222222222222,0.2222222222222222,0.2222222222222222,0.4444444444444444,0.0,0.0,0.2222222222222222,0.0,0.0,0.2857142857142857,0.0,0.0,0.0,0.1555555555555555,0.4444444444444444,1.7142857142857142,1.254,0.2857142857142857,2026,광주,0.9987402594586288,0.2114864253176933,-1.1195317251651198,7.072341410292715,0
2026-04-08,KIA,박민,1.0,0.0,9.0,9.0,2.0,0.0,0.0,2.0,0.0,0.0,0.0,0.0,0.0,0.0,0.0,0.0,2825638,2.0,2.0,7.0,0.2222222222222222,0.2222222222222222,0.2222222222222222,0.4444444444444444,0.0,0.0,0.2222222222222222,0.0,0.0,0.2857142857142857,0.0,0.0,0.0,0.1555555555555555,0.4444444444444444,1.7142857142857142,1.254,0.2857142857142857,2026,광주,0.9987402594586288,0.2110212739356701,-1.1338429154312109,5.731698659986484,0
2026-04-09,KIA,박민,1.0,0.0,9.0,9.0,2.0,0.0,0.0,2.0,0.0,0.0,0.0,0.0,0.0,0.0,0.0,0.0,2825638,2.0,2.0,7.0,0.2222222222222222,0.2222222222222222,0.2222222222222222,0.4444444444444444,0.0,0.0,0.2222222222222222,0.0,0.0,0.2857142857142857,0.0,0.0,0.0,0.1555555555555555,0.4444444444444444,1.7142857142857142,1.254,0.2857142857142857,2026,광주,0.9987402594586288,0.2110212739356701,-1.1338429154312109,5.731698659986484,0
2026-04-10,KIA,박민,1.0,0.0,9.0,9.0,2.0,0.0,0.0,2.0,0.0,0.0,0.0,0.0,0.0,0.0,0.0,0.0,2825638,2.0,2.0,7.0,0.2222222222222222,0.2222222222222222,0.2222222222222222,0.4444444444444444,0.0,0.0,0.2222222222222222,0.0,0.0,0.2857142857142857,0.0,0.0,0.0,0.1555555555555555,0.4444444444444444,1.7142857142857142,1.254,0.2857142857142857,2026,광주,0.9987402594586288,0.2104610166280102,-1.130333123185985,6.025898801703411,0
2026-04-11,KIA,박민,1.0,0.0,9.0,9.0,2.0,0.0,0.0,2.0,0.0,0.0,0.0,0.0,0.0,0.0,0.0,0.0,2825638,2.0,2.0,7.0,0.2222222222222222,0.2222222222222222,0.2222222222222222,0.4444444444444444,0.0,0.0,0.2222222222222222,0.0,0.0,0.2857142857142857,0.0,0.0,0.0,0.1555555555555555,0.4444444444444444,1.7142857142857142,1.254,0.2857142857142857,2026,광주,0.9987402594586288,0.2105310383341884,-1.095843285461725,7.473946272911425,0
2026-04-12,KIA,박민,1.0,0.0,9.0,9.0,2.0,0.0,0.0,2.0,0.0,0.0,0.0,0.0,0.0,0.0,0.0,0.0,2825638,2.0,2.0,7.0,0.2222222222222222,0.2222222222222222,0.2222222222222222,0.4444444444444444,0.0,0.0,0.2222222222222222,0.0,0.0,0.2857142857142857,0.0,0.0,0.0,0.1555555555555555,0.4444444444444444,1.7142857142857142,1.254,0.2857142857142857,2026,광주,0.9987402594586288,0.210365309103554,-1.0705302448961398,8.677229691852606,0
2026-03-28,두산,안재석,0.0,0.0,3.0,3.0,0.0,0.0,0.0,0.0,0.0,0.0,0.0,0.0,0.0,0.0,0.0,0.0,2851314,0.0,0.0,3.0,0.0,0.0,0.0,0.0,0.0,0.0,0.0,0.0,0.0,0.0,0.0,0.0,0.0,0.0,0.0,0.0,0.27,0.0,2026,잠실,0.9512583942824044,0.0,-1.0117626541207003,-121.34559183676632,0
2026-03-29,두산,안재석,0.0,2.0,7.0,7.0,2.0,0.0,0.0,1.0,1.0,0.0,0.0,0.0,0.0,0.0,0.0,0.0,2851314,1.0,3.0,5.0,0.2857142857142857,0.2857142857142857,0.4285714285714285,0.7142857142857142,0.0,0.1428571428571428,0.1428571428571428,0.0,0.0,0.3333333333333333,0.1428571428571428,0.0,0.0,0.2357142857142857,0.8571428571428571,4.628571428571428,1.482,0.6,2026,잠실,0.9512583942824044,0.3159249830360625,-0.3912673945621921,68.88615955543484,0
2026-03-30,두산,안재석,0.0,2.0,7.0,7.0,2.0,0.0,0.0,1.0,1.0,0.0,0.0,0.0,0.0,0.0,0.0,0.0,2851314,1.0,3.0,5.0,0.2857142857142857,0.2857142857142857,0.4285714285714285,0.7142857142857142,0.0,0.1428571428571428,0.1428571428571428,0.0,0.0,0.3333333333333333,0.1428571428571428,0.0,0.0,0.2357142857142857,0.8571428571428571,4.628571428571428,1.482,0.6,2026,잠실,0.9512583942824044,0.3159249830360625,-0.3912673945621921,68.88615955543484,0
2026-03-31,두산,안재석,1.0,2.0,13.0,12.0,3.0,0.0,0.0,1.0,2.0,0.0,0.0,0.0,1.0,0.0,0.0,0.0,2851314,1.0,5.0,10.0,0.25,0.2307692307692307,0.4166666666666667,0.6474358974358975,-0.0192307692307692,0.1666666666666666,0.0769230769230769,0.0,0.0,0.25,0.1666666666666666,0.0,0.0,0.2080128205128205,0.7692307692307693,2.076923076923077,2.9320000000000004,0.5,2026,잠실,0.9512583942824044,0.2705023660045388,-1.1402605909620476,44.992700015207966,0
2026-04-01,두산,안재석,1.0,3.0,16.0,14.0,3.0,1.0,0.0,1.0,2.0,0.0,0.0,0.0,1.0,0.0,0.0,0.0,2851314,1.0,5.0,12.0,0.2142857142857142,0.25,0.3571428571428571,0.6071428571428572,0.0357142857142857,0.1428571428571428,0.0625,0.0625,1.0,0.2142857142857142,0.2142857142857142,0.0,0.0,0.2017857142857143,0.8823529411764706,1.9852941176470589,3.452,0.5,2026,잠실,0.9512583942824044,0.2673304528588103,-1.54838775510204,41.27428415232022,0
2026-04-02,두산,안재석,2.0,4.0,20.0,17.0,4.0,2.0,0.0,2.0,2.0,0.0,1.0,0.0,1.0,0.0,0.0,0.0,2851314,1.0,9.0,14.0,0.2352941176470588,0.3,0.5294117647058824,0.8294117647058823,0.0647058823529411,0.2941176470588235,0.1,0.1,1.0,0.2,0.4117647058823529,20.0,17.0,0.2673529411764705,2.0454545454545454,3.9448051948051934,5.224,0.7857142857142857,2026,잠실,0.9512583942824044,0.3485230800812901,-0.3193258644002325,94.26066950179028,0
2026-04-03,두산,안재석,3.0,5.0,25.0,20.0,5.0,4.0,0.0,2.0,2.0,0.0,1.0,0.0,1.0,0.0,0.0,0.0,2851314,2.0,10.0,16.0,0.25,0.36,0.5,0.86,0.1099999999999999,0.25,0.08,0.16,2.0,0.2222222222222222,0.45,25.0,20.0,0.287,2.7586206896551726,4.655172413793104,6.5840000000000005,0.875,2026,잠실,0.9512583942824044,0.3802431013293952,0.2820732456328862,112.53727921202176,0
2026-04-04,두산,안재석,3.0,7.0,29.0,24.0,7.0,4.0,0.0,2.0,3.0,0.0,1.0,0.0,1.0,0.0,0.0,0.0,2851314,3.0,13.0,18.0,0.2916666666666667,0.3793103448275862,0.5416666666666666,0.9209770114942528,0.0876436781609195,0.2499999999999999,0.0689655172413793,0.1379310344827586,2.0,0.2727272727272727,0.4166666666666667,29.0,24.0,0.3061063218390805,3.939393939393939,5.909090909090909,7.984,0.9444444444444444,2026,잠실,0.9512583942824044,0.4048425793260396,0.944195229878756,127.3317433382518,0
2026-04-05,두산,안재석,3.0,8.0,33.0,27.0,7.0,5.0,0.0,4.0,3.0,0.0,1.0,0.0,1.0,0.0,0.0,0.0,2851314,3.0,13.0,21.0,0.2592592592592592,0.3636363636363636,0.4814814814814814,0.8451178451178452,0.1043771043771044,0.2222222222222222,0.1212121212121212,0.1515151515151515,1.25,0.2608695652173913,0.4074074074074074,33.0,27.0,0.284006734006734,3.763157894736842,4.838345864661655,8.218,0.8571428571428571,2026,잠실,0.9512583942824044,0.380787864850761,0.4981695648473144,115.81963176070478,0
2026-04-06,두산,안재석,3.0,8.0,33.0,27.0,7.0,5.0,0.0,4.0,3.0,0.0,1.0,0.0,1.0,0.0,0.0,0.0,2851314,3.0,13.0,21.0,0.2592592592592592,0.3636363636363636,0.4814814814814814,0.8451178451178452,0.1043771043771044,0.2222222222222222,0.1212121212121212,0.1515151515151515,1.25,0.2608695652173913,0.4074074074074074,33.0,27.0,0.284006734006734,3.763157894736842,4.838345864661655,8.218,0.8571428571428571,2026,잠실,0.9512583942824044,0.380787864850761,0.4981695648473144,115.81963176070478,0
2026-04-07,두산,안재석,3.0,9.0,37.0,31.0,8.0,5.0,0.0,6.0,3.0,0.0,1.0,0.0,1.0,0.0,0.0,0.0,2851314,4.0,14.0,24.0,0.2580645161290322,0.3513513513513513,0.4516129032258064,0.8029642545771578,0.0932868352223191,0.1935483870967742,0.1621621621621621,0.1351351351351351,0.8333333333333334,0.28,0.3548387096774194,37.0,31.0,0.2710113339145597,4.0,4.5,8.612,0.7916666666666666,2026,잠실,0.9512583942824044,0.3672822406797,0.2541405743328536,110.0123690240333,0
2026-04-08,두산,안재석,3.0,9.0,37.0,31.0,8.0,5.0,0.0,6.0,3.0,0.0,1.0,0.0,1.0,0.0,0.0,0.0,2851314,4.0,14.0,24.0,0.2580645161290322,0.3513513513513513,0.4516129032258064,0.8029642545771578,0.0932868352223191,0.1935483870967742,0.1621621621621621,0.1351351351351351,0.8333333333333334,0.28,0.3548387096774194,37.0,31.0,0.2710113339145597,4.0,4.5,8.612,0.7916666666666666,2026,잠실,0.9512583942824044,0.3664006492756457,0.2044804143135764,109.01497023363424,0
2026-04-09,두산,안재석,3.0,9.0,37.0,31.0,8.0,5.0,0.0,6.0,3.0,0.0,1.0,0.0,1.0,0.0,0.0,0.0,2851314,4.0,14.0,24.0,0.2580645161290322,0.3513513513513513,0.4516129032258064,0.8029642545771578,0.0932868352223191,0.1935483870967742,0.1621621621621621,0.1351351351351351,0.8333333333333334,0.28,0.3548387096774194,37.0,31.0,0.2710113339145597,4.0,4.5,8.612,0.7916666666666666,2026,잠실,0.9512583942824044,0.3664006492756457,0.2044804143135764,109.01497023363424,0
2026-04-10,두산,안재석,5.0,9.0,43.0,37.0,10.0,5.0,0.0,6.0,3.0,0.0,1.0,0.0,1.0,0.0,0.0,0.0,2851314,6.0,16.0,28.0,0.2702702702702703,0.3488372093023256,0.4324324324324324,0.781269641734758,0.0785669390320553,0.1621621621621621,0.1395348837209302,0.1162790697674418,0.8333333333333334,0.2903225806451613,0.2972972972972973,43.0,37.0,0.2650848522941546,4.666666666666667,4.500000000000001,9.972,0.75,2026,잠실,0.9512583942824044,0.3585384730320218,-0.0042991707446192,104.79925014623696,0
2026-04-11,두산,안재석,7.0,9.0,47.0,41.0,11.0,5.0,0.0,6.0,3.0,0.0,1.0,0.0,1.0,1.0,0.0,0.0,2851314,7.0,17.0,32.0,0.2682926829268293,0.3404255319148936,0.4146341463414634,0.755059678256357,0.0721328489880643,0.1463414634146341,0.1276595744680851,0.1063829787234042,0.8333333333333334,0.2857142857142857,0.2682926829268293,47.0,41.0,0.2568500259470679,4.576923076923077,3.861778846153846,10.372,0.6875,2026,잠실,0.9512583942824044,0.3487317687413275,-0.29036974762191,100.1730280221628,0
2026-04-12,두산,안재석,7.0,9.0,51.0,45.0,11.0,5.0,0.0,7.0,3.0,0.0,1.0,0.0,1.0,1.0,0.0,0.0,2851314,7.0,17.0,36.0,0.2444444444444444,0.3137254901960784,0.3777777777777777,0.6915032679738562,0.0692810457516339,0.1333333333333333,0.1372549019607843,0.0980392156862745,0.7142857142857143,0.2631578947368421,0.2444444444444444,51.0,45.0,0.2356209150326797,4.25,3.1875,10.544,0.6111111111111112,2026,잠실,0.9512583942824044,0.3213927105687829,-1.3673655926284198,84.26141769319086,0
2026-03-28,NC,김휘집,0.0,0.0,4.0,2.0,0.0,1.0,1.0,2.0,0.0,0.0,0.0,0.0,0.0,0.0,0.0,0.0,2851452,0.0,0.0,2.0,0.0,0.5,0.0,0.5,0.5,0.0,0.5,0.25,0.5,0.0,0.5,0.0,0.0,0.225,0.0,0.0,0.484,1.0,2026,창원,1.0100284809306723,0.408194659093099,0.101506056673156,116.01893679520047,0
2026-03-29,NC,김휘집,1.0,1.0,9.0,6.0,2.0,2.0,1.0,2.0,0.0,0.0,0.0,0.0,0.0,0.0,0.0,0.0,2851452,2.0,2.0,4.0,0.3333333333333333,0.5555555555555556,0.3333333333333333,0.8888888888888888,0.2222222222222222,0.0,0.2222222222222222,0.2222222222222222,1.0,0.5,0.3333333333333333,0.0,0.0,0.3333333333333333,0.8333333333333334,5.625,2.004,1.25,2026,창원,1.0100284809306723,0.4734872547551517,0.8285046028687647,158.2670965736982,0
2026-03-30,NC,김휘집,1.0,1.0,9.0,6.0,2.0,2.0,1.0,2.0,0.0,0.0,0.0,0.0,0.0,0.0,0.0,0.0,2851452,2.0,2.0,4.0,0.3333333333333333,0.5555555555555556,0.3333333333333333,0.8888888888888888,0.2222222222222222,0.0,0.2222222222222222,0.2222222222222222,1.0,0.5,0.3333333333333333,0.0,0.0,0.3333333333333333,0.8333333333333334,5.625,2.004,1.25,2026,창원,1.0100284809306723,0.4734872547551517,0.8285046028687647,158.2670965736982,0
2026-03-31,NC,김휘집,5.0,2.0,13.0,10.0,4.0,2.0,1.0,2.0,0.0,0.0,0.0,0.0,0.0,0.0,0.0,0.0,2851452,4.0,4.0,6.0,0.4,0.5384615384615384,0.4,0.9384615384615383,0.1384615384615384,0.0,0.1538461538461538,0.1538461538461538,1.0,0.5,0.2,0.0,0.0,0.3423076923076923,1.75,7.875,3.184,1.1666666666666667,2026,창원,1.0100284809306723,0.4735032867460255,1.2287652140502223,163.52648518532908,0
2026-04-01,NC,김휘집,6.0,3.0,18.0,13.0,6.0,4.0,1.0,3.0,1.0,0.0,0.0,0.0,0.0,0.0,0.0,0.0,2851452,5.0,7.0,7.0,0.4615384615384615,0.6111111111111112,0.5384615384615384,1.1495726495726497,0.1495726495726496,0.0769230769230768,0.1666666666666666,0.2222222222222222,1.3333333333333333,0.6,0.3846153846153846,0.0,0.0,0.4096153846153846,3.347826086956522,12.913043478260873,4.986000000000001,1.7142857142857142,2026,창원,1.0100284809306723,0.5528928755025975,3.010029066171924,208.89639731904643,0
2026-04-02,NC,김휘집,7.0,4.0,22.0,17.0,7.0,4.0,1.0,3.0,1.0,0.0,0.0,0.0,0.0,0.0,0.0,0.0,2851452,6.0,8.0,10.0,0.4117647058823529,0.5454545454545454,0.4705882352941176,1.0160427807486632,0.1336898395721925,0.0588235294117647,0.1363636363636363,0.1818181818181818,1.3333333333333333,0.5,0.2941176470588235,0.0,0.0,0.3631016042780748,3.555555555555556,9.6,5.756,1.3,2026,창원,1.0100284809306723,0.4948035144012638,2.5695448273958994,176.63753611467018,0
2026-04-03,NC,김휘집,8.0,4.0,26.0,21.0,8.0,4.0,1.0,4.0,1.0,0.0,0.0,0.0,0.0,0.0,0.0,0.0,2851452,7.0,9.0,13.0,0.3809523809523809,0.5,0.4285714285714285,0.9285714285714286,0.119047619047619,0.0476190476190476,0.1538461538461538,0.1538461538461538,1.0,0.4705882352941176,0.238095238095238,0.0,0.0,0.3321428571428571,3.774193548387097,7.838709677419355,6.337999999999999,1.0769230769230769,2026,창원,1.0100284809306723,0.4557604505578681,2.055471941895809,152.69067081061786,0
2026-04-04,NC,김휘집,8.0,4.0,31.0,26.0,8.0,4.0,1.0,6.0,1.0,0.0,0.0,0.0,0.0,0.0,0.0,0.0,2851452,7.0,9.0,18.0,0.3076923076923077,0.4193548387096774,0.3461538461538461,0.7655086848635235,0.1116625310173697,0.0384615384615384,0.1935483870967742,0.1290322580645161,0.6666666666666666,0.4,0.1923076923076923,0.0,0.0,0.2752481389578164,3.25,4.875,6.412,0.7777777777777778,2026,창원,1.0100284809306723,0.3818417093678728,0.3719127952818528,107.2723544256081,0
2026-04-05,NC,김휘집,8.0,4.0,33.0,28.0,8.0,4.0,1.0,6.0,1.0,0.0,0.0,0.0,0.0,0.0,0.0,0.0,2851452,7.0,9.0,20.0,0.2857142857142857,0.3939393939393939,0.3214285714285714,0.7153679653679654,0.1082251082251082,0.0357142857142857,0.1818181818181818,0.1212121212121212,0.6666666666666666,0.3636363636363636,0.1785714285714285,0.0,0.0,0.2576298701298701,3.0789473684210527,4.156578947368422,6.592,0.7,2026,창원,1.0100284809306723,0.3580687230861666,-0.1500275131056505,95.70084089533914,0
2026-04-06,NC,김휘집,8.0,4.0,33.0,28.0,8.0,4.0,1.0,6.0,1.0,0.0,0.0,0.0,0.0,0.0,0.0,0.0,2851452,7.0,9.0,20.0,0.2857142857142857,0.3939393939393939,0.3214285714285714,0.7153679653679654,0.1082251082251082,0.0357142857142857,0.1818181818181818,0.1212121212121212,0.6666666666666666,0.3636363636363636,0.1785714285714285,0.0,0.0,0.2576298701298701,3.0789473684210527,4.156578947368422,6.592,0.7,2026,창원,1.0100284809306723,0.3580687230861666,-0.1500275131056505,95.70084089533914,0
2026-04-07,NC,김휘집,8.0,4.0,37.0,32.0,11.0,4.0,1.0,7.0,1.0,0.0,0.0,0.0,0.0,0.0,0.0,0.0,2851452,10.0,12.0,21.0,0.34375,0.4324324324324324,0.375,0.8074324324324325,0.0886824324324324,0.03125,0.1891891891891892,0.1081081081081081,0.5714285714285714,0.44,0.15625,0.0,0.0,0.2883445945945946,4.571428571428571,5.877551020408163,7.994,0.8095238095238095,2026,창원,1.0100284809306723,0.3971056925145749,1.1838341090304318,122.93188346673224,0
2026-04-08,NC,김휘집,8.0,4.0,41.0,36.0,12.0,4.0,1.0,9.0,1.0,0.0,0.0,0.0,0.0,0.0,0.0,0.0,2851452,11.0,13.0,24.0,0.3333333333333333,0.4146341463414634,0.3611111111111111,0.7757452574525745,0.08130081300813,0.0277777777777777,0.2195121951219512,0.0975609756097561,0.4444444444444444,0.4444444444444444,0.1388888888888889,0.0,0.0,0.2768631436314363,4.804347826086956,5.404891304347825,8.388,0.75,2026,창원,1.0100284809306723,0.3807670128908935,0.7251183130002556,112.24850701717774,0
2026-04-09,NC,김휘집,8.0,4.0,41.0,36.0,12.0,4.0,1.0,9.0,1.0,0.0,0.0,0.0,0.0,0.0,0.0,0.0,2851452,11.0,13.0,24.0,0.3333333333333333,0.4146341463414634,0.3611111111111111,0.7757452574525745,0.08130081300813,0.0277777777777777,0.2195121951219512,0.0975609756097561,0.4444444444444444,0.4444444444444444,0.1388888888888889,0.0,0.0,0.2768631436314363,4.804347826086956,5.404891304347825,8.388,0.75,2026,창원,1.0100284809306723,0.3807670128908935,0.7251183130002556,112.24850701717774,0
2026-04-10,NC,김휘집,8.0,4.0,46.0,41.0,12.0,4.0,1.0,10.0,1.0,0.0,0.0,0.0,0.0,1.0,0.0,0.0,2851452,11.0,13.0,30.0,0.2926829268292683,0.3695652173913043,0.3170731707317073,0.6866383881230116,0.076882290562036,0.024390243902439,0.217391304347826,0.0869565217391304,0.4,0.3870967741935484,0.1219512195121951,0.0,0.0,0.2455726405090137,4.078431372549019,3.6705882352941175,8.28,0.6,2026,창원,1.0100284809306723,0.3384626389431519,-0.7872364474381645,86.17463185139643,0
2026-04-11,NC,김휘집,9.0,4.0,48.0,41.0,12.0,4.0,3.0,10.0,1.0,0.0,0.0,0.0,0.0,1.0,0.0,0.0,2851452,11.0,13.0,30.0,0.2926829268292683,0.3958333333333333,0.3170731707317073,0.7129065040650406,0.103150406504065,0.024390243902439,0.2083333333333333,0.0833333333333333,0.4,0.3870967741935484,0.1219512195121951,0.0,0.0,0.2573932926829268,4.254545454545455,3.829090909090909,8.959999999999999,0.6666666666666666,2026,창원,1.0100284809306723,0.3573221452168247,0.0483054625456358,99.76293186330405,0
2026-04-12,NC,김휘집,9.0,4.0,51.0,44.0,12.0,4.0,3.0,10.0,1.0,0.0,0.0,0.0,0.0,1.0,0.0,0.0,2851452,11.0,13.0,33.0,0.2727272727272727,0.3725490196078431,0.2954545454545454,0.6680035650623886,0.0998217468805704,0.0227272727272727,0.196078431372549,0.0784313725490196,0.4,0.3529411764705882,0.1136363636363636,0.0,0.0,0.2415106951871657,4.0344827586206895,3.300940438871473,9.23,0.6060606060606061,2026,창원,1.0100284809306723,0.335895361388501,-0.7535751595878619,87.63716808987463,0
2026-04-01,KT,권동진,0.0,4.0,2.0,1.0,1.0,1.0,0.0,0.0,0.0,0.0,0.0,0.0,0.0,0.0,0.0,0.0,2852168,1.0,1.0,0.0,1.0,1.0,1.0,2.0,0.0,0.0,0.0,0.5,0.0,1.0,1.0,0.0,0.0,0.7,0.6666666666666666,0.0,0.8400000000000001,0.0,2026,수원,1.0287682311922934,0.8651540047303303,0.911808905380334,396.7428736098337,0
2026-04-02,KT,권동진,0.0,4.0,2.0,1.0,1.0,1.0,0.0,0.0,0.0,0.0,0.0,0.0,0.0,0.0,0.0,0.0,2852168,1.0,1.0,0.0,1.0,1.0,1.0,2.0,0.0,0.0,0.0,0.5,0.0,1.0,1.0,0.0,0.0,0.7,0.6666666666666666,0.0,0.8400000000000001,0.0,2026,수원,1.0287682311922934,0.8630673860565647,0.9020658682634732,396.9444286080853,0
2026-04-03,KT,권동진,0.0,4.0,2.0,1.0,1.0,1.0,0.0,0.0,0.0,0.0,0.0,0.0,0.0,0.0,0.0,0.0,2852168,1.0,1.0,0.0,1.0,1.0,1.0,2.0,0.0,0.0,0.0,0.5,0.0,1.0,1.0,0.0,0.0,0.7,0.6666666666666666,0.0,0.8400000000000001,0.0,2026,수원,1.0287682311922934,0.8637363877520232,0.8903961322520275,399.4919456277264,0
2026-04-04,KT,권동진,0.0,4.0,2.0,1.0,1.0,1.0,0.0,0.0,0.0,0.0,0.0,0.0,0.0,0.0,0.0,0.0,2852168,1.0,1.0,0.0,1.0,1.0,1.0,2.0,0.0,0.0,0.0,0.5,0.0,1.0,1.0,0.0,0.0,0.7,0.6666666666666666,0.0,0.8400000000000001,0.0,2026,수원,1.0287682311922934,0.8625727269183873,0.8834783769353977,401.8180409262287,0
2026-04-05,KT,권동진,0.0,4.0,2.0,1.0,1.0,1.0,0.0,0.0,0.0,0.0,0.0,0.0,0.0,0.0,0.0,0.0,2852168,1.0,1.0,0.0,1.0,1.0,1.0,2.0,0.0,0.0,0.0,0.5,0.0,1.0,1.0,0.0,0.0,0.7,0.6666666666666666,0.0,0.8400000000000001,0.0,2026,수원,1.0287682311922934,0.8593415533211561,0.8576804123711339,408.05609799536137,0
2026-04-06,KT,권동진,0.0,4.0,2.0,1.0,1.0,1.0,0.0,0.0,0.0,0.0,0.0,0.0,0.0,0.0,0.0,0.0,2852168,1.0,1.0,0.0,1.0,1.0,1.0,2.0,0.0,0.0,0.0,0.5,0.0,1.0,1.0,0.0,0.0,0.7,0.6666666666666666,0.0,0.8400000000000001,0.0,2026,수원,1.0287682311922934,0.8593415533211561,0.8576804123711339,408.05609799536137,0
2026-04-07,KT,권동진,0.0,5.0,2.0,1.0,1.0,1.0,0.0,0.0,0.0,0.0,0.0,0.0,0.0,0.0,0.0,0.0,2852168,1.0,1.0,0.0,1.0,1.0,1.0,2.0,0.0,0.0,0.0,0.5,0.0,1.0,1.0,0.0,0.0,0.7,0.6666666666666666,0.0,0.8400000000000001,0.0,2026,수원,1.0287682311922934,0.8597029584025415,0.8434858569051581,412.6143736641358,0
2026-04-08,KT,권동진,0.0,5.0,2.0,1.0,1.0,1.0,0.0,0.0,0.0,0.0,0.0,0.0,0.0,0.0,0.0,0.0,2852168,1.0,1.0,0.0,1.0,1.0,1.0,2.0,0.0,0.0,0.0,0.5,0.0,1.0,1.0,0.0,0.0,0.7,0.6666666666666666,0.0,0.8400000000000001,0.0,2026,수원,1.0287682311922934,0.8580286340765375,0.8432551594746719,413.0338414045541,0
2026-04-09,KT,권동진,0.0,5.0,2.0,1.0,1.0,1.0,0.0,0.0,0.0,0.0,0.0,0.0,0.0,0.0,0.0,0.0,2852168,1.0,1.0,0.0,1.0,1.0,1.0,2.0,0.0,0.0,0.0,0.5,0.0,1.0,1.0,0.0,0.0,0.7,0.6666666666666666,0.0,0.8400000000000001,0.0,2026,수원,1.0287682311922934,0.8580286340765375,0.8432551594746719,413.0338414045541,0
2026-04-10,KT,권동진,0.0,6.0,4.0,2.0,1.0,2.0,0.0,0.0,0.0,0.0,0.0,0.0,0.0,0.0,0.0,0.0,2852168,1.0,1.0,1.0,0.5,0.75,0.5,1.25,0.25,0.0,0.0,0.5,0.0,0.5,1.0,0.0,0.0,0.4625,0.5,13.5,1.2700000000000002,3.0,2026,수원,1.0287682311922934,0.6188582766729145,0.8820627233064564,262.3442746353357,0
2026-04-11,KT,권동진,0.0,6.0,4.0,2.0,1.0,2.0,0.0,0.0,0.0,0.0,0.0,0.0,0.0,0.0,0.0,0.0,2852168,1.0,1.0,1.0,0.5,0.75,0.5,1.25,0.25,0.0,0.0,0.5,0.0,0.5,1.0,0.0,0.0,0.4625,0.5,13.5,1.2700000000000002,3.0,2026,수원,1.0287682311922934,0.6178761803562971,0.8756686293301921,263.7054512885064,0
2026-04-12,KT,권동진,0.0,6.0,4.0,2.0,1.0,2.0,0.0,0.0,0.0,0.0,0.0,0.0,0.0,0.0,0.0,0.0,2852168,1.0,1.0,1.0,0.5,0.75,0.5,1.25,0.25,0.0,0.0,0.5,0.0,0.5,1.0,0.0,0.0,0.4625,0.5,13.5,1.2700000000000002,3.0,2026,수원,1.0287682311922934,0.6165931808169256,0.872650736591789,264.8497148691852,0
2026-03-28,NC,김주원,0.0,0.0,5.0,4.0,1.0,1.0,0.0,1.0,0.0,0.0,0.0,0.0,0.0,0.0,0.0,0.0,2852202,1.0,1.0,3.0,0.25,0.4,0.25,0.65,0.15,0.0,0.2,0.2,1.0,0.3333333333333333,0.25,0.0,0.0,0.2425,0.3333333333333333,3.0,0.922,0.6666666666666666,2026,창원,1.0100284809306723,0.3558225824904839,-0.1057481613670775,84.81062933584175,0
2026-03-29,NC,김주원,0.0,0.0,10.0,8.0,2.0,2.0,0.0,2.0,1.0,0.0,0.0,0.0,0.0,0.0,0.0,0.0,2852202,1.0,3.0,6.0,0.25,0.4,0.375,0.775,0.15,0.125,0.2,0.2,1.0,0.3333333333333333,0.375,0.0,0.0,0.27375,1.0,4.5,2.064,0.8333333333333334,2026,창원,1.0100284809306723,0.3773324413509762,0.0176643117105544,100.13446182245076,0
2026-03-30,NC,김주원,0.0,0.0,10.0,8.0,2.0,2.0,0.0,2.0,1.0,0.0,0.0,0.0,0.0,0.0,0.0,0.0,2852202,1.0,3.0,6.0,0.25,0.4,0.375,0.775,0.15,0.125,0.2,0.2,1.0,0.3333333333333333,0.375,0.0,0.0,0.27375,1.0,4.5,2.064,0.8333333333333334,2026,창원,1.0100284809306723,0.3773324413509762,0.0176643117105544,100.13446182245076,0
2026-03-31,NC,김주원,0.0,0.0,14.0,12.0,2.0,2.0,0.0,4.0,1.0,0.0,0.0,0.0,0.0,0.0,0.0,0.0,2852202,1.0,3.0,10.0,0.1666666666666666,0.2857142857142857,0.25,0.5357142857142857,0.119047619047619,0.0833333333333333,0.2857142857142857,0.1428571428571428,0.5,0.25,0.25,0.0,0.0,0.1910714285714285,0.75,2.025,2.048,0.5,2026,창원,1.0100284809306723,0.2704568557120427,-1.228544904687538,39.08779999108876,0
2026-04-01,NC,김주원,0.0,0.0,19.0,17.0,2.0,2.0,0.0,4.0,1.0,0.0,0.0,0.0,0.0,0.0,0.0,0.0,2852202,1.0,3.0,15.0,0.1176470588235294,0.2105263157894736,0.1764705882352941,0.3869969040247678,0.0928792569659442,0.0588235294117647,0.2105263157894736,0.1052631578947368,0.5,0.1538461538461538,0.1764705882352941,0.0,0.0,0.1388544891640867,0.5714285714285714,1.0285714285714285,2.498,0.3333333333333333,2026,창원,1.0100284809306723,0.1992169022189955,-3.035139146567717,-5.98646510213694,0
2026-04-02,NC,김주원,0.0,1.0,24.0,22.0,3.0,2.0,0.0,5.0,1.0,0.0,0.0,0.0,0.0,0.0,0.0,0.0,2852202,2.0,4.0,19.0,0.1363636363636363,0.2083333333333333,0.1818181818181818,0.3901515151515151,0.0719696969696969,0.0454545454545454,0.2083333333333333,0.0833333333333333,0.4,0.1764705882352941,0.1363636363636363,0.0,0.0,0.1392045454545454,0.7692307692307693,1.0931174089068827,3.17,0.3157894736842105,2026,창원,1.0100284809306723,0.1971362547571192,-3.680751055492701,-2.951000992264108,0
2026-04-03,NC,김주원,0.0,2.0,29.0,24.0,3.0,3.0,2.0,5.0,1.0,0.0,0.0,0.0,0.0,0.0,0.0,0.0,2852202,2.0,4.0,21.0,0.125,0.2758620689655172,0.1666666666666666,0.4425287356321838,0.1508620689655172,0.0416666666666666,0.1724137931034483,0.1034482758620689,0.6,0.1578947368421052,0.1666666666666666,0.0,0.0,0.1658045977011494,0.9411764705882352,1.2100840336134453,4.369999999999999,0.4285714285714285,2026,창원,1.0100284809306723,0.2457645295036979,-3.172774030421872,24.69099393418057,0
2026-04-04,NC,김주원,1.0,3.0,34.0,28.0,4.0,4.0,2.0,5.0,1.0,0.0,1.0,0.0,0.0,0.0,0.0,0.0,2852202,2.0,8.0,24.0,0.1428571428571428,0.2941176470588235,0.2857142857142857,0.5798319327731092,0.1512605042016807,0.1428571428571428,0.1470588235294117,0.1176470588235294,0.8,0.1363636363636363,0.2857142857142857,34.0,28.0,0.203781512605042,2.0,2.25,6.42,0.5833333333333334,2026,창원,1.0100284809306723,0.289091982949659,-2.4111095101883526,50.08269636760745,0
2026-04-05,NC,김주원,1.0,3.0,38.0,32.0,4.0,4.0,2.0,6.0,1.0,0.0,1.0,0.0,0.0,0.0,0.0,0.0,2852202,2.0,8.0,28.0,0.125,0.2631578947368421,0.25,0.513157894736842,0.1381578947368421,0.125,0.1578947368421052,0.1052631578947368,0.6666666666666666,0.12,0.25,38.0,32.0,0.1809210526315789,1.818181818181818,1.753246753246753,6.592,0.5,2026,창원,1.0100284809306723,0.2592790708795799,-3.418368415255129,33.77329429295055,0
2026-04-06,NC,김주원,1.0,3.0,38.0,32.0,4.0,4.0,2.0,6.0,1.0,0.0,1.0,0.0,0.0,0.0,0.0,0.0,2852202,2.0,8.0,28.0,0.125,0.2631578947368421,0.25,0.513157894736842,0.1381578947368421,0.125,0.1578947368421052,0.1052631578947368,0.6666666666666666,0.12,0.25,38.0,32.0,0.1809210526315789,1.818181818181818,1.753246753246753,6.592,0.5,2026,창원,1.0100284809306723,0.2592790708795799,-3.418368415255129,33.77329429295055,0
2026-04-07,NC,김주원,1.0,3.0,43.0,37.0,6.0,4.0,2.0,7.0,1.0,0.0,1.0,0.0,0.0,0.0,0.0,0.0,2852202,4.0,10.0,31.0,0.1621621621621621,0.2790697674418604,0.2702702702702703,0.5493400377121307,0.1169076052796982,0.1081081081081081,0.1627906976744186,0.0930232558139534,0.5714285714285714,0.1724137931034483,0.2162162162162162,43.0,37.0,0.1931489629164048,2.4489795918367347,2.132982225148124,7.673999999999999,0.5161290322580645,2026,창원,1.0100284809306723,0.2744413610421317,-3.068119936190004,45.62148513467928,0
2026-04-08,NC,김주원,1.0,4.0,48.0,40.0,6.0,6.0,2.0,7.0,1.0,0.0,1.0,0.0,0.0,0.0,0.0,0.0,2852202,4.0,10.0,34.0,0.15,0.2916666666666667,0.25,0.5416666666666667,0.1416666666666667,0.1,0.1458333333333333,0.125,0.8571428571428571,0.15625,0.25,48.0,40.0,0.19375,2.5,1.9852941176470589,8.624,0.5294117647058824,2026,창원,1.0100284809306723,0.2772330446154545,-3.3572463986717778,46.59160533452864,0
2026-04-09,NC,김주원,1.0,4.0,48.0,40.0,6.0,6.0,2.0,7.0,1.0,0.0,1.0,0.0,0.0,0.0,0.0,0.0,2852202,4.0,10.0,34.0,0.15,0.2916666666666667,0.25,0.5416666666666667,0.1416666666666667,0.1,0.1458333333333333,0.125,0.8571428571428571,0.15625,0.25,48.0,40.0,0.19375,2.5,1.9852941176470589,8.624,0.5294117647058824,2026,창원,1.0100284809306723,0.2772330446154545,-3.3572463986717778,46.59160533452864,0
2026-04-10,NC,김주원,1.0,4.0,53.0,44.0,6.0,6.0,3.0,7.0,1.0,0.0,1.0,0.0,0.0,0.0,0.0,0.0,2852202,4.0,10.0,38.0,0.1363636363636363,0.2830188679245283,0.2272727272727272,0.5102915951972555,0.1466552315608919,0.0909090909090909,0.1320754716981132,0.1132075471698113,0.8571428571428571,0.1388888888888889,0.2272727272727272,53.0,44.0,0.1841766723842195,2.419354838709677,1.7190152801358236,9.324000000000002,0.5,2026,창원,1.0100284809306723,0.2653979055478595,-4.188838547676655,39.78050969830571,0
2026-04-11,NC,김주원,1.0,4.0,58.0,49.0,7.0,6.0,3.0,8.0,1.0,0.0,1.0,0.0,0.0,0.0,0.0,0.0,2852202,5.0,11.0,42.0,0.1428571428571428,0.2758620689655172,0.2244897959183673,0.5003518648838846,0.1330049261083744,0.0816326530612245,0.1379310344827586,0.1034482758620689,0.75,0.15,0.2040816326530612,58.0,49.0,0.1802603800140746,2.626865671641791,1.688699360341151,9.996,0.4761904761904761,2026,창원,1.0100284809306723,0.2589883899634185,-4.711555972121972,37.18336531147477,0
2026-04-12,NC,김주원,1.0,4.0,62.0,53.0,8.0,6.0,3.0,8.0,1.0,0.0,1.0,0.0,0.0,0.0,0.0,0.0,2852202,6.0,12.0,45.0,0.1509433962264151,0.2741935483870967,0.2264150943396226,0.5006086427267193,0.1232501521606816,0.0754716981132075,0.1290322580645161,0.0967741935483871,0.75,0.1590909090909091,0.1886792452830188,62.0,53.0,0.1799908703590992,2.8732394366197185,1.7239436619718311,10.766,0.4666666666666667,2026,창원,1.0100284809306723,0.2573857108722814,-4.955514891453753,37.54764381874581,0
2026-03-31,LG,이영빈,0.0,1.0,1.0,1.0,0.0,0.0,0.0,1.0,0.0,0.0,0.0,0.0,0.0,0.0,0.0,0.0,2852445,0.0,0.0,1.0,0.0,0.0,0.0,0.0,0.0,0.0,1.0,0.0,0.0,0.0,0.0,0.0,0.0,0.0,0.0,0.0,-0.098,0.0,2026,잠실,0.9512583942824044,0.0,-0.3305407649785577,-120.78691303252064,0
2026-04-01,LG,이영빈,0.0,1.0,1.0,1.0,0.0,0.0,0.0,1.0,0.0,0.0,0.0,0.0,0.0,0.0,0.0,0.0,2852445,0.0,0.0,1.0,0.0,0.0,0.0,0.0,0.0,0.0,1.0,0.0,0.0,0.0,0.0,0.0,0.0,0.0,0.0,0.0,-0.098,0.0,2026,잠실,0.9512583942824044,0.0,-0.343917130488559,-121.14764230574092,0
2026-04-02,LG,이영빈,0.0,1.0,1.0,1.0,0.0,0.0,0.0,1.0,0.0,0.0,0.0,0.0,0.0,0.0,0.0,0.0,2852445,0.0,0.0,1.0,0.0,0.0,0.0,0.0,0.0,0.0,1.0,0.0,0.0,0.0,0.0,0.0,0.0,0.0,0.0,0.0,-0.098,0.0,2026,잠실,0.9512583942824044,0.0,-0.3322850382184939,-116.010188551688,0
2026-04-03,LG,이영빈,0.0,1.0,1.0,1.0,0.0,0.0,0.0,1.0,0.0,0.0,0.0,0.0,0.0,0.0,0.0,0.0,2852445,0.0,0.0,1.0,0.0,0.0,0.0,0.0,0.0,0.0,1.0,0.0,0.0,0.0,0.0,0.0,0.0,0.0,0.0,0.0,-0.098,0.0,2026,잠실,0.9512583942824044,0.0,-0.3299694552109515,-119.2338612002812,0
2026-04-04,LG,이영빈,0.0,1.0,1.0,1.0,0.0,0.0,0.0,1.0,0.0,0.0,0.0,0.0,0.0,0.0,0.0,0.0,2852445,0.0,0.0,1.0,0.0,0.0,0.0,0.0,0.0,0.0,1.0,0.0,0.0,0.0,0.0,0.0,0.0,0.0,0.0,0.0,-0.098,0.0,2026,잠실,0.9512583942824044,0.0,-0.3293442585999017,-122.29496256250604,0
2026-04-05,LG,이영빈,0.0,1.0,1.0,1.0,0.0,0.0,0.0,1.0,0.0,0.0,0.0,0.0,0.0,0.0,0.0,0.0,2852445,0.0,0.0,1.0,0.0,0.0,0.0,0.0,0.0,0.0,1.0,0.0,0.0,0.0,0.0,0.0,0.0,0.0,0.0,0.0,-0.098,0.0,2026,잠실,0.9512583942824044,0.0,-0.3141225096759011,-122.88207149923748,0
2026-04-06,LG,이영빈,0.0,1.0,1.0,1.0,0.0,0.0,0.0,1.0,0.0,0.0,0.0,0.0,0.0,0.0,0.0,0.0,2852445,0.0,0.0,1.0,0.0,0.0,0.0,0.0,0.0,0.0,1.0,0.0,0.0,0.0,0.0,0.0,0.0,0.0,0.0,0.0,-0.098,0.0,2026,잠실,0.9512583942824044,0.0,-0.3141225096759011,-122.88207149923748,0
2026-04-07,LG,이영빈,0.0,1.0,1.0,1.0,0.0,0.0,0.0,1.0,0.0,0.0,0.0,0.0,0.0,0.0,0.0,0.0,2852445,0.0,0.0,1.0,0.0,0.0,0.0,0.0,0.0,0.0,1.0,0.0,0.0,0.0,0.0,0.0,0.0,0.0,0.0,0.0,-0.098,0.0,2026,잠실,0.9512583942824044,0.0,-0.302573940295754,-121.47086645600102,0
2026-04-08,LG,이영빈,0.0,1.0,3.0,3.0,1.0,0.0,0.0,1.0,0.0,0.0,0.0,0.0,0.0,0.0,0.0,0.0,2852445,1.0,1.0,2.0,0.3333333333333333,0.3333333333333333,0.3333333333333333,0.6666666666666666,0.0,0.0,0.3333333333333333,0.0,0.0,0.5,0.0,0.0,0.0,0.2333333333333333,0.3333333333333333,4.5,0.492,0.5,2026,잠실,0.9512583942824044,0.3165319109035052,-0.1100432988072019,77.39030726672553,0
2026-04-09,LG,이영빈,0.0,1.0,3.0,3.0,1.0,0.0,0.0,1.0,0.0,0.0,0.0,0.0,0.0,0.0,0.0,0.0,2852445,1.0,1.0,2.0,0.3333333333333333,0.3333333333333333,0.3333333333333333,0.6666666666666666,0.0,0.0,0.3333333333333333,0.0,0.0,0.5,0.0,0.0,0.0,0.2333333333333333,0.3333333333333333,4.5,0.492,0.5,2026,잠실,0.9512583942824044,0.3165319109035052,-0.1100432988072019,77.39030726672553,0
2026-04-10,LG,이영빈,0.0,1.0,3.0,3.0,1.0,0.0,0.0,1.0,0.0,0.0,0.0,0.0,0.0,0.0,0.0,0.0,2852445,1.0,1.0,2.0,0.3333333333333333,0.3333333333333333,0.3333333333333333,0.6666666666666666,0.0,0.0,0.3333333333333333,0.0,0.0,0.5,0.0,0.0,0.0,0.2333333333333333,0.3333333333333333,4.5,0.492,0.5,2026,잠실,0.9512583942824044,0.3156915249420153,-0.1092356550531871,77.59260131306706,0
2026-04-11,LG,이영빈,0.0,1.0,3.0,3.0,1.0,0.0,0.0,1.0,0.0,0.0,0.0,0.0,0.0,0.0,0.0,0.0,2852445,1.0,1.0,2.0,0.3333333333333333,0.3333333333333333,0.3333333333333333,0.6666666666666666,0.0,0.0,0.3333333333333333,0.0,0.0,0.5,0.0,0.0,0.0,0.2333333333333333,0.3333333333333333,4.5,0.492,0.5,2026,잠실,0.9512583942824044,0.3157965575012826,-0.1011689757535814,79.2130714092626,0
2026-04-12,LG,이영빈,0.0,1.0,4.0,4.0,2.0,0.0,0.0,1.0,0.0,0.0,0.0,0.0,0.0,0.0,0.0,0.0,2852445,2.0,2.0,2.0,0.5,0.5,0.5,1.0,0.0,0.0,0.25,0.0,0.0,0.6666666666666666,0.0,0.0,0.0,0.35,1.0,13.5,0.992,1.0,2026,잠실,0.9512583942824044,0.4733219454829965,0.3970729677017542,181.19298024240047,0
2026-03-31,롯데,손성빈,0.0,0.0,1.0,1.0,0.0,0.0,0.0,0.0,0.0,0.0,0.0,0.0,0.0,0.0,0.0,0.0,2852561,0.0,0.0,1.0,0.0,0.0,0.0,0.0,0.0,0.0,0.0,0.0,0.0,0.0,0.0,0.0,0.0,0.0,0.0,0.0,0.09,0.0,2026,사직,1.0488000917921212,0.0,-0.3305407649785577,-130.54108278349233,0
2026-04-01,롯데,손성빈,0.0,0.0,2.0,1.0,0.0,0.0,0.0,0.0,0.0,0.0,0.0,1.0,0.0,0.0,0.0,0.0,2852561,0.0,0.0,2.0,0.0,0.0,0.0,0.0,0.0,0.0,0.0,0.0,0.0,0.0,0.0,0.0,0.0,0.0,-0.0,-0.0,0.13,0.0,2026,사직,1.0488000917921212,0.0,-0.687834260977118,-130.90181205671257,0
2026-04-02,롯데,손성빈,0.0,0.0,2.0,1.0,0.0,0.0,0.0,0.0,0.0,0.0,0.0,1.0,0.0,0.0,0.0,0.0,2852561,0.0,0.0,2.0,0.0,0.0,0.0,0.0,0.0,0.0,0.0,0.0,0.0,0.0,0.0,0.0,0.0,0.0,-0.0,-0.0,0.13,0.0,2026,사직,1.0488000917921212,0.0,-0.6645700764369878,-125.76435830265967,0
2026-04-03,롯데,손성빈,0.0,0.0,4.0,3.0,0.0,0.0,0.0,0.0,0.0,0.0,0.0,1.0,0.0,0.0,0.0,0.0,2852561,0.0,0.0,4.0,0.0,0.0,0.0,0.0,0.0,0.0,0.0,0.0,0.0,0.0,0.0,0.0,0.0,0.0,-0.0,-0.0,0.31,0.0,2026,사직,1.0488000917921212,0.0,-1.319877820843806,-128.98803095125288,0
2026-04-04,롯데,손성빈,0.0,0.0,4.0,3.0,0.0,0.0,0.0,0.0,0.0,0.0,0.0,1.0,0.0,0.0,0.0,0.0,2852561,0.0,0.0,4.0,0.0,0.0,0.0,0.0,0.0,0.0,0.0,0.0,0.0,0.0,0.0,0.0,0.0,0.0,-0.0,-0.0,0.31,0.0,2026,사직,1.0488000917921212,0.0,-1.317377034399607,-132.0491323134777,0
2026-04-05,롯데,손성빈,0.0,0.0,4.0,3.0,0.0,0.0,0.0,0.0,0.0,0.0,0.0,1.0,0.0,0.0,0.0,0.0,2852561,0.0,0.0,4.0,0.0,0.0,0.0,0.0,0.0,0.0,0.0,0.0,0.0,0.0,0.0,0.0,0.0,0.0,-0.0,-0.0,0.31,0.0,2026,사직,1.0488000917921212,0.0,-1.2564900387036044,-132.63624125020914,0
2026-04-06,롯데,손성빈,0.0,0.0,4.0,3.0,0.0,0.0,0.0,0.0,0.0,0.0,0.0,1.0,0.0,0.0,0.0,0.0,2852561,0.0,0.0,4.0,0.0,0.0,0.0,0.0,0.0,0.0,0.0,0.0,0.0,0.0,0.0,0.0,0.0,0.0,-0.0,-0.0,0.31,0.0,2026,사직,1.0488000917921212,0.0,-1.2564900387036044,-132.63624125020914,0
2026-04-07,롯데,손성빈,0.0,0.0,5.0,4.0,0.0,0.0,0.0,0.0,0.0,0.0,0.0,1.0,0.0,0.0,0.0,0.0,2852561,0.0,0.0,5.0,0.0,0.0,0.0,0.0,0.0,0.0,0.0,0.0,0.0,0.0,0.0,0.0,0.0,0.0,-0.0,-0.0,0.3999999999999999,0.0,2026,사직,1.0488000917921212,0.0,-1.51286970147877,-131.2250362069727,0
2026-04-08,롯데,손성빈,1.0,0.0,9.0,6.0,1.0,1.0,0.0,1.0,0.0,0.0,0.0,1.0,1.0,0.0,0.0,0.0,2852561,1.0,1.0,7.0,0.1666666666666666,0.25,0.1666666666666666,0.4166666666666666,0.0833333333333333,0.0,0.1111111111111111,0.1111111111111111,1.0,0.1666666666666666,0.1666666666666666,0.0,0.0,0.1541666666666666,0.0,0.0,1.512,0.2857142857142857,2026,사직,1.0488000917921212,0.2145071585191343,-1.1072896606788094,2.9363172724458098,0
2026-04-09,롯데,손성빈,1.0,0.0,9.0,6.0,1.0,1.0,0.0,1.0,0.0,0.0,0.0,1.0,1.0,0.0,0.0,0.0,2852561,1.0,1.0,7.0,0.1666666666666666,0.25,0.1666666666666666,0.4166666666666666,0.0833333333333333,0.0,0.1111111111111111,0.1111111111111111,1.0,0.1666666666666666,0.1666666666666666,0.0,0.0,0.1541666666666666,0.0,0.0,1.512,0.2857142857142857,2026,사직,1.0488000917921212,0.2145071585191343,-1.1072896606788094,2.9363172724458098,0
2026-04-10,롯데,손성빈,1.0,0.0,13.0,10.0,1.0,1.0,0.0,2.0,0.0,0.0,0.0,1.0,1.0,0.0,0.0,0.0,2852561,1.0,1.0,11.0,0.1,0.1666666666666666,0.1,0.2666666666666666,0.0666666666666666,0.0,0.1538461538461538,0.0769230769230769,0.5,0.1111111111111111,0.1,0.0,0.0,0.1,0.0,0.0,1.6840000000000002,0.1818181818181818,2026,사직,1.0488000917921212,0.1426044867299043,-2.3802945142877285,-42.06713875572845,0
2026-04-11,롯데,손성빈,1.0,0.0,16.0,13.0,1.0,1.0,0.0,3.0,0.0,0.0,0.0,1.0,1.0,0.0,0.0,0.0,2852561,1.0,1.0,14.0,0.0769230769230769,0.1333333333333333,0.0769230769230769,0.2102564102564102,0.0564102564102564,0.0,0.1875,0.0625,0.3333333333333333,0.0909090909090909,0.0769230769230769,0.0,0.0,0.0792307692307692,0.0,0.0,1.766,0.1428571428571428,2026,사직,1.0488000917921212,0.1139631464643012,-3.240377550262239,-58.98780868875415,0
2026-04-12,롯데,손성빈,1.0,0.0,18.0,15.0,2.0,1.0,0.0,4.0,1.0,0.0,0.0,1.0,1.0,0.0,0.0,0.0,2852561,1.0,3.0,15.0,0.1333333333333333,0.1764705882352941,0.2,0.3764705882352941,0.0431372549019608,0.0666666666666666,0.2222222222222222,0.0555555555555555,0.25,0.1666666666666666,0.1333333333333333,0.0,0.0,0.1294117647058823,0.1578947368421052,0.2842105263157894,2.3880000000000003,0.2666666666666666,2026,사직,1.0488000917921212,0.1773329917067863,-2.634477475937014,-17.403526554722614,0
2026-03-28,키움,이주형,3.0,0.0,6.0,5.0,1.0,1.0,0.0,2.0,1.0,0.0,0.0,0.0,0.0,0.0,0.0,0.0,2951426,0.0,2.0,4.0,0.2,0.3333333333333333,0.4,0.7333333333333334,0.1333333333333333,0.2,0.3333333333333333,0.1666666666666666,0.5,0.3333333333333333,0.4,0.0,0.0,0.25,0.5714285714285714,3.8571428571428568,1.044,0.75,2026,고척,0.9666905138306804,0.3528012326190019,-0.1430023794073107,87.34401594473003,0
2026-03-29,키움,이주형,3.0,1.0,11.0,9.0,1.0,1.0,1.0,4.0,1.0,0.0,0.0,0.0,0.0,0.0,0.0,0.0,2951426,0.0,2.0,8.0,0.1111111111111111,0.2727272727272727,0.2222222222222222,0.4949494949494949,0.1616161616161616,0.1111111111111111,0.3636363636363636,0.0909090909090909,0.25,0.2,0.2222222222222222,0.0,0.0,0.1782828282828282,0.4615384615384615,1.5576923076923077,1.368,0.5,2026,고척,0.9666905138306804,0.259450445533995,-1.1981759794476554,33.199948980730035,0
2026-03-30,키움,이주형,3.0,1.0,11.0,9.0,1.0,1.0,1.0,4.0,1.0,0.0,0.0,0.0,0.0,0.0,0.0,0.0,2951426,0.0,2.0,8.0,0.1111111111111111,0.2727272727272727,0.2222222222222222,0.4949494949494949,0.1616161616161616,0.1111111111111111,0.3636363636363636,0.0909090909090909,0.25,0.2,0.2222222222222222,0.0,0.0,0.1782828282828282,0.4615384615384615,1.5576923076923077,1.368,0.5,2026,고척,0.9666905138306804,0.259450445533995,-1.1981759794476554,33.199948980730035,0
2026-03-31,키움,이주형,4.0,1.0,15.0,13.0,2.0,1.0,1.0,5.0,1.0,0.0,0.0,0.0,0.0,0.0,0.0,0.0,2951426,1.0,3.0,11.0,0.1538461538461538,0.2666666666666666,0.2307692307692307,0.4974358974358974,0.1128205128205128,0.0769230769230769,0.3333333333333333,0.0666666666666666,0.2,0.25,0.1538461538461538,0.0,0.0,0.1776923076923077,0.7058823529411765,1.732620320855615,1.95,0.4545454545454545,2026,고척,0.9666905138306804,0.2542830070955267,-1.5340856696660956,33.5093197596967,0
2026-04-01,키움,이주형,7.0,4.0,21.0,19.0,5.0,1.0,1.0,6.0,4.0,0.0,0.0,0.0,0.0,0.0,0.0,0.0,2951426,1.0,9.0,14.0,0.2631578947368421,0.3333333333333333,0.4736842105263157,0.8070175438596491,0.0701754385964912,0.2105263157894736,0.2857142857142857,0.0476190476190476,0.1666666666666666,0.3846153846153846,0.2631578947368421,0.0,0.0,0.2684210526315789,2.739130434782609,5.282608695652174,4.191999999999999,0.7857142857142857,2026,고척,0.9666905138306804,0.3634586709611748,-0.1660086580086568,98.13568044245316,0
2026-04-02,키움,이주형,7.0,4.0,25.0,22.0,5.0,1.0,2.0,6.0,4.0,0.0,0.0,0.0,0.0,0.0,0.0,0.0,2951426,1.0,9.0,17.0,0.2272727272727272,0.32,0.4090909090909091,0.7290909090909091,0.0927272727272727,0.1818181818181818,0.24,0.04,0.1666666666666666,0.3125,0.2272727272727272,0.0,0.0,0.2462727272727273,2.571428571428572,4.084033613445378,4.8020000000000005,0.7058823529411765,2026,고척,0.9666905138306804,0.3381032719738827,-0.6355821766605045,86.43098150931804,0
2026-04-03,키움,이주형,8.0,5.0,29.0,26.0,7.0,1.0,2.0,7.0,4.0,0.0,0.0,0.0,0.0,0.0,0.0,0.0,2951426,3.0,11.0,19.0,0.2692307692307692,0.3448275862068966,0.4230769230769231,0.7679045092838197,0.0755968169761273,0.1538461538461538,0.2413793103448276,0.0344827586206896,0.1428571428571428,0.3684210526315789,0.1923076923076923,0.0,0.0,0.2609416445623342,3.4375,4.884868421052632,5.7940000000000005,0.7368421052631579,2026,고척,0.9666905138306804,0.3577795140085746,-0.2574389877479413,97.30174454865472,0
2026-04-04,키움,이주형,8.0,5.0,34.0,31.0,8.0,1.0,2.0,8.0,4.0,0.0,0.0,0.0,0.0,0.0,0.0,0.0,2951426,4.0,12.0,23.0,0.2580645161290322,0.3235294117647059,0.3870967741935484,0.7106261859582543,0.0654648956356736,0.1290322580645161,0.2352941176470588,0.0294117647058823,0.125,0.3478260869565217,0.1612903225806451,0.0,0.0,0.2423624288425047,3.5675675675675675,4.188014101057579,6.466,0.6521739130434783,2026,고척,0.9666905138306804,0.3329438193267467,-1.0782868746530536,81.45561895397752,0
2026-04-05,키움,이주형,8.0,5.0,39.0,34.0,8.0,2.0,3.0,8.0,4.0,0.0,0.0,0.0,0.0,0.0,0.0,0.0,2951426,4.0,12.0,26.0,0.2352941176470588,0.3333333333333333,0.3529411764705882,0.6862745098039216,0.0980392156862745,0.1176470588235294,0.2051282051282051,0.0512820512820512,0.25,0.3076923076923077,0.1764705882352941,0.0,0.0,0.238235294117647,3.5454545454545454,3.6818181818181817,7.415999999999999,0.6538461538461539,2026,고척,0.9666905138306804,0.3311558292842496,-1.0847625711610576,83.16394874373475,0
2026-04-06,키움,이주형,8.0,5.0,39.0,34.0,8.0,2.0,3.0,8.0,4.0,0.0,0.0,0.0,0.0,0.0,0.0,0.0,2951426,4.0,12.0,26.0,0.2352941176470588,0.3333333333333333,0.3529411764705882,0.6862745098039216,0.0980392156862745,0.1176470588235294,0.2051282051282051,0.0512820512820512,0.25,0.3076923076923077,0.1764705882352941,0.0,0.0,0.238235294117647,3.5454545454545454,3.6818181818181817,7.415999999999999,0.6538461538461539,2026,고척,0.9666905138306804,0.3311558292842496,-1.0847625711610576,83.16394874373475,0
2026-04-07,키움,이주형,9.0,6.0,44.0,38.0,9.0,3.0,3.0,9.0,4.0,0.0,0.0,0.0,0.0,0.0,0.0,0.0,2951426,5.0,13.0,29.0,0.2368421052631578,0.3409090909090909,0.3421052631578947,0.6830143540669856,0.104066985645933,0.1052631578947368,0.2045454545454545,0.0681818181818181,0.3333333333333333,0.3103448275862069,0.1842105263157894,0.0,0.0,0.2389354066985646,3.9,3.6310344827586207,8.338,0.6551724137931034,2026,고척,0.9666905138306804,0.3337458994428228,-0.9410003417881776,87.33254899006667,0
2026-04-08,키움,이주형,9.0,7.0,49.0,42.0,11.0,4.0,3.0,10.0,4.0,1.0,0.0,0.0,0.0,0.0,0.0,0.0,2951426,6.0,17.0,31.0,0.2619047619047619,0.3673469387755102,0.4047619047619047,0.772108843537415,0.1054421768707483,0.1428571428571428,0.2040816326530612,0.0816326530612244,0.4,0.34375,0.238095238095238,0.0,0.0,0.2664965986394558,5.464285714285714,4.759216589861751,10.21,0.7741935483870968,2026,고척,0.9666905138306804,0.3671565614464761,0.3021478178317104,107.95112608347628,0
2026-04-09,키움,이주형,9.0,7.0,49.0,42.0,11.0,4.0,3.0,10.0,4.0,1.0,0.0,0.0,0.0,0.0,0.0,0.0,2951426,6.0,17.0,31.0,0.2619047619047619,0.3673469387755102,0.4047619047619047,0.772108843537415,0.1054421768707483,0.1428571428571428,0.2040816326530612,0.0816326530612244,0.4,0.34375,0.238095238095238,0.0,0.0,0.2664965986394558,5.464285714285714,4.759216589861751,10.21,0.7741935483870968,2026,고척,0.9666905138306804,0.3671565614464761,0.3021478178317104,107.95112608347628,0
2026-04-10,키움,이주형,9.0,7.0,53.0,46.0,12.0,4.0,3.0,11.0,5.0,1.0,0.0,0.0,0.0,0.0,0.0,0.0,2951426,6.0,19.0,34.0,0.2608695652173913,0.3584905660377358,0.4130434782608695,0.7715340442986054,0.0976210008203445,0.1521739130434782,0.2075471698113207,0.0754716981132075,0.3636363636363636,0.3428571428571428,0.2391304347826087,0.0,0.0,0.2645816242821985,6.016666666666667,4.777941176470588,11.012,0.7647058823529411,2026,고척,0.9666905138306804,0.3631166951052391,0.2003383047622563,106.16308491885972,0
2026-04-11,키움,이주형,9.0,7.0,57.0,50.0,13.0,4.0,3.0,13.0,5.0,1.0,0.0,0.0,0.0,0.0,0.0,0.0,2951426,7.0,20.0,37.0,0.26,0.3508771929824561,0.4,0.7508771929824561,0.0908771929824561,0.14,0.2280701754385964,0.0701754385964912,0.3076923076923077,0.3513513513513513,0.22,0.0,0.0,0.2578947368421053,6.25,4.5608108108108105,11.406000000000002,0.7297297297297297,2026,고척,0.9666905138306804,0.3546530913059079,-0.0698741811170707,102.3981436223044,0
2026-04-12,키움,이주형,10.0,9.0,61.0,53.0,14.0,5.0,3.0,14.0,5.0,1.0,1.0,0.0,0.0,0.0,0.0,0.0,2951426,7.0,24.0,39.0,0.2641509433962264,0.360655737704918,0.4528301886792453,0.8134859263841634,0.0965047943086916,0.1886792452830188,0.2295081967213114,0.081967213114754,0.3571428571428571,0.3421052631578947,0.2830188679245283,61.0,53.0,0.2755026291370244,7.6521739130434785,5.297658862876254,13.178,0.8205128205128205,2026,고척,0.9666905138306804,0.3772264607086633,1.1908945955160035,118.34039949914046,0
2026-03-28,SSG,고명준,0.0,1.0,4.0,4.0,1.0,0.0,0.0,1.0,0.0,0.0,0.0,0.0,0.0,0.0,0.0,0.0,2966322,1.0,1.0,3.0,0.25,0.25,0.25,0.5,0.0,0.0,0.25,0.0,0.0,0.3333333333333333,0.0,0.0,0.0,0.175,0.25,2.25,0.582,0.3333333333333333,2026,문학,1.027807913649001,0.2441985494338635,-0.4812554077438891,16.51637872112466,0
2026-03-29,SSG,고명준,2.0,4.0,8.0,8.0,4.0,0.0,0.0,1.0,0.0,0.0,2.0,0.0,0.0,0.0,0.0,0.0,2966322,2.0,10.0,4.0,0.5,0.5,1.25,1.75,0.0,0.75,0.125,0.0,0.0,0.4,0.75,4.0,4.0,0.5375,5.0,33.75,4.0520000000000005,2.5,2026,문학,1.027807913649001,0.7030970474524618,2.461282380646543,295.3051079236726,0
2026-03-30,SSG,고명준,2.0,4.0,8.0,8.0,4.0,0.0,0.0,1.0,0.0,0.0,2.0,0.0,0.0,0.0,0.0,0.0,2966322,2.0,10.0,4.0,0.5,0.5,1.25,1.75,0.0,0.75,0.125,0.0,0.0,0.4,0.75,4.0,4.0,0.5375,5.0,33.75,4.0520000000000005,2.5,2026,문학,1.027807913649001,0.7030970474524618,2.461282380646543,295.3051079236726,0
2026-03-31,SSG,고명준,2.0,4.0,12.0,12.0,7.0,0.0,0.0,1.0,0.0,0.0,2.0,0.0,0.0,0.0,0.0,0.0,2966322,5.0,13.0,5.0,0.5833333333333334,0.5833333333333334,1.0833333333333333,1.6666666666666663,0.0,0.4999999999999999,0.0833333333333333,0.0,0.0,0.5555555555555556,0.5,6.0,6.0,0.5333333333333333,7.583333333333333,40.95,5.642,2.6,2026,문학,1.027807913649001,0.7168702856195348,3.7558746064797615,310.89802070644856,0
2026-04-01,SSG,고명준,2.0,4.0,16.0,15.0,8.0,1.0,0.0,2.0,0.0,0.0,2.0,0.0,0.0,0.0,0.0,0.0,2966322,6.0,14.0,7.0,0.5333333333333333,0.5625,0.9333333333333332,1.4958333333333331,0.0291666666666666,0.4,0.125,0.0625,0.5,0.5454545454545454,0.4666666666666667,8.0,7.5,0.4864583333333333,7.411764705882353,28.58823529411765,6.474,2.142857142857143,2026,문학,1.027807913649001,0.6404977566430607,3.971411255411255,260.3445396270651,0
2026-04-02,SSG,고명준,4.0,5.0,20.0,19.0,10.0,1.0,0.0,3.0,0.0,0.0,2.0,0.0,0.0,0.0,0.0,0.0,2966322,8.0,16.0,9.0,0.5263157894736842,0.55,0.8421052631578947,1.3921052631578947,0.0236842105263158,0.3157894736842105,0.15,0.05,0.3333333333333333,0.5714285714285714,0.3684210526315789,10.0,9.5,0.4580263157894737,8.380952380952381,25.142857142857142,7.465999999999999,1.8888888888888888,2026,문학,1.027807913649001,0.6091317694148474,4.4112310632191845,243.8360872427375,0
2026-04-03,SSG,고명준,6.0,6.0,26.0,23.0,12.0,3.0,0.0,3.0,0.0,0.0,3.0,0.0,0.0,0.0,0.0,0.0,2966322,9.0,21.0,11.0,0.5217391304347826,0.5769230769230769,0.9130434782608696,1.4899665551839465,0.0551839464882942,0.3913043478260869,0.1153846153846153,0.1153846153846153,1.0,0.5294117647058824,0.5217391304347826,8.666666666666666,7.666666666666667,0.487876254180602,10.862068965517242,26.661442006269592,10.266,2.1818181818181817,2026,문학,1.027807913649001,0.6409946885717186,6.377712786191698,263.81931397724134,0
2026-04-04,SSG,고명준,7.0,6.0,31.0,27.0,14.0,4.0,0.0,4.0,1.0,0.0,3.0,0.0,0.0,0.0,0.0,0.0,2966322,10.0,24.0,13.0,0.5185185185185185,0.5806451612903226,0.8888888888888888,1.4695340501792111,0.0621266427718041,0.3703703703703703,0.1290322580645161,0.1290322580645161,1.0,0.55,0.5185185185185185,10.333333333333334,9.0,0.4835125448028674,12.342857142857143,25.63516483516484,11.818,2.1538461538461537,2026,문학,1.027807913649001,0.6349886510734101,7.387112465216761,261.58529781891684,0
2026-04-05,SSG,고명준,8.0,6.0,36.0,32.0,15.0,4.0,0.0,4.0,1.0,0.0,3.0,0.0,0.0,0.0,0.0,0.0,2966322,11.0,25.0,17.0,0.46875,0.5277777777777778,0.78125,1.3090277777777777,0.0590277777777777,0.3125,0.1111111111111111,0.1111111111111111,1.0,0.48,0.4375,12.0,10.666666666666666,0.4328125,11.875,18.86029411764705,12.678,1.7058823529411764,2026,문학,1.027807913649001,0.5767069743885936,6.641360634478755,230.979058812148,0
2026-04-06,SSG,고명준,8.0,6.0,36.0,32.0,15.0,4.0,0.0,4.0,1.0,0.0,3.0,0.0,0.0,0.0,0.0,0.0,2966322,11.0,25.0,17.0,0.46875,0.5277777777777778,0.78125,1.3090277777777777,0.0590277777777777,0.3125,0.1111111111111111,0.1111111111111111,1.0,0.48,0.4375,12.0,10.666666666666666,0.4328125,11.875,18.86029411764705,12.678,1.7058823529411764,2026,문학,1.027807913649001,0.5767069743885936,6.641360634478755,230.979058812148,0
2026-04-07,SSG,고명준,8.0,6.0,40.0,36.0,16.0,4.0,0.0,7.0,2.0,0.0,3.0,0.0,0.0,0.0,0.0,0.0,2966322,11.0,27.0,20.0,0.4444444444444444,0.5,0.75,1.25,0.0555555555555555,0.3055555555555556,0.175,0.1,0.5714285714285714,0.5,0.4166666666666667,13.333333333333334,12.0,0.4125,12.272727272727272,16.56818181818182,13.104,1.55,2026,문학,1.027807913649001,0.5554351926621153,6.615650977778764,220.9426609842924,0
2026-04-08,SSG,고명준,9.0,6.0,44.0,40.0,17.0,4.0,0.0,8.0,3.0,0.0,3.0,0.0,0.0,0.0,0.0,0.0,2966322,11.0,29.0,23.0,0.425,0.4772727272727273,0.725,1.2022727272727272,0.0522727272727273,0.3,0.1818181818181818,0.0909090909090909,0.5,0.4827586206896552,0.4,14.666666666666666,13.333333333333334,0.3960227272727272,12.6875,14.894021739130435,13.906,1.434782608695652,2026,문학,1.027807913649001,0.5333069395578725,6.458831332009864,207.20498950605668,0
2026-04-09,SSG,고명준,9.0,6.0,44.0,40.0,17.0,4.0,0.0,8.0,3.0,0.0,3.0,0.0,0.0,0.0,0.0,0.0,2966322,11.0,29.0,23.0,0.425,0.4772727272727273,0.725,1.2022727272727272,0.0522727272727273,0.3,0.1818181818181818,0.0909090909090909,0.5,0.4827586206896552,0.4,14.666666666666666,13.333333333333334,0.3960227272727272,12.6875,14.894021739130435,13.906,1.434782608695652,2026,문학,1.027807913649001,0.5333069395578725,6.458831332009864,207.20498950605668,0
2026-04-10,SSG,고명준,9.0,6.0,48.0,43.0,17.0,5.0,0.0,8.0,3.0,0.0,3.0,0.0,0.0,0.0,0.0,0.0,2966322,11.0,29.0,26.0,0.3953488372093023,0.4583333333333333,0.6744186046511628,1.132751937984496,0.062984496124031,0.2790697674418604,0.1666666666666666,0.1041666666666666,0.625,0.4375,0.3953488372093023,16.0,14.333333333333334,0.3748546511627907,12.037735849056604,12.500725689404934,14.515999999999998,1.3076923076923077,2026,문학,1.027807913649001,0.5036199034673539,5.896969806307886,189.26706788214287,0
2026-04-11,SSG,고명준,9.0,6.0,52.0,47.0,19.0,5.0,0.0,8.0,4.0,0.0,3.0,0.0,0.0,0.0,0.0,0.0,2966322,12.0,32.0,28.0,0.4042553191489361,0.4615384615384615,0.6808510638297872,1.1423895253682488,0.0572831423895254,0.2765957446808511,0.1538461538461538,0.0961538461538461,0.625,0.4444444444444444,0.3829787234042553,17.333333333333332,15.666666666666666,0.3779050736497545,13.473684210526317,12.992481203007518,15.916,1.3214285714285714,2026,문학,1.027807913649001,0.5094925349292255,6.670143067629408,194.82616999133552,0
2026-04-12,SSG,고명준,9.0,7.0,56.0,51.0,21.0,5.0,0.0,8.0,5.0,0.0,3.0,0.0,0.0,0.0,0.0,0.0,2966322,13.0,35.0,30.0,0.4117647058823529,0.4642857142857143,0.6862745098039216,1.1505602240896358,0.0525210084033613,0.2745098039215686,0.1428571428571428,0.0892857142857142,0.625,0.45,0.3725490196078431,18.666666666666668,17.0,0.3804971988795518,14.918032786885243,13.42622950819672,17.316000000000003,1.3333333333333333,2026,문학,1.027807913649001,0.5137264146463075,7.436694630933122,199.31626863047168,0
2026-03-28,LG,문보경,2.0,1.0,5.0,3.0,2.0,1.0,0.0,0.0,1.0,0.0,0.0,0.0,1.0,1.0,0.0,0.0,2966754,1.0,3.0,3.0,0.6666666666666666,0.6,1.0,1.6,-0.0666666666666666,0.3333333333333333,0.0,0.2,0.0,0.5,0.6666666666666666,0.0,0.0,0.52,0.5,4.5,1.6500000000000004,1.3333333333333333,2026,잠실,0.9512583942824044,0.6187203186898931,1.0620133030499677,247.34732984246293,0
2026-03-29,LG,문보경,2.0,1.0,10.0,7.0,3.0,2.0,0.0,0.0,1.0,0.0,0.0,0.0,1.0,1.0,0.0,0.0,2966754,2.0,4.0,6.0,0.4285714285714285,0.5,0.5714285714285714,1.0714285714285714,0.0714285714285714,0.1428571428571428,0.0,0.2,0.0,0.375,0.4285714285714285,0.0,0.0,0.3678571428571429,1.0,4.5,2.76,1.0,2026,잠실,0.9512583942824044,0.4719317915858494,0.90595482766003,163.2037137064861,0
2026-03-30,LG,문보경,2.0,1.0,10.0,7.0,3.0,2.0,0.0,0.0,1.0,0.0,0.0,0.0,1.0,1.0,0.0,0.0,2966754,2.0,4.0,6.0,0.4285714285714285,0.5,0.5714285714285714,1.0714285714285714,0.0714285714285714,0.1428571428571428,0.0,0.2,0.0,0.375,0.4285714285714285,0.0,0.0,0.3678571428571429,1.0,4.5,2.76,1.0,2026,잠실,0.9512583942824044,0.4719317915858494,0.90595482766003,163.2037137064861,0
2026-03-31,LG,문보경,2.0,1.0,13.0,9.0,3.0,3.0,0.0,1.0,1.0,0.0,0.0,0.0,1.0,1.0,0.0,0.0,2966754,2.0,4.0,8.0,0.3333333333333333,0.4615384615384615,0.4444444444444444,0.905982905982906,0.1282051282051282,0.1111111111111111,0.0769230769230769,0.2307692307692307,3.0,0.3333333333333333,0.4444444444444444,0.0,0.0,0.3188034188034188,1.0,3.375,3.0920000000000005,0.875,2026,잠실,0.9512583942824044,0.4240384008590063,0.651508762797155,139.08852927915277,0
2026-04-01,LG,문보경,2.0,1.0,13.0,9.0,3.0,3.0,0.0,1.0,1.0,0.0,0.0,0.0,1.0,1.0,0.0,0.0,2966754,2.0,4.0,8.0,0.3333333333333333,0.4615384615384615,0.4444444444444444,0.905982905982906,0.1282051282051282,0.1111111111111111,0.0769230769230769,0.2307692307692307,3.0,0.3333333333333333,0.4444444444444444,0.0,0.0,0.3188034188034188,1.0,3.375,3.0920000000000005,0.875,2026,잠실,0.9512583942824044,0.4242637808939674,0.6280068027210892,136.62224467220614,0
2026-04-02,LG,문보경,2.0,2.0,17.0,13.0,4.0,3.0,0.0,1.0,1.0,0.0,0.0,0.0,1.0,1.0,0.0,0.0,2966754,3.0,5.0,11.0,0.3076923076923077,0.4117647058823529,0.3846153846153846,0.7963800904977376,0.1040723981900452,0.0769230769230769,0.0588235294117647,0.1764705882352941,3.0,0.3076923076923077,0.3076923076923077,0.0,0.0,0.281447963800905,1.25,3.0681818181818183,3.862,0.7272727272727273,2026,잠실,0.9512583942824044,0.3798473462519995,0.2118801567372173,113.15921798263793,0
2026-04-03,LG,문보경,2.0,2.0,21.0,17.0,4.0,3.0,0.0,2.0,1.0,0.0,0.0,0.0,1.0,1.0,0.0,0.0,2966754,3.0,5.0,15.0,0.2352941176470588,0.3333333333333333,0.2941176470588235,0.6274509803921569,0.0980392156862745,0.0588235294117647,0.0952380952380952,0.1428571428571428,1.5,0.25,0.2352941176470588,0.0,0.0,0.2235294117647058,1.0416666666666667,1.875,4.034,0.5333333333333333,2026,잠실,0.9512583942824044,0.3079422380982013,-1.1256859100712255,68.46743687878411,0
2026-04-04,LG,문보경,2.0,2.0,26.0,19.0,4.0,5.0,1.0,3.0,1.0,0.0,0.0,0.0,1.0,1.0,0.0,0.0,2966754,3.0,5.0,17.0,0.2105263157894736,0.3846153846153846,0.2631578947368421,0.6477732793522267,0.1740890688259109,0.0526315789473684,0.1153846153846153,0.1923076923076923,1.6666666666666667,0.2352941176470588,0.3157894736842105,0.0,0.0,0.2388663967611336,1.25,1.9852941176470589,5.045999999999999,0.6470588235294118,2026,잠실,0.9512583942824044,0.3390729930630606,-0.6821162529214392,86.77809111467705,0
2026-04-05,LG,문보경,4.0,3.0,31.0,24.0,7.0,5.0,1.0,3.0,1.0,0.0,1.0,0.0,1.0,1.0,0.0,0.0,2966754,5.0,11.0,19.0,0.2916666666666667,0.4193548387096774,0.4583333333333333,0.8776881720430108,0.1276881720430107,0.1666666666666666,0.0967741935483871,0.1612903225806451,1.6666666666666667,0.2857142857142857,0.375,31.0,24.0,0.3032930107526881,3.27027027027027,4.647226173541963,7.666,0.8947368421052632,2026,잠실,0.9512583942824044,0.4087300798936638,1.216877300060585,133.33556369884712,0
2026-04-06,LG,문보경,4.0,3.0,31.0,24.0,7.0,5.0,1.0,3.0,1.0,0.0,1.0,0.0,1.0,1.0,0.0,0.0,2966754,5.0,11.0,19.0,0.2916666666666667,0.4193548387096774,0.4583333333333333,0.8776881720430108,0.1276881720430107,0.1666666666666666,0.0967741935483871,0.1612903225806451,1.6666666666666667,0.2857142857142857,0.375,31.0,24.0,0.3032930107526881,3.27027027027027,4.647226173541963,7.666,0.8947368421052632,2026,잠실,0.9512583942824044,0.4087300798936638,1.216877300060585,133.33556369884712,0
2026-04-07,LG,문보경,4.0,4.0,35.0,26.0,7.0,7.0,1.0,4.0,1.0,0.0,1.0,0.0,1.0,1.0,0.0,1.0,2966754,5.0,11.0,21.0,0.2692307692307692,0.4285714285714285,0.4230769230769231,0.8516483516483516,0.1593406593406593,0.1538461538461538,0.1142857142857142,0.2,1.75,0.2727272727272727,0.4230769230769231,35.0,26.0,0.2986263736263736,3.3255813953488373,4.275747508305648,8.248000000000001,0.9047619047619048,2026,잠실,0.9512583942824044,0.3967856339040306,1.110405124673403,128.6071720522682,0
2026-04-08,LG,문보경,4.0,4.0,39.0,29.0,8.0,8.0,1.0,5.0,2.0,0.0,1.0,0.0,1.0,1.0,0.0,1.0,2966754,5.0,13.0,23.0,0.2758620689655172,0.4358974358974359,0.4482758620689655,0.8841732979664014,0.1600353669319186,0.1724137931034483,0.1282051282051282,0.2051282051282051,1.6,0.2916666666666667,0.4482758620689655,39.0,29.0,0.3082228116710875,4.0625,4.769021739130435,9.3,0.9565217391304348,2026,잠실,0.9512583942824044,0.4087182399538081,1.612377032914072,135.85101193939607,0
2026-04-09,LG,문보경,4.0,4.0,39.0,29.0,8.0,8.0,1.0,5.0,2.0,0.0,1.0,0.0,1.0,1.0,0.0,1.0,2966754,5.0,13.0,23.0,0.2758620689655172,0.4358974358974359,0.4482758620689655,0.8841732979664014,0.1600353669319186,0.1724137931034483,0.1282051282051282,0.2051282051282051,1.6,0.2916666666666667,0.4482758620689655,39.0,29.0,0.3082228116710875,4.0625,4.769021739130435,9.3,0.9565217391304348,2026,잠실,0.9512583942824044,0.4087182399538081,1.612377032914072,135.85101193939607,0
2026-04-10,LG,문보경,7.0,4.0,44.0,31.0,9.0,10.0,1.0,5.0,2.0,0.0,1.0,0.0,2.0,1.0,0.0,1.0,2966754,6.0,14.0,25.0,0.2903225806451613,0.4545454545454545,0.4516129032258064,0.906158357771261,0.1642228739002932,0.1612903225806451,0.1136363636363636,0.2272727272727272,2.0,0.2962962962962963,0.4838709677419355,44.0,31.0,0.3174486803519061,4.327272727272727,4.673454545454545,10.94,1.0,2026,잠실,0.9512583942824044,0.4178252190266574,2.206349774415981,142.4447243431168,0
2026-04-11,LG,문보경,7.0,4.0,48.0,35.0,10.0,10.0,1.0,6.0,2.0,0.0,1.0,0.0,2.0,1.0,0.0,1.0,2966754,7.0,15.0,28.0,0.2857142857142857,0.4375,0.4285714285714285,0.8660714285714286,0.1517857142857143,0.1428571428571428,0.125,0.2083333333333333,1.6666666666666667,0.3,0.4285714285714285,48.0,35.0,0.3040178571428571,4.576271186440678,4.412832929782082,11.521999999999998,0.9285714285714286,2026,잠실,0.9512583942824044,0.4026484250909567,1.8678900614624765,134.48556877267836,0
2026-04-12,LG,문보경,7.0,5.0,53.0,38.0,10.0,12.0,1.0,8.0,2.0,0.0,1.0,0.0,2.0,1.0,0.0,1.0,2966754,7.0,15.0,31.0,0.2631578947368421,0.4339622641509434,0.3947368421052631,0.8286991062562066,0.1708043694141013,0.131578947368421,0.1509433962264151,0.2264150943396226,1.5,0.2903225806451613,0.4473684210526316,53.0,38.0,0.2939672293942403,4.545454545454546,3.958944281524927,12.095999999999998,0.9032258064516128,2026,잠실,0.9512583942824044,0.3929240831136494,1.7251300008497514,129.89876797655538,0
2026-03-28,KIA,박정우,1.0,0.0,2.0,2.0,1.0,0.0,0.0,1.0,0.0,0.0,0.0,0.0,0.0,0.0,0.0,0.0,2966764,1.0,1.0,1.0,0.5,0.5,0.5,1.0,0.0,0.0,0.5,0.0,0.0,1.0,0.0,0.0,0.0,0.35,0.5,13.5,0.402,1.0,2026,광주,0.9987402594586288,0.4883970988677271,0.1932530283365781,164.94006663471257,0
2026-03-29,KIA,박정우,1.0,0.0,2.0,2.0,1.0,0.0,0.0,1.0,0.0,0.0,0.0,0.0,0.0,0.0,0.0,0.0,2966764,1.0,1.0,1.0,0.5,0.5,0.5,1.0,0.0,0.0,0.5,0.0,0.0,1.0,0.0,0.0,0.0,0.35,0.5,13.5,0.402,1.0,2026,광주,0.9987402594586288,0.472996751174366,0.183190965532006,159.09937334270984,0
2026-03-30,KIA,박정우,1.0,0.0,2.0,2.0,1.0,0.0,0.0,1.0,0.0,0.0,0.0,0.0,0.0,0.0,0.0,0.0,2966764,1.0,1.0,1.0,0.5,0.5,0.5,1.0,0.0,0.0,0.5,0.0,0.0,1.0,0.0,0.0,0.0,0.35,0.5,13.5,0.402,1.0,2026,광주,0.9987402594586288,0.472996751174366,0.183190965532006,159.09937334270984,0
2026-03-31,KIA,박정우,1.0,0.0,3.0,3.0,1.0,0.0,0.0,2.0,0.0,0.0,0.0,0.0,0.0,0.0,0.0,0.0,2966764,1.0,1.0,2.0,0.3333333333333333,0.3333333333333333,0.3333333333333333,0.6666666666666666,0.0,0.0,0.6666666666666666,0.0,0.0,1.0,0.0,0.0,0.0,0.2333333333333333,0.3333333333333333,4.5,0.304,0.5,2026,광주,0.9987402594586288,0.3164613025461933,-0.1393658436826056,68.41082800528471,0
2026-04-01,KIA,박정우,1.0,0.0,3.0,3.0,1.0,0.0,0.0,2.0,0.0,0.0,0.0,0.0,0.0,0.0,0.0,0.0,2966764,1.0,1.0,2.0,0.3333333333333333,0.3333333333333333,0.3333333333333333,0.6666666666666666,0.0,0.0,0.6666666666666666,0.0,0.0,1.0,0.0,0.0,0.0,0.2333333333333333,0.3333333333333333,4.5,0.304,0.5,2026,광주,0.9987402594586288,0.3163281649668529,-0.154429808286951,66.29563083796847,0
2026-04-02,KIA,박정우,1.0,0.0,3.0,3.0,1.0,0.0,0.0,2.0,0.0,0.0,0.0,0.0,0.0,0.0,0.0,0.0,2966764,1.0,1.0,2.0,0.3333333333333333,0.3333333333333333,0.3333333333333333,0.6666666666666666,0.0,0.0,0.6666666666666666,0.0,0.0,1.0,0.0,0.0,0.0,0.2333333333333333,0.3333333333333333,4.5,0.304,0.5,2026,광주,0.9987402594586288,0.3161525474504866,-0.1360371423052512,69.98270128265303,0
2026-04-03,KIA,박정우,1.0,0.0,3.0,3.0,1.0,0.0,0.0,2.0,0.0,0.0,0.0,0.0,0.0,0.0,0.0,0.0,2966764,1.0,1.0,2.0,0.3333333333333333,0.3333333333333333,0.3333333333333333,0.6666666666666666,0.0,0.0,0.6666666666666666,0.0,0.0,1.0,0.0,0.0,0.0,0.2333333333333333,0.3333333333333333,4.5,0.304,0.5,2026,광주,0.9987402594586288,0.3166971201110277,-0.1372408442958893,69.05564957838281,0
2026-04-04,KIA,박정우,1.0,0.0,3.0,3.0,1.0,0.0,0.0,2.0,0.0,0.0,0.0,0.0,0.0,0.0,0.0,0.0,2966764,1.0,1.0,2.0,0.3333333333333333,0.3333333333333333,0.3333333333333333,0.6666666666666666,0.0,0.0,0.6666666666666666,0.0,0.0,1.0,0.0,0.0,0.0,0.2333333333333333,0.3333333333333333,4.5,0.304,0.5,2026,광주,0.9987402594586288,0.3164227083067505,-0.1394493287321046,68.06369585279528,0
2026-04-05,KIA,박정우,1.0,0.0,3.0,3.0,1.0,0.0,0.0,2.0,0.0,0.0,0.0,0.0,0.0,0.0,0.0,0.0,2966764,1.0,1.0,2.0,0.3333333333333333,0.3333333333333333,0.3333333333333333,0.6666666666666666,0.0,0.0,0.6666666666666666,0.0,0.0,1.0,0.0,0.0,0.0,0.2333333333333333,0.3333333333333333,4.5,0.304,0.5,2026,광주,0.9987402594586288,0.3163270913592532,-0.1219048131662351,70.66339171462575,0
2026-04-06,KIA,박정우,1.0,0.0,3.0,3.0,1.0,0.0,0.0,2.0,0.0,0.0,0.0,0.0,0.0,0.0,0.0,0.0,2966764,1.0,1.0,2.0,0.3333333333333333,0.3333333333333333,0.3333333333333333,0.6666666666666666,0.0,0.0,0.6666666666666666,0.0,0.0,1.0,0.0,0.0,0.0,0.2333333333333333,0.3333333333333333,4.5,0.304,0.5,2026,광주,0.9987402594586288,0.3163270913592532,-0.1219048131662351,70.66339171462575,0
2026-04-07,KIA,박정우,1.0,0.0,3.0,3.0,1.0,0.0,0.0,2.0,0.0,0.0,0.0,0.0,0.0,0.0,0.0,0.0,2966764,1.0,1.0,2.0,0.3333333333333333,0.3333333333333333,0.3333333333333333,0.6666666666666666,0.0,0.0,0.6666666666666666,0.0,0.0,1.0,0.0,0.0,0.0,0.2333333333333333,0.3333333333333333,4.5,0.304,0.5,2026,광주,0.9987402594586288,0.3172296379765401,-0.1059049521389288,73.71803860225079,0
2026-04-08,KIA,박정우,1.0,0.0,3.0,3.0,1.0,0.0,0.0,2.0,0.0,0.0,0.0,0.0,0.0,0.0,0.0,0.0,2966764,1.0,1.0,2.0,0.3333333333333333,0.3333333333333333,0.3333333333333333,0.6666666666666666,0.0,0.0,0.6666666666666666,0.0,0.0,1.0,0.0,0.0,0.0,0.2333333333333333,0.3333333333333333,4.5,0.304,0.5,2026,광주,0.9987402594586288,0.3165319109035052,-0.1100432988072019,72.6421207491031,0
2026-04-09,KIA,박정우,1.0,0.0,3.0,3.0,1.0,0.0,0.0,2.0,0.0,0.0,0.0,0.0,0.0,0.0,0.0,0.0,2966764,1.0,1.0,2.0,0.3333333333333333,0.3333333333333333,0.3333333333333333,0.6666666666666666,0.0,0.0,0.6666666666666666,0.0,0.0,1.0,0.0,0.0,0.0,0.2333333333333333,0.3333333333333333,4.5,0.304,0.5,2026,광주,0.9987402594586288,0.3165319109035052,-0.1100432988072019,72.6421207491031,0
2026-04-10,KIA,박정우,1.0,0.0,3.0,3.0,1.0,0.0,0.0,2.0,0.0,0.0,0.0,0.0,0.0,0.0,0.0,0.0,2966764,1.0,1.0,2.0,0.3333333333333333,0.3333333333333333,0.3333333333333333,0.6666666666666666,0.0,0.0,0.6666666666666666,0.0,0.0,1.0,0.0,0.0,0.0,0.2333333333333333,0.3333333333333333,4.5,0.304,0.5,2026,광주,0.9987402594586288,0.3156915249420153,-0.1092356550531871,72.84441479544464,0
2026-04-11,KIA,박정우,1.0,0.0,3.0,3.0,1.0,0.0,0.0,2.0,0.0,0.0,0.0,0.0,0.0,0.0,0.0,0.0,2966764,1.0,1.0,2.0,0.3333333333333333,0.3333333333333333,0.3333333333333333,0.6666666666666666,0.0,0.0,0.6666666666666666,0.0,0.0,1.0,0.0,0.0,0.0,0.2333333333333333,0.3333333333333333,4.5,0.304,0.5,2026,광주,0.9987402594586288,0.3157965575012826,-0.1011689757535814,74.46488489164015,0
2026-04-12,KIA,박정우,1.0,0.0,3.0,3.0,1.0,0.0,0.0,2.0,0.0,0.0,0.0,0.0,0.0,0.0,0.0,0.0,2966764,1.0,1.0,2.0,0.3333333333333333,0.3333333333333333,0.3333333333333333,0.6666666666666666,0.0,0.0,0.6666666666666666,0.0,0.0,1.0,0.0,0.0,0.0,0.2333333333333333,0.3333333333333333,4.5,0.304,0.5,2026,광주,0.9987402594586288,0.315547963655331,-0.0949841586687016,75.78425530502282,0
2026-03-28,롯데,장두성,0.0,0.0,3.0,2.0,0.0,0.0,0.0,0.0,0.0,0.0,0.0,1.0,0.0,0.0,0.0,0.0,2966767,0.0,0.0,3.0,0.0,0.0,0.0,0.0,0.0,0.0,0.0,0.0,0.0,0.0,0.0,0.0,0.0,0.0,-0.0,-0.0,0.22,0.0,2026,사직,1.0488000917921212,0.0,-1.0117626541207003,-131.099761587738,0
2026-03-29,롯데,장두성,0.0,0.0,3.0,2.0,0.0,0.0,0.0,0.0,0.0,0.0,0.0,1.0,0.0,0.0,0.0,0.0,2966767,0.0,0.0,3.0,0.0,0.0,0.0,0.0,0.0,0.0,0.0,0.0,0.0,0.0,0.0,0.0,0.0,0.0,-0.0,-0.0,0.22,0.0,2026,사직,1.0488000917921212,0.0,-1.057649325626204,-131.86782598668205,0
2026-03-30,롯데,장두성,0.0,0.0,3.0,2.0,0.0,0.0,0.0,0.0,0.0,0.0,0.0,1.0,0.0,0.0,0.0,0.0,2966767,0.0,0.0,3.0,0.0,0.0,0.0,0.0,0.0,0.0,0.0,0.0,0.0,0.0,0.0,0.0,0.0,0.0,-0.0,-0.0,0.22,0.0,2026,사직,1.0488000917921212,0.0,-1.057649325626204,-131.86782598668205,0
2026-03-31,롯데,장두성,0.0,0.0,4.0,3.0,0.0,0.0,0.0,0.0,0.0,0.0,0.0,1.0,0.0,0.0,0.0,0.0,2966767,0.0,0.0,4.0,0.0,0.0,0.0,0.0,0.0,0.0,0.0,0.0,0.0,0.0,0.0,0.0,0.0,0.0,-0.0,-0.0,0.31,0.0,2026,사직,1.0488000917921212,0.0,-1.3221630599142309,-130.54108278349233,0
2026-04-01,롯데,장두성,0.0,0.0,5.0,4.0,0.0,0.0,0.0,0.0,0.0,0.0,0.0,1.0,0.0,0.0,0.0,0.0,2966767,0.0,0.0,5.0,0.0,0.0,0.0,0.0,0.0,0.0,0.0,0.0,0.0,0.0,0.0,0.0,0.0,0.0,-0.0,-0.0,0.3999999999999999,0.0,2026,사직,1.0488000917921212,0.0,-1.7195856524427948,-130.90181205671257,0
2026-04-02,롯데,장두성,0.0,0.0,5.0,4.0,0.0,0.0,0.0,0.0,0.0,0.0,0.0,1.0,0.0,0.0,0.0,0.0,2966767,0.0,0.0,5.0,0.0,0.0,0.0,0.0,0.0,0.0,0.0,0.0,0.0,0.0,0.0,0.0,0.0,0.0,-0.0,-0.0,0.3999999999999999,0.0,2026,사직,1.0488000917921212,0.0,-1.6614251910924696,-125.76435830265967,0
2026-04-03,롯데,장두성,0.0,0.0,6.0,5.0,0.0,0.0,0.0,0.0,0.0,0.0,0.0,1.0,0.0,0.0,0.0,0.0,2966767,0.0,0.0,6.0,0.0,0.0,0.0,0.0,0.0,0.0,0.0,0.0,0.0,0.0,0.0,0.0,0.0,0.0,-0.0,-0.0,0.4899999999999999,0.0,2026,사직,1.0488000917921212,0.0,-1.979816731265709,-128.98803095125288,0
2026-04-04,롯데,장두성,0.0,0.0,6.0,5.0,0.0,0.0,0.0,0.0,0.0,0.0,0.0,1.0,0.0,0.0,0.0,0.0,2966767,0.0,0.0,6.0,0.0,0.0,0.0,0.0,0.0,0.0,0.0,0.0,0.0,0.0,0.0,0.0,0.0,0.0,-0.0,-0.0,0.4899999999999999,0.0,2026,사직,1.0488000917921212,0.0,-1.9760655515994103,-132.0491323134777,0
2026-04-05,롯데,장두성,0.0,0.0,6.0,5.0,0.0,0.0,0.0,0.0,0.0,0.0,0.0,1.0,0.0,0.0,0.0,0.0,2966767,0.0,0.0,6.0,0.0,0.0,0.0,0.0,0.0,0.0,0.0,0.0,0.0,0.0,0.0,0.0,0.0,0.0,-0.0,-0.0,0.4899999999999999,0.0,2026,사직,1.0488000917921212,0.0,-1.8847350580554068,-132.63624125020914,0
2026-04-06,롯데,장두성,0.0,0.0,6.0,5.0,0.0,0.0,0.0,0.0,0.0,0.0,0.0,1.0,0.0,0.0,0.0,0.0,2966767,0.0,0.0,6.0,0.0,0.0,0.0,0.0,0.0,0.0,0.0,0.0,0.0,0.0,0.0,0.0,0.0,0.0,-0.0,-0.0,0.4899999999999999,0.0,2026,사직,1.0488000917921212,0.0,-1.8847350580554068,-132.63624125020914,0
2026-04-07,롯데,장두성,0.0,1.0,6.0,5.0,0.0,0.0,0.0,0.0,0.0,0.0,0.0,1.0,0.0,0.0,0.0,0.0,2966767,0.0,0.0,6.0,0.0,0.0,0.0,0.0,0.0,0.0,0.0,0.0,0.0,0.0,0.0,0.0,0.0,0.0,-0.0,-0.0,0.4899999999999999,0.0,2026,사직,1.0488000917921212,0.0,-1.8154436417745243,-131.22503620697273,0
2026-04-08,롯데,장두성,0.0,1.0,6.0,5.0,0.0,0.0,0.0,0.0,0.0,0.0,0.0,1.0,0.0,0.0,0.0,0.0,2966767,0.0,0.0,6.0,0.0,0.0,0.0,0.0,0.0,0.0,0.0,0.0,0.0,0.0,0.0,0.0,0.0,0.0,-0.0,-0.0,0.4899999999999999,0.0,2026,사직,1.0488000917921212,0.0,-1.827512635633613,-133.09512875159598,0
2026-04-09,롯데,장두성,0.0,1.0,6.0,5.0,0.0,0.0,0.0,0.0,0.0,0.0,0.0,1.0,0.0,0.0,0.0,0.0,2966767,0.0,0.0,6.0,0.0,0.0,0.0,0.0,0.0,0.0,0.0,0.0,0.0,0.0,0.0,0.0,0.0,0.0,-0.0,-0.0,0.4899999999999999,0.0,2026,사직,1.0488000917921212,0.0,-1.827512635633613,-133.09512875159598,0
2026-04-10,롯데,장두성,0.0,1.0,6.0,5.0,0.0,0.0,0.0,0.0,0.0,0.0,0.0,1.0,0.0,0.0,0.0,0.0,2966767,0.0,0.0,6.0,0.0,0.0,0.0,0.0,0.0,0.0,0.0,0.0,0.0,0.0,0.0,0.0,0.0,0.0,-0.0,-0.0,0.4899999999999999,0.0,2026,사직,1.0488000917921212,0.0,-1.823723626159221,-132.61711641912825,0
2026-04-11,롯데,장두성,0.0,1.0,9.0,8.0,1.0,0.0,0.0,1.0,0.0,0.0,0.0,1.0,0.0,0.0,0.0,0.0,2966767,1.0,1.0,8.0,0.125,0.125,0.125,0.25,0.0,0.0,0.1111111111111111,0.0,0.0,0.1428571428571428,0.0,0.0,0.0,0.0875,0.0,0.0,0.982,0.125,2026,사직,1.0488000917921212,0.118423709062981,-1.7891375988875826,-56.14910825182542,0
2026-04-12,롯데,장두성,0.0,1.0,9.0,8.0,1.0,0.0,0.0,1.0,0.0,0.0,0.0,1.0,0.0,0.0,0.0,0.0,2966767,1.0,1.0,8.0,0.125,0.125,0.125,0.25,0.0,0.0,0.1111111111111111,0.0,0.0,0.1428571428571428,0.0,0.0,0.0,0.0875,0.0,0.0,0.982,0.125,2026,사직,1.0488000917921212,0.1183304863707491,-1.7579107926749202,-55.047400953020585,0
2026-04-10,NC,오장한,0.0,0.0,2.0,2.0,0.0,0.0,0.0,2.0,0.0,0.0,0.0,0.0,0.0,0.0,0.0,0.0,3044815,0.0,0.0,2.0,0.0,0.0,0.0,0.0,0.0,0.0,1.0,0.0,0.0,0.0,0.0,0.0,0.0,0.0,0.0,0.0,-0.196,0.0,2026,창원,1.0100284809306723,0.0,-0.6079078753864071,-128.73995533298336,0
2026-04-11,NC,오장한,0.0,0.0,2.0,2.0,0.0,0.0,0.0,2.0,0.0,0.0,0.0,0.0,0.0,0.0,0.0,0.0,3044815,0.0,0.0,2.0,0.0,0.0,0.0,0.0,0.0,0.0,1.0,0.0,0.0,0.0,0.0,0.0,0.0,0.0,0.0,0.0,-0.196,0.0,2026,창원,1.0100284809306723,0.0,-0.5956702226363746,-127.63675311175038,0
2026-04-12,NC,오장한,0.0,0.0,2.0,2.0,0.0,0.0,0.0,2.0,0.0,0.0,0.0,0.0,0.0,0.0,0.0,0.0,3044815,0.0,0.0,2.0,0.0,0.0,0.0,0.0,0.0,0.0,1.0,0.0,0.0,0.0,0.0,0.0,0.0,0.0,0.0,0.0,-0.196,0.0,2026,창원,1.0100284809306723,0.0,-0.5870412850391576,-126.66564368169216,0
2026-04-12,NC,오태양,0.0,0.0,2.0,2.0,0.0,0.0,0.0,1.0,0.0,0.0,0.0,0.0,0.0,0.0,0.0,0.0,3044819,0.0,0.0,2.0,0.0,0.0,0.0,0.0,0.0,0.0,0.5,0.0,0.0,0.0,0.0,0.0,0.0,0.0,0.0,0.0,-0.008,0.0,2026,창원,1.0100284809306723,0.0,-0.5870412850391576,-126.66564368169216,0
2026-03-29,한화,장규현,0.0,0.0,1.0,1.0,1.0,0.0,0.0,0.0,0.0,0.0,0.0,0.0,0.0,0.0,0.0,0.0,3055552,1.0,1.0,0.0,1.0,1.0,1.0,2.0,0.0,0.0,0.0,0.0,0.0,1.0,0.0,0.0,0.0,0.7,1.0,0.0,0.5,0.0,2026,대전,1.019564452032887,0.945993502348732,0.5357407407407407,442.97817018132673,0
2026-03-30,한화,장규현,0.0,0.0,1.0,1.0,1.0,0.0,0.0,0.0,0.0,0.0,0.0,0.0,0.0,0.0,0.0,0.0,3055552,1.0,1.0,0.0,1.0,1.0,1.0,2.0,0.0,0.0,0.0,0.0,0.0,1.0,0.0,0.0,0.0,0.7,1.0,0.0,0.5,0.0,2026,대전,1.019564452032887,0.945993502348732,0.5357407407407407,442.97817018132673,0
2026-03-31,한화,장규현,0.0,0.0,1.0,1.0,1.0,0.0,0.0,0.0,0.0,0.0,0.0,0.0,0.0,0.0,0.0,0.0,3055552,1.0,1.0,0.0,1.0,1.0,1.0,2.0,0.0,0.0,0.0,0.0,0.0,1.0,0.0,0.0,0.0,0.7,1.0,0.0,0.5,0.0,2026,대전,1.019564452032887,0.94938390763858,0.5217156862745099,454.2202638587145,0
2026-04-01,한화,장규현,0.0,0.0,1.0,1.0,1.0,0.0,0.0,0.0,0.0,0.0,0.0,0.0,0.0,0.0,0.0,0.0,3055552,1.0,1.0,0.0,1.0,1.0,1.0,2.0,0.0,0.0,0.0,0.0,0.0,1.0,0.0,0.0,0.0,0.7,1.0,0.0,0.5,0.0,2026,대전,1.019564452032887,0.9489844949005588,0.533404452690167,448.5961309032064,0
2026-04-02,한화,장규현,0.0,0.0,1.0,1.0,1.0,0.0,0.0,0.0,0.0,0.0,0.0,0.0,0.0,0.0,0.0,0.0,3055552,1.0,1.0,0.0,1.0,1.0,1.0,2.0,0.0,0.0,0.0,0.0,0.0,1.0,0.0,0.0,0.0,0.7,1.0,0.0,0.5,0.0,2026,대전,1.019564452032887,0.94845764235146,0.5285329341317366,449.3824347291541,0
2026-04-03,한화,장규현,0.0,0.0,1.0,1.0,1.0,0.0,0.0,0.0,0.0,0.0,0.0,0.0,0.0,0.0,0.0,0.0,3055552,1.0,1.0,0.0,1.0,1.0,1.0,2.0,0.0,0.0,0.0,0.0,0.0,1.0,0.0,0.0,0.0,0.7,1.0,0.0,0.5,0.0,2026,대전,1.019564452032887,0.9500913603330832,0.5226980661260137,453.04862491352986,0
2026-04-04,한화,장규현,0.0,0.0,1.0,1.0,1.0,0.0,0.0,0.0,0.0,0.0,0.0,0.0,0.0,0.0,0.0,0.0,3055552,1.0,1.0,0.0,1.0,1.0,1.0,2.0,0.0,0.0,0.0,0.0,0.0,1.0,0.0,0.0,0.0,0.7,1.0,0.0,0.5,0.0,2026,대전,1.019564452032887,0.9492681249202516,0.5192391884676988,456.194966461217,0
2026-04-05,한화,장규현,0.0,0.0,1.0,1.0,1.0,0.0,0.0,0.0,0.0,0.0,0.0,0.0,0.0,0.0,0.0,0.0,3055552,1.0,1.0,0.0,1.0,1.0,1.0,2.0,0.0,0.0,0.0,0.0,0.0,1.0,0.0,0.0,0.0,0.7,1.0,0.0,0.5,0.0,2026,대전,1.019564452032887,0.9489812740777596,0.5063402061855671,465.16827192017126,0
2026-04-06,한화,장규현,0.0,0.0,1.0,1.0,1.0,0.0,0.0,0.0,0.0,0.0,0.0,0.0,0.0,0.0,0.0,0.0,3055552,1.0,1.0,0.0,1.0,1.0,1.0,2.0,0.0,0.0,0.0,0.0,0.0,1.0,0.0,0.0,0.0,0.7,1.0,0.0,0.5,0.0,2026,대전,1.019564452032887,0.9489812740777596,0.5063402061855671,465.16827192017126,0
2026-04-07,한화,장규현,0.0,0.0,1.0,1.0,1.0,0.0,0.0,0.0,0.0,0.0,0.0,0.0,0.0,0.0,0.0,0.0,3055552,1.0,1.0,0.0,1.0,1.0,1.0,2.0,0.0,0.0,0.0,0.0,0.0,1.0,0.0,0.0,0.0,0.7,1.0,0.0,0.5,0.0,2026,대전,1.019564452032887,0.9516889139296202,0.4992429284525791,471.5098024965733,0
2026-04-08,한화,장규현,0.0,0.0,1.0,1.0,1.0,0.0,0.0,0.0,0.0,0.0,0.0,0.0,0.0,0.0,0.0,0.0,3055552,1.0,1.0,0.0,1.0,1.0,1.0,2.0,0.0,0.0,0.0,0.0,0.0,1.0,0.0,0.0,0.0,0.7,1.0,0.0,0.5,0.0,2026,대전,1.019564452032887,0.9495957327105158,0.4991275797373359,472.0222340263771,0
2026-04-09,한화,장규현,0.0,0.0,1.0,1.0,1.0,0.0,0.0,0.0,0.0,0.0,0.0,0.0,0.0,0.0,0.0,0.0,3055552,1.0,1.0,0.0,1.0,1.0,1.0,2.0,0.0,0.0,0.0,0.0,0.0,1.0,0.0,0.0,0.0,0.7,1.0,0.0,0.5,0.0,2026,대전,1.019564452032887,0.9495957327105158,0.4991275797373359,472.0222340263771,0
2026-04-10,한화,장규현,0.0,0.0,1.0,1.0,1.0,0.0,0.0,0.0,0.0,0.0,0.0,0.0,0.0,0.0,0.0,0.0,3055552,1.0,1.0,0.0,1.0,1.0,1.0,2.0,0.0,0.0,0.0,0.0,0.0,1.0,0.0,0.0,0.0,0.7,1.0,0.0,0.5,0.0,2026,대전,1.019564452032887,0.947074574826046,0.49867222033322,471.6730915004662,0
2026-04-11,한화,장규현,0.0,0.0,1.0,1.0,1.0,0.0,0.0,0.0,0.0,0.0,0.0,0.0,0.0,0.0,0.0,0.0,3055552,1.0,1.0,0.0,1.0,1.0,1.0,2.0,0.0,0.0,0.0,0.0,0.0,1.0,0.0,0.0,0.0,0.7,1.0,0.0,0.5,0.0,2026,대전,1.019564452032887,0.947389672503848,0.4945012468827931,474.3280973465867,0
2026-04-12,한화,장규현,0.0,0.0,1.0,1.0,1.0,0.0,0.0,0.0,0.0,0.0,0.0,0.0,0.0,0.0,0.0,0.0,3055552,1.0,1.0,0.0,1.0,1.0,1.0,2.0,0.0,0.0,0.0,0.0,0.0,1.0,0.0,0.0,0.0,0.7,1.0,0.0,0.5,0.0,2026,대전,1.019564452032887,0.9466438909659932,0.4920571263704559,476.3439897266181,0
2026-03-28,삼성,이재현,0.0,1.0,5.0,4.0,1.0,1.0,0.0,2.0,0.0,0.0,0.0,0.0,0.0,0.0,0.0,0.0,3196393,1.0,1.0,3.0,0.25,0.4,0.25,0.65,0.15,0.0,0.4,0.2,0.5,0.5,0.25,0.0,0.0,0.2425,0.3333333333333333,3.0,0.734,0.6666666666666666,2026,대구,1.0406172533521605,0.3558225824904839,-0.1057481613670775,81.75175209369294,0
2026-03-29,삼성,이재현,1.0,1.0,9.0,6.0,1.0,2.0,1.0,2.0,0.0,0.0,0.0,0.0,0.0,0.0,0.0,0.0,3196393,1.0,1.0,5.0,0.1666666666666666,0.4444444444444444,0.1666666666666666,0.611111111111111,0.2777777777777778,0.0,0.2222222222222222,0.2222222222222222,1.0,0.25,0.3333333333333333,0.0,0.0,0.2416666666666666,0.3333333333333333,1.8,1.594,0.8,2026,대구,1.0406172533521605,0.3683768656052926,-0.059785913080711,91.66128242131772,0
2026-03-30,삼성,이재현,1.0,1.0,9.0,6.0,1.0,2.0,1.0,2.0,0.0,0.0,0.0,0.0,0.0,0.0,0.0,0.0,3196393,1.0,1.0,5.0,0.1666666666666666,0.4444444444444444,0.1666666666666666,0.611111111111111,0.2777777777777778,0.0,0.2222222222222222,0.2222222222222222,1.0,0.25,0.3333333333333333,0.0,0.0,0.2416666666666666,0.3333333333333333,1.8,1.594,0.8,2026,대구,1.0406172533521605,0.3683768656052926,-0.059785913080711,91.66128242131772,0
2026-03-31,삼성,이재현,1.0,1.0,14.0,10.0,1.0,2.0,1.0,3.0,0.0,0.0,0.0,1.0,0.0,0.0,0.0,0.0,3196393,1.0,1.0,10.0,0.1,0.3076923076923077,0.1,0.4076923076923077,0.2076923076923077,0.0,0.2142857142857142,0.1428571428571428,0.6666666666666666,0.1428571428571428,0.2,0.0,0.0,0.1634615384615384,0.1764705882352941,0.4764705882352941,1.806,0.4,2026,대구,1.0406172533521605,0.254414692675584,-1.4301583043019788,26.19735040480716,0
2026-04-01,삼성,이재현,1.0,3.0,18.0,13.0,1.0,3.0,1.0,3.0,0.0,0.0,0.0,1.0,0.0,0.0,0.0,0.0,3196393,1.0,1.0,13.0,0.0769230769230769,0.2941176470588235,0.0769230769230769,0.3710407239819004,0.2171945701357466,0.0,0.1666666666666666,0.1666666666666666,1.0,0.1,0.2307692307692307,0.0,0.0,0.1515837104072398,0.1818181818181818,0.3776223776223776,2.416,0.3846153846153846,2026,대구,1.0406172533521605,0.2412541556908392,-2.175864673141984,16.49522596316677,0
2026-04-02,삼성,이재현,1.0,3.0,22.0,17.0,1.0,3.0,1.0,3.0,0.0,0.0,0.0,1.0,0.0,0.0,0.0,0.0,3196393,1.0,1.0,17.0,0.0588235294117647,0.238095238095238,0.0588235294117647,0.2969187675070028,0.1792717086834733,0.0,0.1363636363636363,0.1363636363636363,1.0,0.0714285714285714,0.1764705882352941,0.0,0.0,0.1218487394957983,0.1538461538461538,0.2443438914027149,2.776,0.2941176470588235,2026,대구,1.0406172533521605,0.1946053050173444,-3.424557652305659,-7.536850202377132,0
2026-04-03,삼성,이재현,1.0,4.0,26.0,19.0,2.0,5.0,1.0,3.0,1.0,0.0,0.0,1.0,0.0,0.0,0.0,0.0,3196393,1.0,3.0,18.0,0.1052631578947368,0.32,0.1578947368421052,0.4778947368421052,0.2147368421052631,0.0526315789473684,0.1153846153846153,0.1923076923076923,1.6666666666666667,0.125,0.3157894736842105,0.0,0.0,0.1834736842105263,0.65625,0.984375,4.265999999999999,0.5,2026,대구,1.0406172533521605,0.2770641987070814,-2.1142120579611885,40.71033270813709,0
2026-04-04,삼성,이재현,1.0,4.0,27.0,20.0,2.0,5.0,1.0,3.0,1.0,0.0,0.0,1.0,0.0,0.0,0.0,0.0,3196393,1.0,3.0,19.0,0.1,0.3076923076923077,0.15,0.4576923076923077,0.2076923076923077,0.0499999999999999,0.1111111111111111,0.1851851851851851,1.6666666666666667,0.1176470588235294,0.3,0.0,0.0,0.1759615384615384,0.6363636363636364,0.9043062200956936,4.355999999999999,0.4736842105263157,2026,대구,1.0406172533521605,0.2660523680691951,-2.47079403732805,32.81754868471902,0
2026-04-05,삼성,이재현,1.0,4.0,27.0,20.0,2.0,5.0,1.0,3.0,1.0,0.0,0.0,1.0,0.0,0.0,0.0,0.0,3196393,1.0,3.0,19.0,0.1,0.3076923076923077,0.15,0.4576923076923077,0.2076923076923077,0.0499999999999999,0.1111111111111111,0.1851851851851851,1.6666666666666667,0.1176470588235294,0.3,0.0,0.0,0.1759615384615384,0.6363636363636364,0.9043062200956936,4.355999999999999,0.4736842105263157,2026,대구,1.0406172533521605,0.2650800788439036,-2.293425198707902,34.35085247725957,0
2026-04-06,삼성,이재현,1.0,4.0,27.0,20.0,2.0,5.0,1.0,3.0,1.0,0.0,0.0,1.0,0.0,0.0,0.0,0.0,3196393,1.0,3.0,19.0,0.1,0.3076923076923077,0.15,0.4576923076923077,0.2076923076923077,0.0499999999999999,0.1111111111111111,0.1851851851851851,1.6666666666666667,0.1176470588235294,0.3,0.0,0.0,0.1759615384615384,0.6363636363636364,0.9043062200956936,4.355999999999999,0.4736842105263157,2026,대구,1.0406172533521605,0.2650800788439036,-2.293425198707902,34.35085247725957,0
2026-04-07,삼성,이재현,1.0,4.0,29.0,22.0,2.0,5.0,1.0,3.0,1.0,0.0,0.0,1.0,0.0,0.0,0.0,0.0,3196393,1.0,3.0,21.0,0.0909090909090909,0.2857142857142857,0.1363636363636363,0.422077922077922,0.1948051948051948,0.0454545454545454,0.1034482758620689,0.1724137931034483,1.6666666666666667,0.1052631578947368,0.2727272727272727,0.0,0.0,0.1626623376623376,0.6,0.7714285714285714,4.5360000000000005,0.4285714285714285,2026,대구,1.0406172533521605,0.2462652643052912,-2.75762592751925,24.804346497228625,0
2026-04-08,삼성,이재현,1.0,5.0,33.0,25.0,3.0,6.0,1.0,3.0,1.0,0.0,0.0,1.0,0.0,0.0,0.0,0.0,3196393,2.0,4.0,23.0,0.12,0.3125,0.16,0.4725,0.1925,0.04,0.0909090909090909,0.1818181818181818,2.0,0.1363636363636363,0.28,0.0,0.0,0.180625,0.9,1.056521739130435,5.556,0.4782608695652174,2026,대구,1.0406172533521605,0.2686877814067847,-2.546778987448325,38.11368045333465,0
2026-04-09,삼성,이재현,1.0,5.0,33.0,25.0,3.0,6.0,1.0,3.0,1.0,0.0,0.0,1.0,0.0,0.0,0.0,0.0,3196393,2.0,4.0,23.0,0.12,0.3125,0.16,0.4725,0.1925,0.04,0.0909090909090909,0.1818181818181818,2.0,0.1363636363636363,0.28,0.0,0.0,0.180625,0.9,1.056521739130435,5.556,0.4782608695652174,2026,대구,1.0406172533521605,0.2686877814067847,-2.546778987448325,38.11368045333465,0
2026-04-10,삼성,이재현,1.0,5.0,36.0,28.0,3.0,6.0,1.0,4.0,1.0,0.0,0.0,1.0,0.0,0.0,0.0,0.0,3196393,2.0,4.0,26.0,0.1071428571428571,0.2857142857142857,0.1428571428571428,0.4285714285714285,0.1785714285714285,0.0357142857142857,0.1111111111111111,0.1666666666666666,1.5,0.125,0.25,0.0,0.0,0.1642857142857142,0.8372093023255814,0.8694096601073346,5.638,0.4230769230769231,2026,대구,1.0406172533521605,0.2449705357090339,-3.468472702969257,23.750807168373143,0
2026-04-11,삼성,이재현,1.0,5.0,37.0,29.0,3.0,6.0,1.0,5.0,1.0,0.0,0.0,1.0,0.0,0.0,0.0,0.0,3196393,2.0,4.0,27.0,0.1034482758620689,0.2777777777777778,0.1379310344827586,0.4157088122605364,0.1743295019157088,0.0344827586206896,0.1351351351351351,0.1621621621621621,1.2,0.125,0.2413793103448276,0.0,0.0,0.1594827586206896,0.8181818181818182,0.8181818181818182,5.54,0.4074074074074074,2026,대구,1.0406172533521605,0.2379214264996683,-3.657553215040631,20.717480081811534,0
2026-04-12,삼성,이재현,2.0,5.0,41.0,30.0,3.0,8.0,1.0,5.0,1.0,0.0,0.0,1.0,1.0,0.0,0.0,0.0,3196393,2.0,4.0,29.0,0.1,0.3,0.1333333333333333,0.4333333333333333,0.1999999999999999,0.0333333333333333,0.1219512195121951,0.1951219512195122,1.6,0.1153846153846153,0.3,0.0,0.0,0.1683333333333333,0.8,0.7448275862068966,6.68,0.4482758620689655,2026,대구,1.0406172533521605,0.2517586450233143,-3.4684897859553043,30.89867224343159,0
2026-03-31,NC,김한별,1.0,0.0,1.0,1.0,0.0,0.0,0.0,0.0,0.0,0.0,0.0,0.0,0.0,0.0,0.0,0.0,3196401,0.0,0.0,1.0,0.0,0.0,0.0,0.0,0.0,0.0,0.0,0.0,0.0,0.0,0.0,0.0,0.0,0.0,0.0,0.0,0.09,0.0,2026,창원,1.0100284809306723,0.0,-0.3305407649785577,-126.66392169734743,0
2026-04-01,NC,김한별,1.0,0.0,1.0,1.0,0.0,0.0,0.0,0.0,0.0,0.0,0.0,0.0,0.0,0.0,0.0,0.0,3196401,0.0,0.0,1.0,0.0,0.0,0.0,0.0,0.0,0.0,0.0,0.0,0.0,0.0,0.0,0.0,0.0,0.0,0.0,0.0,0.09,0.0,2026,창원,1.0100284809306723,0.0,-0.343917130488559,-127.0246509705677,0
2026-04-02,NC,김한별,1.0,0.0,1.0,1.0,0.0,0.0,0.0,0.0,0.0,0.0,0.0,0.0,0.0,0.0,0.0,0.0,3196401,0.0,0.0,1.0,0.0,0.0,0.0,0.0,0.0,0.0,0.0,0.0,0.0,0.0,0.0,0.0,0.0,0.0,0.0,0.0,0.09,0.0,2026,창원,1.0100284809306723,0.0,-0.3322850382184939,-121.8871972165148,0
2026-04-03,NC,김한별,1.0,0.0,1.0,1.0,0.0,0.0,0.0,0.0,0.0,0.0,0.0,0.0,0.0,0.0,0.0,0.0,3196401,0.0,0.0,1.0,0.0,0.0,0.0,0.0,0.0,0.0,0.0,0.0,0.0,0.0,0.0,0.0,0.0,0.0,0.0,0.0,0.09,0.0,2026,창원,1.0100284809306723,0.0,-0.3299694552109515,-125.110869865108,0
2026-04-04,NC,김한별,1.0,0.0,1.0,1.0,0.0,0.0,0.0,0.0,0.0,0.0,0.0,0.0,0.0,0.0,0.0,0.0,3196401,0.0,0.0,1.0,0.0,0.0,0.0,0.0,0.0,0.0,0.0,0.0,0.0,0.0,0.0,0.0,0.0,0.0,0.0,0.0,0.09,0.0,2026,창원,1.0100284809306723,0.0,-0.3293442585999017,-128.17197122733282,0
2026-04-05,NC,김한별,1.0,0.0,1.0,1.0,0.0,0.0,0.0,0.0,0.0,0.0,0.0,0.0,0.0,0.0,0.0,0.0,3196401,0.0,0.0,1.0,0.0,0.0,0.0,0.0,0.0,0.0,0.0,0.0,0.0,0.0,0.0,0.0,0.0,0.0,0.0,0.0,0.09,0.0,2026,창원,1.0100284809306723,0.0,-0.3141225096759011,-128.75908016406424,0
2026-04-06,NC,김한별,1.0,0.0,1.0,1.0,0.0,0.0,0.0,0.0,0.0,0.0,0.0,0.0,0.0,0.0,0.0,0.0,3196401,0.0,0.0,1.0,0.0,0.0,0.0,0.0,0.0,0.0,0.0,0.0,0.0,0.0,0.0,0.0,0.0,0.0,0.0,0.0,0.09,0.0,2026,창원,1.0100284809306723,0.0,-0.3141225096759011,-128.75908016406424,0
2026-04-07,NC,김한별,1.0,0.0,1.0,1.0,0.0,0.0,0.0,0.0,0.0,0.0,0.0,0.0,0.0,0.0,0.0,0.0,3196401,0.0,0.0,1.0,0.0,0.0,0.0,0.0,0.0,0.0,0.0,0.0,0.0,0.0,0.0,0.0,0.0,0.0,0.0,0.0,0.09,0.0,2026,창원,1.0100284809306723,0.0,-0.302573940295754,-127.3478751208278,0
2026-04-08,NC,김한별,1.0,0.0,1.0,1.0,0.0,0.0,0.0,0.0,0.0,0.0,0.0,0.0,0.0,0.0,0.0,0.0,3196401,0.0,0.0,1.0,0.0,0.0,0.0,0.0,0.0,0.0,0.0,0.0,0.0,0.0,0.0,0.0,0.0,0.0,0.0,0.0,0.09,0.0,2026,창원,1.0100284809306723,0.0,-0.3045854392722689,-129.2179676654511,0
2026-04-09,NC,김한별,1.0,0.0,1.0,1.0,0.0,0.0,0.0,0.0,0.0,0.0,0.0,0.0,0.0,0.0,0.0,0.0,3196401,0.0,0.0,1.0,0.0,0.0,0.0,0.0,0.0,0.0,0.0,0.0,0.0,0.0,0.0,0.0,0.0,0.0,0.0,0.0,0.09,0.0,2026,창원,1.0100284809306723,0.0,-0.3045854392722689,-129.2179676654511,0
2026-04-10,NC,김한별,1.0,0.0,1.0,1.0,0.0,0.0,0.0,0.0,0.0,0.0,0.0,0.0,0.0,0.0,0.0,0.0,3196401,0.0,0.0,1.0,0.0,0.0,0.0,0.0,0.0,0.0,0.0,0.0,0.0,0.0,0.0,0.0,0.0,0.0,0.0,0.0,0.09,0.0,2026,창원,1.0100284809306723,0.0,-0.3039539376932035,-128.73995533298336,0
2026-04-11,NC,김한별,1.0,0.0,1.0,1.0,0.0,0.0,0.0,0.0,0.0,0.0,0.0,0.0,0.0,0.0,0.0,0.0,3196401,0.0,0.0,1.0,0.0,0.0,0.0,0.0,0.0,0.0,0.0,0.0,0.0,0.0,0.0,0.0,0.0,0.0,0.0,0.0,0.09,0.0,2026,창원,1.0100284809306723,0.0,-0.2978351113181873,-127.63675311175038,0
2026-04-12,NC,김한별,1.0,0.0,1.0,1.0,0.0,0.0,0.0,0.0,0.0,0.0,0.0,0.0,0.0,0.0,0.0,0.0,3196401,0.0,0.0,1.0,0.0,0.0,0.0,0.0,0.0,0.0,0.0,0.0,0.0,0.0,0.0,0.0,0.0,0.0,0.0,0.0,0.09,0.0,2026,창원,1.0100284809306723,0.0,-0.2935206425195788,-126.66564368169216,0
2026-03-28,키움,박찬혁,2.0,0.0,2.0,2.0,1.0,0.0,0.0,1.0,0.0,0.0,0.0,0.0,0.0,0.0,0.0,0.0,3196410,1.0,1.0,1.0,0.5,0.5,0.5,1.0,0.0,0.0,0.5,0.0,0.0,1.0,0.0,0.0,0.0,0.35,0.5,13.5,0.402,1.0,2026,고척,0.9666905138306804,0.4883970988677271,0.1932530283365781,168.1450411975074,0
2026-03-29,키움,박찬혁,2.0,0.0,6.0,5.0,1.0,1.0,0.0,1.0,0.0,0.0,0.0,0.0,0.0,0.0,0.0,0.0,3196410,1.0,1.0,4.0,0.2,0.3333333333333333,0.2,0.5333333333333333,0.1333333333333333,0.0,0.1666666666666666,0.1666666666666666,1.0,0.25,0.2,0.0,0.0,0.2,0.2857142857142857,1.9285714285714284,1.012,0.5,2026,고척,0.9666905138306804,0.2878197114128991,-0.4937176193534573,50.351250232464814,0
2026-03-30,키움,박찬혁,2.0,0.0,6.0,5.0,1.0,1.0,0.0,1.0,0.0,0.0,0.0,0.0,0.0,0.0,0.0,0.0,3196410,1.0,1.0,4.0,0.2,0.3333333333333333,0.2,0.5333333333333333,0.1333333333333333,0.0,0.1666666666666666,0.1666666666666666,1.0,0.25,0.2,0.0,0.0,0.2,0.2857142857142857,1.9285714285714284,1.012,0.5,2026,고척,0.9666905138306804,0.2878197114128991,-0.4937176193534573,50.351250232464814,0
2026-03-31,키움,박찬혁,2.0,1.0,10.0,9.0,2.0,1.0,0.0,1.0,0.0,0.0,0.0,0.0,0.0,0.0,0.0,0.0,3196410,2.0,2.0,7.0,0.2222222222222222,0.3,0.2222222222222222,0.5222222222222221,0.0777777777777777,0.0,0.1,0.1,1.0,0.25,0.1111111111111111,0.0,0.0,0.1905555555555555,0.5454545454545454,2.103896103896104,1.782,0.4285714285714285,2026,고척,0.9666905138306804,0.2675487138837063,-0.9036382960263744,41.63931792064489,0
2026-04-01,키움,박찬혁,2.0,2.0,15.0,14.0,5.0,1.0,0.0,1.0,0.0,0.0,0.0,0.0,0.0,0.0,0.0,0.0,3196410,5.0,5.0,9.0,0.3571428571428571,0.4,0.3571428571428571,0.7571428571428571,0.0428571428571428,0.0,0.0666666666666666,0.0666666666666666,1.0,0.3846153846153846,0.0714285714285714,0.0,0.0,0.2692857142857143,1.875,5.625,3.462,0.6666666666666666,2026,고척,0.9666905138306804,0.3684163992708597,-0.0498274582560294,101.14784674937204,0
2026-04-02,키움,박찬혁,2.0,2.0,19.0,17.0,7.0,2.0,0.0,2.0,0.0,0.0,0.0,0.0,0.0,0.0,0.0,0.0,3196410,7.0,7.0,10.0,0.4117647058823529,0.4736842105263157,0.4117647058823529,0.8854489164086687,0.0619195046439628,0.0,0.1052631578947368,0.1052631578947368,1.0,0.4666666666666667,0.1176470588235294,0.0,0.0,0.3160990712074303,3.0,8.1,4.704,0.9,2026,고척,0.9666905138306804,0.4312925134728188,1.1239460250006892,142.65389152940546,0
2026-04-03,키움,박찬혁,3.0,2.0,23.0,20.0,9.0,3.0,0.0,2.0,0.0,0.0,0.0,0.0,0.0,0.0,0.0,0.0,3196410,9.0,9.0,11.0,0.45,0.5217391304347826,0.45,0.9717391304347828,0.0717391304347825,0.0,0.0869565217391304,0.1304347826086956,1.5,0.5,0.15,0.0,0.0,0.3472826086956522,4.153846153846154,10.195804195804197,6.134,1.0909090909090908,2026,고척,0.9666905138306804,0.4731724560222016,2.177712786191698,167.63767877737527,0
2026-04-04,키움,박찬혁,3.0,3.0,27.0,24.0,11.0,3.0,0.0,2.0,1.0,0.0,0.0,0.0,0.0,0.0,0.0,0.0,3196410,10.0,12.0,13.0,0.4583333333333333,0.5185185185185185,0.5,1.0185185185185186,0.0601851851851851,0.0416666666666666,0.074074074074074,0.1111111111111111,1.5,0.5,0.1666666666666666,0.0,0.0,0.3583333333333333,5.6,11.63076923076923,7.534000000000001,1.1538461538461535,2026,고척,0.9666905138306804,0.4853769055522893,2.822873276749062,175.44615040478058,0
2026-04-05,키움,박찬혁,3.0,3.0,31.0,28.0,11.0,3.0,0.0,3.0,1.0,0.0,0.0,0.0,0.0,1.0,0.0,0.0,3196410,10.0,12.0,18.0,0.3928571428571428,0.4516129032258064,0.4285714285714285,0.880184331797235,0.0587557603686635,0.0357142857142857,0.0967741935483871,0.0967741935483871,1.0,0.44,0.1428571428571428,0.0,0.0,0.31036866359447,4.588235294117647,6.88235294117647,7.335999999999999,0.8333333333333334,2026,고척,0.9666905138306804,0.4224158703223849,1.5836802221076225,140.37146307435222,0
2026-04-06,키움,박찬혁,3.0,3.0,31.0,28.0,11.0,3.0,0.0,3.0,1.0,0.0,0.0,0.0,0.0,1.0,0.0,0.0,3196410,10.0,12.0,18.0,0.3928571428571428,0.4516129032258064,0.4285714285714285,0.880184331797235,0.0587557603686635,0.0357142857142857,0.0967741935483871,0.0967741935483871,1.0,0.44,0.1428571428571428,0.0,0.0,0.31036866359447,4.588235294117647,6.88235294117647,7.335999999999999,0.8333333333333334,2026,고척,0.9666905138306804,0.4224158703223849,1.5836802221076225,140.37146307435222,0
2026-04-07,키움,박찬혁,3.0,3.0,33.0,30.0,11.0,3.0,0.0,5.0,1.0,0.0,0.0,0.0,0.0,1.0,0.0,0.0,3196410,10.0,12.0,20.0,0.3666666666666666,0.4242424242424242,0.4,0.8242424242424242,0.0575757575757576,0.0333333333333333,0.1515151515151515,0.0909090909090909,0.6,0.44,0.1333333333333333,0.0,0.0,0.2909090909090909,4.333333333333333,5.85,7.14,0.75,2026,고척,0.9666905138306804,0.3978122341942013,1.075496132716781,127.71098500197628,0
2026-04-08,키움,박찬혁,3.0,3.0,36.0,33.0,11.0,3.0,0.0,7.0,1.0,0.0,0.0,0.0,0.0,1.0,0.0,0.0,3196410,10.0,12.0,23.0,0.3333333333333333,0.3888888888888889,0.3636363636363636,0.7525252525252526,0.0555555555555555,0.0303030303030303,0.1944444444444444,0.0833333333333333,0.4285714285714285,0.4230769230769231,0.1212121212121212,0.0,0.0,0.2659090909090909,4.0,4.695652173913044,7.034,0.6521739130434783,2026,고척,0.9666905138306804,0.3638719708660585,0.1219064523327863,105.86817645449544,0
2026-04-09,키움,박찬혁,3.0,3.0,36.0,33.0,11.0,3.0,0.0,7.0,1.0,0.0,0.0,0.0,0.0,1.0,0.0,0.0,3196410,10.0,12.0,23.0,0.3333333333333333,0.3888888888888889,0.3636363636363636,0.7525252525252526,0.0555555555555555,0.0303030303030303,0.1944444444444444,0.0833333333333333,0.4285714285714285,0.4230769230769231,0.1212121212121212,0.0,0.0,0.2659090909090909,4.0,4.695652173913044,7.034,0.6521739130434783,2026,고척,0.9666905138306804,0.3638719708660585,0.1219064523327863,105.86817645449544,0
2026-04-10,키움,박찬혁,3.0,3.0,38.0,35.0,11.0,3.0,0.0,9.0,1.0,0.0,0.0,0.0,0.0,1.0,0.0,0.0,3196410,10.0,12.0,25.0,0.3142857142857143,0.3684210526315789,0.3428571428571428,0.7112781954887217,0.0541353383458646,0.0285714285714285,0.2368421052631578,0.0789473684210526,0.3333333333333333,0.4230769230769231,0.1142857142857142,0.0,0.0,0.2515037593984962,3.804878048780488,4.109268292682926,6.838,0.6,2026,고척,0.9666905138306804,0.3437986589821961,-0.4784834199718045,93.89665642453473,0
2026-04-11,키움,박찬혁,3.0,3.0,42.0,38.0,11.0,3.0,0.0,10.0,1.0,0.0,0.0,1.0,0.0,1.0,0.0,0.0,3196410,10.0,12.0,29.0,0.2894736842105263,0.3414634146341463,0.3157894736842105,0.6572528883183568,0.05198973042362,0.0263157894736841,0.238095238095238,0.0714285714285714,0.3,0.3928571428571428,0.1052631578947368,0.0,0.0,0.2326059050064185,3.2,2.9793103448275864,6.959999999999999,0.5172413793103449,2026,고척,0.9666905138306804,0.3186869842496028,-1.3148361723839526,79.50932599970783,0
2026-04-12,키움,박찬혁,3.0,3.0,42.0,38.0,11.0,3.0,0.0,10.0,1.0,0.0,0.0,1.0,0.0,1.0,0.0,0.0,3196410,10.0,12.0,29.0,0.2894736842105263,0.3414634146341463,0.3157894736842105,0.6572528883183568,0.05198973042362,0.0263157894736841,0.238095238095238,0.0714285714285714,0.3,0.3928571428571428,0.1052631578947368,0.0,0.0,0.2326059050064185,3.2,2.9793103448275864,6.959999999999999,0.5172413793103449,2026,고척,0.9666905138306804,0.3183947490246589,-1.2305565441798596,80.80549224975478,0
2026-03-31,LG,송찬의,0.0,0.0,1.0,1.0,0.0,0.0,0.0,0.0,0.0,0.0,0.0,0.0,0.0,0.0,0.0,0.0,3196459,0.0,0.0,1.0,0.0,0.0,0.0,0.0,0.0,0.0,0.0,0.0,0.0,0.0,0.0,0.0,0.0,0.0,0.0,0.0,0.09,0.0,2026,잠실,0.9512583942824044,0.0,-0.3305407649785577,-120.78691303252064,0
2026-04-01,LG,송찬의,0.0,0.0,1.0,1.0,0.0,0.0,0.0,0.0,0.0,0.0,0.0,0.0,0.0,0.0,0.0,0.0,3196459,0.0,0.0,1.0,0.0,0.0,0.0,0.0,0.0,0.0,0.0,0.0,0.0,0.0,0.0,0.0,0.0,0.0,0.0,0.0,0.09,0.0,2026,잠실,0.9512583942824044,0.0,-0.343917130488559,-121.14764230574092,0
2026-04-02,LG,송찬의,0.0,0.0,1.0,1.0,0.0,0.0,0.0,0.0,0.0,0.0,0.0,0.0,0.0,0.0,0.0,0.0,3196459,0.0,0.0,1.0,0.0,0.0,0.0,0.0,0.0,0.0,0.0,0.0,0.0,0.0,0.0,0.0,0.0,0.0,0.0,0.0,0.09,0.0,2026,잠실,0.9512583942824044,0.0,-0.3322850382184939,-116.010188551688,0
2026-04-03,LG,송찬의,0.0,0.0,1.0,1.0,0.0,0.0,0.0,0.0,0.0,0.0,0.0,0.0,0.0,0.0,0.0,0.0,3196459,0.0,0.0,1.0,0.0,0.0,0.0,0.0,0.0,0.0,0.0,0.0,0.0,0.0,0.0,0.0,0.0,0.0,0.0,0.0,0.09,0.0,2026,잠실,0.9512583942824044,0.0,-0.3299694552109515,-119.2338612002812,0
2026-04-04,LG,송찬의,0.0,0.0,1.0,1.0,0.0,0.0,0.0,0.0,0.0,0.0,0.0,0.0,0.0,0.0,0.0,0.0,3196459,0.0,0.0,1.0,0.0,0.0,0.0,0.0,0.0,0.0,0.0,0.0,0.0,0.0,0.0,0.0,0.0,0.0,0.0,0.0,0.09,0.0,2026,잠실,0.9512583942824044,0.0,-0.3293442585999017,-122.29496256250604,0
2026-04-05,LG,송찬의,0.0,0.0,1.0,1.0,0.0,0.0,0.0,0.0,0.0,0.0,0.0,0.0,0.0,0.0,0.0,0.0,3196459,0.0,0.0,1.0,0.0,0.0,0.0,0.0,0.0,0.0,0.0,0.0,0.0,0.0,0.0,0.0,0.0,0.0,0.0,0.0,0.09,0.0,2026,잠실,0.9512583942824044,0.0,-0.3141225096759011,-122.88207149923748,0
2026-04-06,LG,송찬의,0.0,0.0,1.0,1.0,0.0,0.0,0.0,0.0,0.0,0.0,0.0,0.0,0.0,0.0,0.0,0.0,3196459,0.0,0.0,1.0,0.0,0.0,0.0,0.0,0.0,0.0,0.0,0.0,0.0,0.0,0.0,0.0,0.0,0.0,0.0,0.0,0.09,0.0,2026,잠실,0.9512583942824044,0.0,-0.3141225096759011,-122.88207149923748,0
2026-04-07,LG,송찬의,0.0,0.0,1.0,1.0,0.0,0.0,0.0,0.0,0.0,0.0,0.0,0.0,0.0,0.0,0.0,0.0,3196459,0.0,0.0,1.0,0.0,0.0,0.0,0.0,0.0,0.0,0.0,0.0,0.0,0.0,0.0,0.0,0.0,0.0,0.0,0.0,0.09,0.0,2026,잠실,0.9512583942824044,0.0,-0.302573940295754,-121.47086645600102,0
2026-04-08,LG,송찬의,0.0,0.0,1.0,1.0,0.0,0.0,0.0,0.0,0.0,0.0,0.0,0.0,0.0,0.0,0.0,0.0,3196459,0.0,0.0,1.0,0.0,0.0,0.0,0.0,0.0,0.0,0.0,0.0,0.0,0.0,0.0,0.0,0.0,0.0,0.0,0.0,0.09,0.0,2026,잠실,0.9512583942824044,0.0,-0.3045854392722689,-123.34095900062432,0
2026-04-09,LG,송찬의,0.0,0.0,1.0,1.0,0.0,0.0,0.0,0.0,0.0,0.0,0.0,0.0,0.0,0.0,0.0,0.0,3196459,0.0,0.0,1.0,0.0,0.0,0.0,0.0,0.0,0.0,0.0,0.0,0.0,0.0,0.0,0.0,0.0,0.0,0.0,0.0,0.09,0.0,2026,잠실,0.9512583942824044,0.0,-0.3045854392722689,-123.34095900062432,0
2026-04-10,LG,송찬의,0.0,0.0,1.0,1.0,0.0,0.0,0.0,0.0,0.0,0.0,0.0,0.0,0.0,0.0,0.0,0.0,3196459,0.0,0.0,1.0,0.0,0.0,0.0,0.0,0.0,0.0,0.0,0.0,0.0,0.0,0.0,0.0,0.0,0.0,0.0,0.0,0.09,0.0,2026,잠실,0.9512583942824044,0.0,-0.3039539376932035,-122.86294666815658,0
2026-04-11,LG,송찬의,0.0,0.0,1.0,1.0,0.0,0.0,0.0,0.0,0.0,0.0,0.0,0.0,0.0,0.0,0.0,0.0,3196459,0.0,0.0,1.0,0.0,0.0,0.0,0.0,0.0,0.0,0.0,0.0,0.0,0.0,0.0,0.0,0.0,0.0,0.0,0.0,0.09,0.0,2026,잠실,0.9512583942824044,0.0,-0.2978351113181873,-121.7597444469236,0
2026-04-12,LG,송찬의,0.0,0.0,1.0,1.0,0.0,0.0,0.0,0.0,0.0,0.0,0.0,0.0,0.0,0.0,0.0,0.0,3196459,0.0,0.0,1.0,0.0,0.0,0.0,0.0,0.0,0.0,0.0,0.0,0.0,0.0,0.0,0.0,0.0,0.0,0.0,0.0,0.09,0.0,2026,잠실,0.9512583942824044,0.0,-0.2935206425195788,-120.78863501686536,0
2026-03-28,KIA,김도영,0.0,2.0,5.0,5.0,2.0,0.0,0.0,0.0,0.0,0.0,0.0,0.0,0.0,0.0,0.0,0.0,3196494,2.0,2.0,3.0,0.4,0.4,0.4,0.8,0.0,0.0,0.0,0.0,0.0,0.4,0.0,0.0,0.0,0.28,0.8,7.2,1.27,0.6666666666666666,2026,광주,0.9987402594586288,0.3907176790941817,0.0492518386329225,106.73329763689227,0
2026-03-29,KIA,김도영,0.0,3.0,10.0,8.0,2.0,2.0,0.0,1.0,0.0,0.0,0.0,0.0,0.0,0.0,0.0,0.0,3196494,2.0,2.0,6.0,0.25,0.4,0.25,0.65,0.15,0.0,0.1,0.2,2.0,0.2857142857142857,0.25,0.0,0.0,0.2425,0.6666666666666666,3.0,2.032,0.6666666666666666,2026,광주,0.9987402594586288,0.3453836536954789,-0.2823356882894451,81.94789935427053,0
2026-03-30,KIA,김도영,0.0,3.0,10.0,8.0,2.0,2.0,0.0,1.0,0.0,0.0,0.0,0.0,0.0,0.0,0.0,0.0,3196494,2.0,2.0,6.0,0.25,0.4,0.25,0.65,0.15,0.0,0.1,0.2,2.0,0.2857142857142857,0.25,0.0,0.0,0.2425,0.6666666666666666,3.0,2.032,0.6666666666666666,2026,광주,0.9987402594586288,0.3453836536954789,-0.2823356882894451,81.94789935427053,0
2026-03-31,KIA,김도영,3.0,4.0,15.0,12.0,5.0,3.0,0.0,1.0,1.0,0.0,1.0,0.0,0.0,0.0,0.0,0.0,3196494,3.0,9.0,7.0,0.4166666666666667,0.5333333333333333,0.75,1.2833333333333332,0.1166666666666666,0.3333333333333333,0.0666666666666666,0.2,3.0,0.4,0.5833333333333334,15.0,12.0,0.4275,4.0,15.428571428571429,5.122,1.7142857142857142,2026,광주,0.9987402594586288,0.5593096708950948,2.573224449071666,217.2424597902638,0
2026-04-01,KIA,김도영,3.0,4.0,18.0,14.0,5.0,4.0,0.0,1.0,1.0,0.0,1.0,0.0,0.0,0.0,0.0,0.0,3196494,3.0,9.0,9.0,0.3571428571428571,0.5,0.6428571428571429,1.1428571428571428,0.1428571428571428,0.2857142857142857,0.0555555555555555,0.2222222222222222,4.0,0.3333333333333333,0.5714285714285714,18.0,14.0,0.3857142857142857,3.6818181818181817,11.045454545454543,5.642,1.4444444444444444,2026,광주,0.9987402594586288,0.5073391095691665,2.251981447124306,182.3481241663929,0
2026-04-02,KIA,김도영,3.0,4.0,22.0,18.0,6.0,4.0,0.0,1.0,1.0,0.0,1.0,0.0,0.0,0.0,0.0,0.0,3196494,4.0,10.0,12.0,0.3333333333333333,0.4545454545454545,0.5555555555555556,1.0101010101010102,0.1212121212121212,0.2222222222222222,0.0454545454545454,0.1818181818181818,4.0,0.3125,0.4444444444444444,22.0,18.0,0.3434343434343434,3.8461538461538463,8.653846153846155,6.412000000000001,1.1666666666666667,2026,광주,0.9987402594586288,0.4587358281026781,1.849375948563701,156.0060107283958,0
2026-04-03,KIA,김도영,3.0,4.0,26.0,22.0,6.0,4.0,0.0,3.0,1.0,0.0,1.0,0.0,0.0,0.0,0.0,0.0,3196494,4.0,10.0,16.0,0.2727272727272727,0.3846153846153846,0.4545454545454545,0.8391608391608392,0.1118881118881119,0.1818181818181818,0.1153846153846153,0.1538461538461538,1.3333333333333333,0.2777777777777778,0.3636363636363636,26.0,22.0,0.2867132867132867,3.333333333333333,5.625,6.396000000000001,0.875,2026,광주,0.9987402594586288,0.3893035223211906,0.5047713117588996,113.31172834128476,0
2026-04-04,KIA,김도영,3.0,4.0,30.0,25.0,6.0,5.0,0.0,5.0,1.0,0.0,1.0,0.0,0.0,0.0,0.0,0.0,3196494,4.0,10.0,19.0,0.24,0.3666666666666666,0.4,0.7666666666666666,0.1266666666666666,0.16,0.1666666666666666,0.1666666666666666,1.0,0.2631578947368421,0.36,30.0,25.0,0.265,3.142857142857143,4.466165413533835,6.63,0.7894736842105263,2026,광주,0.9987402594586288,0.3631951275457491,-0.1401490287211443,96.90365868742954,0
2026-04-05,KIA,김도영,3.0,5.0,34.0,28.0,7.0,6.0,0.0,5.0,1.0,0.0,1.0,0.0,0.0,0.0,0.0,1.0,3196494,5.0,11.0,21.0,0.25,0.3823529411764705,0.3928571428571428,0.7752100840336134,0.1323529411764705,0.1428571428571428,0.1470588235294117,0.1764705882352941,1.2,0.2727272727272727,0.3571428571428571,34.0,28.0,0.2702731092436974,3.575,4.596428571428572,7.56,0.8095238095238095,2026,광주,0.9987402594586288,0.3597580183389479,-0.1049162059148871,97.88861919994592,0
2026-04-06,KIA,김도영,3.0,5.0,34.0,28.0,7.0,6.0,0.0,5.0,1.0,0.0,1.0,0.0,0.0,0.0,0.0,1.0,3196494,5.0,11.0,21.0,0.25,0.3823529411764705,0.3928571428571428,0.7752100840336134,0.1323529411764705,0.1428571428571428,0.1470588235294117,0.1764705882352941,1.2,0.2727272727272727,0.3571428571428571,34.0,28.0,0.2702731092436974,3.575,4.596428571428572,7.56,0.8095238095238095,2026,광주,0.9987402594586288,0.3597580183389479,-0.1049162059148871,97.88861919994592,0
2026-04-07,KIA,김도영,3.0,6.0,39.0,32.0,8.0,7.0,0.0,6.0,2.0,0.0,1.0,0.0,0.0,0.0,0.0,2.0,3196494,5.0,13.0,24.0,0.25,0.3846153846153846,0.40625,0.7908653846153846,0.1346153846153846,0.15625,0.1538461538461538,0.1794871794871795,1.1666666666666667,0.28,0.375,39.0,32.0,0.2746394230769231,4.239130434782608,4.769021739130435,8.611999999999998,0.8333333333333334,2026,광주,0.9987402594586288,0.3576586010430396,-0.0483383135410479,99.19878921087498,0
2026-04-08,KIA,김도영,5.0,8.0,45.0,37.0,9.0,8.0,0.0,7.0,2.0,0.0,2.0,0.0,0.0,1.0,0.0,2.0,3196494,5.0,17.0,29.0,0.2432432432432432,0.3777777777777777,0.4594594594594595,0.8372372372372372,0.1345345345345345,0.2162162162162162,0.1555555555555555,0.1777777777777777,1.1428571428571428,0.25,0.4324324324324324,22.5,18.5,0.2848648648648649,5.132075471698113,4.778139232270657,10.194,0.8620689655172413,2026,광주,0.9987402594586288,0.3716934566398817,0.4502786200763397,107.62326022828404,0
2026-04-09,KIA,김도영,5.0,8.0,45.0,37.0,9.0,8.0,0.0,7.0,2.0,0.0,2.0,0.0,0.0,1.0,0.0,2.0,3196494,5.0,17.0,29.0,0.2432432432432432,0.3777777777777777,0.4594594594594595,0.8372372372372372,0.1345345345345345,0.2162162162162162,0.1555555555555555,0.1777777777777777,1.1428571428571428,0.25,0.4324324324324324,22.5,18.5,0.2848648648648649,5.132075471698113,4.778139232270657,10.194,0.8620689655172413,2026,광주,0.9987402594586288,0.3716934566398817,0.4502786200763397,107.62326022828404,0
2026-04-10,KIA,김도영,6.0,10.0,49.0,41.0,10.0,8.0,0.0,7.0,2.0,0.0,3.0,0.0,0.0,1.0,0.0,2.0,3196494,5.0,21.0,32.0,0.2439024390243902,0.3673469387755102,0.5121951219512195,0.8795420607267297,0.1234444997511199,0.2682926829268293,0.1428571428571428,0.1632653061224489,1.1428571428571428,0.2258064516129032,0.4634146341463415,16.333333333333332,13.666666666666666,0.2933549029367844,6.2631578947368425,5.284539473684211,11.904000000000002,0.90625,2026,광주,0.9987402594586288,0.3820089720881902,0.969748361623082,114.95419335489142,0
2026-04-11,KIA,김도영,7.0,10.0,53.0,44.0,10.0,8.0,0.0,7.0,2.0,0.0,3.0,0.0,1.0,2.0,0.0,2.0,3196494,5.0,21.0,37.0,0.2272727272727272,0.3396226415094339,0.4772727272727273,0.8168953687821612,0.1123499142367066,0.25,0.1320754716981132,0.1509433962264151,1.1428571428571428,0.2,0.4318181818181818,17.666666666666668,14.666666666666666,0.2721483704974271,5.163934426229508,3.7682764731945055,12.174,0.7837837837837838,2026,광주,0.9987402594586288,0.3531715200319023,-0.1306425959410393,98.25029763246005,0
2026-04-12,KIA,김도영,8.0,10.0,58.0,49.0,11.0,8.0,0.0,8.0,3.0,0.0,3.0,0.0,1.0,2.0,0.0,2.0,3196494,5.0,23.0,41.0,0.2244897959183673,0.3275862068965517,0.4693877551020408,0.7969739619985925,0.1030964109781843,0.2448979591836735,0.1379310344827586,0.1379310344827586,1.0,0.2051282051282051,0.4081632653061224,19.33333333333333,16.333333333333332,0.2647607318789585,5.575757575757576,3.671840354767185,13.065999999999995,0.7560975609756098,2026,광주,0.9987402594586288,0.3453408465146266,-0.4023804779728051,94.79225393035462,0
2026-03-28,한화,허인서,0.0,0.0,2.0,2.0,0.0,0.0,0.0,2.0,0.0,0.0,0.0,0.0,0.0,0.0,0.0,0.0,3206992,0.0,0.0,2.0,0.0,0.0,0.0,0.0,0.0,0.0,1.0,0.0,0.0,0.0,0.0,0.0,0.0,0.0,0.0,0.0,-0.196,0.0,2026,대전,1.019564452032887,0.0,-0.6745084360804672,-128.17619761181462,0
2026-03-29,한화,허인서,0.0,0.0,2.0,2.0,0.0,0.0,0.0,2.0,0.0,0.0,0.0,0.0,0.0,0.0,0.0,0.0,3206992,0.0,0.0,2.0,0.0,0.0,0.0,0.0,0.0,0.0,1.0,0.0,0.0,0.0,0.0,0.0,0.0,0.0,0.0,0.0,-0.196,0.0,2026,대전,1.019564452032887,0.0,-0.7050995504174694,-128.94426201075865,0
2026-03-30,한화,허인서,0.0,0.0,2.0,2.0,0.0,0.0,0.0,2.0,0.0,0.0,0.0,0.0,0.0,0.0,0.0,0.0,3206992,0.0,0.0,2.0,0.0,0.0,0.0,0.0,0.0,0.0,1.0,0.0,0.0,0.0,0.0,0.0,0.0,0.0,0.0,0.0,-0.196,0.0,2026,대전,1.019564452032887,0.0,-0.7050995504174694,-128.94426201075865,0
2026-03-31,한화,허인서,2.0,1.0,4.0,4.0,1.0,0.0,0.0,2.0,0.0,0.0,1.0,0.0,0.0,0.0,0.0,0.0,3206992,0.0,4.0,3.0,0.25,0.25,1.0,1.25,0.0,0.75,0.5,0.0,0.0,0.0,0.75,4.0,4.0,0.3625,1.0,9.0,1.334,1.3333333333333333,2026,대전,1.019564452032887,0.4819404861551897,0.4083777050643268,167.7436955394471,0
2026-04-01,한화,허인서,3.0,1.0,6.0,4.0,1.0,1.0,0.0,2.0,0.0,0.0,1.0,0.0,1.0,0.0,0.0,0.0,3206992,0.0,4.0,4.0,0.25,0.3333333333333333,1.0,1.3333333333333333,0.0833333333333333,0.75,0.3333333333333333,0.1666666666666666,0.5,0.0,1.0,6.0,4.0,0.4,0.5714285714285714,3.8571428571428568,2.044,1.25,2026,대전,1.019564452032887,0.4446150542871436,0.4027359307359311,142.1564592722617,0
2026-04-02,한화,허인서,3.0,2.0,10.0,7.0,1.0,1.0,1.0,3.0,0.0,0.0,1.0,0.0,1.0,0.0,0.0,0.0,3206992,0.0,4.0,7.0,0.1428571428571428,0.3,0.5714285714285714,0.8714285714285714,0.1571428571428571,0.4285714285714285,0.3,0.1,0.3333333333333333,0.0,0.5714285714285714,10.0,7.0,0.2778571428571428,0.6666666666666666,2.571428571428572,2.466,0.8571428571428571,2026,대전,1.019564452032887,0.3491548063351233,-0.1539293992659842,87.81119665319683,0
2026-04-03,한화,허인서,3.0,2.0,10.0,7.0,1.0,1.0,1.0,3.0,0.0,0.0,1.0,0.0,1.0,0.0,0.0,0.0,3206992,0.0,4.0,7.0,0.1428571428571428,0.3,0.5714285714285714,0.8714285714285714,0.1571428571428571,0.4285714285714285,0.3,0.1,0.3333333333333333,0.0,0.5714285714285714,10.0,7.0,0.2778571428571428,0.6666666666666666,2.571428571428572,2.466,0.8571428571428571,2026,대전,1.019564452032887,0.3510251077894692,-0.1493900542246332,87.89730974403005,0
2026-04-04,한화,허인서,3.0,2.0,10.0,7.0,1.0,1.0,1.0,3.0,0.0,0.0,1.0,0.0,1.0,0.0,0.0,0.0,3206992,0.0,4.0,7.0,0.1428571428571428,0.3,0.5714285714285714,0.8714285714285714,0.1571428571428571,0.4285714285714285,0.3,0.1,0.3333333333333333,0.0,0.5714285714285714,10.0,7.0,0.2778571428571428,0.6666666666666666,2.571428571428572,2.466,0.8571428571428571,2026,대전,1.019564452032887,0.3514252383402128,-0.1519314332639143,87.5639033165789,0
2026-04-05,한화,허인서,3.0,2.0,11.0,7.0,1.0,2.0,1.0,3.0,0.0,0.0,1.0,0.0,1.0,0.0,0.0,0.0,3206992,0.0,4.0,7.0,0.1428571428571428,0.3636363636363636,0.5714285714285714,0.935064935064935,0.2207792207792208,0.4285714285714285,0.2727272727272727,0.1818181818181818,0.6666666666666666,0.0,0.7142857142857143,11.0,7.0,0.3064935064935065,0.8571428571428571,3.306122448979592,2.806,1.0,2026,대전,1.019564452032887,0.3927860788271313,0.2801630508253936,116.51025861043914,0
2026-04-06,한화,허인서,3.0,2.0,11.0,7.0,1.0,2.0,1.0,3.0,0.0,0.0,1.0,0.0,1.0,0.0,0.0,0.0,3206992,0.0,4.0,7.0,0.1428571428571428,0.3636363636363636,0.5714285714285714,0.935064935064935,0.2207792207792208,0.4285714285714285,0.2727272727272727,0.1818181818181818,0.6666666666666666,0.0,0.7142857142857143,11.0,7.0,0.3064935064935065,0.8571428571428571,3.306122448979592,2.806,1.0,2026,대전,1.019564452032887,0.3927860788271313,0.2801630508253936,116.51025861043914,0
2026-04-07,한화,허인서,3.0,2.0,11.0,7.0,1.0,2.0,1.0,3.0,0.0,0.0,1.0,0.0,1.0,0.0,0.0,0.0,3206992,0.0,4.0,7.0,0.1428571428571428,0.3636363636363636,0.5714285714285714,0.935064935064935,0.2207792207792208,0.4285714285714285,0.2727272727272727,0.1818181818181818,0.6666666666666666,0.0,0.7142857142857143,11.0,7.0,0.3064935064935065,0.8571428571428571,3.306122448979592,2.806,1.0,2026,대전,1.019564452032887,0.3957850355546396,0.3397112032874594,121.14592935095747,0
2026-04-08,한화,허인서,3.0,2.0,11.0,7.0,1.0,2.0,1.0,3.0,0.0,0.0,1.0,0.0,1.0,0.0,0.0,0.0,3206992,0.0,4.0,7.0,0.1428571428571428,0.3636363636363636,0.5714285714285714,0.935064935064935,0.2207792207792208,0.4285714285714285,0.2727272727272727,0.1818181818181818,0.6666666666666666,0.0,0.7142857142857143,11.0,7.0,0.3064935064935065,0.8571428571428571,3.306122448979592,2.806,1.0,2026,대전,1.019564452032887,0.3948098856353448,0.3252846643061245,120.20031100847204,0
2026-04-09,한화,허인서,3.0,2.0,11.0,7.0,1.0,2.0,1.0,3.0,0.0,0.0,1.0,0.0,1.0,0.0,0.0,0.0,3206992,0.0,4.0,7.0,0.1428571428571428,0.3636363636363636,0.5714285714285714,0.935064935064935,0.2207792207792208,0.4285714285714285,0.2727272727272727,0.1818181818181818,0.6666666666666666,0.0,0.7142857142857143,11.0,7.0,0.3064935064935065,0.8571428571428571,3.306122448979592,2.806,1.0,2026,대전,1.019564452032887,0.3948098856353448,0.3252846643061245,120.20031100847204,0
2026-04-10,한화,허인서,3.0,2.0,12.0,7.0,1.0,3.0,1.0,3.0,0.0,0.0,1.0,0.0,1.0,0.0,0.0,0.0,3206992,0.0,4.0,7.0,0.1428571428571428,0.4166666666666667,0.5714285714285714,0.988095238095238,0.2738095238095238,0.4285714285714285,0.25,0.25,1.0,0.0,0.8571428571428571,12.0,7.0,0.3303571428571428,1.0,3.857142857142857,3.146,1.1428571428571428,2026,대전,1.019564452032887,0.4247358652553342,0.6720113174804547,140.0021913138549,0
2026-04-11,한화,허인서,4.0,2.0,16.0,11.0,2.0,3.0,1.0,5.0,0.0,0.0,1.0,0.0,1.0,0.0,0.0,0.0,3206992,1.0,5.0,10.0,0.1818181818181818,0.375,0.4545454545454545,0.8295454545454546,0.1931818181818181,0.2727272727272727,0.3125,0.1875,0.6,0.1666666666666666,0.5454545454545454,16.0,11.0,0.2823863636363636,1.25,3.375,3.54,0.9,2026,대전,1.019564452032887,0.3784749178663382,0.2991551212320914,112.27095167562032,0
2026-04-12,한화,허인서,4.0,2.0,20.0,15.0,2.0,3.0,1.0,9.0,0.0,0.0,1.0,0.0,1.0,0.0,0.0,0.0,3206992,1.0,5.0,14.0,0.1333333333333333,0.3,0.3333333333333333,0.6333333333333333,0.1666666666666666,0.1999999999999999,0.45,0.15,0.3333333333333333,0.1666666666666666,0.4,20.0,15.0,0.2183333333333333,1.0416666666666667,2.008928571428572,3.148,0.6428571428571429,2026,대전,1.019564452032887,0.3028484271554968,-0.8440033634218237,65.59947235653563,0
2026-03-29,롯데,황성빈,0.0,1.0,4.0,4.0,2.0,0.0,0.0,1.0,0.0,0.0,0.0,0.0,0.0,0.0,0.0,0.0,3212874,2.0,2.0,2.0,0.5,0.5,0.5,1.0,0.0,0.0,0.25,0.0,0.0,0.6666666666666666,0.0,0.0,0.0,0.35,1.0,13.5,0.992,1.0,2026,사직,1.0488000917921212,0.472996751174366,0.366381931064012,154.0933901093606,0
2026-03-30,롯데,황성빈,0.0,1.0,4.0,4.0,2.0,0.0,0.0,1.0,0.0,0.0,0.0,0.0,0.0,0.0,0.0,0.0,3212874,2.0,2.0,2.0,0.5,0.5,0.5,1.0,0.0,0.0,0.25,0.0,0.0,0.6666666666666666,0.0,0.0,0.0,0.35,1.0,13.5,0.992,1.0,2026,사직,1.0488000917921212,0.472996751174366,0.366381931064012,154.0933901093606,0
2026-03-31,롯데,황성빈,0.0,1.0,6.0,6.0,2.0,0.0,0.0,1.0,0.0,0.0,0.0,0.0,0.0,0.0,0.0,0.0,3212874,2.0,2.0,4.0,0.3333333333333333,0.3333333333333333,0.3333333333333333,0.6666666666666666,0.0,0.0,0.1666666666666666,0.0,0.0,0.4,0.0,0.0,0.0,0.2333333333333333,0.6666666666666666,4.5,1.172,0.5,2026,사직,1.0488000917921212,0.3164613025461933,-0.2787316873652112,63.404844771935466,0
2026-04-01,롯데,황성빈,0.0,1.0,10.0,9.0,2.0,0.0,0.0,2.0,0.0,0.0,0.0,1.0,0.0,0.0,0.0,0.0,3212874,2.0,2.0,8.0,0.2222222222222222,0.2222222222222222,0.2222222222222222,0.4444444444444444,0.0,0.0,0.2,0.0,0.0,0.2857142857142857,0.0,0.0,0.0,0.1555555555555555,0.2,0.675,1.294,0.25,2026,사직,1.0488000917921212,0.2108854433112352,-1.4895677867106434,-2.774172282491372,0
2026-04-02,롯데,황성빈,0.0,1.0,10.0,9.0,2.0,0.0,0.0,2.0,0.0,0.0,0.0,1.0,0.0,0.0,0.0,0.0,3212874,2.0,2.0,8.0,0.2222222222222222,0.2222222222222222,0.2222222222222222,0.4444444444444444,0.0,0.0,0.2,0.0,0.0,0.2857142857142857,0.0,0.0,0.0,0.1555555555555555,0.2,0.675,1.294,0.25,2026,사직,1.0488000917921212,0.210768364966991,-1.4099215547399826,1.3963592653159609,0
2026-04-03,롯데,황성빈,0.0,1.0,12.0,11.0,3.0,0.0,0.0,2.0,0.0,0.0,0.0,1.0,0.0,0.0,0.0,0.0,3212874,3.0,3.0,9.0,0.2727272727272727,0.2727272727272727,0.2727272727272727,0.5454545454545454,0.0,0.0,0.1666666666666666,0.0,0.0,0.3333333333333333,0.0,0.0,0.0,0.1909090909090909,0.5,1.5,1.884,0.3333333333333333,2026,사직,1.0488000917921212,0.2591158255453863,-1.169085210883168,28.951903200254247,0
2026-04-04,롯데,황성빈,0.0,1.0,15.0,14.0,4.0,0.0,0.0,3.0,0.0,0.0,0.0,1.0,0.0,0.0,0.0,0.0,3212874,4.0,4.0,11.0,0.2857142857142857,0.2857142857142857,0.2857142857142857,0.5714285714285714,0.0,0.0,0.2,0.0,0.0,0.3636363636363636,0.0,0.0,0.0,0.1999999999999999,0.8,1.963636363636364,2.376,0.3636363636363636,2026,사직,1.0488000917921212,0.271219464262929,-1.3033776772802383,35.1853062004569,0
2026-04-05,롯데,황성빈,1.0,2.0,19.0,18.0,6.0,0.0,0.0,4.0,1.0,0.0,0.0,1.0,0.0,0.0,0.0,0.0,3212874,5.0,7.0,13.0,0.3333333333333333,0.3333333333333333,0.3888888888888889,0.7222222222222222,0.0,0.0555555555555555,0.2105263157894736,0.0,0.0,0.4285714285714285,0.0555555555555555,0.0,0.0,0.2472222222222222,1.8421052631578947,3.825910931174089,3.588,0.5384615384615384,2026,사직,1.0488000917921212,0.3356044506617485,-0.4553971500528222,77.74166568748495,0
2026-04-06,롯데,황성빈,1.0,2.0,19.0,18.0,6.0,0.0,0.0,4.0,1.0,0.0,0.0,1.0,0.0,0.0,0.0,0.0,3212874,5.0,7.0,13.0,0.3333333333333333,0.3333333333333333,0.3888888888888889,0.7222222222222222,0.0,0.0555555555555555,0.2105263157894736,0.0,0.0,0.4285714285714285,0.0555555555555555,0.0,0.0,0.2472222222222222,1.8421052631578947,3.825910931174089,3.588,0.5384615384615384,2026,사직,1.0488000917921212,0.3356044506617485,-0.4553971500528222,77.74166568748495,0
2026-04-07,롯데,황성빈,1.0,3.0,24.0,23.0,8.0,0.0,0.0,6.0,1.0,0.0,0.0,1.0,0.0,0.0,0.0,0.0,3212874,7.0,9.0,16.0,0.3478260869565217,0.3478260869565217,0.391304347826087,0.7391304347826086,0.0,0.0434782608695652,0.25,0.0,0.0,0.4705882352941176,0.0434782608695652,0.0,0.0,0.2543478260869565,2.625,4.4296875,4.481999999999999,0.5625,2026,사직,1.0488000917921212,0.3465037381736259,-0.2553033149380969,87.16234421719294,0
2026-04-08,롯데,황성빈,1.0,5.0,28.0,27.0,9.0,0.0,0.0,6.0,1.0,0.0,0.0,1.0,0.0,0.0,0.0,0.0,3212874,8.0,10.0,19.0,0.3333333333333333,0.3333333333333333,0.3703703703703703,0.7037037037037037,0.0,0.037037037037037,0.2142857142857142,0.0,0.0,0.4285714285714285,0.037037037037037,0.0,0.0,0.2425925925925925,2.857142857142857,4.060150375939849,5.252,0.5263157894736842,2026,사직,1.0488000917921212,0.3296598103492369,-0.715959677756107,75.96130091444668,0
2026-04-09,롯데,황성빈,1.0,5.0,28.0,27.0,9.0,0.0,0.0,6.0,1.0,0.0,0.0,1.0,0.0,0.0,0.0,0.0,3212874,8.0,10.0,19.0,0.3333333333333333,0.3333333333333333,0.3703703703703703,0.7037037037037037,0.0,0.037037037037037,0.2142857142857142,0.0,0.0,0.4285714285714285,0.037037037037037,0.0,0.0,0.2425925925925925,2.857142857142857,4.060150375939849,5.252,0.5263157894736842,2026,사직,1.0488000917921212,0.3296598103492369,-0.715959677756107,75.96130091444668,0
2026-04-10,롯데,황성빈,2.0,6.0,32.0,31.0,11.0,0.0,0.0,6.0,1.0,1.0,0.0,1.0,0.0,0.0,0.0,0.0,3212874,9.0,14.0,21.0,0.3548387096774194,0.3548387096774194,0.4516129032258064,0.8064516129032258,0.0,0.096774193548387,0.1875,0.0,0.0,0.44,0.0967741935483871,0.0,0.0,0.2725806451612903,4.375,5.625,6.972,0.6666666666666666,2026,사직,1.0488000917921212,0.3691739997534916,0.2852290785046196,101.79835113135096,0
2026-04-11,롯데,황성빈,2.0,6.0,37.0,36.0,12.0,0.0,0.0,6.0,1.0,1.0,0.0,1.0,0.0,0.0,0.0,0.0,3212874,10.0,15.0,25.0,0.3333333333333333,0.3333333333333333,0.4166666666666667,0.75,0.0,0.0833333333333333,0.1621621621621621,0.0,0.0,0.4,0.0833333333333333,0.0,0.0,0.2541666666666666,4.45945945945946,4.816216216216216,7.831999999999999,0.6,2026,사직,1.0488000917921212,0.344692430045649,-0.3535840342941733,87.84822457495753,0
2026-04-12,롯데,황성빈,2.0,6.0,41.0,40.0,13.0,0.0,0.0,7.0,1.0,2.0,0.0,1.0,0.0,0.0,0.0,0.0,3212874,10.0,18.0,28.0,0.325,0.325,0.45,0.775,0.0,0.125,0.1707317073170731,0.0,0.0,0.3939393939393939,0.125,0.0,0.0,0.25875,5.2682926829268295,5.0801393728223,8.953999999999999,0.6428571428571429,2026,사직,1.0488000917921212,0.3510403038758509,-0.0905225728430187,93.42255115361404,0
2026-03-28,롯데,한태양,0.0,0.0,4.0,4.0,1.0,0.0,0.0,1.0,0.0,0.0,0.0,0.0,0.0,0.0,0.0,0.0,3224552,1.0,1.0,3.0,0.25,0.25,0.25,0.5,0.0,0.0,0.25,0.0,0.0,0.3333333333333333,0.0,0.0,0.0,0.175,0.25,2.25,0.582,0.3333333333333333,2026,사직,1.0488000917921212,0.2441985494338635,-0.4812554077438891,14.417160906812644,0
2026-03-29,롯데,한태양,0.0,1.0,8.0,7.0,2.0,1.0,0.0,1.0,1.0,0.0,0.0,0.0,0.0,0.0,0.0,0.0,3224552,1.0,3.0,5.0,0.2857142857142857,0.375,0.4285714285714285,0.8035714285714286,0.0892857142857143,0.1428571428571428,0.125,0.125,1.0,0.3333333333333333,0.2857142857142857,0.0,0.0,0.2758928571428571,1.0,5.4,1.822,0.8,2026,사직,1.0488000917921212,0.3740499559226374,-0.0105266538214515,94.27279762381144,0
2026-03-30,롯데,한태양,0.0,1.0,8.0,7.0,2.0,1.0,0.0,1.0,1.0,0.0,0.0,0.0,0.0,0.0,0.0,0.0,3224552,1.0,3.0,5.0,0.2857142857142857,0.375,0.4285714285714285,0.8035714285714286,0.0892857142857143,0.1428571428571428,0.125,0.125,1.0,0.3333333333333333,0.2857142857142857,0.0,0.0,0.2758928571428571,1.0,5.4,1.822,0.8,2026,사직,1.0488000917921212,0.3740499559226374,-0.0105266538214515,94.27279762381144,0
2026-03-31,롯데,한태양,0.0,1.0,12.0,10.0,3.0,2.0,0.0,3.0,1.0,0.0,0.0,0.0,0.0,0.0,0.0,0.0,3224552,2.0,4.0,7.0,0.3,0.4166666666666667,0.4,0.8166666666666667,0.1166666666666667,0.1,0.25,0.1666666666666666,0.6666666666666666,0.4285714285714285,0.3,0.0,0.0,0.2875,1.4285714285714286,5.5102040816326525,2.466,0.8571428571428571,2026,사직,1.0488000917921212,0.3946483239672649,0.2847930765226454,111.32240774187348,0
2026-04-01,롯데,한태양,0.0,1.0,16.0,14.0,4.0,2.0,0.0,5.0,1.0,0.0,0.0,0.0,0.0,0.0,0.0,0.0,3224552,3.0,5.0,10.0,0.2857142857142857,0.375,0.3571428571428571,0.7321428571428572,0.0892857142857143,0.0714285714285714,0.3125,0.125,0.4,0.4444444444444444,0.2142857142857142,0.0,0.0,0.2580357142857143,1.6666666666666667,4.5,2.8599999999999994,0.7,2026,사직,1.0488000917921212,0.355193133247627,-0.2487445887445879,84.90283103504837,0
2026-04-02,롯데,한태양,0.0,2.0,19.0,15.0,4.0,3.0,1.0,5.0,1.0,0.0,0.0,0.0,0.0,0.0,0.0,0.0,3224552,3.0,5.0,11.0,0.2666666666666666,0.4210526315789473,0.3333333333333333,0.7543859649122806,0.1543859649122806,0.0666666666666666,0.2631578947368421,0.1578947368421052,0.6,0.4,0.2666666666666666,0.0,0.0,0.2728070175438596,1.7391304347826086,4.268774703557312,3.63,0.8181818181818182,2026,사직,1.0488000917921212,0.3822435400006187,0.2781280526504593,104.8507192485384,0
2026-04-03,롯데,한태양,0.0,2.0,21.0,16.0,5.0,4.0,1.0,5.0,1.0,0.0,0.0,0.0,0.0,0.0,0.0,0.0,3224552,4.0,6.0,11.0,0.3125,0.4761904761904761,0.375,0.8511904761904762,0.1636904761904761,0.0625,0.238095238095238,0.1904761904761904,0.8,0.4545454545454545,0.3125,0.0,0.0,0.3080357142857143,2.3076923076923075,5.664335664335663,4.47,1.0,2026,사직,1.0488000917921212,0.4285475063573962,1.14731665393967,132.22629199647534,0
2026-04-04,롯데,한태양,0.0,2.0,25.0,19.0,5.0,5.0,1.0,5.0,1.0,0.0,0.0,0.0,0.0,0.0,0.0,0.0,3224552,4.0,6.0,14.0,0.2631578947368421,0.44,0.3157894736842105,0.7557894736842106,0.1768421052631579,0.0526315789473684,0.2,0.2,1.0,0.3571428571428571,0.3157894736842105,0.0,0.0,0.2769473684210526,2.129032258064516,4.105990783410138,5.079999999999999,0.8571428571428571,2026,사직,1.0488000917921212,0.3906066377823931,0.4958114527460629,108.79966490274356,0
2026-04-05,롯데,한태양,0.0,3.0,29.0,23.0,6.0,5.0,1.0,6.0,2.0,0.0,0.0,0.0,0.0,0.0,0.0,0.0,3224552,4.0,8.0,17.0,0.2608695652173913,0.4137931034482758,0.3478260869565217,0.7616191904047975,0.1529235382308845,0.0869565217391304,0.2068965517241379,0.1724137931034483,0.8333333333333334,0.3529411764705882,0.3043478260869565,0.0,0.0,0.2731634182908545,2.742857142857143,4.356302521008404,5.882000000000001,0.8235294117647058,2026,사직,1.0488000917921212,0.3805172280585327,0.4309998097364849,105.8958099035794,0
2026-04-06,롯데,한태양,0.0,3.0,29.0,23.0,6.0,5.0,1.0,6.0,2.0,0.0,0.0,0.0,0.0,0.0,0.0,0.0,3224552,4.0,8.0,17.0,0.2608695652173913,0.4137931034482758,0.3478260869565217,0.7616191904047975,0.1529235382308845,0.0869565217391304,0.2068965517241379,0.1724137931034483,0.8333333333333334,0.3529411764705882,0.3043478260869565,0.0,0.0,0.2731634182908545,2.742857142857143,4.356302521008404,5.882000000000001,0.8235294117647058,2026,사직,1.0488000917921212,0.3805172280585327,0.4309998097364849,105.8958099035794,0
2026-04-07,롯데,한태양,0.0,3.0,33.0,27.0,7.0,5.0,1.0,6.0,2.0,0.0,0.0,0.0,0.0,0.0,0.0,0.0,3224552,5.0,9.0,20.0,0.2592592592592592,0.3939393939393939,0.3333333333333333,0.7272727272727273,0.1346801346801346,0.074074074074074,0.1818181818181818,0.1515151515151515,0.8333333333333334,0.3333333333333333,0.2592592592592592,0.0,0.0,0.2606060606060606,3.0,4.05,6.652,0.75,2026,사직,1.0488000917921212,0.3639377768712935,0.1336792639684466,98.15031814632084,0
2026-04-08,롯데,한태양,0.0,3.0,33.0,27.0,7.0,5.0,1.0,6.0,2.0,0.0,0.0,0.0,0.0,0.0,0.0,0.0,3224552,5.0,9.0,20.0,0.2592592592592592,0.3939393939393939,0.3333333333333333,0.7272727272727273,0.1346801346801346,0.074074074074074,0.1818181818181818,0.1515151515151515,0.8333333333333334,0.3333333333333333,0.2592592592592592,0.0,0.0,0.2606060606060606,3.0,4.05,6.652,0.75,2026,사직,1.0488000917921212,0.3631631419833749,0.0919497511399889,97.20770910090482,0
2026-04-09,롯데,한태양,0.0,3.0,33.0,27.0,7.0,5.0,1.0,6.0,2.0,0.0,0.0,0.0,0.0,0.0,0.0,0.0,3224552,5.0,9.0,20.0,0.2592592592592592,0.3939393939393939,0.3333333333333333,0.7272727272727273,0.1346801346801346,0.074074074074074,0.1818181818181818,0.1515151515151515,0.8333333333333334,0.3333333333333333,0.2592592592592592,0.0,0.0,0.2606060606060606,3.0,4.05,6.652,0.75,2026,사직,1.0488000917921212,0.3631631419833749,0.0919497511399889,97.20770910090482,0
2026-04-10,롯데,한태양,0.0,4.0,36.0,30.0,8.0,5.0,1.0,8.0,2.0,0.0,0.0,0.0,0.0,0.0,0.0,0.0,3224552,6.0,10.0,22.0,0.2666666666666666,0.3888888888888889,0.3333333333333333,0.7222222222222222,0.1222222222222222,0.0666666666666666,0.2222222222222222,0.1388888888888889,0.625,0.3636363636363636,0.2333333333333333,0.0,0.0,0.2583333333333333,3.333333333333333,4.090909090909091,6.956,0.7272727272727273,2026,사직,1.0488000917921212,0.3583098132903372,-0.0105755445853986,94.89988766692372,0
2026-04-11,롯데,한태양,0.0,4.0,41.0,34.0,10.0,5.0,1.0,8.0,2.0,0.0,0.0,1.0,0.0,0.0,0.0,0.0,3224552,8.0,12.0,25.0,0.2941176470588235,0.4,0.3529411764705882,0.7529411764705882,0.1058823529411764,0.0588235294117647,0.1951219512195122,0.1219512195121951,0.625,0.3846153846153846,0.2058823529411764,0.0,0.0,0.268235294117647,3.8297872340425534,4.136170212765958,8.175999999999998,0.72,2026,사직,1.0488000917921212,0.3698387230090925,0.4704517104503993,103.85131639202817,0
2026-04-12,롯데,한태양,0.0,4.0,45.0,38.0,11.0,5.0,1.0,9.0,2.0,0.0,0.0,1.0,0.0,0.0,0.0,0.0,3224552,9.0,13.0,28.0,0.2894736842105263,0.3863636363636363,0.3421052631578947,0.7284688995215312,0.09688995215311,0.0526315789473684,0.2,0.1111111111111111,0.5555555555555556,0.3793103448275862,0.1842105263157894,0.0,0.0,0.25938995215311,4.078431372549019,3.932773109243697,8.758,0.6785714285714286,2026,사직,1.0488000917921212,0.35739573502592,0.1379800230025099,97.4773459559308,0
2026-03-28,롯데,윤동희,2.0,1.0,5.0,5.0,2.0,0.0,0.0,2.0,1.0,0.0,1.0,0.0,0.0,0.0,0.0,0.0,3227755,0.0,6.0,3.0,0.4,0.4,1.2,1.6,0.0,0.7999999999999999,0.4,0.0,0.0,0.5,0.8,5.0,5.0,0.48,2.4,21.6,2.054,2.0,2026,사직,1.0488000917921212,0.6540051798361542,1.218744592256111,258.6192653511462,0
2026-03-29,롯데,윤동희,2.0,1.0,9.0,9.0,4.0,0.0,0.0,3.0,1.0,0.0,1.0,0.0,0.0,1.0,0.0,0.0,3227755,2.0,8.0,6.0,0.4444444444444444,0.4444444444444444,0.8888888888888888,1.3333333333333333,0.0,0.4444444444444444,0.3333333333333333,0.0,0.0,0.6,0.4444444444444444,9.0,9.0,0.4222222222222221,2.6666666666666665,12.0,2.676,1.3333333333333333,2026,사직,1.0488000917921212,0.5582070078958093,1.544473346178548,205.60923789356096,0
2026-03-30,롯데,윤동희,2.0,1.0,9.0,9.0,4.0,0.0,0.0,3.0,1.0,0.0,1.0,0.0,0.0,1.0,0.0,0.0,3227755,2.0,8.0,6.0,0.4444444444444444,0.4444444444444444,0.8888888888888888,1.3333333333333333,0.0,0.4444444444444444,0.3333333333333333,0.0,0.0,0.6,0.4444444444444444,9.0,9.0,0.4222222222222221,2.6666666666666665,12.0,2.676,1.3333333333333333,2026,사직,1.0488000917921212,0.5582070078958093,1.544473346178548,205.60923789356096,0
2026-03-31,롯데,윤동희,2.0,1.0,13.0,12.0,4.0,1.0,0.0,4.0,1.0,0.0,1.0,0.0,0.0,1.0,0.0,0.0,3227755,2.0,8.0,9.0,0.3333333333333333,0.3846153846153846,0.6666666666666666,1.051282051282051,0.0512820512820513,0.3333333333333333,0.3076923076923077,0.0769230769230769,0.25,0.4285714285714285,0.4166666666666667,13.0,12.0,0.3397435897435897,2.2857142857142856,6.857142857142857,3.098,1.0,2026,사직,1.0488000917921212,0.4528325006667719,0.987536625269578,146.9810618276684,0
2026-04-01,롯데,윤동희,3.0,2.0,18.0,17.0,5.0,1.0,0.0,4.0,1.0,0.0,2.0,0.0,0.0,1.0,0.0,0.0,3227755,2.0,12.0,13.0,0.2941176470588235,0.3333333333333333,0.7058823529411765,1.03921568627451,0.0392156862745097,0.411764705882353,0.2222222222222222,0.0555555555555555,0.25,0.2727272727272727,0.4705882352941176,9.0,8.5,0.3264705882352941,3.1578947368421053,6.558704453441296,4.897999999999999,1.0,2026,사직,1.0488000917921212,0.4291953191570494,0.95161224489796,129.86432894514272,0
2026-04-02,롯데,윤동희,3.0,2.0,22.0,21.0,6.0,1.0,0.0,5.0,1.0,0.0,2.0,0.0,0.0,1.0,0.0,0.0,3227755,3.0,13.0,16.0,0.2857142857142857,0.3181818181818182,0.6190476190476191,0.9372294372294372,0.0324675324675324,0.3333333333333333,0.2272727272727272,0.0454545454545454,0.2,0.2857142857142857,0.3809523809523809,11.0,10.5,0.2979437229437229,3.391304347826087,5.7228260869565215,5.48,0.875,2026,사직,1.0488000917921212,0.3963339884765568,0.6033890973812742,113.35176512103207,0
2026-04-03,롯데,윤동희,4.0,2.0,25.0,24.0,6.0,1.0,0.0,5.0,1.0,0.0,2.0,0.0,0.0,1.0,0.0,0.0,3227755,3.0,13.0,19.0,0.25,0.28,0.5416666666666666,0.8216666666666667,0.03,0.2916666666666666,0.2,0.04,0.2,0.2352941176470588,0.3333333333333333,12.5,12.0,0.2614166666666667,3.0,4.2631578947368425,5.749999999999999,0.7368421052631579,2026,사직,1.0488000917921212,0.3506915111715866,-0.3809598631670592,84.77040725047402,0
2026-04-04,롯데,윤동희,4.0,2.0,30.0,28.0,6.0,2.0,0.0,6.0,1.0,0.0,2.0,0.0,0.0,2.0,0.0,1.0,3227755,3.0,13.0,24.0,0.2142857142857142,0.2666666666666666,0.4642857142857143,0.730952380952381,0.0523809523809523,0.25,0.2,0.0666666666666666,0.3333333333333333,0.2,0.3214285714285714,15.0,14.0,0.2360714285714285,2.4375,2.7421875,5.801999999999999,0.625,2026,사직,1.0488000917921212,0.3026761328943191,-1.7631493933027709,54.58154802397735,0
2026-04-05,롯데,윤동희,6.0,3.0,35.0,32.0,7.0,3.0,0.0,6.0,1.0,0.0,3.0,0.0,0.0,2.0,0.0,1.0,3227755,3.0,17.0,27.0,0.21875,0.2857142857142857,0.53125,0.8169642857142857,0.0669642857142857,0.3125,0.1714285714285714,0.0857142857142857,0.5,0.1739130434782608,0.40625,11.666666666666666,10.666666666666666,0.2613839285714285,3.5789473684210527,3.5789473684210527,7.8519999999999985,0.7407407407407407,2026,사직,1.0488000917921212,0.3420646241246525,-0.6434044902189542,81.79130736804171,0
2026-04-06,롯데,윤동희,6.0,3.0,35.0,32.0,7.0,3.0,0.0,6.0,1.0,0.0,3.0,0.0,0.0,2.0,0.0,1.0,3227755,3.0,17.0,27.0,0.21875,0.2857142857142857,0.53125,0.8169642857142857,0.0669642857142857,0.3125,0.1714285714285714,0.0857142857142857,0.5,0.1739130434782608,0.40625,11.666666666666666,10.666666666666666,0.2613839285714285,3.5789473684210527,3.5789473684210527,7.8519999999999985,0.7407407407407407,2026,사직,1.0488000917921212,0.3420646241246525,-0.6434044902189542,81.79130736804171,0
2026-04-07,롯데,윤동희,6.0,3.0,39.0,36.0,8.0,3.0,0.0,7.0,2.0,0.0,3.0,0.0,0.0,2.0,0.0,1.0,3227755,3.0,19.0,30.0,0.2222222222222222,0.282051282051282,0.5277777777777778,0.8098290598290598,0.0598290598290598,0.3055555555555556,0.1794871794871795,0.0769230769230769,0.4285714285714285,0.1923076923076923,0.3888888888888889,13.0,12.0,0.2588675213675213,4.071428571428571,3.6642857142857137,8.654,0.7333333333333333,2026,사직,1.0488000917921212,0.3439069049814927,-0.5001953509318238,85.52566462112947,0
2026-04-08,롯데,윤동희,6.0,3.0,43.0,40.0,8.0,3.0,0.0,9.0,2.0,0.0,3.0,0.0,0.0,3.0,0.0,1.0,3227755,3.0,19.0,35.0,0.2,0.2558139534883721,0.475,0.7308139534883721,0.055813953488372,0.2749999999999999,0.2093023255813953,0.0697674418604651,0.3333333333333333,0.1785714285714285,0.35,14.333333333333334,13.333333333333334,0.2338662790697674,3.3043478260869565,2.5490683229813667,8.268,0.6285714285714286,2026,사직,1.0488000917921212,0.3102801759579016,-1.804813403278665,63.67154933752934,0
2026-04-09,롯데,윤동희,6.0,3.0,43.0,40.0,8.0,3.0,0.0,9.0,2.0,0.0,3.0,0.0,0.0,3.0,0.0,1.0,3227755,3.0,19.0,35.0,0.2,0.2558139534883721,0.475,0.7308139534883721,0.055813953488372,0.2749999999999999,0.2093023255813953,0.0697674418604651,0.3333333333333333,0.1785714285714285,0.35,14.333333333333334,13.333333333333334,0.2338662790697674,3.3043478260869565,2.5490683229813667,8.268,0.6285714285714286,2026,사직,1.0488000917921212,0.3102801759579016,-1.804813403278665,63.67154933752934,0
2026-04-10,롯데,윤동희,6.0,3.0,47.0,44.0,8.0,3.0,0.0,11.0,2.0,0.0,3.0,0.0,0.0,3.0,0.0,1.0,3227755,3.0,19.0,39.0,0.1818181818181818,0.2340425531914893,0.4318181818181818,0.6658607350096712,0.0522243713733075,0.25,0.2340425531914893,0.0638297872340425,0.2727272727272727,0.1666666666666666,0.3181818181818182,15.666666666666666,14.666666666666666,0.2132736943907156,3.04,2.1046153846153848,8.252,0.5641025641025641,2026,사직,1.0488000917921212,0.2826859885817744,-3.02601961059285,46.88081200382091,0
2026-04-11,롯데,윤동희,6.0,3.0,49.0,46.0,8.0,3.0,0.0,12.0,2.0,0.0,3.0,0.0,0.0,3.0,0.0,1.0,3227755,3.0,19.0,41.0,0.1739130434782608,0.2244897959183673,0.4130434782608695,0.6375332741792369,0.0505767524401064,0.2391304347826087,0.2448979591836734,0.0612244897959183,0.25,0.1612903225806451,0.3043478260869565,16.333333333333332,15.333333333333334,0.2042812777284827,2.923076923076923,1.9249530956848029,8.244,0.5365853658536586,2026,사직,1.0488000917921212,0.2722653766411799,-3.436355199868058,41.755673782020544,0
2026-04-12,롯데,윤동희,6.0,3.0,51.0,48.0,8.0,3.0,0.0,12.0,2.0,0.0,3.0,0.0,0.0,3.0,0.0,1.0,3227755,3.0,19.0,43.0,0.1666666666666666,0.2156862745098039,0.3958333333333333,0.6115196078431373,0.0490196078431372,0.2291666666666666,0.2352941176470588,0.0588235294117647,0.25,0.1515151515151515,0.2916666666666667,17.0,16.0,0.1960171568627451,2.814814814814815,1.7674418604651163,8.424,0.5116279069767442,2026,사직,1.0488000917921212,0.2619637881277034,-3.8825543325137577,36.5913174362682,0
2026-04-04,삼성,이해승,0.0,0.0,3.0,2.0,0.0,0.0,0.0,2.0,0.0,0.0,0.0,1.0,0.0,0.0,0.0,0.0,3227761,0.0,0.0,3.0,0.0,0.0,0.0,0.0,0.0,0.0,0.6666666666666666,0.0,0.0,0.0,0.0,0.0,0.0,0.0,-0.0,-0.0,-0.156,0.0,2026,대구,1.0406172533521605,0.0,-0.9880327757997052,-131.23084846948163,0
2026-04-05,삼성,이해승,0.0,0.0,3.0,2.0,0.0,0.0,0.0,2.0,0.0,0.0,0.0,1.0,0.0,0.0,0.0,0.0,3227761,0.0,0.0,3.0,0.0,0.0,0.0,0.0,0.0,0.0,0.6666666666666666,0.0,0.0,0.0,0.0,0.0,0.0,0.0,-0.0,-0.0,-0.156,0.0,2026,대구,1.0406172533521605,0.0,-0.9423675290277034,-131.81795740621308,0
2026-04-06,삼성,이해승,0.0,0.0,3.0,2.0,0.0,0.0,0.0,2.0,0.0,0.0,0.0,1.0,0.0,0.0,0.0,0.0,3227761,0.0,0.0,3.0,0.0,0.0,0.0,0.0,0.0,0.0,0.6666666666666666,0.0,0.0,0.0,0.0,0.0,0.0,0.0,-0.0,-0.0,-0.156,0.0,2026,대구,1.0406172533521605,0.0,-0.9423675290277034,-131.81795740621308,0
2026-04-07,삼성,이해승,0.0,0.0,4.0,3.0,0.0,0.0,0.0,2.0,0.0,0.0,0.0,1.0,0.0,0.0,0.0,0.0,3227761,0.0,0.0,4.0,0.0,0.0,0.0,0.0,0.0,0.0,0.5,0.0,0.0,0.0,0.0,0.0,0.0,0.0,-0.0,-0.0,-0.066,0.0,2026,대구,1.0406172533521605,0.0,-1.210295761183016,-130.40675236297662,0
2026-04-08,삼성,이해승,0.0,0.0,5.0,4.0,0.0,0.0,0.0,2.0,0.0,0.0,0.0,1.0,0.0,0.0,0.0,0.0,3227761,0.0,0.0,5.0,0.0,0.0,0.0,0.0,0.0,0.0,0.4,0.0,0.0,0.0,0.0,0.0,0.0,0.0,-0.0,-0.0,0.0239999999999999,0.0,2026,대구,1.0406172533521605,0.0,-1.5229271963613449,-132.27684490759992,0
2026-04-09,삼성,이해승,0.0,0.0,5.0,4.0,0.0,0.0,0.0,2.0,0.0,0.0,0.0,1.0,0.0,0.0,0.0,0.0,3227761,0.0,0.0,5.0,0.0,0.0,0.0,0.0,0.0,0.0,0.4,0.0,0.0,0.0,0.0,0.0,0.0,0.0,-0.0,-0.0,0.0239999999999999,0.0,2026,대구,1.0406172533521605,0.0,-1.5229271963613449,-132.27684490759992,0
2026-04-10,삼성,이해승,0.0,0.0,5.0,4.0,0.0,0.0,0.0,2.0,0.0,0.0,0.0,1.0,0.0,0.0,0.0,0.0,3227761,0.0,0.0,5.0,0.0,0.0,0.0,0.0,0.0,0.0,0.4,0.0,0.0,0.0,0.0,0.0,0.0,0.0,-0.0,-0.0,0.0239999999999999,0.0,2026,대구,1.0406172533521605,0.0,-1.519769688466018,-131.7988325751322,0
2026-04-11,삼성,이해승,0.0,0.0,6.0,5.0,0.0,0.0,0.0,3.0,0.0,0.0,0.0,1.0,0.0,0.0,0.0,0.0,3227761,0.0,0.0,6.0,0.0,0.0,0.0,0.0,0.0,0.0,0.5,0.0,0.0,0.0,0.0,0.0,0.0,0.0,-0.0,-0.0,-0.074,0.0,2026,대구,1.0406172533521605,0.0,-1.7870106679091236,-130.69563035389916,0
2026-04-12,삼성,이해승,0.0,0.0,6.0,5.0,0.0,0.0,0.0,3.0,0.0,0.0,0.0,1.0,0.0,0.0,0.0,0.0,3227761,0.0,0.0,6.0,0.0,0.0,0.0,0.0,0.0,0.0,0.5,0.0,0.0,0.0,0.0,0.0,0.0,0.0,-0.0,-0.0,-0.074,0.0,2026,대구,1.0406172533521605,0.0,-1.761123855117473,-129.72452092384097,0
2026-04-12,SSG,석정우,0.0,0.0,2.0,1.0,0.0,1.0,0.0,1.0,0.0,0.0,0.0,0.0,0.0,0.0,0.0,0.0,3229171,0.0,0.0,1.0,0.0,0.5,0.0,0.5,0.5,0.0,0.5,0.5,1.0,0.0,1.0,0.0,0.0,0.225,0.0,0.0,0.242,1.0,2026,문학,1.027807913649001,0.3799322080754272,0.043536483850877,113.95493899388138,0
2026-03-28,SSG,조형우,1.0,1.0,4.0,4.0,0.0,0.0,0.0,1.0,0.0,0.0,0.0,0.0,0.0,0.0,0.0,0.0,3234622,0.0,0.0,4.0,0.0,0.0,0.0,0.0,0.0,0.0,0.25,0.0,0.0,0.0,0.0,0.0,0.0,0.0,0.0,0.0,0.172,0.0,2026,문학,1.027807913649001,0.0,-1.3490168721609344,-129.00054377342602,0
2026-03-29,SSG,조형우,4.0,3.0,8.0,8.0,2.0,0.0,0.0,1.0,2.0,0.0,0.0,0.0,0.0,0.0,0.0,0.0,3234622,0.0,4.0,6.0,0.25,0.25,0.5,0.75,0.0,0.25,0.125,0.0,0.0,0.2857142857142857,0.25,0.0,0.0,0.2375,1.0,4.5,1.7919999999999998,0.6666666666666666,2026,문학,1.027807913649001,0.3163703447259263,-0.4438171697709268,61.500461414112806,0
2026-03-30,SSG,조형우,4.0,3.0,8.0,8.0,2.0,0.0,0.0,1.0,2.0,0.0,0.0,0.0,0.0,0.0,0.0,0.0,3234622,0.0,4.0,6.0,0.25,0.25,0.5,0.75,0.0,0.25,0.125,0.0,0.0,0.2857142857142857,0.25,0.0,0.0,0.2375,1.0,4.5,1.7919999999999998,0.6666666666666666,2026,문학,1.027807913649001,0.3163703447259263,-0.4438171697709268,61.500461414112806,0
2026-03-31,SSG,조형우,4.0,3.0,12.0,11.0,2.0,1.0,0.0,3.0,2.0,0.0,0.0,0.0,0.0,0.0,0.0,0.0,3234622,0.0,4.0,9.0,0.1818181818181818,0.25,0.3636363636363636,0.6136363636363636,0.0681818181818181,0.1818181818181818,0.25,0.0833333333333333,0.3333333333333333,0.25,0.2727272727272727,0.0,0.0,0.2034090909090909,0.9230769230769232,2.769230769230769,2.026,0.5555555555555556,2026,문학,1.027807913649001,0.2786555144983606,-0.9647198259834902,42.33447258928243,0
2026-04-01,SSG,조형우,4.0,3.0,15.0,14.0,3.0,1.0,0.0,3.0,2.0,0.0,0.0,0.0,0.0,0.0,0.0,0.0,3234622,1.0,5.0,11.0,0.2142857142857142,0.2666666666666666,0.3571428571428571,0.6238095238095238,0.0523809523809523,0.1428571428571428,0.2,0.0666666666666666,0.3333333333333333,0.2727272727272727,0.2142857142857142,0.0,0.0,0.2092857142857143,1.25,3.0681818181818183,2.706,0.5454545454545454,2026,문학,1.027807913649001,0.2851524830493976,-1.2044706246134809,44.44746064619798,0
2026-04-02,SSG,조형우,4.0,3.0,15.0,14.0,3.0,1.0,0.0,3.0,2.0,0.0,0.0,0.0,0.0,0.0,0.0,0.0,3234622,1.0,5.0,11.0,0.2142857142857142,0.2666666666666666,0.3571428571428571,0.6238095238095238,0.0523809523809523,0.1428571428571428,0.2,0.0666666666666666,0.3333333333333333,0.2727272727272727,0.2142857142857142,0.0,0.0,0.2092857142857143,1.25,3.0681818181818183,2.706,0.5454545454545454,2026,문학,1.027807913649001,0.2856090608001556,-1.0960036838764868,48.64844708894962,0
2026-04-03,SSG,조형우,4.0,4.0,21.0,19.0,4.0,2.0,0.0,5.0,2.0,0.0,0.0,0.0,0.0,0.0,0.0,0.0,3234622,2.0,6.0,15.0,0.2105263157894736,0.2857142857142857,0.3157894736842105,0.6015037593984962,0.075187969924812,0.1052631578947368,0.238095238095238,0.0952380952380952,0.4,0.2857142857142857,0.2105263157894736,0.0,0.0,0.2075187969924811,1.565217391304348,2.8173913043478263,3.53,0.5333333333333333,2026,문학,1.027807913649001,0.2868420427670605,-1.52335343140819,47.95119615681023,0
2026-04-04,SSG,조형우,4.0,4.0,26.0,23.0,4.0,2.0,0.0,6.0,2.0,0.0,0.0,1.0,0.0,0.0,0.0,0.0,3234622,2.0,6.0,20.0,0.1739130434782608,0.24,0.2608695652173913,0.5008695652173913,0.0660869565217391,0.0869565217391304,0.2307692307692307,0.0769230769230769,0.3333333333333333,0.2352941176470588,0.1739130434782608,0.0,0.0,0.1732173913043478,1.0714285714285714,1.4464285714285714,3.742,0.4,2026,문학,1.027807913649001,0.24080069342372,-2.966190013895618,18.5282519477775,0
2026-04-05,SSG,조형우,5.0,4.0,29.0,25.0,5.0,2.0,1.0,6.0,2.0,0.0,0.0,1.0,0.0,0.0,0.0,0.0,3234622,3.0,7.0,21.0,0.2,0.2857142857142857,0.28,0.5657142857142857,0.0857142857142856,0.08,0.2068965517241379,0.0689655172413793,0.3333333333333333,0.2631578947368421,0.16,0.0,0.0,0.1985714285714285,1.53125,1.96875,4.672,0.4761904761904761,2026,문학,1.027807913649001,0.2777468872116439,-2.1457188491775403,43.57213594750484,0
2026-04-06,SSG,조형우,5.0,4.0,29.0,25.0,5.0,2.0,1.0,6.0,2.0,0.0,0.0,1.0,0.0,0.0,0.0,0.0,3234622,3.0,7.0,21.0,0.2,0.2857142857142857,0.28,0.5657142857142857,0.0857142857142856,0.08,0.2068965517241379,0.0689655172413793,0.3333333333333333,0.2631578947368421,0.16,0.0,0.0,0.1985714285714285,1.53125,1.96875,4.672,0.4761904761904761,2026,문학,1.027807913649001,0.2777468872116439,-2.1457188491775403,43.57213594750484,0
2026-04-07,SSG,조형우,5.0,4.0,29.0,25.0,5.0,2.0,1.0,6.0,2.0,0.0,0.0,1.0,0.0,0.0,0.0,0.0,3234622,3.0,7.0,21.0,0.2,0.2857142857142857,0.28,0.5657142857142857,0.0857142857142856,0.08,0.2068965517241379,0.0689655172413793,0.3333333333333333,0.2631578947368421,0.16,0.0,0.0,0.1985714285714285,1.53125,1.96875,4.672,0.4761904761904761,2026,문학,1.027807913649001,0.2786934928666807,-1.96530449894782,46.52348966160922,0
2026-04-08,SSG,조형우,5.0,4.0,32.0,28.0,5.0,2.0,1.0,6.0,2.0,0.0,0.0,1.0,0.0,0.0,0.0,0.0,3234622,3.0,7.0,24.0,0.1785714285714285,0.2580645161290322,0.25,0.5080645161290323,0.0794930875576036,0.0714285714285714,0.1875,0.0625,0.3333333333333333,0.2272727272727272,0.1428571428571428,0.0,0.0,0.1786290322580645,1.4,1.575,4.942,0.4166666666666667,2026,문학,1.027807913649001,0.2511550843129891,-2.944458802955869,28.27611304199258,0
2026-04-09,SSG,조형우,5.0,4.0,32.0,28.0,5.0,2.0,1.0,6.0,2.0,0.0,0.0,1.0,0.0,0.0,0.0,0.0,3234622,3.0,7.0,24.0,0.1785714285714285,0.2580645161290322,0.25,0.5080645161290323,0.0794930875576036,0.0714285714285714,0.1875,0.0625,0.3333333333333333,0.2272727272727272,0.1428571428571428,0.0,0.0,0.1786290322580645,1.4,1.575,4.942,0.4166666666666667,2026,문학,1.027807913649001,0.2511550843129891,-2.944458802955869,28.27611304199258,0
2026-04-10,SSG,조형우,5.0,4.0,35.0,31.0,6.0,2.0,1.0,7.0,2.0,0.0,0.0,1.0,0.0,0.0,0.0,0.0,3234622,4.0,8.0,26.0,0.1935483870967742,0.2647058823529412,0.2580645161290322,0.5227703984819734,0.0711574952561669,0.064516129032258,0.2,0.0571428571428571,0.2857142857142857,0.25,0.1290322580645161,0.0,0.0,0.1836337760910816,1.6842105263157894,1.7489878542510122,5.434,0.4230769230769231,2026,문학,1.027807913649001,0.256249009735342,-3.0375866493114354,32.193265958688144,0
2026-04-11,SSG,조형우,5.0,5.0,39.0,35.0,9.0,2.0,1.0,7.0,3.0,0.0,0.0,1.0,0.0,0.0,0.0,0.0,3234622,6.0,12.0,27.0,0.2571428571428571,0.3157894736842105,0.3428571428571428,0.6586466165413534,0.0586466165413533,0.0857142857142857,0.1794871794871795,0.0512820512820512,0.2857142857142857,0.3214285714285714,0.1428571428571428,0.0,0.0,0.2278195488721804,3.142857142857143,3.142857142857143,7.244,0.5555555555555556,2026,문학,1.027807913649001,0.3136498436259794,-1.3852162983024947,70.19195153280361,0
2026-04-12,SSG,조형우,5.0,5.0,42.0,37.0,9.0,3.0,1.0,7.0,3.0,0.0,0.0,1.0,0.0,0.0,0.0,0.0,3234622,6.0,12.0,29.0,0.2432432432432432,0.3170731707317073,0.3243243243243243,0.6413974950560317,0.073829927488464,0.081081081081081,0.1666666666666666,0.0714285714285714,0.4285714285714285,0.3,0.1621621621621621,0.0,0.0,0.2237640079103494,3.130434782608696,2.914542728635682,7.764,0.5517241379310345,2026,문학,1.027807913649001,0.3091196192155929,-1.553831331823312,68.77617606379609,0
2026-04-01,KT,조대현,0.0,1.0,1.0,0.0,0.0,1.0,0.0,0.0,0.0,0.0,0.0,0.0,0.0,0.0,0.0,0.0,3234934,0.0,0.0,0.0,0.0,1.0,0.0,1.0,1.0,0.0,0.0,1.0,0.0,0.0,0.0,0.0,0.0,0.45,0.0,0.0,0.34,0.0,2026,수원,1.0287682311922934,0.7813235145601021,0.3784044526901669,345.8099942324018,0
2026-04-02,KT,조대현,0.0,1.0,1.0,0.0,0.0,1.0,0.0,0.0,0.0,0.0,0.0,0.0,0.0,0.0,0.0,0.0,3234934,0.0,0.0,0.0,0.0,1.0,0.0,1.0,1.0,0.0,0.0,1.0,0.0,0.0,0.0,0.0,0.0,0.45,0.0,0.0,0.34,0.0,2026,수원,1.0287682311922934,0.7776771297616696,0.3735329341317365,345.42680040295704,0
2026-04-03,KT,조대현,0.0,1.0,1.0,0.0,0.0,1.0,0.0,0.0,0.0,0.0,0.0,0.0,0.0,0.0,0.0,0.0,3234934,0.0,0.0,0.0,0.0,1.0,0.0,1.0,1.0,0.0,0.0,1.0,0.0,0.0,0.0,0.0,0.0,0.45,0.0,0.0,0.34,0.0,2026,수원,1.0287682311922934,0.7773814151709633,0.3676980661260137,346.8556442578633,0
2026-04-04,KT,조대현,0.0,1.0,1.0,0.0,0.0,1.0,0.0,0.0,0.0,0.0,0.0,0.0,0.0,0.0,0.0,0.0,3234934,0.0,0.0,0.0,0.0,1.0,0.0,1.0,1.0,0.0,0.0,1.0,0.0,0.0,0.0,0.0,0.0,0.45,0.0,0.0,0.34,0.0,2026,수원,1.0287682311922934,0.7758773289165231,0.3642391884676988,348.3614933071811,0
2026-04-05,KT,조대현,0.0,1.0,1.0,0.0,0.0,1.0,0.0,0.0,0.0,0.0,0.0,0.0,0.0,0.0,0.0,0.0,3234934,0.0,0.0,0.0,0.0,1.0,0.0,1.0,1.0,0.0,0.0,1.0,0.0,0.0,0.0,0.0,0.0,0.45,0.0,0.0,0.34,0.0,2026,수원,1.0287682311922934,0.7697018325645528,0.3513402061855669,351.86430198649214,0
2026-04-06,KT,조대현,0.0,1.0,1.0,0.0,0.0,1.0,0.0,0.0,0.0,0.0,0.0,0.0,0.0,0.0,0.0,0.0,3234934,0.0,0.0,0.0,0.0,1.0,0.0,1.0,1.0,0.0,0.0,1.0,0.0,0.0,0.0,0.0,0.0,0.45,0.0,0.0,0.34,0.0,2026,수원,1.0287682311922934,0.7697018325645528,0.3513402061855669,351.86430198649214,0
2026-04-07,KT,조대현,0.0,1.0,1.0,0.0,0.0,1.0,0.0,0.0,0.0,0.0,0.0,0.0,0.0,0.0,0.0,0.0,3234934,0.0,0.0,0.0,0.0,1.0,0.0,1.0,1.0,0.0,0.0,1.0,0.0,0.0,0.0,0.0,0.0,0.45,0.0,0.0,0.34,0.0,2026,수원,1.0287682311922934,0.767717002875463,0.344242928452579,354.6393227476388,0
2026-04-08,KT,조대현,0.0,1.0,1.0,0.0,0.0,1.0,0.0,0.0,0.0,0.0,0.0,0.0,0.0,0.0,0.0,0.0,3234934,0.0,0.0,0.0,0.0,1.0,0.0,1.0,1.0,0.0,0.0,1.0,0.0,0.0,0.0,0.0,0.0,0.45,0.0,0.0,0.34,0.0,2026,수원,1.0287682311922934,0.7664615354425591,0.3441275797373359,354.9658266986716,0
2026-04-09,KT,조대현,0.0,1.0,1.0,0.0,0.0,1.0,0.0,0.0,0.0,0.0,0.0,0.0,0.0,0.0,0.0,0.0,3234934,0.0,0.0,0.0,0.0,1.0,0.0,1.0,1.0,0.0,0.0,1.0,0.0,0.0,0.0,0.0,0.0,0.45,0.0,0.0,0.34,0.0,2026,수원,1.0287682311922934,0.7664615354425591,0.3441275797373359,354.9658266986716,0
2026-04-10,KT,조대현,0.0,1.0,1.0,0.0,0.0,1.0,0.0,0.0,0.0,0.0,0.0,0.0,0.0,0.0,0.0,0.0,3234934,0.0,0.0,0.0,0.0,1.0,0.0,1.0,1.0,0.0,0.0,1.0,0.0,0.0,0.0,0.0,0.0,0.45,0.0,0.0,0.34,0.0,2026,수원,1.0287682311922934,0.764179265932806,0.34367222033322,354.61915765798136,0
2026-04-11,KT,조대현,0.0,1.0,1.0,0.0,0.0,1.0,0.0,0.0,0.0,0.0,0.0,0.0,0.0,0.0,0.0,0.0,3234934,0.0,0.0,0.0,0.0,1.0,0.0,1.0,1.0,0.0,0.0,1.0,0.0,0.0,0.0,0.0,0.0,0.45,0.0,0.0,0.34,0.0,2026,수원,1.0287682311922934,0.7620575244606701,0.339501246882793,355.46240693064595,0
2026-04-12,KT,조대현,0.0,1.0,1.0,0.0,0.0,1.0,0.0,0.0,0.0,0.0,0.0,0.0,0.0,0.0,0.0,0.0,3234934,0.0,0.0,0.0,0.0,1.0,0.0,1.0,1.0,0.0,0.0,1.0,0.0,0.0,0.0,0.0,0.0,0.45,0.0,0.0,0.34,0.0,2026,수원,1.0287682311922934,0.7598644161508545,0.3370571263704559,356.25743318695856,0
2026-03-29,NC,천재환,0.0,1.0,4.0,3.0,0.0,1.0,0.0,1.0,0.0,0.0,0.0,0.0,0.0,0.0,0.0,0.0,3243743,0.0,0.0,3.0,0.0,0.25,0.0,0.25,0.25,0.0,0.25,0.25,1.0,0.0,0.3333333333333333,0.0,0.0,0.1125,0.0,0.0,0.422,0.3333333333333333,2026,창원,1.0100284809306723,0.1952311915321656,-0.6769085848854635,-9.959095314054323,0
2026-03-30,NC,천재환,0.0,1.0,4.0,3.0,0.0,1.0,0.0,1.0,0.0,0.0,0.0,0.0,0.0,0.0,0.0,0.0,3243743,0.0,0.0,3.0,0.0,0.25,0.0,0.25,0.25,0.0,0.25,0.25,1.0,0.0,0.3333333333333333,0.0,0.0,0.1125,0.0,0.0,0.422,0.3333333333333333,2026,창원,1.0100284809306723,0.1952311915321656,-0.6769085848854635,-9.959095314054323,0
2026-03-31,NC,천재환,0.0,2.0,5.0,3.0,0.0,2.0,0.0,1.0,0.0,0.0,0.0,0.0,0.0,0.0,0.0,0.0,3243743,0.0,0.0,3.0,0.0,0.4,0.0,0.4,0.4,0.0,0.2,0.4,2.0,0.0,0.6666666666666666,0.0,0.0,0.18,0.0,0.0,0.7620000000000001,0.6666666666666666,2026,창원,1.0100284809306723,0.3106877294239613,-0.2581909223866536,63.743623801598346,0
2026-04-01,NC,천재환,0.0,2.0,6.0,4.0,0.0,2.0,0.0,1.0,0.0,0.0,0.0,0.0,0.0,0.0,0.0,0.0,3243743,0.0,0.0,4.0,0.0,0.3333333333333333,0.0,0.3333333333333333,0.3333333333333333,0.0,0.1666666666666666,0.3333333333333333,2.0,0.0,0.5,0.0,0.0,0.15,0.0,0.0,0.8520000000000001,0.5,2026,창원,1.0100284809306723,0.260441171520034,-0.618859616573902,31.211555772476185,0
2026-04-02,NC,천재환,0.0,3.0,10.0,7.0,0.0,3.0,0.0,1.0,0.0,0.0,0.0,0.0,0.0,0.0,0.0,0.0,3243743,0.0,0.0,7.0,0.0,0.3,0.0,0.3,0.3,0.0,0.1,0.3,3.0,0.0,0.4285714285714285,0.0,0.0,0.135,0.0,0.0,1.462,0.4285714285714285,2026,창원,1.0100284809306723,0.2333031389285008,-1.2053964651342477,18.86919457717542,0
2026-04-03,NC,천재환,0.0,4.0,11.0,8.0,0.0,3.0,0.0,1.0,0.0,0.0,0.0,0.0,0.0,0.0,0.0,0.0,3243743,0.0,0.0,8.0,0.0,0.2727272727272727,0.0,0.2727272727272727,0.2727272727272727,0.0,0.0909090909090909,0.2727272727272727,3.0,0.0,0.375,0.0,0.0,0.1227272727272727,0.0,0.0,1.5519999999999998,0.375,2026,창원,1.0100284809306723,0.2120131132284445,-1.536661443309571,4.118354448291983,0
2026-04-04,NC,천재환,0.0,4.0,13.0,9.0,0.0,4.0,0.0,1.0,0.0,0.0,0.0,0.0,0.0,0.0,0.0,0.0,3243743,0.0,0.0,9.0,0.0,0.3076923076923077,0.0,0.3076923076923077,0.3076923076923077,0.0,0.0769230769230769,0.3076923076923077,4.0,0.0,0.4444444444444444,0.0,0.0,0.1384615384615384,0.0,0.0,1.982,0.4444444444444444,2026,창원,1.0100284809306723,0.2387314858204686,-1.507141573528321,19.03031786825977,0
2026-04-05,NC,천재환,0.0,4.0,13.0,9.0,0.0,4.0,0.0,1.0,0.0,0.0,0.0,0.0,0.0,0.0,0.0,0.0,3243743,0.0,0.0,9.0,0.0,0.3076923076923077,0.0,0.3076923076923077,0.3076923076923077,0.0,0.0769230769230769,0.3076923076923077,4.0,0.0,0.4444444444444444,0.0,0.0,0.1384615384615384,0.0,0.0,1.982,0.4444444444444444,2026,창원,1.0100284809306723,0.2368313330967854,-1.4217417623408424,19.70164512107988,0
2026-04-06,NC,천재환,0.0,4.0,13.0,9.0,0.0,4.0,0.0,1.0,0.0,0.0,0.0,0.0,0.0,0.0,0.0,0.0,3243743,0.0,0.0,9.0,0.0,0.3076923076923077,0.0,0.3076923076923077,0.3076923076923077,0.0,0.0769230769230769,0.3076923076923077,4.0,0.0,0.4444444444444444,0.0,0.0,0.1384615384615384,0.0,0.0,1.982,0.4444444444444444,2026,창원,1.0100284809306723,0.2368313330967854,-1.4217417623408424,19.70164512107988,0
2026-04-07,NC,천재환,0.0,4.0,13.0,9.0,0.0,4.0,0.0,1.0,0.0,0.0,0.0,0.0,0.0,0.0,0.0,0.0,3243743,0.0,0.0,9.0,0.0,0.3076923076923077,0.0,0.3076923076923077,0.3076923076923077,0.0,0.0769230769230769,0.3076923076923077,4.0,0.0,0.4444444444444444,0.0,0.0,0.1384615384615384,0.0,0.0,1.982,0.4444444444444444,2026,창원,1.0100284809306723,0.2362206162693732,-1.34619374885147,21.532485769827183,0
2026-04-08,NC,천재환,0.0,4.0,14.0,10.0,0.0,4.0,0.0,2.0,0.0,0.0,0.0,0.0,0.0,0.0,0.0,0.0,3243743,0.0,0.0,10.0,0.0,0.2857142857142857,0.0,0.2857142857142857,0.2857142857142857,0.0,0.1428571428571428,0.2857142857142857,2.0,0.0,0.4,0.0,0.0,0.1285714285714285,0.0,0.0,1.884,0.4,2026,창원,1.0100284809306723,0.2189890101264454,-1.6693440737733456,9.655680731773142,0
2026-04-09,NC,천재환,0.0,4.0,14.0,10.0,0.0,4.0,0.0,2.0,0.0,0.0,0.0,0.0,0.0,0.0,0.0,0.0,3243743,0.0,0.0,10.0,0.0,0.2857142857142857,0.0,0.2857142857142857,0.2857142857142857,0.0,0.1428571428571428,0.2857142857142857,2.0,0.0,0.4,0.0,0.0,0.1285714285714285,0.0,0.0,1.884,0.4,2026,창원,1.0100284809306723,0.2189890101264454,-1.6693440737733456,9.655680731773142,0
2026-04-10,NC,천재환,0.0,5.0,15.0,11.0,1.0,4.0,0.0,2.0,0.0,0.0,0.0,0.0,0.0,0.0,0.0,0.0,3243743,1.0,1.0,10.0,0.0909090909090909,0.3333333333333333,0.0909090909090909,0.4242424242424242,0.2424242424242424,0.0,0.1333333333333333,0.2666666666666666,2.0,0.1111111111111111,0.3636363636363636,0.0,0.0,0.1727272727272727,0.2631578947368421,0.7105263157894737,2.384,0.5,2026,창원,1.0100284809306723,0.2669194425704846,-1.1661782752659355,40.746644401161824,0
2026-04-11,NC,천재환,0.0,5.0,16.0,12.0,1.0,4.0,0.0,2.0,0.0,0.0,0.0,0.0,0.0,0.0,0.0,0.0,3243743,1.0,1.0,11.0,0.0833333333333333,0.3125,0.0833333333333333,0.3958333333333333,0.2291666666666666,0.0,0.125,0.25,2.0,0.1,0.3333333333333333,0.0,0.0,0.1614583333333333,0.25,0.6136363636363636,2.474,0.4545454545454545,2026,창원,1.0100284809306723,0.249726235646658,-1.423679990086095,31.28893362842416,0
2026-04-12,NC,천재환,0.0,5.0,18.0,14.0,1.0,4.0,0.0,2.0,0.0,0.0,0.0,0.0,0.0,0.0,0.0,0.0,3243743,1.0,1.0,13.0,0.0714285714285714,0.2777777777777778,0.0714285714285714,0.3492063492063492,0.2063492063492063,0.0,0.1111111111111111,0.2222222222222222,2.0,0.0833333333333333,0.2857142857142857,0.0,0.0,0.1428571428571428,0.2272727272727272,0.472027972027972,2.654,0.3846153846153846,2026,창원,1.0100284809306723,0.2214500864205228,-1.9754827209022447,14.62054732374025,0
2026-03-28,삼성,김영웅,0.0,0.0,5.0,5.0,0.0,0.0,0.0,4.0,0.0,0.0,0.0,0.0,0.0,0.0,0.0,0.0,3283321,0.0,0.0,5.0,0.0,0.0,0.0,0.0,0.0,0.0,0.8,0.0,0.0,0.0,0.0,0.0,0.0,0.0,0.0,0.0,-0.302,0.0,2026,대구,1.0406172533521605,0.0,-1.686271090201168,-130.28147774374196,0
2026-03-29,삼성,김영웅,0.0,0.0,9.0,9.0,0.0,0.0,0.0,5.0,0.0,0.0,0.0,0.0,0.0,0.0,0.0,0.0,3283321,0.0,0.0,9.0,0.0,0.0,0.0,0.0,0.0,0.0,0.5555555555555556,0.0,0.0,0.0,0.0,0.0,0.0,0.0,0.0,0.0,-0.13,0.0,2026,대구,1.0406172533521605,0.0,-3.1729479768786124,-131.049542142686,0
2026-03-30,삼성,김영웅,0.0,0.0,9.0,9.0,0.0,0.0,0.0,5.0,0.0,0.0,0.0,0.0,0.0,0.0,0.0,0.0,3283321,0.0,0.0,9.0,0.0,0.0,0.0,0.0,0.0,0.0,0.5555555555555556,0.0,0.0,0.0,0.0,0.0,0.0,0.0,0.0,0.0,-0.13,0.0,2026,대구,1.0406172533521605,0.0,-3.1729479768786124,-131.049542142686,0
2026-03-31,삼성,김영웅,0.0,0.0,14.0,14.0,1.0,0.0,0.0,7.0,0.0,0.0,0.0,0.0,0.0,0.0,0.0,0.0,3283321,1.0,1.0,13.0,0.0714285714285714,0.0714285714285714,0.0714285714285714,0.1428571428571428,0.0,0.0,0.5,0.0,0.0,0.1428571428571428,0.0,0.0,0.0,0.0499999999999999,0.0714285714285714,0.1483516483516483,0.354,0.0769230769230769,2026,대구,1.0406172533521605,0.0678131362598985,-3.77531425844674,-88.16295732047598,0
2026-04-01,삼성,김영웅,1.0,0.0,19.0,19.0,3.0,0.0,0.0,7.0,1.0,0.0,0.0,0.0,0.0,0.0,0.0,0.0,3283321,2.0,4.0,16.0,0.1578947368421052,0.1578947368421052,0.2105263157894736,0.3684210526315789,0.0,0.0526315789473684,0.3684210526315789,0.0,0.0,0.25,0.0526315789473684,0.0,0.0,0.1236842105263157,0.631578947368421,1.0657894736842104,1.844,0.25,2026,대구,1.0406172533521605,0.166918874102172,-3.6024607297464426,-28.66865084293142,0
2026-04-02,삼성,김영웅,1.0,0.0,23.0,23.0,3.0,0.0,0.0,8.0,1.0,0.0,0.0,0.0,0.0,0.0,0.0,0.0,3283321,2.0,4.0,20.0,0.1304347826086956,0.1304347826086956,0.1739130434782608,0.3043478260869565,0.0,0.0434782608695652,0.3478260869565217,0.0,0.0,0.2,0.0434782608695652,0.0,0.0,0.1021739130434782,0.5217391304347826,0.7043478260869566,2.016,0.2,2026,대구,1.0406172533521605,0.1380832980281531,-4.760101961974669,-41.6376934112398,0
2026-04-03,삼성,김영웅,1.0,0.0,27.0,27.0,3.0,0.0,0.0,11.0,1.0,0.0,0.0,0.0,0.0,0.0,0.0,0.0,3283321,2.0,4.0,24.0,0.1111111111111111,0.1111111111111111,0.1481481481481481,0.2592592592592592,0.0,0.037037037037037,0.4074074074074074,0.0,0.0,0.1875,0.037037037037037,0.0,0.0,0.087037037037037,0.4444444444444444,0.5,1.812,0.1666666666666666,2026,대구,1.0406172533521605,0.1179463479339353,-6.051172726684795,-56.27742487303045,0
2026-04-04,삼성,김영웅,1.0,1.0,31.0,31.0,4.0,0.0,0.0,13.0,2.0,0.0,0.0,0.0,0.0,0.0,0.0,0.0,3283321,2.0,6.0,27.0,0.1290322580645161,0.1290322580645161,0.1935483870967742,0.3225806451612903,0.0,0.064516129032258,0.4193548387096774,0.0,0.0,0.2222222222222222,0.064516129032258,0.0,0.0,0.1064516129032258,0.7741935483870968,0.7741935483870968,2.426,0.2222222222222222,2026,대구,1.0406172533521605,0.144137505734192,-6.215338228326552,-42.35538775811945,0
2026-04-05,삼성,김영웅,1.0,1.0,35.0,35.0,6.0,0.0,0.0,13.0,2.0,0.0,0.0,0.0,0.0,0.0,0.0,0.0,3283321,4.0,8.0,29.0,0.1714285714285714,0.1714285714285714,0.2285714285714285,0.4,0.0,0.0571428571428571,0.3714285714285714,0.0,0.0,0.2727272727272727,0.0571428571428571,0.0,0.0,0.1342857142857142,1.3714285714285714,1.2768472906403945,3.606,0.2758620689655172,2026,대구,1.0406172533521605,0.1825106451244682,-5.47151154348773,-17.408844417920367,0
2026-04-06,삼성,김영웅,1.0,1.0,35.0,35.0,6.0,0.0,0.0,13.0,2.0,0.0,0.0,0.0,0.0,0.0,0.0,0.0,3283321,4.0,8.0,29.0,0.1714285714285714,0.1714285714285714,0.2285714285714285,0.4,0.0,0.0571428571428571,0.3714285714285714,0.0,0.0,0.2727272727272727,0.0571428571428571,0.0,0.0,0.1342857142857142,1.3714285714285714,1.2768472906403945,3.606,0.2758620689655172,2026,대구,1.0406172533521605,0.1825106451244682,-5.47151154348773,-17.408844417920367,0
2026-04-07,삼성,김영웅,2.0,2.0,39.0,38.0,7.0,1.0,0.0,14.0,2.0,0.0,0.0,0.0,0.0,0.0,0.0,0.0,3283321,5.0,9.0,31.0,0.1842105263157894,0.2051282051282051,0.2368421052631578,0.441970310391363,0.0209176788124156,0.0526315789473684,0.358974358974359,0.0256410256410256,0.0714285714285714,0.2916666666666667,0.0789473684210526,0.0,0.0,0.1515182186234817,1.8,1.567741935483871,4.438000000000001,0.3225806451612903,2026,대구,1.0406172533521605,0.208761249576812,-4.940848721547742,1.1670732743987775,0
2026-04-08,삼성,김영웅,2.0,2.0,39.0,38.0,7.0,1.0,0.0,14.0,2.0,0.0,0.0,0.0,0.0,0.0,0.0,0.0,3283321,5.0,9.0,31.0,0.1842105263157894,0.2051282051282051,0.2368421052631578,0.441970310391363,0.0209176788124156,0.0526315789473684,0.358974358974359,0.0256410256410256,0.0714285714285714,0.2916666666666667,0.0789473684210526,0.0,0.0,0.1515182186234817,1.8,1.567741935483871,4.438000000000001,0.3225806451612903,2026,대구,1.0406172533521605,0.2082702111406584,-5.004127979541649,-0.2006094067269925,0
2026-04-09,삼성,김영웅,2.0,2.0,39.0,38.0,7.0,1.0,0.0,14.0,2.0,0.0,0.0,0.0,0.0,0.0,0.0,0.0,3283321,5.0,9.0,31.0,0.1842105263157894,0.2051282051282051,0.2368421052631578,0.441970310391363,0.0209176788124156,0.0526315789473684,0.358974358974359,0.0256410256410256,0.0714285714285714,0.2916666666666667,0.0789473684210526,0.0,0.0,0.1515182186234817,1.8,1.567741935483871,4.438000000000001,0.3225806451612903,2026,대구,1.0406172533521605,0.2082702111406584,-5.004127979541649,-0.2006094067269925,0
2026-04-10,삼성,김영웅,3.0,2.0,43.0,41.0,7.0,2.0,0.0,14.0,2.0,0.0,0.0,0.0,0.0,0.0,0.0,0.0,3283321,5.0,9.0,34.0,0.1707317073170731,0.2093023255813953,0.2195121951219512,0.4288145207033466,0.0385706182643221,0.048780487804878,0.3255813953488372,0.0465116279069767,0.1428571428571428,0.2592592592592592,0.0975609756097561,0.0,0.0,0.1490640952921157,1.8,1.4294117647058824,5.048,0.3235294117647059,2026,대구,1.0406172533521605,0.2061828464308137,-5.556383898569942,-0.878322519600494,0
2026-04-11,삼성,김영웅,3.0,2.0,43.0,41.0,7.0,2.0,0.0,14.0,2.0,0.0,0.0,0.0,0.0,0.0,0.0,0.0,3283321,5.0,9.0,34.0,0.1707317073170731,0.2093023255813953,0.2195121951219512,0.4288145207033466,0.0385706182643221,0.048780487804878,0.3255813953488372,0.0465116279069767,0.1428571428571428,0.2592592592592592,0.0975609756097561,0.0,0.0,0.1490640952921157,1.8,1.4294117647058824,5.048,0.3235294117647059,2026,대구,1.0406172533521605,0.2063548261178378,-5.38588256287323,0.628506927892114,0
2026-04-12,삼성,김영웅,3.0,2.0,43.0,41.0,7.0,2.0,0.0,14.0,2.0,0.0,0.0,0.0,0.0,0.0,0.0,0.0,3283321,5.0,9.0,34.0,0.1707317073170731,0.2093023255813953,0.2195121951219512,0.4288145207033466,0.0385706182643221,0.048780487804878,0.3255813953488372,0.0465116279069767,0.1428571428571428,0.2592592592592592,0.0975609756097561,0.0,0.0,0.1490640952921157,1.8,1.4294117647058824,5.048,0.3235294117647059,2026,대구,1.0406172533521605,0.206261706765784,-5.261187708331576,1.871412815728468,0
2026-03-28,SSG,에레디아,1.0,0.0,5.0,5.0,1.0,0.0,0.0,1.0,0.0,0.0,0.0,0.0,0.0,0.0,0.0,0.0,3329386,1.0,1.0,4.0,0.2,0.2,0.2,0.4,0.0,0.0,0.2,0.0,0.0,0.25,0.0,0.0,0.0,0.14,0.2,1.35,0.672,0.25,2026,문학,1.027807913649001,0.1953588395470908,-0.8185096257841227,-12.587005777785487,0
2026-03-29,SSG,에레디아,4.0,1.0,10.0,9.0,2.0,1.0,0.0,3.0,0.0,0.0,1.0,0.0,0.0,0.0,0.0,0.0,3329386,1.0,5.0,7.0,0.2222222222222222,0.3,0.5555555555555556,0.8555555555555556,0.0777777777777777,0.3333333333333333,0.3,0.1,0.3333333333333333,0.2,0.4444444444444444,10.0,9.0,0.2738888888888889,1.3636363636363635,5.259740259740259,2.346,0.8571428571428571,2026,문학,1.027807913649001,0.3593312955938509,-0.1513669449796615,87.47350610064015,0
2026-03-30,SSG,에레디아,4.0,1.0,10.0,9.0,2.0,1.0,0.0,3.0,0.0,0.0,1.0,0.0,0.0,0.0,0.0,0.0,3329386,1.0,5.0,7.0,0.2222222222222222,0.3,0.5555555555555556,0.8555555555555556,0.0777777777777777,0.3333333333333333,0.3,0.1,0.3333333333333333,0.2,0.4444444444444444,10.0,9.0,0.2738888888888889,1.3636363636363635,5.259740259740259,2.346,0.8571428571428571,2026,문학,1.027807913649001,0.3593312955938509,-0.1513669449796615,87.47350610064015,0
2026-03-31,SSG,에레디아,5.0,4.0,15.0,14.0,4.0,1.0,0.0,4.0,0.0,0.0,2.0,0.0,0.0,0.0,0.0,0.0,3329386,2.0,10.0,10.0,0.2857142857142857,0.3333333333333333,0.7142857142857143,1.0476190476190477,0.0476190476190476,0.4285714285714286,0.2666666666666666,0.0666666666666666,0.25,0.25,0.5,7.5,7.0,0.3285714285714285,3.125,8.4375,4.367999999999999,1.1,2026,문학,1.027807913649001,0.4354007352052387,0.904739409037952,138.39707795455695,0
2026-04-01,SSG,에레디아,5.0,4.0,19.0,18.0,5.0,1.0,0.0,4.0,0.0,0.0,2.0,0.0,0.0,0.0,0.0,0.0,3329386,3.0,11.0,13.0,0.2777777777777778,0.3157894736842105,0.6111111111111112,0.9269005847953216,0.0380116959064327,0.3333333333333333,0.2105263157894736,0.0526315789473684,0.25,0.25,0.3888888888888889,9.5,9.0,0.2948830409356725,3.3,6.8538461538461535,5.137999999999999,0.9230769230769232,2026,문학,1.027807913649001,0.389526874820384,0.3076951144094003,107.8621954923081,0
2026-04-02,SSG,에레디아,8.0,4.0,23.0,22.0,7.0,1.0,0.0,5.0,0.0,0.0,2.0,0.0,0.0,0.0,0.0,0.0,3329386,5.0,13.0,15.0,0.3181818181818182,0.3478260869565217,0.5909090909090909,0.9387351778656128,0.0296442687747035,0.2727272727272727,0.217391304347826,0.0434782608695652,0.2,0.3333333333333333,0.3181818181818182,11.5,11.0,0.3042490118577075,4.333333333333333,7.799999999999999,6.129999999999999,0.9333333333333332,2026,문학,1.027807913649001,0.4059679330975029,0.8319220315130101,121.26333200965372,0
2026-04-03,SSG,에레디아,10.0,5.0,28.0,27.0,9.0,1.0,0.0,5.0,0.0,0.0,3.0,0.0,0.0,1.0,0.0,0.0,3329386,6.0,18.0,19.0,0.3333333333333333,0.3571428571428571,0.6666666666666666,1.0238095238095235,0.0238095238095238,0.3333333333333333,0.1785714285714285,0.0357142857142857,0.2,0.3157894736842105,0.3703703703703703,9.333333333333334,9.0,0.3273809523809524,5.586206896551724,7.938294010889291,7.97,1.0,2026,문학,1.027807913649001,0.4378866068401253,1.76443626908497,140.01801011319813,0
2026-04-04,SSG,에레디아,11.0,6.0,33.0,32.0,11.0,1.0,0.0,6.0,1.0,0.0,3.0,0.0,0.0,1.0,0.0,0.0,3329386,7.0,21.0,22.0,0.34375,0.3636363636363636,0.65625,1.0198863636363638,0.0198863636363636,0.3125,0.1818181818181818,0.0303030303030303,0.1666666666666666,0.3478260869565217,0.34375,11.0,10.666666666666666,0.3276988636363636,6.794117647058823,8.338235294117647,9.272,1.0,2026,문학,1.027807913649001,0.4396730855080419,2.101923265611352,141.1533478881741,0
2026-04-05,SSG,에레디아,11.0,6.0,38.0,37.0,11.0,1.0,0.0,8.0,1.0,0.0,3.0,0.0,0.0,1.0,0.0,0.0,3329386,7.0,21.0,27.0,0.2972972972972973,0.3157894736842105,0.5675675675675675,0.883357041251778,0.0184921763869131,0.2702702702702702,0.2105263157894736,0.0263157894736842,0.125,0.3076923076923077,0.2972972972972973,12.666666666666666,12.333333333333334,0.2839971550497866,5.923076923076923,5.923076923076923,9.345999999999998,0.8148148148148148,2026,문학,1.027807913649001,0.3856952758943335,0.7348766040966741,111.24095268572498,0
2026-04-06,SSG,에레디아,11.0,6.0,38.0,37.0,11.0,1.0,0.0,8.0,1.0,0.0,3.0,0.0,0.0,1.0,0.0,0.0,3329386,7.0,21.0,27.0,0.2972972972972973,0.3157894736842105,0.5675675675675675,0.883357041251778,0.0184921763869131,0.2702702702702702,0.2105263157894736,0.0263157894736842,0.125,0.3076923076923077,0.2972972972972973,12.666666666666666,12.333333333333334,0.2839971550497866,5.923076923076923,5.923076923076923,9.345999999999998,0.8148148148148148,2026,문학,1.027807913649001,0.3856952758943335,0.7348766040966741,111.24095268572498,0
2026-04-07,SSG,에레디아,11.0,6.0,42.0,41.0,12.0,1.0,0.0,10.0,1.0,0.0,3.0,0.0,0.0,1.0,0.0,0.0,3329386,8.0,22.0,30.0,0.2926829268292683,0.3095238095238095,0.5365853658536586,0.8461091753774681,0.0168408826945412,0.2439024390243903,0.238095238095238,0.0238095238095238,0.1,0.3214285714285714,0.2682926829268293,14.0,13.666666666666666,0.2734320557491289,6.1395348837209305,5.525581395348837,9.74,0.7666666666666667,2026,문학,1.027807913649001,0.3750339613234121,0.5627850159489262,107.24301507278976,0
2026-04-08,SSG,에레디아,12.0,8.0,47.0,46.0,14.0,1.0,0.0,10.0,1.0,0.0,4.0,0.0,0.0,1.0,0.0,0.0,3329386,9.0,27.0,33.0,0.3043478260869565,0.3191489361702128,0.5869565217391305,0.9061054579093432,0.0148011100832562,0.2826086956521739,0.2127659574468085,0.0212765957446808,0.1,0.3125,0.3043478260869565,11.75,11.5,0.2903561517113784,7.875,6.443181818181818,11.95,0.8484848484848485,2026,문학,1.027807913649001,0.3972939913875608,1.4886693203980914,120.95128056072028,0
2026-04-09,SSG,에레디아,12.0,8.0,47.0,46.0,14.0,1.0,0.0,10.0,1.0,0.0,4.0,0.0,0.0,1.0,0.0,0.0,3329386,9.0,27.0,33.0,0.3043478260869565,0.3191489361702128,0.5869565217391305,0.9061054579093432,0.0148011100832562,0.2826086956521739,0.2127659574468085,0.0212765957446808,0.1,0.3125,0.3043478260869565,11.75,11.5,0.2903561517113784,7.875,6.443181818181818,11.95,0.8484848484848485,2026,문학,1.027807913649001,0.3972939913875608,1.4886693203980914,120.95128056072028,0
2026-04-10,SSG,에레디아,12.0,8.0,51.0,50.0,15.0,1.0,0.0,11.0,1.0,0.0,4.0,0.0,0.0,2.0,0.0,0.0,3329386,10.0,28.0,37.0,0.3,0.3137254901960784,0.56,0.8737254901960785,0.0137254901960784,0.26,0.2156862745098039,0.0196078431372549,0.0909090909090909,0.3142857142857143,0.28,12.75,12.5,0.2811764705882353,7.538461538461538,5.501039501039501,12.162,0.7837837837837838,2026,문학,1.027807913649001,0.3838911139864603,1.090678824736515,113.24253694508543,0
2026-04-11,SSG,에레디아,12.0,8.0,56.0,55.0,17.0,1.0,0.0,13.0,1.0,0.0,4.0,0.0,0.0,2.0,0.0,0.0,3329386,12.0,30.0,40.0,0.3090909090909091,0.3214285714285714,0.5454545454545454,0.8668831168831168,0.0123376623376623,0.2363636363636363,0.2321428571428571,0.0178571428571428,0.0769230769230769,0.3421052631578947,0.2545454545454545,14.0,13.75,0.2810064935064935,8.421052631578947,5.684210526315789,13.056,0.775,2026,문학,1.027807913649001,0.3849495925823181,1.3502832262679867,115.56708617953376,0
2026-04-12,SSG,에레디아,12.0,8.0,59.0,58.0,17.0,1.0,0.0,14.0,1.0,0.0,4.0,0.0,0.0,2.0,0.0,0.0,3329386,12.0,30.0,43.0,0.293103448275862,0.3050847457627119,0.5172413793103449,0.8223261250730567,0.0119812974868498,0.2241379310344828,0.2372881355932203,0.0169491525423728,0.0714285714285714,0.325,0.2413793103448276,14.75,14.5,0.2665984804208066,8.0,5.023255813953488,13.138,0.7209302325581395,2026,문학,1.027807913649001,0.3659442156411166,0.5994534258836516,105.0305343896599,0
2026-03-28,LG,오스틴,0.0,2.0,5.0,5.0,3.0,0.0,0.0,0.0,0.0,0.0,0.0,0.0,0.0,0.0,0.0,0.0,3333938,3.0,3.0,2.0,0.6,0.6,0.6,1.2,0.0,0.0,0.0,0.0,0.0,0.6,0.0,0.0,0.0,0.42,1.8,24.3,1.68,1.5,2026,잠실,0.9512583942824044,0.5860765186412726,0.9170133030499682,227.8950221501553,0
2026-03-29,LG,오스틴,1.0,4.0,10.0,9.0,6.0,1.0,0.0,0.0,1.0,0.0,0.0,0.0,0.0,0.0,0.0,0.0,3333938,5.0,7.0,3.0,0.6666666666666666,0.7,0.7777777777777778,1.477777777777778,0.0333333333333333,0.1111111111111111,0.0,0.1,0.0,0.6666666666666666,0.2222222222222222,0.0,0.0,0.5094444444444445,4.454545454545454,40.090909090909086,3.83,2.6666666666666665,2026,잠실,0.9512583942824044,0.6776373656776028,2.837535859558981,287.5678155295185,0
2026-03-30,LG,오스틴,1.0,4.0,10.0,9.0,6.0,1.0,0.0,0.0,1.0,0.0,0.0,0.0,0.0,0.0,0.0,0.0,3333938,5.0,7.0,3.0,0.6666666666666666,0.7,0.7777777777777778,1.477777777777778,0.0333333333333333,0.1111111111111111,0.0,0.1,0.0,0.6666666666666666,0.2222222222222222,0.0,0.0,0.5094444444444445,4.454545454545454,40.090909090909086,3.83,2.6666666666666665,2026,잠실,0.9512583942824044,0.6776373656776028,2.837535859558981,287.5678155295185,0
2026-03-31,LG,오스틴,1.0,4.0,14.0,13.0,6.0,1.0,0.0,0.0,1.0,0.0,0.0,0.0,0.0,1.0,0.0,0.0,3333938,5.0,7.0,8.0,0.4615384615384615,0.5,0.5384615384615384,1.0384615384615383,0.0384615384615384,0.0769230769230768,0.0,0.0714285714285714,0.0,0.4615384615384615,0.1538461538461538,0.0,0.0,0.3596153846153846,2.8,9.45,3.82,1.0,2026,잠실,0.9512583942824044,0.4862294490687868,1.4832244490716655,177.2028277214705,0
2026-04-01,LG,오스틴,2.0,5.0,19.0,16.0,7.0,2.0,0.0,1.0,1.0,0.0,0.0,0.0,1.0,1.0,0.0,0.0,3333938,6.0,8.0,11.0,0.4375,0.4736842105263157,0.5,0.9736842105263156,0.0361842105263157,0.0625,0.0526315789473684,0.1052631578947368,2.0,0.4375,0.1875,0.0,0.0,0.3381578947368421,2.6666666666666665,6.545454545454546,5.021999999999999,0.9090909090909092,2026,잠실,0.9512583942824044,0.448949664034932,1.3514687693259122,151.62064329532018,0
2026-04-02,LG,오스틴,2.0,5.0,23.0,19.0,7.0,3.0,0.0,1.0,1.0,0.0,0.0,0.0,1.0,1.0,0.0,0.0,3333938,6.0,8.0,14.0,0.3684210526315789,0.4347826086956521,0.4210526315789473,0.8558352402745995,0.0663615560640732,0.0526315789473684,0.0434782608695652,0.1304347826086956,3.0,0.3684210526315789,0.2105263157894736,0.0,0.0,0.3009153318077803,2.4615384615384617,4.747252747252747,5.632000000000001,0.7857142857142857,2026,잠실,0.9512583942824044,0.4044686005799291,0.8006238444769438,128.0137070244516,0
2026-04-03,LG,오스틴,4.0,6.0,28.0,24.0,10.0,3.0,0.0,2.0,2.0,0.0,1.0,0.0,1.0,1.0,0.0,0.0,3333938,7.0,15.0,16.0,0.4166666666666667,0.4642857142857143,0.625,1.0892857142857144,0.0476190476190476,0.2083333333333333,0.0714285714285714,0.1071428571428571,1.5,0.4090909090909091,0.3333333333333333,28.0,24.0,0.3651785714285714,5.32258064516129,8.981854838709676,8.283999999999999,1.125,2026,잠실,0.9512583942824044,0.4813983185617618,2.857834965347891,174.1948345355308,0
2026-04-04,LG,오스틴,6.0,8.0,33.0,28.0,14.0,4.0,0.0,2.0,2.0,0.0,3.0,0.0,1.0,1.0,0.0,0.0,3333938,9.0,25.0,16.0,0.5,0.5454545454545454,0.8928571428571429,1.4383116883116882,0.0454545454545454,0.3928571428571429,0.0606060606060606,0.1212121212121212,2.0,0.4583333333333333,0.5357142857142857,11.0,9.333333333333334,0.4686688311688312,10.81081081081081,18.24324324324324,12.504,1.8125,2026,잠실,0.9512583942824044,0.6066740385550056,7.028423948016956,251.78140571898265,0
2026-04-05,LG,오스틴,6.0,9.0,38.0,32.0,15.0,5.0,0.0,2.0,2.0,0.0,3.0,0.0,1.0,1.0,0.0,0.0,3333938,10.0,26.0,19.0,0.46875,0.5263157894736842,0.8125,1.338815789473684,0.0575657894736841,0.34375,0.0526315789473684,0.131578947368421,2.5,0.4285714285714285,0.5,12.666666666666666,10.666666666666666,0.4399671052631578,10.883720930232558,15.466340269277843,13.614,1.631578947368421,2026,잠실,0.9512583942824044,0.5757406678420747,6.978578330988418,238.02826923281765,0
2026-04-06,LG,오스틴,6.0,9.0,38.0,32.0,15.0,5.0,0.0,2.0,2.0,0.0,3.0,0.0,1.0,1.0,0.0,0.0,3333938,10.0,26.0,19.0,0.46875,0.5263157894736842,0.8125,1.338815789473684,0.0575657894736841,0.34375,0.0526315789473684,0.131578947368421,2.5,0.4285714285714285,0.5,12.666666666666666,10.666666666666666,0.4399671052631578,10.883720930232558,15.466340269277843,13.614,1.631578947368421,2026,잠실,0.9512583942824044,0.5757406678420747,6.978578330988418,238.02826923281765,0
2026-04-07,LG,오스틴,6.0,10.0,43.0,36.0,15.0,6.0,0.0,3.0,2.0,0.0,3.0,0.0,1.0,1.0,0.0,0.0,3333938,10.0,26.0,23.0,0.4166666666666667,0.4883720930232558,0.7222222222222222,1.210594315245478,0.0717054263565891,0.3055555555555555,0.0697674418604651,0.1395348837209302,2.0,0.3870967741935484,0.4722222222222222,14.333333333333334,12.0,0.4003229974160207,10.081632653061224,11.834960070984916,14.126,1.391304347826087,2026,잠실,0.9512583942824044,0.5302593674024632,6.1997460256398345,212.73030205887704,0
2026-04-08,LG,오스틴,6.0,11.0,48.0,40.0,15.0,7.0,0.0,4.0,2.0,0.0,3.0,0.0,1.0,1.0,0.0,0.0,3333938,10.0,26.0,27.0,0.375,0.4583333333333333,0.65,1.1083333333333334,0.0833333333333333,0.275,0.0833333333333333,0.1458333333333333,1.75,0.3529411764705882,0.45,16.0,13.333333333333334,0.36875,9.454545454545457,9.454545454545457,14.638000000000002,1.2222222222222223,2026,잠실,0.9512583942824044,0.489817608258714,5.279202593930388,187.2808309641472,0
2026-04-09,LG,오스틴,6.0,11.0,48.0,40.0,15.0,7.0,0.0,4.0,2.0,0.0,3.0,0.0,1.0,1.0,0.0,0.0,3333938,10.0,26.0,27.0,0.375,0.4583333333333333,0.65,1.1083333333333334,0.0833333333333333,0.275,0.0833333333333333,0.1458333333333333,1.75,0.3529411764705882,0.45,16.0,13.333333333333334,0.36875,9.454545454545457,9.454545454545457,14.638000000000002,1.2222222222222223,2026,잠실,0.9512583942824044,0.489817608258714,5.279202593930388,187.2808309641472,0
2026-04-10,LG,오스틴,9.0,14.0,53.0,43.0,17.0,9.0,0.0,4.0,2.0,0.0,4.0,0.0,1.0,1.0,0.0,0.0,3333938,11.0,31.0,28.0,0.3953488372093023,0.490566037735849,0.7209302325581395,1.2114962702939884,0.0952172005265467,0.3255813953488372,0.0754716981132075,0.1698113207547169,2.25,0.3611111111111111,0.5348837209302325,13.25,10.75,0.4009872751206669,12.0,11.571428571428571,17.348,1.4285714285714286,2026,잠실,0.9512583942824044,0.5271702077521235,7.569032529614345,211.87582369869816,0
2026-04-11,LG,오스틴,9.0,14.0,57.0,47.0,17.0,9.0,0.0,6.0,2.0,0.0,4.0,0.0,1.0,1.0,0.0,0.0,3333938,11.0,31.0,32.0,0.3617021276595745,0.4561403508771929,0.6595744680851063,1.1157148189622994,0.0944382232176184,0.2978723404255318,0.1052631578947368,0.1578947368421052,1.5,0.3421052631578947,0.4893617021276595,14.25,11.75,0.3701567749160134,11.272727272727272,9.511363636363637,17.332,1.25,2026,잠실,0.9512583942824044,0.4914446449755183,6.451138980557637,190.99545123874336,0
2026-04-12,LG,오스틴,10.0,14.0,61.0,51.0,18.0,9.0,0.0,6.0,2.0,0.0,4.0,0.0,1.0,1.0,0.0,0.0,3333938,12.0,32.0,35.0,0.3529411764705882,0.4426229508196721,0.6274509803921569,1.070073931211829,0.0896817743490838,0.2745098039215686,0.0983606557377049,0.1475409836065573,1.5,0.3333333333333333,0.4509803921568627,15.25,12.75,0.3560430729668916,11.428571428571429,8.816326530612244,18.102,1.1714285714285717,2026,잠실,0.9512583942824044,0.4750455180972334,6.142612060854806,182.2926276325775,0
2026-03-28,한화,문현빈,3.0,1.0,6.0,5.0,3.0,1.0,0.0,1.0,2.0,0.0,0.0,0.0,0.0,0.0,0.0,0.0,3611452,1.0,5.0,2.0,0.6,0.6666666666666666,1.0,1.6666666666666663,0.0666666666666666,0.4,0.1666666666666666,0.1666666666666666,1.0,0.75,0.6,0.0,0.0,0.55,2.857142857142857,38.57142857142857,2.272,3.0,2026,대전,1.019564452032887,0.7346817124077519,1.89252054942678,309.61764698903835,0
2026-03-29,한화,문현빈,3.0,3.0,11.0,8.0,4.0,3.0,0.0,1.0,2.0,0.0,0.0,0.0,0.0,0.0,0.0,0.0,3611452,2.0,6.0,4.0,0.5,0.6363636363636364,0.75,1.3863636363636362,0.1363636363636363,0.25,0.0909090909090909,0.2727272727272727,3.0,0.5714285714285714,0.625,0.0,0.0,0.4738636363636364,3.0,20.25,3.632,2.25,2026,대전,1.019564452032887,0.615065823717351,2.474986084350245,242.90812490868012,0
2026-03-30,한화,문현빈,3.0,3.0,11.0,8.0,4.0,3.0,0.0,1.0,2.0,0.0,0.0,0.0,0.0,0.0,0.0,0.0,3611452,2.0,6.0,4.0,0.5,0.6363636363636364,0.75,1.3863636363636362,0.1363636363636363,0.25,0.0909090909090909,0.2727272727272727,3.0,0.5714285714285714,0.625,0.0,0.0,0.4738636363636364,3.0,20.25,3.632,2.25,2026,대전,1.019564452032887,0.615065823717351,2.474986084350245,242.90812490868012,0
2026-03-31,한화,문현빈,3.0,3.0,16.0,12.0,5.0,4.0,0.0,2.0,2.0,0.0,0.0,0.0,0.0,0.0,0.0,0.0,3611452,3.0,7.0,7.0,0.4166666666666667,0.5625,0.5833333333333334,1.1458333333333337,0.1458333333333333,0.1666666666666666,0.125,0.25,2.0,0.5,0.5,0.0,0.0,0.3989583333333333,3.15,12.15,4.554,1.5714285714285714,2026,대전,1.019564452032887,0.5326359917234861,2.3616558216206847,198.8128555638371,0
2026-04-01,한화,문현빈,5.0,5.0,22.0,17.0,7.0,5.0,0.0,2.0,3.0,0.0,1.0,0.0,0.0,0.0,0.0,0.0,3611452,3.0,13.0,10.0,0.4117647058823529,0.5454545454545454,0.7647058823529411,1.3101604278074863,0.1336898395721925,0.3529411764705882,0.0909090909090909,0.2272727272727272,2.5,0.4285714285714285,0.6470588235294118,22.0,17.0,0.4366310160427807,5.777777777777778,15.6,7.324,1.8,2026,대전,1.019564452032887,0.5663821237766092,3.953277674706248,216.13846092651065,0
2026-04-02,한화,문현빈,8.0,6.0,27.0,22.0,10.0,5.0,0.0,2.0,3.0,0.0,2.0,0.0,0.0,0.0,0.0,0.0,3611452,5.0,19.0,12.0,0.4545454545454545,0.5555555555555556,0.8636363636363636,1.4191919191919191,0.101010101010101,0.4090909090909091,0.074074074074074,0.1851851851851851,2.5,0.4444444444444444,0.6363636363636364,13.5,11.0,0.4659090909090909,8.90625,20.0390625,9.944,2.0,2026,대전,1.019564452032887,0.6031471366712241,5.808507685090647,241.0497862648737,0
2026-04-03,한화,문현빈,8.0,6.0,32.0,26.0,10.0,5.0,1.0,2.0,3.0,0.0,2.0,0.0,0.0,1.0,0.0,0.0,3611452,5.0,19.0,17.0,0.3846153846153846,0.5,0.7307692307692307,1.2307692307692308,0.1153846153846153,0.3461538461538461,0.0625,0.15625,2.5,0.3636363636363636,0.5384615384615384,16.0,13.0,0.4076923076923077,7.5,11.911764705882351,10.274,1.4705882352941178,2026,대전,1.019564452032887,0.5359678551774659,4.833261642388967,200.62622270323743,0
2026-04-04,한화,문현빈,10.0,8.0,37.0,30.0,11.0,6.0,1.0,5.0,4.0,0.0,2.0,0.0,0.0,1.0,0.0,0.0,3611452,5.0,21.0,20.0,0.3666666666666666,0.4864864864864865,0.7,1.1864864864864866,0.1198198198198198,0.3333333333333333,0.1351351351351351,0.1621621621621621,1.2,0.391304347826087,0.5333333333333333,18.5,15.0,0.3939189189189189,8.113636363636363,10.95340909090909,11.04,1.4,2026,대전,1.019564452032887,0.51929632369119,4.99028610208505,191.0735344475504,0
2026-04-05,한화,문현빈,10.0,8.0,37.0,30.0,11.0,6.0,1.0,5.0,4.0,0.0,2.0,0.0,0.0,1.0,0.0,0.0,3611452,5.0,21.0,20.0,0.3666666666666666,0.4864864864864865,0.7,1.1864864864864866,0.1198198198198198,0.3333333333333333,0.1351351351351351,0.1621621621621621,1.2,0.391304347826087,0.5333333333333333,18.5,15.0,0.3939189189189189,8.113636363636363,10.95340909090909,11.04,1.4,2026,대전,1.019564452032887,0.5219156990347892,5.0731156151269525,197.4567990075649,0
2026-04-06,한화,문현빈,10.0,8.0,37.0,30.0,11.0,6.0,1.0,5.0,4.0,0.0,2.0,0.0,0.0,1.0,0.0,0.0,3611452,5.0,21.0,20.0,0.3666666666666666,0.4864864864864865,0.7,1.1864864864864866,0.1198198198198198,0.3333333333333333,0.1351351351351351,0.1621621621621621,1.2,0.391304347826087,0.5333333333333333,18.5,15.0,0.3939189189189189,8.113636363636363,10.95340909090909,11.04,1.4,2026,대전,1.019564452032887,0.5219156990347892,5.0731156151269525,197.4567990075649,0
2026-04-07,한화,문현빈,11.0,10.0,42.0,33.0,12.0,8.0,1.0,5.0,4.0,0.0,2.0,0.0,0.0,1.0,0.0,0.0,3611452,6.0,22.0,22.0,0.3636363636363636,0.5,0.6666666666666666,1.1666666666666663,0.1363636363636363,0.303030303030303,0.119047619047619,0.1904761904761904,1.6,0.3846153846153846,0.5454545454545454,21.0,16.5,0.3916666666666666,8.627450980392156,10.588235294117649,12.4,1.4090909090909092,2026,대전,1.019564452032887,0.5219508739873975,5.761562894388171,200.66318679694288,0
2026-04-08,한화,문현빈,11.0,11.0,46.0,36.0,13.0,9.0,1.0,5.0,4.0,0.0,2.0,0.0,0.0,1.0,0.0,0.0,3611452,7.0,23.0,24.0,0.3611111111111111,0.5,0.6388888888888888,1.1388888888888888,0.1388888888888889,0.2777777777777777,0.108695652173913,0.1956521739130435,1.8,0.3793103448275862,0.5277777777777778,23.0,18.0,0.3847222222222222,9.035714285714286,10.165178571428571,13.42,1.375,2026,대전,1.019564452032887,0.5127280880858612,5.951214071221864,194.9790908992541,0
2026-04-09,한화,문현빈,11.0,11.0,46.0,36.0,13.0,9.0,1.0,5.0,4.0,0.0,2.0,0.0,0.0,1.0,0.0,0.0,3611452,7.0,23.0,24.0,0.3611111111111111,0.5,0.6388888888888888,1.1388888888888888,0.1388888888888889,0.2777777777777777,0.108695652173913,0.1956521739130435,1.8,0.3793103448275862,0.5277777777777778,23.0,18.0,0.3847222222222222,9.035714285714286,10.165178571428571,13.42,1.375,2026,대전,1.019564452032887,0.5127280880858612,5.951214071221864,194.9790908992541,0
2026-04-10,한화,문현빈,12.0,11.0,50.0,39.0,14.0,10.0,1.0,5.0,5.0,0.0,2.0,0.0,0.0,2.0,0.0,0.0,3611452,7.0,25.0,27.0,0.358974358974359,0.5,0.6410256410256411,1.141025641025641,0.141025641025641,0.2820512820512821,0.1,0.2,2.0,0.375,0.5384615384615384,25.0,19.5,0.3852564102564103,9.42622950819672,9.42622950819672,14.29,1.3333333333333333,2026,대전,1.019564452032887,0.5118309764132352,6.490612625333972,195.3052224511316,0
2026-04-11,한화,문현빈,13.0,12.0,55.0,43.0,16.0,11.0,1.0,5.0,5.0,0.0,3.0,0.0,0.0,2.0,0.0,0.0,3611452,8.0,30.0,29.0,0.3720930232558139,0.509090909090909,0.6976744186046512,1.2067653276955603,0.1369978858350951,0.3255813953488372,0.0909090909090909,0.2,2.2,0.3714285714285714,0.5813953488372093,18.33333333333333,14.333333333333334,0.4035095137420719,11.64179104477612,10.838908903757078,16.750000000000004,1.4482758620689655,2026,대전,1.019564452032887,0.5340808206415399,8.185983166478765,211.29849235566468,0
2026-04-12,한화,문현빈,13.0,12.0,59.0,46.0,17.0,12.0,1.0,5.0,5.0,0.0,3.0,0.0,0.0,3.0,0.0,0.0,3611452,9.0,31.0,32.0,0.3695652173913043,0.5084745762711864,0.6739130434782609,1.1823876197494472,0.1389093588798821,0.3043478260869565,0.0847457627118644,0.2033898305084746,2.4,0.3684210526315789,0.5652173913043478,19.666666666666668,15.333333333333334,0.3972918201915991,11.625,9.80859375,17.400000000000002,1.375,2026,대전,1.019564452032887,0.5269685543606859,8.483443778934529,208.5891618721393,0
2026-03-28,KT,류현인,1.0,1.0,5.0,5.0,2.0,0.0,0.0,0.0,0.0,0.0,0.0,0.0,0.0,0.0,0.0,0.0,3611499,2.0,2.0,3.0,0.4,0.4,0.4,0.8,0.0,0.0,0.0,0.0,0.0,0.4,0.0,0.0,0.0,0.28,0.8,7.2,1.27,0.6666666666666666,2026,수원,1.0287682311922934,0.3907176790941817,0.0492518386329225,103.7305004635258,0
2026-03-29,KT,류현인,1.0,1.0,6.0,6.0,2.0,0.0,0.0,1.0,0.0,0.0,0.0,0.0,0.0,0.0,0.0,0.0,3611499,2.0,2.0,4.0,0.3333333333333333,0.3333333333333333,0.3333333333333333,0.6666666666666666,0.0,0.0,0.1666666666666666,0.0,0.0,0.4,0.0,0.0,0.0,0.2333333333333333,0.6666666666666666,4.5,1.172,0.5,2026,수원,1.0287682311922934,0.3153311674495773,-0.3387176193534573,60.7761708039958,0
2026-03-30,KT,류현인,1.0,1.0,6.0,6.0,2.0,0.0,0.0,1.0,0.0,0.0,0.0,0.0,0.0,0.0,0.0,0.0,3611499,2.0,2.0,4.0,0.3333333333333333,0.3333333333333333,0.3333333333333333,0.6666666666666666,0.0,0.0,0.1666666666666666,0.0,0.0,0.4,0.0,0.0,0.0,0.2333333333333333,0.6666666666666666,4.5,1.172,0.5,2026,수원,1.0287682311922934,0.3153311674495773,-0.3387176193534573,60.7761708039958,0
2026-03-31,KT,류현인,1.0,1.0,9.0,9.0,2.0,0.0,0.0,3.0,0.0,0.0,0.0,0.0,0.0,0.0,0.0,0.0,3611499,2.0,2.0,7.0,0.2222222222222222,0.2222222222222222,0.2222222222222222,0.4444444444444444,0.0,0.0,0.3333333333333333,0.0,0.0,0.3333333333333333,0.0,0.0,0.0,0.1555555555555555,0.4444444444444444,1.7142857142857142,1.0659999999999998,0.2857142857142857,2026,수원,1.0287682311922934,0.2109742016974622,-1.2703539823008845,0.7593883134423107,0
2026-04-01,KT,류현인,1.0,2.0,10.0,9.0,2.0,1.0,0.0,3.0,0.0,0.0,0.0,0.0,0.0,0.0,0.0,0.0,3611499,2.0,2.0,7.0,0.2222222222222222,0.3,0.2222222222222222,0.5222222222222221,0.0777777777777777,0.0,0.3,0.1,0.3333333333333333,0.3333333333333333,0.1111111111111111,0.0,0.0,0.1905555555555555,0.5454545454545454,2.103896103896104,1.406,0.4285714285714285,2026,수원,1.0287682311922934,0.267929250436122,-0.9622065553494116,33.88711182298248,0
2026-04-02,KT,류현인,1.0,2.0,16.0,14.0,3.0,1.0,1.0,3.0,0.0,0.0,0.0,0.0,0.0,0.0,0.0,0.0,3611499,3.0,3.0,11.0,0.2142857142857142,0.3125,0.2142857142857142,0.5267857142857143,0.0982142857142857,0.0,0.1875,0.0625,0.3333333333333333,0.2727272727272727,0.0714285714285714,0.0,0.0,0.1941964285714285,0.8333333333333334,2.0454545454545454,2.6060000000000003,0.4545454545454545,2026,수원,1.0287682311922934,0.2767670269089883,-1.2974707497447509,43.21784164498113,0
2026-04-03,KT,류현인,1.0,2.0,20.0,18.0,3.0,1.0,1.0,3.0,0.0,0.0,0.0,0.0,0.0,0.0,0.0,0.0,3611499,3.0,3.0,15.0,0.1666666666666666,0.25,0.1666666666666666,0.4166666666666666,0.0833333333333333,0.0,0.15,0.05,0.3333333333333333,0.2,0.0555555555555555,0.0,0.0,0.1541666666666666,0.6818181818181818,1.227272727272727,2.966,0.3333333333333333,2026,수원,1.0287682311922934,0.2216446677054629,-2.6210514975342045,8.115140409711842,0
2026-04-04,KT,류현인,3.0,3.0,24.0,22.0,5.0,1.0,1.0,5.0,1.0,0.0,0.0,0.0,0.0,0.0,0.0,0.0,3611499,4.0,6.0,17.0,0.2272727272727272,0.2916666666666667,0.2727272727272727,0.5643939393939394,0.0643939393939394,0.0454545454545454,0.2083333333333333,0.0416666666666666,0.2,0.2941176470588235,0.0909090909090909,0.0,0.0,0.1994318181818181,1.6153846153846154,2.5656108597285066,3.99,0.4705882352941176,2026,수원,1.0287682311922934,0.2775690262039056,-1.949178076924437,41.10364425328956,0
2026-04-05,KT,류현인,3.0,3.0,24.0,22.0,5.0,1.0,1.0,5.0,1.0,0.0,0.0,0.0,0.0,0.0,0.0,0.0,3611499,4.0,6.0,17.0,0.2272727272727272,0.2916666666666667,0.2727272727272727,0.5643939393939394,0.0643939393939394,0.0454545454545454,0.2083333333333333,0.0416666666666666,0.2,0.2941176470588235,0.0909090909090909,0.0,0.0,0.1994318181818181,1.6153846153846154,2.5656108597285066,3.99,0.4705882352941176,2026,수원,1.0287682311922934,0.2775091059131901,-1.780701221191349,43.32704797005638,0
2026-04-06,KT,류현인,3.0,3.0,24.0,22.0,5.0,1.0,1.0,5.0,1.0,0.0,0.0,0.0,0.0,0.0,0.0,0.0,3611499,4.0,6.0,17.0,0.2272727272727272,0.2916666666666667,0.2727272727272727,0.5643939393939394,0.0643939393939394,0.0454545454545454,0.2083333333333333,0.0416666666666666,0.2,0.2941176470588235,0.0909090909090909,0.0,0.0,0.1994318181818181,1.6153846153846154,2.5656108597285066,3.99,0.4705882352941176,2026,수원,1.0287682311922934,0.2775091059131901,-1.780701221191349,43.32704797005638,0
2026-04-07,KT,류현인,3.0,3.0,24.0,22.0,5.0,1.0,1.0,5.0,1.0,0.0,0.0,0.0,0.0,0.0,0.0,0.0,3611499,4.0,6.0,17.0,0.2272727272727272,0.2916666666666667,0.2727272727272727,0.5643939393939394,0.0643939393939394,0.0454545454545454,0.2083333333333333,0.0416666666666666,0.2,0.2941176470588235,0.0909090909090909,0.0,0.0,0.1994318181818181,1.6153846153846154,2.5656108597285066,3.99,0.4705882352941176,2026,수원,1.0287682311922934,0.2783177554514651,-1.6340564858597637,46.19064571509761,0
2026-04-08,KT,류현인,3.0,3.0,27.0,25.0,6.0,1.0,1.0,5.0,2.0,0.0,0.0,0.0,0.0,0.0,0.0,0.0,3611499,4.0,8.0,19.0,0.24,0.2962962962962963,0.32,0.6162962962962963,0.0562962962962962,0.08,0.1851851851851851,0.037037037037037,0.2,0.3,0.12,0.0,0.0,0.2133333333333333,2.206896551724138,3.1361161524500907,4.89,0.5263157894736842,2026,수원,1.0287682311922934,0.2951459929989117,-1.4791027082744237,56.07727111465852,0
2026-04-09,KT,류현인,3.0,3.0,27.0,25.0,6.0,1.0,1.0,5.0,2.0,0.0,0.0,0.0,0.0,0.0,0.0,0.0,3611499,4.0,8.0,19.0,0.24,0.2962962962962963,0.32,0.6162962962962963,0.0562962962962962,0.08,0.1851851851851851,0.037037037037037,0.2,0.3,0.12,0.0,0.0,0.2133333333333333,2.206896551724138,3.1361161524500907,4.89,0.5263157894736842,2026,수원,1.0287682311922934,0.2951459929989117,-1.4791027082744237,56.07727111465852,0
2026-04-10,KT,류현인,3.0,5.0,33.0,31.0,9.0,1.0,1.0,5.0,2.0,0.0,0.0,0.0,0.0,0.0,0.0,0.0,3611499,7.0,11.0,22.0,0.2903225806451613,0.3333333333333333,0.3548387096774194,0.6881720430107527,0.043010752688172,0.064516129032258,0.1515151515151515,0.0303030303030303,0.2,0.3461538461538461,0.0967741935483871,0.0,0.0,0.2387096774193548,3.4571428571428573,4.242857142857143,6.659999999999999,0.5909090909090909,2026,수원,1.0287682311922934,0.3269548724105139,-0.886592205585058,76.99353748852225,0
2026-04-11,KT,류현인,4.0,5.0,34.0,32.0,9.0,1.0,1.0,5.0,2.0,0.0,0.0,0.0,0.0,0.0,0.0,0.0,3611499,7.0,11.0,23.0,0.28125,0.3235294117647059,0.34375,0.6672794117647058,0.0422794117647059,0.0625,0.1470588235294117,0.0294117647058823,0.2,0.3333333333333333,0.09375,0.0,0.0,0.2315257352941176,3.361111111111111,3.945652173913044,6.749999999999999,0.5652173913043478,2026,수원,1.0287682311922934,0.3175861514710933,-1.095693844607584,72.60098467838586,0
2026-04-12,KT,류현인,4.0,5.0,34.0,32.0,9.0,1.0,1.0,5.0,2.0,0.0,0.0,0.0,0.0,0.0,0.0,0.0,3611499,7.0,11.0,23.0,0.28125,0.3235294117647059,0.34375,0.6672794117647058,0.0422794117647059,0.0625,0.1470588235294117,0.0294117647058823,0.2,0.3333333333333333,0.09375,0.0,0.0,0.2315257352941176,3.361111111111111,3.945652173913044,6.749999999999999,0.5652173913043478,2026,수원,1.0287682311922934,0.3174313792530905,-1.023346387875297,73.98308609301256,0
2026-03-28,두산,김민석,0.0,0.0,2.0,1.0,1.0,1.0,0.0,0.0,0.0,0.0,0.0,0.0,0.0,0.0,0.0,0.0,3611562,1.0,1.0,0.0,1.0,1.0,1.0,2.0,0.0,0.0,0.0,0.5,0.0,1.0,1.0,0.0,0.0,0.7,0.6666666666666666,0.0,0.8400000000000001,0.0,2026,잠실,0.9512583942824044,0.8895564562262097,0.9060144927536232,408.7374827568209,0
2026-03-29,두산,김민석,3.0,1.0,6.0,5.0,2.0,1.0,0.0,2.0,0.0,0.0,1.0,0.0,0.0,0.0,0.0,0.0,3611562,1.0,5.0,3.0,0.4,0.5,1.0,1.5,0.0999999999999999,0.6,0.3333333333333333,0.1666666666666666,0.5,0.5,0.8,6.0,5.0,0.475,2.142857142857143,19.285714285714285,2.1739999999999995,2.0,2026,잠실,0.9512583942824044,0.5988854926564183,1.2588321558552775,239.95653421930663,0
2026-03-30,두산,김민석,3.0,1.0,6.0,5.0,2.0,1.0,0.0,2.0,0.0,0.0,1.0,0.0,0.0,0.0,0.0,0.0,3611562,1.0,5.0,3.0,0.4,0.5,1.0,1.5,0.0999999999999999,0.6,0.3333333333333333,0.1666666666666666,0.5,0.5,0.8,6.0,5.0,0.475,2.142857142857143,19.285714285714285,2.1739999999999995,2.0,2026,잠실,0.9512583942824044,0.5988854926564183,1.2588321558552775,239.95653421930663,0
2026-03-31,두산,김민석,4.0,2.0,10.0,8.0,4.0,2.0,0.0,3.0,0.0,0.0,1.0,0.0,0.0,0.0,0.0,0.0,3611562,3.0,7.0,4.0,0.5,0.6,0.875,1.475,0.0999999999999999,0.375,0.3,0.2,0.6666666666666666,0.75,0.625,10.0,8.0,0.48875,3.5,23.625,3.416,2.25,2026,잠실,0.9512583942824044,0.6329352314656305,2.3764153714583176,267.1126802556437,0
2026-04-01,두산,김민석,4.0,3.0,14.0,12.0,4.0,2.0,0.0,3.0,0.0,0.0,1.0,0.0,0.0,0.0,0.0,0.0,3611562,3.0,7.0,8.0,0.3333333333333333,0.4285714285714285,0.5833333333333334,1.011904761904762,0.0952380952380952,0.25,0.2142857142857142,0.1428571428571428,0.6666666666666666,0.375,0.4166666666666667,14.0,12.0,0.3386904761904762,2.625,8.859375,3.776,1.125,2026,잠실,0.9512583942824044,0.4497119517846171,1.005685219542363,152.0837863585036,0
2026-04-02,두산,김민석,4.0,3.0,14.0,12.0,4.0,2.0,0.0,3.0,0.0,0.0,1.0,0.0,0.0,0.0,0.0,0.0,3611562,3.0,7.0,8.0,0.3333333333333333,0.4285714285714285,0.5833333333333334,1.011904761904762,0.0952380952380952,0.25,0.2142857142857142,0.1428571428571428,0.6666666666666666,0.375,0.4166666666666667,14.0,12.0,0.3386904761904762,2.625,8.859375,3.776,1.125,2026,잠실,0.9512583942824044,0.4506696961742512,1.074384364910731,155.88774053569858,0
2026-04-03,두산,김민석,4.0,3.0,16.0,14.0,5.0,2.0,0.0,3.0,0.0,0.0,1.0,0.0,0.0,0.0,0.0,0.0,3611562,4.0,8.0,9.0,0.3571428571428571,0.4375,0.5714285714285714,1.0089285714285714,0.0803571428571428,0.2142857142857142,0.1875,0.125,0.6666666666666666,0.4,0.3571428571428571,16.0,14.0,0.3397321428571428,3.111111111111111,9.333333333333334,4.366,1.1111111111111112,2026,잠실,0.9512583942824044,0.4551725047786837,1.2564632998575185,158.20930646810865,0
2026-04-04,두산,김민석,4.0,3.0,16.0,14.0,5.0,2.0,0.0,3.0,0.0,0.0,1.0,0.0,0.0,0.0,0.0,0.0,3611562,4.0,8.0,9.0,0.3571428571428571,0.4375,0.5714285714285714,1.0089285714285714,0.0803571428571428,0.2142857142857142,0.1875,0.125,0.6666666666666666,0.4,0.3571428571428571,16.0,14.0,0.3397321428571428,3.111111111111111,9.333333333333334,4.366,1.1111111111111112,2026,잠실,0.9512583942824044,0.4552099141039485,1.2413368034070766,158.3883379448295,0
2026-04-05,두산,김민석,4.0,3.0,16.0,14.0,5.0,2.0,0.0,3.0,0.0,0.0,1.0,0.0,0.0,0.0,0.0,0.0,3611562,4.0,8.0,9.0,0.3571428571428571,0.4375,0.5714285714285714,1.0089285714285714,0.0803571428571428,0.2142857142857142,0.1875,0.125,0.6666666666666666,0.4,0.3571428571428571,16.0,14.0,0.3397321428571428,3.111111111111111,9.333333333333334,4.366,1.1111111111111112,2026,잠실,0.9512583942824044,0.4573721307431991,1.300938650030292,163.82745028349814,0
2026-04-06,두산,김민석,4.0,3.0,16.0,14.0,5.0,2.0,0.0,3.0,0.0,0.0,1.0,0.0,0.0,0.0,0.0,0.0,3611562,4.0,8.0,9.0,0.3571428571428571,0.4375,0.5714285714285714,1.0089285714285714,0.0803571428571428,0.2142857142857142,0.1875,0.125,0.6666666666666666,0.4,0.3571428571428571,16.0,14.0,0.3397321428571428,3.111111111111111,9.333333333333334,4.366,1.1111111111111112,2026,잠실,0.9512583942824044,0.4573721307431991,1.300938650030292,163.82745028349814,0
2026-04-07,두산,김민석,4.0,4.0,20.0,16.0,6.0,4.0,0.0,3.0,0.0,1.0,1.0,0.0,0.0,0.0,0.0,0.0,3611562,4.0,11.0,10.0,0.375,0.5,0.6875,1.1875,0.125,0.3125,0.15,0.2,1.3333333333333333,0.4166666666666667,0.5625,20.0,16.0,0.396875,4.583333333333333,12.374999999999998,6.176,1.5,2026,잠실,0.9512583942824044,0.5263332970601059,2.8174469531156703,210.2558577081532,0
2026-04-08,두산,김민석,5.0,5.0,24.0,19.0,7.0,5.0,0.0,3.0,0.0,1.0,1.0,0.0,0.0,0.0,0.0,0.0,3611562,5.0,12.0,12.0,0.3684210526315789,0.5,0.631578947368421,1.131578947368421,0.131578947368421,0.2631578947368421,0.125,0.2083333333333333,1.6666666666666667,0.4,0.5263157894736842,24.0,19.0,0.3828947368421053,4.965517241379311,11.17241379310345,7.196,1.4166666666666667,2026,잠실,0.9512583942824044,0.509055403206256,3.0303781058434667,199.48063391288983,0
2026-04-09,두산,김민석,5.0,5.0,24.0,19.0,7.0,5.0,0.0,3.0,0.0,1.0,1.0,0.0,0.0,0.0,0.0,0.0,3611562,5.0,12.0,12.0,0.3684210526315789,0.5,0.631578947368421,1.131578947368421,0.131578947368421,0.2631578947368421,0.125,0.2083333333333333,1.6666666666666667,0.4,0.5263157894736842,24.0,19.0,0.3828947368421053,4.965517241379311,11.17241379310345,7.196,1.4166666666666667,2026,잠실,0.9512583942824044,0.509055403206256,3.0303781058434667,199.48063391288983,0
2026-04-10,두산,김민석,7.0,6.0,29.0,23.0,8.0,5.0,0.0,5.0,0.0,1.0,1.0,0.0,1.0,0.0,0.0,0.0,3611562,6.0,13.0,16.0,0.3478260869565217,0.4482758620689655,0.5652173913043478,1.0134932533733134,0.1004497751124438,0.217391304347826,0.1724137931034483,0.1724137931034483,1.0,0.3888888888888889,0.4347826086956521,29.0,23.0,0.3430284857571214,4.588235294117647,7.742647058823529,7.96,1.125,2026,잠실,0.9512583942824044,0.4528832820083608,2.3158036409073826,164.70564258426506,0
2026-04-11,두산,김민석,7.0,7.0,33.0,27.0,9.0,5.0,0.0,7.0,1.0,1.0,1.0,0.0,1.0,0.0,0.0,0.0,3611562,6.0,15.0,19.0,0.3333333333333333,0.4242424242424242,0.5555555555555556,0.97979797979798,0.0909090909090909,0.2222222222222222,0.2121212121212121,0.1515151515151515,0.7142857142857143,0.4,0.4074074074074074,33.0,27.0,0.3297979797979798,5.131578947368421,7.292243767313019,8.573999999999998,1.0526315789473684,2026,잠실,0.9512583942824044,0.4381740317425382,2.264649094430751,157.09405209580197,0
2026-04-12,두산,김민석,7.0,7.0,37.0,30.0,9.0,6.0,0.0,8.0,1.0,1.0,1.0,0.0,1.0,0.0,0.0,0.0,3611562,6.0,15.0,22.0,0.3,0.4054054054054054,0.5,0.9054054054054056,0.1054054054054054,0.2,0.2162162162162162,0.1621621621621621,0.75,0.3636363636363636,0.4,37.0,30.0,0.3074324324324324,4.883720930232558,5.993657505285412,8.995999999999997,0.9545454545454546,2026,잠실,0.9512583942824044,0.4113906488414471,1.7713456337556486,141.68052329128355,0
2026-03-28,키움,김건희,0.0,1.0,4.0,3.0,2.0,1.0,0.0,1.0,0.0,0.0,0.0,0.0,0.0,0.0,0.0,0.0,3612591,2.0,2.0,1.0,0.6666666666666666,0.75,0.6666666666666666,1.4166666666666663,0.0833333333333333,0.0,0.25,0.25,1.0,1.0,0.3333333333333333,0.0,0.0,0.5041666666666667,1.2,32.4,1.242,3.0,2026,고척,0.9666905138306804,0.6889767775469684,1.0992675210902012,287.6696559997503,0
2026-03-29,키움,김건희,1.0,2.0,8.0,6.0,3.0,1.0,0.0,2.0,0.0,0.0,0.0,0.0,1.0,0.0,0.0,0.0,3612591,3.0,3.0,4.0,0.5,0.5,0.5,1.0,0.0,0.0,0.25,0.125,0.5,0.6,0.1666666666666666,0.0,0.0,0.35,1.0,6.75,2.104,1.0,2026,고척,0.9666905138306804,0.4523631591468573,0.5777638621280241,149.82982867473544,0
2026-03-30,키움,김건희,1.0,2.0,8.0,6.0,3.0,1.0,0.0,2.0,0.0,0.0,0.0,0.0,1.0,0.0,0.0,0.0,3612591,3.0,3.0,4.0,0.5,0.5,0.5,1.0,0.0,0.0,0.25,0.125,0.5,0.6,0.1666666666666666,0.0,0.0,0.35,1.0,6.75,2.104,1.0,2026,고척,0.9666905138306804,0.4523631591468573,0.5777638621280241,149.82982867473544,0
2026-03-31,키움,김건희,1.0,2.0,12.0,8.0,3.0,3.0,0.0,2.0,0.0,0.0,0.0,0.0,1.0,0.0,0.0,0.0,3612591,3.0,3.0,6.0,0.375,0.5,0.375,0.875,0.125,0.0,0.1666666666666666,0.25,1.5,0.4285714285714285,0.375,0.0,0.0,0.31875,1.0,4.5,2.964,1.0,2026,고척,0.9666905138306804,0.4315258077996208,0.6820495277757134,142.13403661606375,0
2026-04-01,키움,김건희,2.0,2.0,18.0,13.0,5.0,4.0,0.0,3.0,1.0,0.0,0.0,0.0,1.0,0.0,0.0,0.0,3612591,4.0,6.0,9.0,0.3846153846153846,0.5,0.4615384615384615,0.9615384615384616,0.1153846153846153,0.0769230769230769,0.1666666666666666,0.2222222222222222,1.3333333333333333,0.4545454545454545,0.3846153846153846,0.0,0.0,0.3403846153846154,2.1818181818181817,6.545454545454545,4.606000000000001,1.1111111111111112,2026,고척,0.9666905138306804,0.4552623142212664,1.385385899814472,153.91280734556668,0
2026-04-02,키움,김건희,2.0,2.0,21.0,15.0,5.0,5.0,0.0,5.0,1.0,0.0,0.0,0.0,1.0,0.0,0.0,0.0,3612591,4.0,6.0,11.0,0.3333333333333333,0.4761904761904761,0.4,0.8761904761904762,0.1428571428571428,0.0666666666666667,0.238095238095238,0.238095238095238,1.0,0.4545454545454545,0.4,0.0,0.0,0.3142857142857143,2.076923076923077,5.097902097902098,4.75,1.0,2026,고척,0.9666905138306804,0.4267246089599424,1.155193920913933,139.89798451399386,0
2026-04-03,키움,김건희,2.0,3.0,25.0,19.0,6.0,5.0,0.0,6.0,2.0,0.0,0.0,0.0,1.0,0.0,0.0,0.0,3612591,4.0,8.0,14.0,0.3157894736842105,0.44,0.4210526315789473,0.8610526315789473,0.1242105263157895,0.1052631578947368,0.24,0.2,0.8333333333333334,0.4285714285714285,0.3684210526315789,0.0,0.0,0.3032631578947368,2.6666666666666665,5.142857142857143,5.5520000000000005,0.9285714285714286,2026,고척,0.9666905138306804,0.4102403945714931,0.95510635443283,129.27844070064685,0
2026-04-04,키움,김건희,4.0,4.0,29.0,22.0,7.0,5.0,0.0,7.0,3.0,0.0,0.0,0.0,2.0,0.0,0.0,0.0,3612591,4.0,10.0,17.0,0.3181818181818182,0.4137931034482758,0.4545454545454545,0.8683385579937304,0.0956112852664576,0.1363636363636363,0.2413793103448276,0.1724137931034483,0.7142857142857143,0.4117647058823529,0.3636363636363636,0.0,0.0,0.2998432601880877,2.9411764705882355,4.67128027681661,6.634,0.8823529411764706,2026,고척,0.9666905138306804,0.3976223719359585,0.7570178654140545,121.3365377475109,0
2026-04-05,키움,김건희,5.0,6.0,33.0,26.0,9.0,5.0,0.0,9.0,3.0,0.0,1.0,0.0,2.0,0.0,0.0,0.0,3612591,5.0,15.0,19.0,0.3461538461538461,0.4242424242424242,0.5769230769230769,1.0011655011655012,0.0780885780885781,0.2307692307692307,0.2727272727272727,0.1515151515151515,0.5555555555555556,0.4444444444444444,0.4230769230769231,33.0,26.0,0.3351398601398601,4.7368421052631575,6.731301939058172,8.378,1.0526315789473684,2026,고척,0.9666905138306804,0.4383018814615343,2.139094996570252,150.3298106661473,0
2026-04-06,키움,김건희,5.0,6.0,33.0,26.0,9.0,5.0,0.0,9.0,3.0,0.0,1.0,0.0,2.0,0.0,0.0,0.0,3612591,5.0,15.0,19.0,0.3461538461538461,0.4242424242424242,0.5769230769230769,1.0011655011655012,0.0780885780885781,0.2307692307692307,0.2727272727272727,0.1515151515151515,0.5555555555555556,0.4444444444444444,0.4230769230769231,33.0,26.0,0.3351398601398601,4.7368421052631575,6.731301939058172,8.378,1.0526315789473684,2026,고척,0.9666905138306804,0.4383018814615343,2.139094996570252,150.3298106661473,0
2026-04-07,키움,김건희,5.0,6.0,38.0,30.0,9.0,6.0,0.0,11.0,3.0,0.0,1.0,0.0,2.0,1.0,0.0,0.0,3612591,5.0,15.0,24.0,0.3,0.3947368421052631,0.5,0.8947368421052632,0.0947368421052631,0.2,0.2894736842105263,0.1578947368421052,0.5454545454545454,0.4,0.4,38.0,30.0,0.3026315789473684,4.090909090909091,4.602272727272728,8.332,0.875,2026,고척,0.9666905138306804,0.4028644426829995,1.400200371533765,130.89518896768507,0
2026-04-08,키움,김건희,5.0,6.0,40.0,32.0,9.0,6.0,0.0,11.0,3.0,0.0,1.0,0.0,2.0,1.0,0.0,0.0,3612591,5.0,15.0,26.0,0.28125,0.375,0.46875,0.84375,0.09375,0.1875,0.275,0.15,0.5454545454545454,0.3636363636363636,0.375,40.0,32.0,0.2859375,3.9130434782608696,4.063545150501673,8.512,0.8076923076923077,2026,고척,0.9666905138306804,0.3818220322837991,0.7431501345159789,117.25135279104562,0
2026-04-09,키움,김건희,5.0,6.0,40.0,32.0,9.0,6.0,0.0,11.0,3.0,0.0,1.0,0.0,2.0,1.0,0.0,0.0,3612591,5.0,15.0,26.0,0.28125,0.375,0.46875,0.84375,0.09375,0.1875,0.275,0.15,0.5454545454545454,0.3636363636363636,0.375,40.0,32.0,0.2859375,3.9130434782608696,4.063545150501673,8.512,0.8076923076923077,2026,고척,0.9666905138306804,0.3818220322837991,0.7431501345159789,117.25135279104562,0
2026-04-10,키움,김건희,5.0,6.0,43.0,35.0,9.0,6.0,0.0,12.0,3.0,0.0,1.0,0.0,2.0,2.0,0.0,0.0,3612591,5.0,15.0,30.0,0.2571428571428571,0.3488372093023256,0.4285714285714285,0.7774086378737541,0.0916943521594684,0.1714285714285714,0.2790697674418604,0.1395348837209302,0.5,0.3333333333333333,0.3428571428571428,43.0,35.0,0.2641196013289036,3.36734693877551,3.03061224489796,8.224,0.7,2026,고척,0.9666905138306804,0.3542850937554349,-0.1592991707446193,100.5552578210246,0
2026-04-11,키움,김건희,5.0,6.0,46.0,38.0,9.0,6.0,0.0,13.0,3.0,0.0,1.0,0.0,2.0,2.0,0.0,0.0,3612591,5.0,15.0,33.0,0.2368421052631578,0.3260869565217391,0.3947368421052631,0.7208237986270023,0.0892448512585812,0.1578947368421052,0.2826086956521739,0.1304347826086956,0.4615384615384615,0.3076923076923077,0.3157894736842105,46.0,38.0,0.2454233409610984,3.173076923076923,2.5961538461538463,8.306000000000001,0.6363636363636364,2026,고척,0.9666905138306804,0.3316885067455515,-0.9398709945047032,87.78349024995539,0
2026-04-12,키움,김건희,5.0,6.0,50.0,42.0,10.0,6.0,0.0,15.0,3.0,0.0,1.0,0.0,2.0,2.0,0.0,0.0,3612591,6.0,16.0,36.0,0.238095238095238,0.32,0.3809523809523809,0.700952380952381,0.0819047619047619,0.1428571428571428,0.3,0.12,0.4,0.3214285714285714,0.2857142857142857,50.0,42.0,0.2392380952380952,3.4285714285714284,2.571428571428571,8.7,0.6111111111111112,2026,고척,0.9666905138306804,0.3240849752838558,-1.228844950108841,84.43588322009002,0
2026-03-28,KIA,윤도현,0.0,0.0,5.0,5.0,1.0,0.0,0.0,2.0,0.0,0.0,0.0,0.0,0.0,0.0,0.0,0.0,3638750,1.0,1.0,4.0,0.2,0.2,0.2,0.4,0.0,0.0,0.4,0.0,0.0,0.3333333333333333,0.0,0.0,0.0,0.14,0.2,1.35,0.4839999999999999,0.25,2026,광주,0.9987402594586288,0.1953588395470908,-0.8185096257841227,-9.68024035874826,0
2026-03-29,KIA,윤도현,0.0,0.0,9.0,9.0,2.0,0.0,0.0,3.0,0.0,0.0,0.0,0.0,0.0,1.0,0.0,0.0,3638750,2.0,2.0,8.0,0.2222222222222222,0.2222222222222222,0.2222222222222222,0.4444444444444444,0.0,0.0,0.3333333333333333,0.0,0.0,0.3333333333333333,0.0,0.0,0.0,0.1555555555555555,0.2222222222222222,0.75,0.6959999999999998,0.25,2026,광주,0.9987402594586288,0.2102207782997182,-1.3963669449796614,0.2320310671305669,0
2026-03-30,KIA,윤도현,0.0,0.0,9.0,9.0,2.0,0.0,0.0,3.0,0.0,0.0,0.0,0.0,0.0,1.0,0.0,0.0,3638750,2.0,2.0,8.0,0.2222222222222222,0.2222222222222222,0.2222222222222222,0.4444444444444444,0.0,0.0,0.3333333333333333,0.0,0.0,0.3333333333333333,0.0,0.0,0.0,0.1555555555555555,0.2222222222222222,0.75,0.6959999999999998,0.25,2026,광주,0.9987402594586288,0.2102207782997182,-1.3963669449796614,0.2320310671305669,0
2026-03-31,KIA,윤도현,0.0,1.0,14.0,14.0,3.0,0.0,0.0,5.0,0.0,0.0,0.0,0.0,0.0,1.0,0.0,0.0,3638750,3.0,3.0,12.0,0.2142857142857142,0.2142857142857142,0.2142857142857142,0.4285714285714285,0.0,0.0,0.3571428571428571,0.0,0.0,0.3333333333333333,0.0,0.0,0.0,0.15,0.4285714285714285,0.9642857142857144,1.1800000000000002,0.25,2026,광주,0.9987402594586288,0.2034394087796957,-2.0708013559406053,-0.8555746930823505,0
2026-04-01,KIA,윤도현,0.0,1.0,15.0,15.0,3.0,0.0,0.0,6.0,0.0,0.0,0.0,0.0,0.0,1.0,0.0,0.0,3638750,3.0,3.0,13.0,0.2,0.2,0.2,0.4,0.0,0.0,0.4,0.0,0.0,0.3333333333333333,0.0,0.0,0.0,0.14,0.4,0.8307692307692308,1.082,0.2307692307692307,2026,광주,0.9987402594586288,0.1897968989801117,-2.526792207792207,-10.580953026564256,0
2026-04-02,KIA,윤도현,0.0,1.0,15.0,15.0,3.0,0.0,0.0,6.0,0.0,0.0,0.0,0.0,0.0,1.0,0.0,0.0,3638750,3.0,3.0,13.0,0.2,0.2,0.2,0.4,0.0,0.0,0.4,0.0,0.0,0.3333333333333333,0.0,0.0,0.0,0.14,0.4,0.8307692307692308,1.082,0.2307692307692307,2026,광주,0.9987402594586288,0.1896915284702919,-2.4018216562267174,-6.313729258132361,0
2026-04-03,KIA,윤도현,0.0,1.0,19.0,18.0,3.0,1.0,0.0,7.0,0.0,0.0,0.0,0.0,0.0,1.0,0.0,0.0,3638750,3.0,3.0,16.0,0.1666666666666666,0.2105263157894736,0.1666666666666666,0.3771929824561403,0.043859649122807,0.0,0.3684210526315789,0.0526315789473684,0.1428571428571428,0.2727272727272727,0.0555555555555555,0.0,0.0,0.1364035087719298,0.45,0.759375,1.504,0.25,2026,광주,0.9987402594586288,0.1909292366405375,-3.013749563660218,-7.60416535918198,0
2026-04-04,KIA,윤도현,0.0,1.0,19.0,18.0,3.0,1.0,0.0,7.0,0.0,0.0,0.0,0.0,0.0,1.0,0.0,0.0,3638750,3.0,3.0,16.0,0.1666666666666666,0.2105263157894736,0.1666666666666666,0.3771929824561403,0.043859649122807,0.0,0.3684210526315789,0.0526315789473684,0.1428571428571428,0.2727272727272727,0.0555555555555555,0.0,0.0,0.1364035087719298,0.45,0.759375,1.504,0.25,2026,광주,0.9987402594586288,0.1907200896672251,-3.0182071251277307,-9.44477834555004,0
2026-04-05,KIA,윤도현,0.0,1.0,19.0,18.0,3.0,1.0,0.0,7.0,0.0,0.0,0.0,0.0,0.0,1.0,0.0,0.0,3638750,3.0,3.0,16.0,0.1666666666666666,0.2105263157894736,0.1666666666666666,0.3771929824561403,0.043859649122807,0.0,0.3684210526315789,0.0526315789473684,0.1428571428571428,0.2727272727272727,0.0555555555555555,0.0,0.0,0.1364035087719298,0.45,0.759375,1.504,0.25,2026,광주,0.9987402594586288,0.190349771305149,-2.8414768203962484,-8.307089345276243,0
2026-04-06,KIA,윤도현,0.0,1.0,19.0,18.0,3.0,1.0,0.0,7.0,0.0,0.0,0.0,0.0,0.0,1.0,0.0,0.0,3638750,3.0,3.0,16.0,0.1666666666666666,0.2105263157894736,0.1666666666666666,0.3771929824561403,0.043859649122807,0.0,0.3684210526315789,0.0526315789473684,0.1428571428571428,0.2727272727272727,0.0555555555555555,0.0,0.0,0.1364035087719298,0.45,0.759375,1.504,0.25,2026,광주,0.9987402594586288,0.190349771305149,-2.8414768203962484,-8.307089345276243,0
2026-04-07,KIA,윤도현,0.0,1.0,19.0,18.0,3.0,1.0,0.0,7.0,0.0,0.0,0.0,0.0,0.0,1.0,0.0,0.0,3638750,3.0,3.0,16.0,0.1666666666666666,0.2105263157894736,0.1666666666666666,0.3771929824561403,0.043859649122807,0.0,0.3684210526315789,0.0526315789473684,0.1428571428571428,0.2727272727272727,0.0555555555555555,0.0,0.0,0.1364035087719298,0.45,0.759375,1.504,0.25,2026,광주,0.9987402594586288,0.1906728286665433,-2.6966373906259937,-6.045632074807839,0
2026-04-08,KIA,윤도현,0.0,1.0,19.0,18.0,3.0,1.0,0.0,7.0,0.0,0.0,0.0,0.0,0.0,1.0,0.0,0.0,3638750,3.0,3.0,16.0,0.1666666666666666,0.2105263157894736,0.1666666666666666,0.3771929824561403,0.043859649122807,0.0,0.3684210526315789,0.0526315789473684,0.1428571428571428,0.2727272727272727,0.0555555555555555,0.0,0.0,0.1364035087719298,0.45,0.759375,1.504,0.25,2026,광주,0.9987402594586288,0.1902762491354793,-2.7272712701346897,-7.423926265802838,0
2026-04-09,KIA,윤도현,0.0,1.0,19.0,18.0,3.0,1.0,0.0,7.0,0.0,0.0,0.0,0.0,0.0,1.0,0.0,0.0,3638750,3.0,3.0,16.0,0.1666666666666666,0.2105263157894736,0.1666666666666666,0.3771929824561403,0.043859649122807,0.0,0.3684210526315789,0.0526315789473684,0.1428571428571428,0.2727272727272727,0.0555555555555555,0.0,0.0,0.1364035087719298,0.45,0.759375,1.504,0.25,2026,광주,0.9987402594586288,0.1902762491354793,-2.7272712701346897,-7.423926265802838,0
2026-04-10,KIA,윤도현,0.0,1.0,19.0,18.0,3.0,1.0,0.0,7.0,0.0,0.0,0.0,0.0,0.0,1.0,0.0,0.0,3638750,3.0,3.0,16.0,0.1666666666666666,0.2105263157894736,0.1666666666666666,0.3771929824561403,0.043859649122807,0.0,0.3684210526315789,0.0526315789473684,0.1428571428571428,0.2727272727272727,0.0555555555555555,0.0,0.0,0.1364035087719298,0.45,0.759375,1.504,0.25,2026,광주,0.9987402594586288,0.1897580521268917,-2.7196201840651733,-7.119921614824287,0
2026-04-11,KIA,윤도현,0.0,1.0,19.0,18.0,3.0,1.0,0.0,7.0,0.0,0.0,0.0,0.0,0.0,1.0,0.0,0.0,3638750,3.0,3.0,16.0,0.1666666666666666,0.2105263157894736,0.1666666666666666,0.3771929824561403,0.043859649122807,0.0,0.3684210526315789,0.0526315789473684,0.1428571428571428,0.2727272727272727,0.0555555555555555,0.0,0.0,0.1364035087719298,0.45,0.759375,1.504,0.25,2026,광주,0.9987402594586288,0.1896961337880112,-2.644521682241637,-5.785379502744226,0
2026-04-12,KIA,윤도현,0.0,1.0,19.0,18.0,3.0,1.0,0.0,7.0,0.0,0.0,0.0,0.0,0.0,1.0,0.0,0.0,3638750,3.0,3.0,16.0,0.1666666666666666,0.2105263157894736,0.1666666666666666,0.3771929824561403,0.043859649122807,0.0,0.3684210526315789,0.0526315789473684,0.1428571428571428,0.2727272727272727,0.0555555555555555,0.0,0.0,0.1364035087719298,0.45,0.759375,1.504,0.25,2026,광주,0.9987402594586288,0.1894629520552017,-2.5895811323118587,-4.658571879203155,0
2026-03-28,한화,페라자,0.0,1.0,6.0,6.0,3.0,0.0,0.0,0.0,0.0,0.0,0.0,0.0,0.0,0.0,0.0,0.0,3716511,3.0,3.0,3.0,0.5,0.5,0.5,1.0,0.0,0.0,0.0,0.0,0.0,0.5,0.0,0.0,0.0,0.35,1.5,13.5,1.77,1.0,2026,대전,1.019564452032887,0.4883970988677271,0.5797590850097343,162.85764737728675,0
2026-03-29,한화,페라자,0.0,3.0,11.0,11.0,6.0,0.0,0.0,0.0,1.0,0.0,0.0,0.0,0.0,0.0,0.0,0.0,3716511,5.0,7.0,5.0,0.5454545454545454,0.5454545454545454,0.6363636363636364,1.1818181818181817,0.0,0.0909090909090909,0.0,0.0,0.0,0.5454545454545454,0.0909090909090909,0.0,0.0,0.4045454545454545,3.8181818181818175,20.618181818181817,3.67,1.4,2026,대전,1.019564452032887,0.5450408082406696,1.751695568400771,200.5728688352739,0
2026-03-30,한화,페라자,0.0,3.0,11.0,11.0,6.0,0.0,0.0,0.0,1.0,0.0,0.0,0.0,0.0,0.0,0.0,0.0,3716511,5.0,7.0,5.0,0.5454545454545454,0.5454545454545454,0.6363636363636364,1.1818181818181817,0.0,0.0909090909090909,0.0,0.0,0.0,0.5454545454545454,0.0909090909090909,0.0,0.0,0.4045454545454545,3.8181818181818175,20.618181818181817,3.67,1.4,2026,대전,1.019564452032887,0.5450408082406696,1.751695568400771,200.5728688352739,0
2026-03-31,한화,페라자,2.0,3.0,16.0,14.0,7.0,2.0,0.0,1.0,2.0,0.0,0.0,0.0,0.0,0.0,0.0,0.0,3716511,5.0,9.0,7.0,0.5,0.5625,0.6428571428571429,1.2053571428571428,0.0625,0.1428571428571429,0.0625,0.125,2.0,0.5384615384615384,0.2857142857142857,0.0,0.0,0.4138392857142857,4.5,17.357142857142858,5.062,1.5714285714285714,2026,대전,1.019564452032887,0.5542190647333207,2.6716558216206856,212.040220428702,0
2026-04-01,한화,페라자,2.0,5.0,22.0,18.0,8.0,4.0,0.0,3.0,2.0,0.0,0.0,0.0,0.0,0.0,0.0,0.0,3716511,6.0,10.0,10.0,0.4444444444444444,0.5454545454545454,0.5555555555555556,1.101010101010101,0.101010101010101,0.1111111111111111,0.1363636363636363,0.1818181818181818,1.3333333333333333,0.5333333333333333,0.3333333333333333,0.0,0.0,0.3843434343434343,4.615384615384615,12.46153846153846,6.135999999999999,1.4,2026,대전,1.019564452032887,0.5166445574510938,2.941682127396414,185.9194145981358,0
2026-04-02,한화,페라자,2.0,6.0,25.0,21.0,10.0,4.0,0.0,4.0,2.0,0.0,0.0,0.0,0.0,0.0,0.0,0.0,3716511,8.0,12.0,11.0,0.4761904761904761,0.56,0.5714285714285714,1.1314285714285717,0.0838095238095238,0.0952380952380952,0.16,0.16,1.0,0.5882352941176471,0.2857142857142857,0.0,0.0,0.3948571428571429,5.793103448275862,14.219435736677116,7.037999999999999,1.4545454545454546,2026,대전,1.019564452032887,0.5302548319099025,3.72432565744088,197.07241907276747,0
2026-04-03,한화,페라자,5.0,7.0,31.0,26.0,12.0,5.0,0.0,4.0,2.0,0.0,1.0,0.0,0.0,0.0,0.0,0.0,3716511,9.0,17.0,14.0,0.4615384615384615,0.5483870967741935,0.6538461538461539,1.2022332506203472,0.0868486352357319,0.1923076923076923,0.1290322580645161,0.1612903225806451,1.25,0.5238095238095238,0.3846153846153846,31.0,26.0,0.4102357320099256,8.027777777777779,15.48214285714286,9.588,1.5714285714285714,2026,대전,1.019564452032887,0.5462612409915298,4.968596685062899,206.9003924659196,0
2026-04-04,한화,페라자,5.0,10.0,37.0,32.0,15.0,5.0,0.0,5.0,4.0,0.0,1.0,0.0,0.0,1.0,0.0,0.0,3716511,10.0,22.0,18.0,0.46875,0.5405405405405406,0.6875,1.2280405405405406,0.0717905405405405,0.21875,0.1351351351351351,0.1351351351351351,1.0,0.5384615384615384,0.375,37.0,32.0,0.4151182432432432,9.952380952380953,14.928571428571429,11.24,1.5,2026,대전,1.019564452032887,0.552596005885761,6.091692184687945,211.6061819462672,0
2026-04-05,한화,페라자,5.0,10.0,41.0,36.0,16.0,5.0,0.0,6.0,4.0,0.0,1.0,0.0,0.0,1.0,0.0,0.0,3716511,11.0,23.0,21.0,0.4444444444444444,0.5121951219512195,0.6388888888888888,1.1510840108401084,0.0677506775067751,0.1944444444444444,0.1463414634146341,0.1219512195121951,0.8333333333333334,0.5172413793103449,0.3333333333333333,41.0,36.0,0.390210027100271,10.0,12.857142857142858,11.822,1.3333333333333333,2026,대전,1.019564452032887,0.5232639871760942,5.669353930193318,198.30199053156687,0
2026-04-06,한화,페라자,5.0,10.0,41.0,36.0,16.0,5.0,0.0,6.0,4.0,0.0,1.0,0.0,0.0,1.0,0.0,0.0,3716511,11.0,23.0,21.0,0.4444444444444444,0.5121951219512195,0.6388888888888888,1.1510840108401084,0.0677506775067751,0.1944444444444444,0.1463414634146341,0.1219512195121951,0.8333333333333334,0.5172413793103449,0.3333333333333333,41.0,36.0,0.390210027100271,10.0,12.857142857142858,11.822,1.3333333333333333,2026,대전,1.019564452032887,0.5232639871760942,5.669353930193318,198.30199053156687,0
2026-04-07,한화,페라자,5.0,12.0,46.0,39.0,17.0,7.0,0.0,6.0,5.0,0.0,1.0,0.0,0.0,1.0,0.0,1.0,3716511,11.0,25.0,23.0,0.4358974358974359,0.5217391304347826,0.6410256410256411,1.1627647714604237,0.0858416945373466,0.2051282051282051,0.1304347826086956,0.1521739130434782,1.1666666666666667,0.5,0.3846153846153846,46.0,39.0,0.3950390189520624,10.849056603773583,12.735849056603772,13.312,1.391304347826087,2026,대전,1.019564452032887,0.5252113214778624,6.436644800326821,202.71811581504303,0
2026-04-08,한화,페라자,5.0,12.0,50.0,42.0,18.0,8.0,0.0,7.0,6.0,0.0,1.0,0.0,0.0,1.0,0.0,1.0,3716511,11.0,27.0,25.0,0.4285714285714285,0.52,0.6428571428571429,1.1628571428571428,0.0914285714285714,0.2142857142857143,0.14,0.16,1.1428571428571428,0.5,0.4047619047619047,50.0,42.0,0.3947142857142857,11.637931034482758,12.56896551724138,14.364,1.4,2026,대전,1.019564452032887,0.5234502913529271,6.922460582817964,201.7786626480569,0
2026-04-09,한화,페라자,5.0,12.0,50.0,42.0,18.0,8.0,0.0,7.0,6.0,0.0,1.0,0.0,0.0,1.0,0.0,1.0,3716511,11.0,27.0,25.0,0.4285714285714285,0.52,0.6428571428571429,1.1628571428571428,0.0914285714285714,0.2142857142857143,0.14,0.16,1.1428571428571428,0.5,0.4047619047619047,50.0,42.0,0.3947142857142857,11.637931034482758,12.56896551724138,14.364,1.4,2026,대전,1.019564452032887,0.5234502913529271,6.922460582817964,201.7786626480569,0
2026-04-10,한화,페라자,5.0,13.0,54.0,46.0,20.0,8.0,0.0,7.0,6.0,0.0,1.0,0.0,0.0,1.0,0.0,1.0,3716511,13.0,29.0,27.0,0.4347826086956521,0.5185185185185185,0.6304347826086957,1.1489533011272142,0.0837359098228663,0.1956521739130435,0.1296296296296296,0.1481481481481481,1.1428571428571428,0.5,0.3695652173913043,54.0,46.0,0.3909420289855072,12.629032258064516,12.629032258064516,15.544000000000002,1.3703703703703705,2026,대전,1.019564452032887,0.5184571958833698,7.31310318540723,199.51269192682832,0
2026-04-11,한화,페라자,6.0,13.0,58.0,49.0,20.0,8.0,0.0,8.0,6.0,0.0,1.0,0.0,1.0,1.0,0.0,1.0,3716511,13.0,29.0,31.0,0.4081632653061224,0.4827586206896552,0.5918367346938775,1.0745953553835328,0.0745953553835327,0.183673469387755,0.1379310344827586,0.1379310344827586,1.0,0.4634146341463415,0.3469387755102041,58.0,49.0,0.3652005629838142,11.424242424242424,9.950146627565982,15.996,1.1935483870967742,2026,대전,1.019564452032887,0.4827567961794122,6.142890993080807,178.63590160787385,0
2026-04-12,한화,페라자,7.0,13.0,63.0,53.0,21.0,9.0,0.0,9.0,6.0,0.0,1.0,0.0,1.0,1.0,0.0,1.0,3716511,14.0,30.0,34.0,0.3962264150943396,0.4761904761904761,0.5660377358490566,1.0422282120395328,0.0799640610961365,0.1698113207547169,0.1428571428571428,0.1428571428571428,1.0,0.4545454545454545,0.3396226415094339,63.0,53.0,0.3557951482479784,11.666666666666666,9.264705882352942,16.918,1.1470588235294117,2026,대전,1.019564452032887,0.4713159093535162,6.149021856762579,173.08251403318042,0
2026-03-28,롯데,레이예스,2.0,1.0,5.0,5.0,2.0,0.0,0.0,1.0,0.0,0.0,1.0,0.0,0.0,0.0,0.0,0.0,3730363,1.0,5.0,3.0,0.4,0.4,1.0,1.4,0.0,0.6,0.2,0.0,0.0,0.3333333333333333,0.6,5.0,5.0,0.43,2.0,18.0,2.022,1.6666666666666667,2026,사직,1.0488000917921212,0.5864662831838359,0.9187445922561112,218.37311150499232,0
2026-03-29,롯데,레이예스,5.0,2.0,10.0,7.0,3.0,3.0,0.0,2.0,0.0,0.0,2.0,0.0,0.0,0.0,0.0,0.0,3730363,1.0,9.0,4.0,0.4285714285714285,0.6,1.2857142857142858,1.8857142857142857,0.1714285714285714,0.8571428571428572,0.2,0.3,1.5,0.3333333333333333,1.2857142857142858,5.0,3.5,0.5914285714285714,4.153846153846154,28.03846153846154,4.384,3.0,2026,사직,1.0488000917921212,0.702155717565695,3.067763862128024,292.636787174723,0
2026-03-30,롯데,레이예스,5.0,2.0,10.0,7.0,3.0,3.0,0.0,2.0,0.0,0.0,2.0,0.0,0.0,0.0,0.0,0.0,3730363,1.0,9.0,4.0,0.4285714285714285,0.6,1.2857142857142858,1.8857142857142857,0.1714285714285714,0.8571428571428572,0.2,0.3,1.5,0.3333333333333333,1.2857142857142858,5.0,3.5,0.5914285714285714,4.153846153846154,28.03846153846154,4.384,3.0,2026,사직,1.0488000917921212,0.702155717565695,3.067763862128024,292.636787174723,0
2026-03-31,롯데,레이예스,5.0,2.0,15.0,12.0,3.0,3.0,0.0,3.0,0.0,0.0,2.0,0.0,0.0,0.0,0.0,0.0,3730363,1.0,9.0,9.0,0.25,0.4,0.75,1.15,0.15,0.5,0.2,0.2,1.0,0.1428571428571428,0.75,7.5,6.0,0.3675,3.0,9.0,4.646000000000001,1.3333333333333333,2026,사직,1.0488000917921212,0.4756710511706538,1.4469958602910191,160.9778564621413,0
2026-04-01,롯데,레이예스,6.0,3.0,20.0,16.0,4.0,4.0,0.0,4.0,0.0,0.0,3.0,0.0,0.0,0.0,0.0,0.0,3730363,1.0,13.0,12.0,0.25,0.4,0.8125,1.2125,0.15,0.5625,0.2,0.2,1.0,0.1111111111111111,0.8125,6.666666666666667,5.333333333333333,0.383125,4.333333333333333,9.749999999999998,6.508,1.4166666666666667,2026,사직,1.0488000917921212,0.4866689493314623,2.1200166975881283,164.78357452168962,0
2026-04-02,롯데,레이예스,7.0,4.0,24.0,20.0,5.0,4.0,0.0,4.0,0.0,0.0,3.0,0.0,0.0,0.0,0.0,0.0,3730363,2.0,14.0,15.0,0.25,0.375,0.7,1.075,0.125,0.4499999999999999,0.1666666666666666,0.1666666666666666,1.0,0.1538461538461538,0.65,8.0,6.666666666666667,0.34375,4.5,8.1,7.278,1.2,2026,사직,1.0488000917921212,0.4472320618056247,1.7669220315130094,144.0595780718293,0
2026-04-03,롯데,레이예스,7.0,4.0,27.0,22.0,5.0,5.0,0.0,5.0,0.0,0.0,3.0,0.0,0.0,1.0,0.0,0.0,3730363,2.0,14.0,18.0,0.2272727272727272,0.3703703703703703,0.6363636363636364,1.0067340067340067,0.143097643097643,0.409090909090909,0.1851851851851851,0.1851851851851851,1.0,0.1428571428571428,0.6363636363636364,9.0,7.333333333333333,0.3257575757575757,3.9375,5.90625,7.240000000000001,1.0555555555555556,2026,사직,1.0488000917921212,0.4285179707731492,1.47440572429592,132.20828905041333,0
2026-04-04,롯데,레이예스,7.0,5.0,32.0,25.0,5.0,7.0,0.0,5.0,0.0,0.0,3.0,0.0,0.0,1.0,0.0,1.0,3730363,2.0,14.0,21.0,0.2,0.375,0.56,0.935,0.175,0.36,0.15625,0.21875,1.4,0.1176470588235294,0.64,10.666666666666666,8.333333333333334,0.30875,3.948717948717949,5.076923076923077,8.100000000000001,1.0,2026,사직,1.0488000917921212,0.39862563315442,0.864029249799801,113.74419273053508,0
2026-04-05,롯데,레이예스,7.0,5.0,37.0,30.0,8.0,7.0,0.0,5.0,1.0,0.0,3.0,0.0,0.0,1.0,0.0,1.0,3730363,4.0,18.0,23.0,0.2666666666666666,0.4054054054054054,0.6,1.0054054054054054,0.1387387387387387,0.3333333333333333,0.1351351351351351,0.1891891891891892,1.4,0.2272727272727272,0.5666666666666667,12.333333333333334,10.0,0.3324324324324325,5.727272727272728,6.723320158102768,10.0,1.0869565217391304,2026,사직,1.0488000917921212,0.4349440506826155,2.290965028926173,140.0139540531759,0
2026-04-06,롯데,레이예스,7.0,5.0,37.0,30.0,8.0,7.0,0.0,5.0,1.0,0.0,3.0,0.0,0.0,1.0,0.0,1.0,3730363,4.0,18.0,23.0,0.2666666666666666,0.4054054054054054,0.6,1.0054054054054054,0.1387387387387387,0.3333333333333333,0.1351351351351351,0.1891891891891892,1.4,0.2272727272727272,0.5666666666666667,12.333333333333334,10.0,0.3324324324324325,5.727272727272728,6.723320158102768,10.0,1.0869565217391304,2026,사직,1.0488000917921212,0.4349440506826155,2.290965028926173,140.0139540531759,0
2026-04-07,롯데,레이예스,7.0,5.0,42.0,34.0,9.0,7.0,1.0,6.0,1.0,0.0,3.0,0.0,0.0,1.0,0.0,1.0,3730363,5.0,19.0,26.0,0.2647058823529412,0.4047619047619047,0.5588235294117647,0.9635854341736696,0.1400560224089636,0.2941176470588235,0.1428571428571428,0.1666666666666666,1.1666666666666667,0.24,0.5,14.0,11.333333333333334,0.3218487394957983,6.08,6.313846153846153,10.922,1.0384615384615383,2026,사직,1.0488000917921212,0.4276179156079738,2.4235122347455227,138.28535033111814,0
2026-04-08,롯데,레이예스,8.0,5.0,47.0,38.0,12.0,8.0,1.0,6.0,1.0,0.0,3.0,0.0,0.0,1.0,0.0,1.0,3730363,8.0,22.0,27.0,0.3157894736842105,0.4468085106382978,0.5789473684210527,1.0257558790593504,0.1310190369540873,0.2631578947368421,0.1276595744680851,0.1702127659574468,1.3333333333333333,0.3103448275862069,0.4736842105263157,15.666666666666666,12.666666666666666,0.3458006718924972,7.857142857142857,7.857142857142857,12.852,1.148148148148148,2026,사직,1.0488000917921212,0.4587826961401614,3.93466368303084,157.8456211870023,0
2026-04-09,롯데,레이예스,8.0,5.0,47.0,38.0,12.0,8.0,1.0,6.0,1.0,0.0,3.0,0.0,0.0,1.0,0.0,1.0,3730363,8.0,22.0,27.0,0.3157894736842105,0.4468085106382978,0.5789473684210527,1.0257558790593504,0.1310190369540873,0.2631578947368421,0.1276595744680851,0.1702127659574468,1.3333333333333333,0.3103448275862069,0.4736842105263157,15.666666666666666,12.666666666666666,0.3458006718924972,7.857142857142857,7.857142857142857,12.852,1.148148148148148,2026,사직,1.0488000917921212,0.4587826961401614,3.93466368303084,157.8456211870023,0
2026-04-10,롯데,레이예스,9.0,6.0,51.0,42.0,14.0,8.0,1.0,7.0,1.0,0.0,4.0,0.0,0.0,1.0,0.0,1.0,3730363,9.0,27.0,29.0,0.3333333333333333,0.4509803921568627,0.6428571428571429,1.0938375350140055,0.1176470588235294,0.3095238095238096,0.1372549019607843,0.1568627450980392,1.1428571428571428,0.3225806451612903,0.5,12.75,10.5,0.363655462184874,9.9,9.217241379310344,14.784000000000002,1.2413793103448276,2026,사직,1.0488000917921212,0.480202526867659,5.253397504800026,172.2984516592524,0
2026-04-11,롯데,레이예스,9.0,7.0,56.0,47.0,17.0,8.0,1.0,8.0,2.0,0.0,4.0,0.0,0.0,1.0,0.0,1.0,3730363,11.0,31.0,31.0,0.3617021276595745,0.4642857142857143,0.6595744680851063,1.1238601823708207,0.1025835866261398,0.2978723404255318,0.1428571428571428,0.1428571428571428,1.0,0.3714285714285714,0.4680851063829787,14.0,11.75,0.373822188449848,11.923076923076923,10.384615384615383,16.496,1.2903225806451613,2026,사직,1.0488000917921212,0.4960032640197513,6.551463260356544,184.1423850114585,0
2026-04-12,롯데,레이예스,9.0,7.0,60.0,51.0,18.0,8.0,1.0,10.0,2.0,0.0,4.0,0.0,0.0,1.0,0.0,1.0,3730363,12.0,32.0,34.0,0.3529411764705882,0.45,0.6274509803921569,1.0774509803921568,0.0970588235294117,0.2745098039215686,0.1666666666666666,0.1333333333333333,0.8,0.3783783783783784,0.4313725490196078,15.0,12.75,0.3593627450980392,12.057971014492754,9.575447570332482,16.89,1.2058823529411764,2026,사직,1.0488000917921212,0.4787803035512671,6.227873468139589,174.92126847135154,0
2026-03-28,NC,데이비슨,2.0,0.0,4.0,3.0,1.0,1.0,0.0,0.0,1.0,0.0,0.0,0.0,0.0,0.0,0.0,0.0,3747555,0.0,2.0,2.0,0.3333333333333333,0.5,0.6666666666666666,1.1666666666666663,0.1666666666666666,0.3333333333333333,0.0,0.25,0.0,0.3333333333333333,0.6666666666666666,0.0,0.0,0.3916666666666666,0.8,10.8,1.24,1.5,2026,창원,1.0100284809306723,0.5292018489285029,0.5315060566731563,188.1266291028928,0
2026-03-29,NC,데이비슨,3.0,0.0,8.0,6.0,2.0,2.0,0.0,1.0,2.0,0.0,0.0,0.0,0.0,0.0,0.0,0.0,3747555,0.0,4.0,4.0,0.3333333333333333,0.5,0.6666666666666666,1.1666666666666663,0.1666666666666666,0.3333333333333333,0.125,0.25,2.0,0.4,0.6666666666666666,0.0,0.0,0.3916666666666666,1.6,10.8,2.2920000000000003,1.5,2026,창원,1.0100284809306723,0.5116015362580919,1.0227638621280235,181.3099742724285,0
2026-03-30,NC,데이비슨,3.0,0.0,8.0,6.0,2.0,2.0,0.0,1.0,2.0,0.0,0.0,0.0,0.0,0.0,0.0,0.0,3747555,0.0,4.0,4.0,0.3333333333333333,0.5,0.6666666666666666,1.1666666666666663,0.1666666666666666,0.3333333333333333,0.125,0.25,2.0,0.4,0.6666666666666666,0.0,0.0,0.3916666666666666,1.6,10.8,2.2920000000000003,1.5,2026,창원,1.0100284809306723,0.5116015362580919,1.0227638621280235,181.3099742724285,0
2026-03-31,NC,데이비슨,3.0,1.0,12.0,10.0,3.0,2.0,0.0,2.0,2.0,0.0,0.0,0.0,0.0,0.0,0.0,0.0,3747555,1.0,5.0,7.0,0.3,0.4166666666666667,0.5,0.9166666666666669,0.1166666666666667,0.2,0.1666666666666666,0.1666666666666666,1.0,0.375,0.4,0.0,0.0,0.3125,1.7857142857142858,6.887755102040816,2.874,1.0,2026,창원,1.0100284809306723,0.4224974504315675,0.584793076522645,132.26713639558594,0
2026-04-01,NC,데이비슨,3.0,1.0,17.0,14.0,4.0,3.0,0.0,4.0,2.0,0.0,0.0,0.0,0.0,0.0,0.0,0.0,3747555,2.0,6.0,10.0,0.2857142857142857,0.4117647058823529,0.4285714285714285,0.8403361344537814,0.1260504201680672,0.1428571428571428,0.2352941176470588,0.1764705882352941,0.75,0.4,0.3571428571428571,0.0,0.0,0.292436974789916,2.1,5.67,3.608,0.9,2026,창원,1.0100284809306723,0.3993481629271604,0.4296598639455791,115.60725742774034,0
2026-04-02,NC,데이비슨,4.0,2.0,21.0,17.0,5.0,4.0,0.0,5.0,2.0,0.0,0.0,0.0,0.0,0.0,0.0,0.0,3747555,3.0,7.0,12.0,0.2941176470588235,0.4285714285714285,0.4117647058823529,0.8403361344537814,0.134453781512605,0.1176470588235293,0.238095238095238,0.1904761904761904,0.8,0.4166666666666667,0.3529411764705882,0.0,0.0,0.295798319327731,2.52,5.670000000000001,4.44,0.9166666666666666,2026,창원,1.0100284809306723,0.4054325040947744,0.7493759485637023,122.71824038863484,0
2026-04-03,NC,데이비슨,4.0,2.0,25.0,21.0,6.0,4.0,0.0,5.0,2.0,0.0,0.0,0.0,0.0,1.0,0.0,0.0,3747555,4.0,8.0,16.0,0.2857142857142857,0.4,0.3809523809523809,0.780952380952381,0.1142857142857143,0.0952380952380952,0.2,0.16,0.8,0.375,0.2857142857142857,0.0,0.0,0.2752380952380953,2.4827586206896552,4.189655172413794,4.839999999999999,0.75,2026,창원,1.0100284809306723,0.3791451379646545,0.2574388330958644,105.99102442468237,0
2026-04-04,NC,데이비슨,5.0,3.0,30.0,26.0,8.0,4.0,0.0,7.0,2.0,0.0,1.0,0.0,0.0,1.0,0.0,0.0,3747555,5.0,13.0,19.0,0.3076923076923077,0.4,0.5,0.9,0.0923076923076923,0.1923076923076923,0.2333333333333333,0.1333333333333333,0.5714285714285714,0.3888888888888889,0.3461538461538461,30.0,26.0,0.305,4.205882352941177,5.976780185758514,6.674,0.8947368421052632,2026,창원,1.0100284809306723,0.4118035945445309,1.163434418346456,125.74690992240645,0
2026-04-05,NC,데이비슨,5.0,3.0,34.0,30.0,9.0,4.0,0.0,7.0,2.0,0.0,1.0,0.0,0.0,1.0,0.0,0.0,3747555,6.0,14.0,22.0,0.3,0.3823529411764705,0.4666666666666667,0.8490196078431372,0.0823529411764705,0.1666666666666666,0.2058823529411764,0.1176470588235294,0.5714285714285714,0.3636363636363636,0.3,34.0,30.0,0.2887254901960784,4.421052631578948,5.425837320574163,7.444,0.8181818181818182,2026,창원,1.0100284809306723,0.3925666996535635,0.8595097710328796,117.32633510295152,0
2026-04-06,NC,데이비슨,5.0,3.0,34.0,30.0,9.0,4.0,0.0,7.0,2.0,0.0,1.0,0.0,0.0,1.0,0.0,0.0,3747555,6.0,14.0,22.0,0.3,0.3823529411764705,0.4666666666666667,0.8490196078431372,0.0823529411764705,0.1666666666666666,0.2058823529411764,0.1176470588235294,0.5714285714285714,0.3636363636363636,0.3,34.0,30.0,0.2887254901960784,4.421052631578948,5.425837320574163,7.444,0.8181818181818182,2026,창원,1.0100284809306723,0.3925666996535635,0.8595097710328796,117.32633510295152,0
2026-04-07,NC,데이비슨,5.0,3.0,38.0,33.0,9.0,5.0,0.0,9.0,2.0,0.0,1.0,0.0,0.0,1.0,0.0,0.0,3747555,6.0,14.0,25.0,0.2727272727272727,0.3684210526315789,0.4242424242424242,0.7926634768740032,0.0956937799043062,0.1515151515151515,0.2368421052631578,0.131578947368421,0.5555555555555556,0.3478260869565217,0.303030303030303,38.0,33.0,0.2718500797448165,4.232558139534884,4.571162790697675,7.678,0.76,2026,창원,1.0100284809306723,0.3732909776979496,0.4533835027854329,107.9224258148055,0
2026-04-08,NC,데이비슨,5.0,3.0,42.0,37.0,9.0,5.0,0.0,11.0,2.0,0.0,1.0,0.0,0.0,1.0,0.0,0.0,3747555,6.0,14.0,29.0,0.2432432432432432,0.3333333333333333,0.3783783783783784,0.7117117117117118,0.09009009009009,0.1351351351351351,0.2619047619047619,0.119047619047619,0.4545454545454545,0.32,0.2702702702702703,42.0,37.0,0.2445945945945946,3.872340425531915,3.605282465150404,7.662,0.6551724137931034,2026,창원,1.0100284809306723,0.3369515826398726,-0.8147337630381646,84.46259825609437,0
2026-04-09,NC,데이비슨,5.0,3.0,42.0,37.0,9.0,5.0,0.0,11.0,2.0,0.0,1.0,0.0,0.0,1.0,0.0,0.0,3747555,6.0,14.0,29.0,0.2432432432432432,0.3333333333333333,0.3783783783783784,0.7117117117117118,0.09009009009009,0.1351351351351351,0.2619047619047619,0.119047619047619,0.4545454545454545,0.32,0.2702702702702703,42.0,37.0,0.2445945945945946,3.872340425531915,3.605282465150404,7.662,0.6551724137931034,2026,창원,1.0100284809306723,0.3369515826398726,-0.8147337630381646,84.46259825609437,0
2026-04-10,NC,데이비슨,6.0,4.0,47.0,41.0,11.0,5.0,1.0,11.0,2.0,0.0,2.0,0.0,0.0,1.0,0.0,0.0,3747555,7.0,19.0,31.0,0.2682926829268293,0.3617021276595745,0.4634146341463415,0.825116761805916,0.0934094447327452,0.1951219512195122,0.2340425531914893,0.1063829787234042,0.4545454545454545,0.3214285714285714,0.3170731707317073,23.5,20.5,0.2786196159833939,5.735849056603773,4.995739500912964,10.122000000000002,0.8064516129032258,2026,창원,1.0100284809306723,0.3801586384085957,0.8564651742021914,112.65045955378898,0
2026-04-11,NC,데이비슨,6.0,5.0,52.0,45.0,11.0,5.0,2.0,12.0,2.0,0.0,2.0,0.0,0.0,1.0,0.0,0.0,3747555,7.0,19.0,35.0,0.2444444444444444,0.3461538461538461,0.4222222222222222,0.7683760683760683,0.1017094017094017,0.1777777777777777,0.2307692307692307,0.0961538461538461,0.4166666666666667,0.2903225806451613,0.2888888888888888,26.0,22.5,0.2613247863247863,5.47457627118644,4.223244552058111,10.634,0.7428571428571429,2026,창원,1.0100284809306723,0.3595823523347661,0.1506261653063165,101.20132686198616,0
2026-04-12,NC,데이비슨,6.0,5.0,54.0,46.0,11.0,5.0,3.0,12.0,2.0,0.0,2.0,0.0,0.0,1.0,0.0,0.0,3747555,7.0,19.0,36.0,0.2391304347826087,0.3518518518518518,0.4130434782608695,0.7648953301127215,0.1127214170692431,0.1739130434782608,0.2222222222222222,0.0925925925925925,0.4166666666666667,0.28125,0.2826086956521739,27.0,23.0,0.2615942028985507,5.516129032258065,4.137096774193548,11.064,0.75,2026,창원,1.0100284809306723,0.3609923586405788,0.3267486601124948,103.64916973202553,0
2026-03-31,LG,최원영,1.0,0.0,1.0,1.0,1.0,0.0,0.0,0.0,1.0,0.0,0.0,0.0,0.0,0.0,0.0,0.0,3806394,0.0,2.0,0.0,1.0,1.0,2.0,3.0,0.0,1.0,0.0,0.0,0.0,1.0,1.0,0.0,0.0,0.95,2.0,0.0,0.72,0.0,2026,잠실,0.9512583942824044,1.2835734252102122,0.82171568627451,665.8616804445737,0
2026-04-01,LG,최원영,1.0,1.0,1.0,1.0,1.0,0.0,0.0,0.0,1.0,0.0,0.0,0.0,0.0,0.0,0.0,0.0,3806394,0.0,2.0,0.0,1.0,1.0,2.0,3.0,0.0,1.0,0.0,0.0,0.0,1.0,1.0,0.0,0.0,0.95,2.0,0.0,0.72,0.0,2026,잠실,0.9512583942824044,1.273489618140152,0.833404452690167,652.5862697521845,0
2026-04-02,LG,최원영,1.0,1.0,1.0,1.0,1.0,0.0,0.0,0.0,1.0,0.0,0.0,0.0,0.0,0.0,0.0,0.0,3806394,0.0,2.0,0.0,1.0,1.0,2.0,3.0,0.0,1.0,0.0,0.0,0.0,1.0,1.0,0.0,0.0,0.95,2.0,0.0,0.72,0.0,2026,잠실,0.9512583942824044,1.2790005699446023,0.8285329341317366,655.6361174272794,0
2026-04-03,LG,최원영,1.0,1.0,1.0,1.0,1.0,0.0,0.0,0.0,1.0,0.0,0.0,0.0,0.0,0.0,0.0,0.0,3806394,0.0,2.0,0.0,1.0,1.0,2.0,3.0,0.0,1.0,0.0,0.0,0.0,1.0,1.0,0.0,0.0,0.95,2.0,0.0,0.72,0.0,2026,잠실,0.9512583942824044,1.2843686735500892,0.8226980661260138,663.6326553461125,0
2026-04-04,LG,최원영,1.0,1.0,1.0,1.0,1.0,0.0,0.0,0.0,1.0,0.0,0.0,0.0,0.0,0.0,0.0,0.0,3806394,0.0,2.0,0.0,1.0,1.0,2.0,3.0,0.0,1.0,0.0,0.0,0.0,1.0,1.0,0.0,0.0,0.95,2.0,0.0,0.72,0.0,2026,잠실,0.9512583942824044,1.2848632139597258,0.8192391884676988,669.9541436648366,0
2026-04-05,LG,최원영,1.0,2.0,1.0,1.0,1.0,0.0,0.0,0.0,1.0,0.0,0.0,0.0,0.0,0.0,0.0,0.0,3806394,0.0,2.0,0.0,1.0,1.0,2.0,3.0,0.0,1.0,0.0,0.0,0.0,1.0,1.0,0.0,0.0,0.95,2.0,0.0,0.72,0.0,2026,잠실,0.9512583942824044,1.2959737415226755,0.8063402061855671,689.5155074069712,0
2026-04-06,LG,최원영,1.0,2.0,1.0,1.0,1.0,0.0,0.0,0.0,1.0,0.0,0.0,0.0,0.0,0.0,0.0,0.0,3806394,0.0,2.0,0.0,1.0,1.0,2.0,3.0,0.0,1.0,0.0,0.0,0.0,1.0,1.0,0.0,0.0,0.95,2.0,0.0,0.72,0.0,2026,잠실,0.9512583942824044,1.2959737415226755,0.8063402061855671,689.5155074069712,0
2026-04-07,LG,최원영,1.0,2.0,2.0,2.0,1.0,0.0,0.0,0.0,1.0,0.0,0.0,0.0,0.0,0.0,0.0,0.0,3806394,0.0,2.0,1.0,0.5,0.5,1.0,1.5,0.0,0.5,0.0,0.0,0.0,0.5,0.5,0.0,0.0,0.475,1.0,27.0,0.8099999999999999,2.0,2026,잠실,0.9512583942824044,0.6538817902430267,0.4966689881568252,290.64454687522374,0
2026-04-08,LG,최원영,1.0,3.0,3.0,3.0,1.0,0.0,0.0,0.0,1.0,0.0,0.0,0.0,0.0,0.0,0.0,0.0,3806394,0.0,2.0,2.0,0.3333333333333333,0.3333333333333333,0.6666666666666666,1.0,0.0,0.3333333333333333,0.0,0.0,0.0,0.3333333333333333,0.3333333333333333,0.0,0.0,0.3166666666666666,0.6666666666666666,9.0,0.8999999999999999,1.0,2026,잠실,0.9512583942824044,0.4346830059150901,0.1899567011927979,152.3167778549608,0
2026-04-09,LG,최원영,1.0,3.0,3.0,3.0,1.0,0.0,0.0,0.0,1.0,0.0,0.0,0.0,0.0,0.0,0.0,0.0,3806394,0.0,2.0,2.0,0.3333333333333333,0.3333333333333333,0.6666666666666666,1.0,0.0,0.3333333333333333,0.0,0.0,0.0,0.3333333333333333,0.3333333333333333,0.0,0.0,0.3166666666666666,0.6666666666666666,9.0,0.8999999999999999,1.0,2026,잠실,0.9512583942824044,0.4346830059150901,0.1899567011927979,152.3167778549608,0
2026-04-10,LG,최원영,1.0,3.0,3.0,3.0,1.0,0.0,0.0,0.0,1.0,0.0,0.0,0.0,0.0,0.0,0.0,0.0,3806394,0.0,2.0,2.0,0.3333333333333333,0.3333333333333333,0.6666666666666666,1.0,0.0,0.3333333333333333,0.0,0.0,0.0,0.3333333333333333,0.3333333333333333,0.0,0.0,0.3166666666666666,0.6666666666666666,9.0,0.8999999999999999,1.0,2026,잠실,0.9512583942824044,0.4336884984215248,0.1907643449468127,152.5174761043859,0
2026-04-11,LG,최원영,1.0,4.0,3.0,3.0,1.0,0.0,0.0,0.0,1.0,0.0,0.0,0.0,0.0,0.0,0.0,0.0,3806394,0.0,2.0,2.0,0.3333333333333333,0.3333333333333333,0.6666666666666666,1.0,0.0,0.3333333333333333,0.0,0.0,0.0,0.3333333333333333,0.3333333333333333,0.0,0.0,0.3166666666666666,0.6666666666666666,9.0,0.8999999999999999,1.0,2026,잠실,0.9512583942824044,0.4353656852710747,0.1988310242464183,155.30682140926257,0
2026-04-12,LG,최원영,1.0,5.0,5.0,5.0,1.0,0.0,0.0,1.0,1.0,0.0,0.0,0.0,0.0,0.0,0.0,0.0,3806394,0.0,2.0,4.0,0.2,0.2,0.4,0.6000000000000001,0.0,0.2,0.2,0.0,0.0,0.25,0.2,0.0,0.0,0.19,0.4,2.7,0.892,0.5,2026,잠실,0.9512583942824044,0.2616305103797038,-0.3820254437078593,46.132854425054745,0
2026-03-28,한화,황영묵,0.0,1.0,2.0,1.0,0.0,1.0,0.0,0.0,0.0,0.0,0.0,0.0,0.0,0.0,0.0,0.0,3836247,0.0,0.0,1.0,0.0,0.5,0.0,0.5,0.5,0.0,0.0,0.5,0.0,0.0,1.0,0.0,0.0,0.225,0.0,0.0,0.43,1.0,2026,대전,1.019564452032887,0.4011593573584825,0.038253028336578,110.87303199267132,0
2026-03-29,한화,황영묵,0.0,1.0,2.0,1.0,0.0,1.0,0.0,0.0,0.0,0.0,0.0,0.0,0.0,0.0,0.0,0.0,3836247,0.0,0.0,1.0,0.0,0.5,0.0,0.5,0.5,0.0,0.0,0.5,0.0,0.0,1.0,0.0,0.0,0.225,0.0,0.0,0.43,1.0,2026,대전,1.019564452032887,0.3904623830643312,0.0281909655320059,107.11887716220704,0
2026-03-30,한화,황영묵,0.0,1.0,2.0,1.0,0.0,1.0,0.0,0.0,0.0,0.0,0.0,0.0,0.0,0.0,0.0,0.0,3836247,0.0,0.0,1.0,0.0,0.5,0.0,0.5,0.5,0.0,0.0,0.5,0.0,0.0,1.0,0.0,0.0,0.225,0.0,0.0,0.43,1.0,2026,대전,1.019564452032887,0.3904623830643312,0.0281909655320059,107.11887716220704,0
2026-03-31,한화,황영묵,0.0,2.0,2.0,1.0,0.0,1.0,0.0,0.0,0.0,0.0,0.0,0.0,0.0,0.0,0.0,0.0,3836247,0.0,0.0,1.0,0.0,0.5,0.0,0.5,0.5,0.0,0.0,0.5,0.0,0.0,1.0,0.0,0.0,0.225,0.0,0.0,0.43,1.0,2026,대전,1.019564452032887,0.3883596617799516,0.0361749212959521,110.39191306611332,0
2026-04-01,한화,황영묵,0.0,2.0,2.0,1.0,0.0,1.0,0.0,0.0,0.0,0.0,0.0,0.0,0.0,0.0,0.0,0.0,3836247,0.0,0.0,1.0,0.0,0.5,0.0,0.5,0.5,0.0,0.0,0.5,0.0,0.0,1.0,0.0,0.0,0.225,0.0,0.0,0.43,1.0,2026,대전,1.019564452032887,0.390661757280051,0.0344873222016079,109.3760620337766,0
2026-04-02,한화,황영묵,0.0,3.0,4.0,2.0,0.0,2.0,0.0,0.0,0.0,0.0,0.0,0.0,0.0,0.0,0.0,0.0,3836247,0.0,0.0,2.0,0.0,0.5,0.0,0.5,0.5,0.0,0.0,0.5,0.0,0.0,1.0,0.0,0.0,0.225,0.0,0.0,0.8600000000000001,1.0,2026,대전,1.019564452032887,0.3888385648808348,0.0824957918264852,111.75319199608072,0
2026-04-03,한화,황영묵,0.0,3.0,4.0,2.0,0.0,2.0,0.0,0.0,0.0,0.0,0.0,0.0,0.0,0.0,0.0,0.0,3836247,0.0,0.0,2.0,0.0,0.5,0.0,0.5,0.5,0.0,0.0,0.5,0.0,0.0,1.0,0.0,0.0,0.225,0.0,0.0,0.8600000000000001,1.0,2026,대전,1.019564452032887,0.3886907075854816,0.0754572218301243,110.8557775992372,0
2026-04-04,한화,황영묵,0.0,3.0,4.0,2.0,0.0,2.0,0.0,0.0,0.0,0.0,0.0,0.0,0.0,0.0,0.0,0.0,3836247,0.0,0.0,2.0,0.0,0.5,0.0,0.5,0.5,0.0,0.0,0.5,0.0,0.0,1.0,0.0,0.0,0.225,0.0,0.0,0.8600000000000001,1.0,2026,대전,1.019564452032887,0.3879386644582615,0.0697898597355941,110.07815144278368,0
2026-04-05,한화,황영묵,0.0,3.0,5.0,3.0,0.0,2.0,0.0,0.0,0.0,0.0,0.0,0.0,0.0,0.0,0.0,0.0,3836247,0.0,0.0,3.0,0.0,0.4,0.0,0.4,0.4,0.0,0.0,0.4,0.0,0.0,0.6666666666666666,0.0,0.0,0.18,0.0,0.0,0.95,0.6666666666666666,2026,대전,1.019564452032887,0.3078807330258211,-0.2396871166565693,63.28626559640167,0
2026-04-06,한화,황영묵,0.0,3.0,5.0,3.0,0.0,2.0,0.0,0.0,0.0,0.0,0.0,0.0,0.0,0.0,0.0,0.0,3836247,0.0,0.0,3.0,0.0,0.4,0.0,0.4,0.4,0.0,0.0,0.4,0.0,0.0,0.6666666666666666,0.0,0.0,0.18,0.0,0.0,0.95,0.6666666666666666,2026,대전,1.019564452032887,0.3078807330258211,-0.2396871166565693,63.28626559640167,0
2026-04-07,한화,황영묵,0.0,3.0,5.0,3.0,0.0,2.0,0.0,0.0,0.0,0.0,0.0,0.0,0.0,0.0,0.0,0.0,3836247,0.0,0.0,3.0,0.0,0.4,0.0,0.4,0.4,0.0,0.0,0.4,0.0,0.0,0.6666666666666666,0.0,0.0,0.18,0.0,0.0,0.95,0.6666666666666666,2026,대전,1.019564452032887,0.3070868011501851,-0.219235963982104,65.24299692680222,0
2026-04-08,한화,황영묵,0.0,3.0,5.0,3.0,0.0,2.0,0.0,0.0,0.0,0.0,0.0,0.0,0.0,0.0,0.0,0.0,3836247,0.0,0.0,3.0,0.0,0.4,0.0,0.4,0.4,0.0,0.0,0.4,0.0,0.0,0.6666666666666666,0.0,0.0,0.18,0.0,0.0,0.95,0.6666666666666666,2026,대전,1.019564452032887,0.3065846141770236,-0.225501158342135,64.25154298044136,0
2026-04-09,한화,황영묵,0.0,3.0,5.0,3.0,0.0,2.0,0.0,0.0,0.0,0.0,0.0,0.0,0.0,0.0,0.0,0.0,3836247,0.0,0.0,3.0,0.0,0.4,0.0,0.4,0.4,0.0,0.0,0.4,0.0,0.0,0.6666666666666666,0.0,0.0,0.18,0.0,0.0,0.95,0.6666666666666666,2026,대전,1.019564452032887,0.3065846141770236,-0.225501158342135,64.25154298044136,0
2026-04-10,한화,황영묵,0.0,3.0,5.0,3.0,0.0,2.0,0.0,0.0,0.0,0.0,0.0,0.0,0.0,0.0,0.0,0.0,3836247,0.0,0.0,3.0,0.0,0.4,0.0,0.4,0.4,0.0,0.0,0.4,0.0,0.0,0.6666666666666666,0.0,0.0,0.18,0.0,0.0,0.95,0.6666666666666666,2026,대전,1.019564452032887,0.3056717063731224,-0.2245173724131706,64.39968276364584,0
2026-04-11,한화,황영묵,0.0,3.0,5.0,3.0,0.0,2.0,0.0,0.0,0.0,0.0,0.0,0.0,0.0,0.0,0.0,0.0,3836247,0.0,0.0,3.0,0.0,0.4,0.0,0.4,0.4,0.0,0.0,0.4,0.0,0.0,0.6666666666666666,0.0,0.0,0.18,0.0,0.0,0.95,0.6666666666666666,2026,대전,1.019564452032887,0.304823009784268,-0.2145028401889759,65.39890380545152,0
2026-04-12,한화,황영묵,0.0,3.0,5.0,3.0,0.0,2.0,0.0,0.0,0.0,0.0,0.0,0.0,0.0,0.0,0.0,0.0,3836247,0.0,0.0,3.0,0.0,0.4,0.0,0.4,0.4,0.0,0.0,0.4,0.0,0.0,0.6666666666666666,0.0,0.0,0.18,0.0,0.0,0.95,0.6666666666666666,2026,대전,1.019564452032887,0.3039457664603418,-0.2064476748178247,66.29957996601152,0
2026-03-28,SSG,정준재,0.0,0.0,2.0,2.0,0.0,0.0,0.0,1.0,0.0,0.0,0.0,0.0,0.0,0.0,0.0,0.0,3839080,0.0,0.0,2.0,0.0,0.0,0.0,0.0,0.0,0.0,0.5,0.0,0.0,0.0,0.0,0.0,0.0,0.0,0.0,0.0,-0.008,0.0,2026,문학,1.027807913649001,0.0,-0.6745084360804672,-129.00054377342602,0
2026-03-29,SSG,정준재,0.0,1.0,5.0,4.0,0.0,1.0,0.0,1.0,0.0,0.0,0.0,0.0,0.0,0.0,0.0,0.0,3839080,0.0,0.0,4.0,0.0,0.2,0.0,0.2,0.2,0.0,0.2,0.2,1.0,0.0,0.25,0.0,0.0,0.09,0.0,0.0,0.5120000000000001,0.25,2026,문학,1.027807913649001,0.1561849532257324,-1.029458360094198,-35.343352503183745,0
2026-03-30,SSG,정준재,0.0,1.0,5.0,4.0,0.0,1.0,0.0,1.0,0.0,0.0,0.0,0.0,0.0,0.0,0.0,0.0,3839080,0.0,0.0,4.0,0.0,0.2,0.0,0.2,0.2,0.0,0.2,0.2,1.0,0.0,0.25,0.0,0.0,0.09,0.0,0.0,0.5120000000000001,0.25,2026,문학,1.027807913649001,0.1561849532257324,-1.029458360094198,-35.343352503183745,0
2026-03-31,SSG,정준재,0.0,1.0,7.0,6.0,0.0,1.0,0.0,1.0,0.0,0.0,0.0,0.0,0.0,0.0,0.0,0.0,3839080,0.0,0.0,6.0,0.0,0.1428571428571428,0.0,0.1428571428571428,0.1428571428571428,0.0,0.1428571428571428,0.1428571428571428,1.0,0.0,0.1666666666666666,0.0,0.0,0.0642857142857142,0.0,0.0,0.6920000000000001,0.1666666666666666,2026,문학,1.027807913649001,0.1109599033657004,-1.6165289035968364,-60.43917014812823,0
2026-04-01,SSG,정준재,0.0,1.0,10.0,9.0,0.0,1.0,0.0,2.0,0.0,0.0,0.0,0.0,0.0,0.0,0.0,0.0,3839080,0.0,0.0,9.0,0.0,0.1,0.0,0.1,0.1,0.0,0.2,0.1,0.5,0.0,0.1111111111111111,0.0,0.0,0.045,0.0,0.0,0.774,0.1111111111111111,2026,문학,1.027807913649001,0.0781323514560102,-2.716849721706864,-81.33173221948738,0
2026-04-02,SSG,정준재,0.0,1.0,11.0,10.0,0.0,1.0,0.0,2.0,0.0,0.0,0.0,0.0,0.0,0.0,0.0,0.0,3839080,0.0,0.0,10.0,0.0,0.0909090909090909,0.0,0.0909090909090909,0.0909090909090909,0.0,0.1818181818181818,0.0909090909090909,0.5,0.0,0.1,0.0,0.0,0.0409090909090909,0.0,0.0,0.8640000000000001,0.1,2026,문학,1.027807913649001,0.0706979208874245,-2.949317448053203,-81.01168842965369,0
2026-04-03,SSG,정준재,0.0,1.0,13.0,11.0,0.0,2.0,0.0,2.0,0.0,0.0,0.0,0.0,0.0,0.0,0.0,0.0,3839080,0.0,0.0,11.0,0.0,0.1538461538461538,0.0,0.1538461538461538,0.1538461538461538,0.0,0.1538461538461538,0.1538461538461538,1.0,0.0,0.1818181818181818,0.0,0.0,0.0692307692307692,0.0,0.0,1.294,0.1818181818181818,2026,문학,1.027807913649001,0.1195971407955328,-2.89426787506844,-53.99027634476654,0
2026-04-04,SSG,정준재,0.0,1.0,16.0,14.0,0.0,2.0,0.0,4.0,0.0,0.0,0.0,0.0,0.0,0.0,0.0,0.0,3839080,0.0,0.0,14.0,0.0,0.125,0.0,0.125,0.125,0.0,0.25,0.125,0.5,0.0,0.1428571428571428,0.0,0.0,0.05625,0.0,0.0,1.1880000000000002,0.1428571428571428,2026,문학,1.027807913649001,0.0969846661145653,-3.8823412434632254,-70.14898455408117,0
2026-04-05,SSG,정준재,0.0,2.0,16.0,14.0,0.0,2.0,0.0,4.0,0.0,0.0,0.0,0.0,0.0,0.0,0.0,0.0,3839080,0.0,0.0,14.0,0.0,0.125,0.0,0.125,0.125,0.0,0.25,0.125,0.5,0.0,0.1428571428571428,0.0,0.0,0.05625,0.0,0.0,1.1880000000000002,0.1428571428571428,2026,문학,1.027807913649001,0.0962127290705691,-3.6950347230914815,-70.22485378880732,0
2026-04-06,SSG,정준재,0.0,2.0,16.0,14.0,0.0,2.0,0.0,4.0,0.0,0.0,0.0,0.0,0.0,0.0,0.0,0.0,3839080,0.0,0.0,14.0,0.0,0.125,0.0,0.125,0.125,0.0,0.25,0.125,0.5,0.0,0.1428571428571428,0.0,0.0,0.05625,0.0,0.0,1.1880000000000002,0.1428571428571428,2026,문학,1.027807913649001,0.0962127290705691,-3.6950347230914815,-70.22485378880732,0
2026-04-07,SSG,정준재,0.0,2.0,16.0,14.0,0.0,2.0,0.0,4.0,0.0,0.0,0.0,0.0,0.0,0.0,0.0,0.0,3839080,0.0,0.0,14.0,0.0,0.125,0.0,0.125,0.125,0.0,0.25,0.125,0.5,0.0,0.1428571428571428,0.0,0.0,0.05625,0.0,0.0,1.1880000000000002,0.1428571428571428,2026,문학,1.027807913649001,0.0959646253594328,-3.5475493072353985,-68.6431717808321,0
2026-04-08,SSG,정준재,0.0,3.0,20.0,18.0,2.0,2.0,0.0,5.0,0.0,0.0,0.0,0.0,0.0,0.0,0.0,0.0,3839080,2.0,2.0,16.0,0.1111111111111111,0.2,0.1111111111111111,0.3111111111111111,0.0888888888888889,0.0,0.25,0.1,0.4,0.1538461538461538,0.1111111111111111,0.0,0.0,0.1177777777777777,0.3636363636363636,0.6136363636363636,2.18,0.25,2026,문학,1.027807913649001,0.1716057268153075,-3.186856709406959,-22.17075411805052,0
2026-04-09,SSG,정준재,0.0,3.0,20.0,18.0,2.0,2.0,0.0,5.0,0.0,0.0,0.0,0.0,0.0,0.0,0.0,0.0,3839080,2.0,2.0,16.0,0.1111111111111111,0.2,0.1111111111111111,0.3111111111111111,0.0888888888888889,0.0,0.25,0.1,0.4,0.1538461538461538,0.1111111111111111,0.0,0.0,0.1177777777777777,0.3636363636363636,0.6136363636363636,2.18,0.25,2026,문학,1.027807913649001,0.1716057268153075,-3.186856709406959,-22.17075411805052,0
2026-04-10,SSG,정준재,0.0,3.0,23.0,21.0,2.0,2.0,0.0,6.0,0.0,0.0,0.0,0.0,0.0,0.0,0.0,0.0,3839080,2.0,2.0,19.0,0.0952380952380952,0.1739130434782608,0.0952380952380952,0.2691511387163561,0.0786749482401656,0.0,0.2608695652173913,0.0869565217391304,0.3333333333333333,0.1333333333333333,0.0952380952380952,0.0,0.0,0.1020703933747412,0.32,0.4547368421052631,2.262,0.2105263157894736,2026,문학,1.027807913649001,0.1488046818051175,-4.090435934837987,-36.03096539083381,0
2026-04-11,SSG,정준재,0.0,3.0,23.0,21.0,2.0,2.0,0.0,6.0,0.0,0.0,0.0,0.0,0.0,0.0,0.0,0.0,3839080,2.0,2.0,19.0,0.0952380952380952,0.1739130434782608,0.0952380952380952,0.2691511387163561,0.0786749482401656,0.0,0.2608695652173913,0.0869565217391304,0.3333333333333333,0.1333333333333333,0.0952380952380952,0.0,0.0,0.1020703933747412,0.32,0.4547368421052631,2.262,0.2105263157894736,2026,문학,1.027807913649001,0.1486475823447406,-3.9908621275143865,-34.81542832818177,0
2026-04-12,SSG,정준재,0.0,3.0,25.0,23.0,4.0,2.0,0.0,6.0,0.0,0.0,0.0,0.0,0.0,0.0,0.0,0.0,3839080,4.0,4.0,19.0,0.1739130434782608,0.24,0.1739130434782608,0.4139130434782608,0.0660869565217391,0.0,0.24,0.08,0.3333333333333333,0.2352941176470588,0.0869565217391304,0.0,0.0,0.1514782608695652,0.8888888888888888,1.263157894736842,3.262,0.3157894736842105,2026,문학,1.027807913649001,0.2122521758466272,-2.9345494496492623,6.974294081025079,0
2026-03-28,삼성,디아즈,0.0,0.0,5.0,4.0,1.0,1.0,0.0,0.0,1.0,0.0,0.0,0.0,0.0,0.0,0.0,0.0,3869434,0.0,2.0,3.0,0.25,0.4,0.5,0.9,0.15,0.25,0.0,0.2,0.0,0.25,0.5,0.0,0.0,0.305,0.6666666666666666,6.0,1.33,1.0,2026,대구,1.0406172533521605,0.4233614791428023,0.1942518386329228,121.9979059398468,0
2026-03-29,삼성,디아즈,0.0,0.0,9.0,7.0,1.0,2.0,0.0,1.0,1.0,0.0,0.0,0.0,0.0,0.0,0.0,0.0,3869434,0.0,2.0,6.0,0.1428571428571428,0.3333333333333333,0.2857142857142857,0.6190476190476191,0.1904761904761904,0.1428571428571428,0.1111111111111111,0.2222222222222222,2.0,0.1666666666666666,0.4285714285714285,0.0,0.0,0.2214285714285714,0.5454545454545454,2.4545454545454546,1.7519999999999998,0.6666666666666666,2026,대구,1.0406172533521605,0.3141478790178922,-0.5180764290301865,58.875883972624464,0
2026-03-30,삼성,디아즈,0.0,0.0,9.0,7.0,1.0,2.0,0.0,1.0,1.0,0.0,0.0,0.0,0.0,0.0,0.0,0.0,3869434,0.0,2.0,6.0,0.1428571428571428,0.3333333333333333,0.2857142857142857,0.6190476190476191,0.1904761904761904,0.1428571428571428,0.1111111111111111,0.2222222222222222,2.0,0.1666666666666666,0.4285714285714285,0.0,0.0,0.2214285714285714,0.5454545454545454,2.4545454545454546,1.7519999999999998,0.6666666666666666,2026,대구,1.0406172533521605,0.3141478790178922,-0.5180764290301865,58.875883972624464,0
2026-03-31,삼성,디아즈,3.0,1.0,14.0,12.0,2.0,2.0,0.0,1.0,1.0,0.0,1.0,0.0,0.0,0.0,0.0,0.0,3869434,0.0,6.0,10.0,0.1666666666666666,0.2857142857142857,0.5,0.7857142857142857,0.119047619047619,0.3333333333333333,0.0714285714285714,0.1428571428571428,2.0,0.1,0.5,14.0,12.0,0.2535714285714285,1.5,4.05,3.5520000000000005,0.8,2026,대구,1.0406172533521605,0.3403410012107698,-0.3502605909620477,78.85799951478138,0
2026-04-01,삼성,디아즈,4.0,3.0,19.0,16.0,5.0,2.0,0.0,1.0,1.0,0.0,1.0,0.0,1.0,0.0,0.0,0.0,3869434,3.0,9.0,12.0,0.3125,0.3684210526315789,0.5625,0.930921052631579,0.0559210526315789,0.25,0.0526315789473684,0.1052631578947368,2.0,0.2666666666666666,0.375,19.0,16.0,0.3064144736842105,2.571428571428572,5.785714285714286,5.5120000000000005,0.9166666666666666,2026,대구,1.0406172533521605,0.3983924706907785,0.4634211502782936,111.96773038503866,0
2026-04-02,삼성,디아즈,4.0,4.0,23.0,19.0,6.0,3.0,0.0,1.0,1.0,0.0,1.0,0.0,1.0,0.0,0.0,0.0,3869434,4.0,10.0,14.0,0.3157894736842105,0.391304347826087,0.5263157894736842,0.9176201372997712,0.0755148741418764,0.2105263157894736,0.0434782608695652,0.1304347826086956,3.0,0.2777777777777778,0.3684210526315789,23.0,19.0,0.3076659038901602,3.076923076923077,5.934065934065934,6.532,0.9285714285714286,2026,대구,1.0406172533521605,0.4049787429781413,0.8112729379949775,119.3856001023757,0
2026-04-03,삼성,디아즈,4.0,5.0,27.0,23.0,7.0,3.0,0.0,1.0,2.0,0.0,1.0,0.0,1.0,0.0,0.0,0.0,3869434,4.0,12.0,17.0,0.3043478260869565,0.3703703703703703,0.5217391304347826,0.8921095008051529,0.0660225442834138,0.217391304347826,0.037037037037037,0.1111111111111111,3.0,0.2727272727272727,0.3478260869565217,27.0,23.0,0.2971014492753623,3.6,5.7176470588235295,7.522,0.8823529411764706,2026,대구,1.0406172533521605,0.3936621792122252,0.629801856547947,111.78077900148978,0
2026-04-04,삼성,디아즈,7.0,6.0,32.0,28.0,11.0,3.0,0.0,1.0,2.0,0.0,2.0,0.0,1.0,0.0,0.0,0.0,3869434,7.0,19.0,18.0,0.3928571428571428,0.4375,0.6785714285714286,1.1160714285714286,0.0446428571428571,0.2857142857142857,0.03125,0.09375,3.0,0.3461538461538461,0.3928571428571428,16.0,14.0,0.3665178571428571,7.057142857142857,10.585714285714284,10.551999999999998,1.2222222222222223,2026,대구,1.0406172533521605,0.4816030695440322,3.237673606814154,165.72652197833014,0
2026-04-05,삼성,디아즈,7.0,6.0,36.0,32.0,12.0,3.0,0.0,2.0,2.0,0.0,2.0,0.0,1.0,0.0,0.0,0.0,3869434,8.0,20.0,21.0,0.375,0.4166666666666667,0.625,1.0416666666666667,0.0416666666666666,0.25,0.0555555555555555,0.0833333333333333,1.5,0.3448275862068966,0.34375,18.0,16.0,0.34375,7.17948717948718,9.23076923076923,11.134,1.0952380952380951,2026,대구,1.0406172533521605,0.4571709398406436,2.9208499772184484,154.7654453072102,0
2026-04-06,삼성,디아즈,7.0,6.0,36.0,32.0,12.0,3.0,0.0,2.0,2.0,0.0,2.0,0.0,1.0,0.0,0.0,0.0,3869434,8.0,20.0,21.0,0.375,0.4166666666666667,0.625,1.0416666666666667,0.0416666666666666,0.25,0.0555555555555555,0.0833333333333333,1.5,0.3448275862068966,0.34375,18.0,16.0,0.34375,7.17948717948718,9.23076923076923,11.134,1.0952380952380951,2026,대구,1.0406172533521605,0.4571709398406436,2.9208499772184484,154.7654453072102,0
2026-04-07,삼성,디아즈,8.0,7.0,41.0,37.0,13.0,3.0,0.0,2.0,2.0,0.0,2.0,0.0,1.0,0.0,0.0,0.0,3869434,9.0,21.0,25.0,0.3513513513513513,0.3902439024390244,0.5675675675675675,0.957811470006592,0.038892551087673,0.2162162162162161,0.048780487804878,0.073170731707317,1.5,0.3235294117647059,0.2972972972972973,20.5,18.5,0.3175016479894529,7.159090909090909,7.731818181818182,11.994,0.96,2026,대구,1.0406172533521605,0.4274512532232918,2.3600524909422567,138.9985935720956,0
2026-04-08,삼성,디아즈,8.0,7.0,45.0,41.0,14.0,3.0,0.0,2.0,2.0,0.0,2.0,0.0,1.0,0.0,0.0,0.0,3869434,10.0,22.0,28.0,0.3414634146341463,0.3777777777777777,0.5365853658536586,0.9143631436314364,0.0363143631436314,0.1951219512195122,0.0444444444444444,0.0666666666666666,1.5,0.3157894736842105,0.2682926829268293,22.5,20.5,0.3041463414634147,7.333333333333333,7.071428571428571,12.764,0.8928571428571429,2026,대구,1.0406172533521605,0.4095869487275514,1.893521396436508,127.46602471329378,0
2026-04-09,삼성,디아즈,8.0,7.0,45.0,41.0,14.0,3.0,0.0,2.0,2.0,0.0,2.0,0.0,1.0,0.0,0.0,0.0,3869434,10.0,22.0,28.0,0.3414634146341463,0.3777777777777777,0.5365853658536586,0.9143631436314364,0.0363143631436314,0.1951219512195122,0.0444444444444444,0.0666666666666666,1.5,0.3157894736842105,0.2682926829268293,22.5,20.5,0.3041463414634147,7.333333333333333,7.071428571428571,12.764,0.8928571428571429,2026,대구,1.0406172533521605,0.4095869487275514,1.893521396436508,127.46602471329378,0
2026-04-10,삼성,디아즈,8.0,8.0,49.0,45.0,15.0,3.0,0.0,2.0,3.0,0.0,2.0,0.0,1.0,0.0,0.0,0.0,3869434,10.0,24.0,31.0,0.3333333333333333,0.3673469387755102,0.5333333333333333,0.9006802721088436,0.0340136054421769,0.2,0.0408163265306122,0.0612244897959183,1.5,0.3095238095238095,0.2666666666666666,24.5,22.5,0.2986394557823129,7.846153846153846,6.833746898263027,13.753999999999998,0.8709677419354839,2026,대구,1.0406172533521605,0.4017899629342534,1.791183456842209,123.32688614073992,0
2026-04-11,삼성,디아즈,8.0,8.0,53.0,49.0,15.0,3.0,0.0,3.0,3.0,0.0,2.0,0.0,1.0,1.0,0.0,0.0,3869434,10.0,24.0,36.0,0.3061224489795918,0.3396226415094339,0.4897959183673469,0.8294185598767809,0.0335001925298421,0.183673469387755,0.0566037735849056,0.0566037735849056,1.0,0.2888888888888888,0.2448979591836734,26.5,24.5,0.275279168271082,6.857142857142857,5.142857142857142,13.555999999999996,0.75,2026,대구,1.0406172533521605,0.3724251647736799,0.7227910539881357,106.31561084674804,0
2026-04-12,삼성,디아즈,10.0,10.0,58.0,53.0,19.0,4.0,0.0,3.0,3.0,0.0,3.0,0.0,1.0,1.0,0.0,0.0,3869434,13.0,31.0,36.0,0.3584905660377358,0.396551724137931,0.5849056603773585,0.9814573845152896,0.0380611581001952,0.2264150943396226,0.0517241379310344,0.0689655172413793,1.3333333333333333,0.3333333333333333,0.3018867924528302,19.33333333333333,17.666666666666668,0.3246746909564086,10.5,7.875,16.836,0.9722222222222222,2026,대구,1.0406172533521605,0.4378018913835402,4.047920039223863,149.59513366908672,0
2026-03-28,LG,이주헌,0.0,0.0,1.0,1.0,0.0,0.0,0.0,0.0,0.0,0.0,0.0,0.0,0.0,0.0,0.0,0.0,3890122,0.0,0.0,1.0,0.0,0.0,0.0,0.0,0.0,0.0,0.0,0.0,0.0,0.0,0.0,0.0,0.0,0.0,0.0,0.0,0.09,0.0,2026,잠실,0.9512583942824044,0.0,-0.3372542180402336,-121.34559183676636,0
2026-03-29,LG,이주헌,0.0,0.0,1.0,1.0,0.0,0.0,0.0,0.0,0.0,0.0,0.0,0.0,0.0,0.0,0.0,0.0,3890122,0.0,0.0,1.0,0.0,0.0,0.0,0.0,0.0,0.0,0.0,0.0,0.0,0.0,0.0,0.0,0.0,0.0,0.0,0.0,0.09,0.0,2026,잠실,0.9512583942824044,0.0,-0.3525497752087347,-122.11365623571038,0
2026-03-30,LG,이주헌,0.0,0.0,1.0,1.0,0.0,0.0,0.0,0.0,0.0,0.0,0.0,0.0,0.0,0.0,0.0,0.0,3890122,0.0,0.0,1.0,0.0,0.0,0.0,0.0,0.0,0.0,0.0,0.0,0.0,0.0,0.0,0.0,0.0,0.0,0.0,0.0,0.09,0.0,2026,잠실,0.9512583942824044,0.0,-0.3525497752087347,-122.11365623571038,0
2026-03-31,LG,이주헌,0.0,1.0,3.0,3.0,1.0,0.0,0.0,0.0,0.0,0.0,0.0,0.0,0.0,0.0,0.0,0.0,3890122,1.0,1.0,2.0,0.3333333333333333,0.3333333333333333,0.3333333333333333,0.6666666666666666,0.0,0.0,0.0,0.0,0.0,0.3333333333333333,0.0,0.0,0.0,0.2333333333333333,0.3333333333333333,4.5,0.6799999999999999,0.5,2026,잠실,0.9512583942824044,0.3164613025461933,-0.1393658436826056,73.15901452290714,0
2026-04-01,LG,이주헌,0.0,1.0,3.0,3.0,1.0,0.0,0.0,0.0,0.0,0.0,0.0,0.0,0.0,0.0,0.0,0.0,3890122,1.0,1.0,2.0,0.3333333333333333,0.3333333333333333,0.3333333333333333,0.6666666666666666,0.0,0.0,0.0,0.0,0.0,0.3333333333333333,0.0,0.0,0.0,0.2333333333333333,0.3333333333333333,4.5,0.6799999999999999,0.5,2026,잠실,0.9512583942824044,0.3163281649668529,-0.154429808286951,71.0438173555909,0
2026-04-02,LG,이주헌,0.0,1.0,3.0,3.0,1.0,0.0,0.0,0.0,0.0,0.0,0.0,0.0,0.0,0.0,0.0,0.0,3890122,1.0,1.0,2.0,0.3333333333333333,0.3333333333333333,0.3333333333333333,0.6666666666666666,0.0,0.0,0.0,0.0,0.0,0.3333333333333333,0.0,0.0,0.0,0.2333333333333333,0.3333333333333333,4.5,0.6799999999999999,0.5,2026,잠실,0.9512583942824044,0.3161525474504866,-0.1360371423052512,74.73088780027545,0
2026-04-03,LG,이주헌,0.0,1.0,3.0,3.0,1.0,0.0,0.0,0.0,0.0,0.0,0.0,0.0,0.0,0.0,0.0,0.0,3890122,1.0,1.0,2.0,0.3333333333333333,0.3333333333333333,0.3333333333333333,0.6666666666666666,0.0,0.0,0.0,0.0,0.0,0.3333333333333333,0.0,0.0,0.0,0.2333333333333333,0.3333333333333333,4.5,0.6799999999999999,0.5,2026,잠실,0.9512583942824044,0.3166971201110277,-0.1372408442958893,73.80383609600526,0
2026-04-04,LG,이주헌,0.0,1.0,3.0,3.0,1.0,0.0,0.0,0.0,0.0,0.0,0.0,0.0,0.0,0.0,0.0,0.0,3890122,1.0,1.0,2.0,0.3333333333333333,0.3333333333333333,0.3333333333333333,0.6666666666666666,0.0,0.0,0.0,0.0,0.0,0.3333333333333333,0.0,0.0,0.0,0.2333333333333333,0.3333333333333333,4.5,0.6799999999999999,0.5,2026,잠실,0.9512583942824044,0.3164227083067505,-0.1394493287321046,72.81188237041772,0
2026-04-05,LG,이주헌,0.0,1.0,3.0,3.0,1.0,0.0,0.0,0.0,0.0,0.0,0.0,0.0,0.0,0.0,0.0,0.0,3890122,1.0,1.0,2.0,0.3333333333333333,0.3333333333333333,0.3333333333333333,0.6666666666666666,0.0,0.0,0.0,0.0,0.0,0.3333333333333333,0.0,0.0,0.0,0.2333333333333333,0.3333333333333333,4.5,0.6799999999999999,0.5,2026,잠실,0.9512583942824044,0.3163270913592532,-0.1219048131662351,75.41157823224817,0
2026-04-06,LG,이주헌,0.0,1.0,3.0,3.0,1.0,0.0,0.0,0.0,0.0,0.0,0.0,0.0,0.0,0.0,0.0,0.0,3890122,1.0,1.0,2.0,0.3333333333333333,0.3333333333333333,0.3333333333333333,0.6666666666666666,0.0,0.0,0.0,0.0,0.0,0.3333333333333333,0.0,0.0,0.0,0.2333333333333333,0.3333333333333333,4.5,0.6799999999999999,0.5,2026,잠실,0.9512583942824044,0.3163270913592532,-0.1219048131662351,75.41157823224817,0
2026-04-07,LG,이주헌,0.0,1.0,5.0,5.0,2.0,0.0,0.0,0.0,0.0,0.0,0.0,0.0,0.0,0.0,0.0,0.0,3890122,2.0,2.0,3.0,0.4,0.4,0.4,0.8,0.0,0.0,0.0,0.0,0.0,0.4,0.0,0.0,0.0,0.28,0.8,7.2,1.27,0.6666666666666666,2026,잠실,0.9512583942824044,0.380675565571848,0.0907640360178961,118.45364343504808,0
2026-04-08,LG,이주헌,0.0,1.0,5.0,5.0,2.0,0.0,0.0,0.0,0.0,0.0,0.0,0.0,0.0,0.0,0.0,0.0,3890122,2.0,2.0,3.0,0.4,0.4,0.4,0.8,0.0,0.0,0.0,0.0,0.0,0.4,0.0,0.0,0.0,0.28,0.8,7.2,1.27,0.6666666666666666,2026,잠실,0.9512583942824044,0.3798382930842063,0.084498841657865,117.53656052019552,0
2026-04-09,LG,이주헌,0.0,1.0,5.0,5.0,2.0,0.0,0.0,0.0,0.0,0.0,0.0,0.0,0.0,0.0,0.0,0.0,3890122,2.0,2.0,3.0,0.4,0.4,0.4,0.8,0.0,0.0,0.0,0.0,0.0,0.4,0.0,0.0,0.0,0.28,0.8,7.2,1.27,0.6666666666666666,2026,잠실,0.9512583942824044,0.3798382930842063,0.084498841657865,117.53656052019552,0
2026-04-10,LG,이주헌,0.0,1.0,6.0,6.0,2.0,0.0,0.0,0.0,0.0,0.0,0.0,0.0,0.0,0.0,0.0,0.0,3890122,2.0,2.0,4.0,0.3333333333333333,0.3333333333333333,0.3333333333333333,0.6666666666666666,0.0,0.0,0.0,0.0,0.0,0.3333333333333333,0.0,0.0,0.0,0.2333333333333333,0.6666666666666666,4.5,1.36,0.5,2026,잠실,0.9512583942824044,0.3156915249420153,-0.2184713101063742,77.59260131306706,0
2026-04-11,LG,이주헌,0.0,1.0,6.0,6.0,2.0,0.0,0.0,0.0,0.0,0.0,0.0,0.0,0.0,0.0,0.0,0.0,3890122,2.0,2.0,4.0,0.3333333333333333,0.3333333333333333,0.3333333333333333,0.6666666666666666,0.0,0.0,0.0,0.0,0.0,0.3333333333333333,0.0,0.0,0.0,0.2333333333333333,0.6666666666666666,4.5,1.36,0.5,2026,잠실,0.9512583942824044,0.3157965575012826,-0.2023379515071629,79.2130714092626,0
2026-04-12,LG,이주헌,0.0,1.0,7.0,7.0,2.0,0.0,0.0,0.0,0.0,0.0,0.0,0.0,0.0,0.0,0.0,0.0,3890122,2.0,2.0,5.0,0.2857142857142857,0.2857142857142857,0.2857142857142857,0.5714285714285714,0.0,0.0,0.0,0.0,0.0,0.2857142857142857,0.0,0.0,0.0,0.1999999999999999,0.5714285714285714,3.0857142857142854,1.45,0.4,2026,잠실,0.9512583942824044,0.2704696831331409,-0.4834889598569821,51.772287988429454,0
2026-03-28,KT,안현민,0.0,3.0,6.0,2.0,1.0,2.0,2.0,1.0,0.0,1.0,0.0,0.0,0.0,0.0,0.0,0.0,3891049,0.0,3.0,1.0,0.5,0.8333333333333334,1.5,2.333333333333333,0.3333333333333333,1.0,0.1666666666666666,0.3333333333333333,2.0,1.0,2.0,0.0,0.0,0.75,1.5,40.5,2.3020000000000005,7.0,2026,수원,1.0287682311922934,0.8139951647795453,2.3152820138438246,355.95983278741363,0
2026-03-29,KT,안현민,1.0,4.0,11.0,7.0,2.0,2.0,2.0,1.0,1.0,1.0,0.0,0.0,0.0,0.0,0.0,0.0,3891049,0.0,5.0,5.0,0.2857142857142857,0.5454545454545454,0.7142857142857143,1.2597402597402598,0.2597402597402597,0.4285714285714286,0.0909090909090909,0.1818181818181818,2.0,0.3333333333333333,0.7142857142857143,0.0,0.0,0.424025974025974,2.0,10.8,3.382,1.8,2026,수원,1.0287682311922934,0.5450408082406696,1.751695568400771,199.65249091933327,0
2026-03-30,KT,안현민,1.0,4.0,11.0,7.0,2.0,2.0,2.0,1.0,1.0,1.0,0.0,0.0,0.0,0.0,0.0,0.0,3891049,0.0,5.0,5.0,0.2857142857142857,0.5454545454545454,0.7142857142857143,1.2597402597402598,0.2597402597402597,0.4285714285714286,0.0909090909090909,0.1818181818181818,2.0,0.3333333333333333,0.7142857142857143,0.0,0.0,0.424025974025974,2.0,10.8,3.382,1.8,2026,수원,1.0287682311922934,0.5450408082406696,1.751695568400771,199.65249091933327,0
2026-03-31,KT,안현민,3.0,5.0,17.0,11.0,4.0,4.0,2.0,1.0,2.0,1.0,0.0,0.0,0.0,0.0,0.0,0.0,3891049,1.0,8.0,7.0,0.3636363636363636,0.5882352941176471,0.7272727272727273,1.3155080213903745,0.2245989304812834,0.3636363636363636,0.0588235294117647,0.2352941176470588,4.0,0.4,0.7272727272727273,0.0,0.0,0.446524064171123,3.4782608695652173,13.41614906832298,5.462,2.0,2026,수원,1.0287682311922934,0.5774640554924536,3.193371507895195,225.3657274204092,0
2026-04-01,KT,안현민,5.0,6.0,23.0,16.0,6.0,5.0,2.0,2.0,2.0,1.0,1.0,0.0,0.0,1.0,0.0,0.0,3891049,2.0,13.0,11.0,0.375,0.5652173913043478,0.8125,1.3777173913043477,0.1902173913043477,0.4375,0.0869565217391304,0.217391304347826,2.5,0.3846153846153846,0.75,23.0,16.0,0.4574728260869565,5.2,12.763636363636364,7.4540000000000015,1.818181818181818,2026,수원,1.0287682311922934,0.5834873067577079,4.496682127396414,225.61067668067832,0
2026-04-02,KT,안현민,7.0,8.0,28.0,21.0,8.0,5.0,2.0,2.0,2.0,1.0,1.0,0.0,0.0,1.0,0.0,0.0,3891049,4.0,15.0,14.0,0.3809523809523809,0.5357142857142857,0.7142857142857143,1.25,0.1547619047619047,0.3333333333333333,0.0714285714285714,0.1785714285714285,2.5,0.3888888888888889,0.5714285714285714,28.0,21.0,0.4196428571428571,6.0,11.571428571428571,8.724000000000002,1.5714285714285714,2026,수원,1.0287682311922934,0.5477071382213984,4.614755581003894,206.6813622631204,0
2026-04-03,KT,안현민,7.0,8.0,32.0,25.0,9.0,5.0,2.0,4.0,2.0,1.0,1.0,0.0,0.0,1.0,0.0,0.0,3891049,5.0,16.0,17.0,0.36,0.5,0.64,1.14,0.14,0.28,0.125,0.15625,1.25,0.4,0.48,32.0,25.0,0.385,6.153846153846154,9.773755656108598,9.118000000000002,1.3529411764705883,2026,수원,1.0287682311922934,0.5102945937727682,4.095959708514983,184.05711624214604,0
2026-04-04,KT,안현민,8.0,9.0,37.0,30.0,12.0,5.0,2.0,6.0,2.0,1.0,2.0,0.0,0.0,1.0,0.0,0.0,3891049,7.0,22.0,19.0,0.4,0.5135135135135135,0.7333333333333333,1.2468468468468468,0.1135135135135134,0.3333333333333332,0.1621621621621621,0.1351351351351351,0.8333333333333334,0.4545454545454545,0.5,18.5,15.0,0.4144144144144144,9.0,12.789473684210526,11.362,1.5263157894736843,2026,수원,1.0287682311922934,0.5448010500002781,5.833869549152649,205.87941937687893,0
2026-04-05,KT,안현민,8.0,9.0,41.0,33.0,13.0,6.0,2.0,8.0,2.0,1.0,2.0,0.0,0.0,1.0,0.0,0.0,3891049,8.0,23.0,21.0,0.3939393939393939,0.5121951219512195,0.696969696969697,1.2091648189209163,0.1182557280118256,0.3030303030303031,0.1951219512195122,0.1463414634146341,0.75,0.4782608695652174,0.4848484848484848,20.5,16.5,0.4047302291204731,9.387755102040815,12.06997084548105,12.006,1.4761904761904765,2026,수원,1.0287682311922934,0.535921025297964,6.118013724007755,205.31583751299908,0
2026-04-06,KT,안현민,8.0,9.0,41.0,33.0,13.0,6.0,2.0,8.0,2.0,1.0,2.0,0.0,0.0,1.0,0.0,0.0,3891049,8.0,23.0,21.0,0.3939393939393939,0.5121951219512195,0.696969696969697,1.2091648189209163,0.1182557280118256,0.3030303030303031,0.1951219512195122,0.1463414634146341,0.75,0.4782608695652174,0.4848484848484848,20.5,16.5,0.4047302291204731,9.387755102040815,12.06997084548105,12.006,1.4761904761904765,2026,수원,1.0287682311922934,0.535921025297964,6.118013724007755,205.31583751299908,0
2026-04-07,KT,안현민,8.0,11.0,46.0,35.0,13.0,8.0,3.0,10.0,2.0,1.0,2.0,0.0,0.0,1.0,0.0,0.0,3891049,8.0,23.0,23.0,0.3714285714285714,0.5217391304347826,0.6571428571428571,1.1788819875776395,0.1503105590062111,0.2857142857142857,0.217391304347826,0.1739130434782608,0.8,0.4782608695652174,0.5142857142857142,23.0,17.5,0.3990683229813664,9.280701754385966,10.894736842105264,12.83,1.4782608695652173,2026,수원,1.0287682311922934,0.531147781266413,6.666717739450152,205.53924992159412,0
2026-04-08,KT,안현민,8.0,11.0,46.0,35.0,13.0,8.0,3.0,10.0,2.0,1.0,2.0,0.0,0.0,1.0,0.0,0.0,3891049,8.0,23.0,23.0,0.3714285714285714,0.5217391304347826,0.6571428571428571,1.1788819875776395,0.1503105590062111,0.2857142857142857,0.217391304347826,0.1739130434782608,0.8,0.4782608695652174,0.5142857142857142,23.0,17.5,0.3990683229813664,9.280701754385966,10.894736842105264,12.83,1.4782608695652173,2026,수원,1.0287682311922934,0.5299039957911847,6.619927090231474,204.9509534943556,0
2026-04-09,KT,안현민,8.0,11.0,46.0,35.0,13.0,8.0,3.0,10.0,2.0,1.0,2.0,0.0,0.0,1.0,0.0,0.0,3891049,8.0,23.0,23.0,0.3714285714285714,0.5217391304347826,0.6571428571428571,1.1788819875776395,0.1503105590062111,0.2857142857142857,0.217391304347826,0.1739130434782608,0.8,0.4782608695652174,0.5142857142857142,23.0,17.5,0.3990683229813664,9.280701754385966,10.894736842105264,12.83,1.4782608695652173,2026,수원,1.0287682311922934,0.5299039957911847,6.619927090231474,204.9509534943556,0
2026-04-10,KT,안현민,8.0,11.0,52.0,39.0,13.0,10.0,3.0,13.0,2.0,1.0,2.0,0.0,0.0,1.0,0.0,0.0,3891049,8.0,23.0,27.0,0.3333333333333333,0.5,0.5897435897435898,1.08974358974359,0.1666666666666666,0.2564102564102564,0.25,0.1923076923076923,0.7692307692307693,0.4583333333333333,0.5128205128205128,26.0,19.5,0.3724358974358974,8.846153846153847,8.846153846153847,13.306,1.3333333333333333,2026,수원,1.0287682311922934,0.4969700240761288,6.09533090797399,184.94854324454127,0
2026-04-11,KT,안현민,10.0,12.0,56.0,43.0,16.0,10.0,3.0,14.0,2.0,1.0,3.0,0.0,0.0,1.0,0.0,0.0,3891049,10.0,29.0,28.0,0.3720930232558139,0.5178571428571429,0.6744186046511628,1.1922757475083057,0.1457641196013289,0.3023255813953488,0.25,0.1785714285714285,0.7142857142857143,0.5,0.5348837209302325,18.666666666666668,14.333333333333334,0.401640365448505,11.768115942028986,11.347826086956522,15.648,1.5,2026,수원,1.0287682311922934,0.5321733768212491,8.24548441336156,209.164217877062,0
2026-04-12,KT,안현민,10.0,13.0,60.0,45.0,16.0,12.0,3.0,14.0,2.0,1.0,3.0,0.0,0.0,1.0,0.0,0.0,3891049,10.0,29.0,30.0,0.3555555555555555,0.5166666666666667,0.6444444444444445,1.1611111111111112,0.1611111111111111,0.2888888888888889,0.2333333333333333,0.2,0.8571428571428571,0.4642857142857143,0.5555555555555556,20.0,15.0,0.3936111111111111,11.6,10.44,16.508000000000003,1.4666666666666666,2026,수원,1.0287682311922934,0.5221136927513192,8.38550090530498,204.57135954001043,0
2026-04-01,두산,윤준호,0.0,0.0,1.0,1.0,0.0,0.0,0.0,0.0,0.0,0.0,0.0,0.0,0.0,0.0,0.0,0.0,3891756,0.0,0.0,1.0,0.0,0.0,0.0,0.0,0.0,0.0,0.0,0.0,0.0,0.0,0.0,0.0,0.0,0.0,0.0,0.0,0.09,0.0,2026,잠실,0.9512583942824044,0.0,-0.343917130488559,-121.14764230574092,0
2026-04-02,두산,윤준호,0.0,0.0,1.0,1.0,0.0,0.0,0.0,0.0,0.0,0.0,0.0,0.0,0.0,0.0,0.0,0.0,3891756,0.0,0.0,1.0,0.0,0.0,0.0,0.0,0.0,0.0,0.0,0.0,0.0,0.0,0.0,0.0,0.0,0.0,0.0,0.0,0.09,0.0,2026,잠실,0.9512583942824044,0.0,-0.3322850382184939,-116.010188551688,0
2026-04-03,두산,윤준호,0.0,0.0,3.0,2.0,1.0,1.0,0.0,0.0,0.0,0.0,0.0,0.0,0.0,0.0,0.0,0.0,3891756,1.0,1.0,1.0,0.5,0.6666666666666666,0.5,1.1666666666666663,0.1666666666666666,0.0,0.0,0.3333333333333333,0.0,0.5,0.5,0.0,0.0,0.425,0.5,13.5,0.93,2.0,2026,잠실,0.9512583942824044,0.5758242585013488,0.5604266770410758,231.7506658123831,0
2026-04-04,두산,윤준호,1.0,0.0,7.0,6.0,2.0,1.0,0.0,1.0,0.0,0.0,0.0,0.0,0.0,0.0,0.0,0.0,3891756,2.0,2.0,4.0,0.3333333333333333,0.4285714285714285,0.3333333333333333,0.7619047619047619,0.0952380952380952,0.0,0.1428571428571428,0.1428571428571428,1.0,0.4,0.1666666666666666,0.0,0.0,0.2761904761904761,0.75,5.0625,1.512,0.75,2026,잠실,0.9512583942824044,0.3820590826795751,0.0853405310034892,113.28339588866798,0
2026-04-05,두산,윤준호,1.0,0.0,7.0,6.0,2.0,1.0,0.0,1.0,0.0,0.0,0.0,0.0,0.0,0.0,0.0,0.0,3891756,2.0,2.0,4.0,0.3333333333333333,0.4285714285714285,0.3333333333333333,0.7619047619047619,0.0952380952380952,0.0,0.1428571428571428,0.1428571428571428,1.0,0.4,0.1666666666666666,0.0,0.0,0.2761904761904761,0.75,5.0625,1.512,0.75,2026,잠실,0.9512583942824044,0.3810949115314388,0.1075305798530964,116.01210786728144,0
2026-04-06,두산,윤준호,1.0,0.0,7.0,6.0,2.0,1.0,0.0,1.0,0.0,0.0,0.0,0.0,0.0,0.0,0.0,0.0,3891756,2.0,2.0,4.0,0.3333333333333333,0.4285714285714285,0.3333333333333333,0.7619047619047619,0.0952380952380952,0.0,0.1428571428571428,0.1428571428571428,1.0,0.4,0.1666666666666666,0.0,0.0,0.2761904761904761,0.75,5.0625,1.512,0.75,2026,잠실,0.9512583942824044,0.3810949115314388,0.1075305798530964,116.01210786728144,0
2026-04-07,두산,윤준호,1.0,0.0,7.0,6.0,2.0,1.0,0.0,1.0,0.0,0.0,0.0,0.0,0.0,0.0,0.0,0.0,3891756,2.0,2.0,4.0,0.3333333333333333,0.4285714285714285,0.3333333333333333,0.7619047619047619,0.0952380952380952,0.0,0.1428571428571428,0.1428571428571428,1.0,0.4,0.1666666666666666,0.0,0.0,0.2761904761904761,0.75,5.0625,1.512,0.75,2026,잠실,0.9512583942824044,0.3815849758192433,0.1324330241747213,119.02680816540958,0
2026-04-08,두산,윤준호,2.0,0.0,11.0,9.0,2.0,1.0,0.0,2.0,0.0,0.0,0.0,0.0,1.0,0.0,0.0,0.0,3891756,2.0,2.0,8.0,0.2222222222222222,0.2727272727272727,0.2222222222222222,0.4949494949494949,0.0505050505050505,0.0,0.1818181818181818,0.0909090909090909,0.5,0.25,0.1111111111111111,0.0,0.0,0.1782828282828282,0.3333333333333333,1.125,1.964,0.375,2026,잠실,0.9512583942824044,0.2423320909875991,-1.0943007749661435,30.33589254431969,0
2026-04-09,두산,윤준호,2.0,0.0,11.0,9.0,2.0,1.0,0.0,2.0,0.0,0.0,0.0,0.0,1.0,0.0,0.0,0.0,3891756,2.0,2.0,8.0,0.2222222222222222,0.2727272727272727,0.2222222222222222,0.4949494949494949,0.0505050505050505,0.0,0.1818181818181818,0.0909090909090909,0.5,0.25,0.1111111111111111,0.0,0.0,0.1782828282828282,0.3333333333333333,1.125,1.964,0.375,2026,잠실,0.9512583942824044,0.2423320909875991,-1.0943007749661435,30.33589254431969,0
2026-04-10,두산,윤준호,2.0,0.0,15.0,12.0,3.0,1.0,0.0,3.0,0.0,0.0,0.0,1.0,1.0,0.0,0.0,0.0,3891756,3.0,3.0,11.0,0.25,0.2857142857142857,0.25,0.5357142857142857,0.0357142857142857,0.0,0.2,0.0666666666666666,0.3333333333333333,0.3,0.0833333333333333,0.0,0.0,0.1910714285714285,0.375,0.9204545454545454,2.496,0.3636363636363636,2026,잠실,0.9512583942824044,0.2575287850293531,-1.2855541024276669,40.66084046385339,0
2026-04-11,두산,윤준호,2.0,0.0,15.0,12.0,3.0,1.0,0.0,3.0,0.0,0.0,0.0,1.0,1.0,0.0,0.0,0.0,3891756,3.0,3.0,11.0,0.25,0.2857142857142857,0.25,0.5357142857142857,0.0357142857142857,0.0,0.2,0.0666666666666666,0.3333333333333333,0.3,0.0833333333333333,0.0,0.0,0.1910714285714285,0.375,0.9204545454545454,2.496,0.3636363636363636,2026,잠실,0.9512583942824044,0.2574447529980153,-1.2378708489114651,42.07800396552168,0
2026-04-12,두산,윤준호,2.0,0.0,18.0,15.0,3.0,1.0,0.0,5.0,0.0,0.0,0.0,1.0,1.0,0.0,0.0,0.0,3891756,3.0,3.0,14.0,0.2,0.2352941176470588,0.2,0.4352941176470588,0.0352941176470588,0.0,0.2777777777777778,0.0555555555555555,0.2,0.2727272727272727,0.0666666666666666,0.0,0.0,0.1558823529411764,0.3157894736842105,0.6090225563909774,2.39,0.2857142857142857,2026,잠실,0.9512583942824044,0.2117527111205196,-2.1203363088769778,14.31058518609982,0
2026-03-28,키움,어준서,0.0,0.0,6.0,5.0,0.0,1.0,0.0,2.0,0.0,0.0,0.0,0.0,0.0,0.0,0.0,0.0,3976950,0.0,0.0,5.0,0.0,0.1666666666666666,0.0,0.1666666666666666,0.1666666666666666,0.0,0.3333333333333333,0.1666666666666666,0.5,0.0,0.2,0.0,0.0,0.075,0.0,0.0,0.4140000000000001,0.2,2026,고척,0.9666905138306804,0.1337197857861608,-1.310763843824356,-43.20572725676529,0
2026-03-29,키움,어준서,0.0,1.0,10.0,9.0,1.0,1.0,0.0,2.0,0.0,0.0,0.0,0.0,0.0,0.0,0.0,0.0,3976950,1.0,1.0,8.0,0.1111111111111111,0.2,0.1111111111111111,0.3111111111111111,0.0888888888888889,0.0,0.2,0.1,0.5,0.1428571428571428,0.1111111111111111,0.0,0.0,0.1177777777777777,0.1818181818181818,0.6136363636363636,1.1840000000000002,0.25,2026,고척,0.9666905138306804,0.1726918268477394,-1.903916720188396,-19.2519971367363,0
2026-03-30,키움,어준서,0.0,1.0,10.0,9.0,1.0,1.0,0.0,2.0,0.0,0.0,0.0,0.0,0.0,0.0,0.0,0.0,3976950,1.0,1.0,8.0,0.1111111111111111,0.2,0.1111111111111111,0.3111111111111111,0.0888888888888889,0.0,0.2,0.1,0.5,0.1428571428571428,0.1111111111111111,0.0,0.0,0.1177777777777777,0.1818181818181818,0.6136363636363636,1.1840000000000002,0.25,2026,고척,0.9666905138306804,0.1726918268477394,-1.903916720188396,-19.2519971367363,0
2026-03-31,키움,어준서,1.0,1.0,14.0,13.0,2.0,1.0,0.0,4.0,0.0,0.0,0.0,0.0,0.0,0.0,0.0,0.0,3976950,2.0,2.0,11.0,0.1538461538461538,0.2142857142857142,0.1538461538461538,0.3681318681318681,0.0604395604395604,0.0,0.2857142857142857,0.0714285714285714,0.25,0.2222222222222222,0.0769230769230769,0.0,0.0,0.1348901098901098,0.4,0.981818181818182,1.5780000000000003,0.2727272727272727,2026,고척,0.9666905138306804,0.1911062242026473,-2.2258013559406056,-5.209094338781728,0
2026-04-01,키움,어준서,1.0,2.0,19.0,16.0,4.0,2.0,1.0,4.0,0.0,0.0,0.0,0.0,0.0,0.0,0.0,0.0,3976950,4.0,4.0,12.0,0.25,0.3684210526315789,0.25,0.618421052631579,0.1184210526315789,0.0,0.2105263157894736,0.1052631578947368,0.5,0.3333333333333333,0.125,0.0,0.0,0.2282894736842105,1.2727272727272727,2.863636363636364,3.3480000000000003,0.5833333333333334,2026,고척,0.9666905138306804,0.3245763482571495,-0.8331743970315393,74.51195298747734,0
2026-04-02,키움,어준서,1.0,3.0,23.0,19.0,5.0,3.0,1.0,4.0,0.0,0.0,0.0,0.0,0.0,0.0,0.0,0.0,3976950,5.0,5.0,14.0,0.2631578947368421,0.391304347826087,0.2631578947368421,0.6544622425629291,0.1281464530892448,0.0,0.1739130434782608,0.1304347826086956,0.75,0.3333333333333333,0.1578947368421052,0.0,0.0,0.2418764302059496,1.6666666666666667,3.2142857142857144,4.367999999999999,0.6428571428571429,2026,고척,0.9666905138306804,0.3426322597726119,-0.4901941278732851,89.16340930242258,0
2026-04-03,키움,어준서,1.0,3.0,26.0,22.0,5.0,3.0,1.0,4.0,0.0,0.0,0.0,0.0,0.0,0.0,0.0,0.0,3976950,5.0,5.0,17.0,0.2272727272727272,0.3461538461538461,0.2272727272727272,0.5734265734265734,0.1188811188811188,0.0,0.1538461538461538,0.1153846153846153,0.75,0.2777777777777778,0.1363636363636363,0.0,0.0,0.2125874125874126,1.5,2.3823529411764706,4.638,0.5294117647058824,2026,고척,0.9666905138306804,0.3033784194275905,-1.5001981434520522,64.14242177164601,0
2026-04-04,키움,어준서,1.0,4.0,30.0,26.0,6.0,3.0,1.0,5.0,0.0,0.0,0.0,0.0,0.0,0.0,0.0,0.0,3976950,6.0,6.0,20.0,0.2307692307692307,0.3333333333333333,0.2307692307692307,0.5641025641025641,0.1025641025641025,0.0,0.1666666666666666,0.1,0.6,0.2857142857142857,0.1153846153846153,0.0,0.0,0.2076923076923076,1.7647058823529411,2.3823529411764706,5.22,0.5,2026,고척,0.9666905138306804,0.2942361440869186,-1.989493287321046,57.58839263781236,0
2026-04-05,키움,어준서,1.0,4.0,33.0,29.0,7.0,3.0,1.0,5.0,0.0,0.0,0.0,0.0,0.0,0.0,0.0,0.0,3976950,7.0,7.0,22.0,0.2413793103448276,0.3333333333333333,0.2413793103448276,0.5747126436781609,0.0919540229885057,0.0,0.1515151515151515,0.0909090909090909,0.6,0.2916666666666667,0.1034482758620689,0.0,0.0,0.2103448275862069,2.081081081081081,2.5540540540540544,5.9,0.5,2026,고척,0.9666905138306804,0.2954724935683718,-1.935952944828588,60.79539711797691,0
2026-04-06,키움,어준서,1.0,4.0,33.0,29.0,7.0,3.0,1.0,5.0,0.0,0.0,0.0,0.0,0.0,0.0,0.0,0.0,3976950,7.0,7.0,22.0,0.2413793103448276,0.3333333333333333,0.2413793103448276,0.5747126436781609,0.0919540229885057,0.0,0.1515151515151515,0.0909090909090909,0.6,0.2916666666666667,0.1034482758620689,0.0,0.0,0.2103448275862069,2.081081081081081,2.5540540540540544,5.9,0.5,2026,고척,0.9666905138306804,0.2954724935683718,-1.935952944828588,60.79539711797691,0
2026-04-07,키움,어준서,1.0,5.0,37.0,33.0,9.0,3.0,1.0,7.0,0.0,0.0,0.0,0.0,0.0,0.0,0.0,0.0,3976950,9.0,9.0,24.0,0.2727272727272727,0.3513513513513513,0.2727272727272727,0.624078624078624,0.0786240786240786,0.0,0.1891891891891892,0.081081081081081,0.4285714285714285,0.3461538461538461,0.0909090909090909,0.0,0.0,0.2262899262899263,2.8536585365853657,3.2103658536585367,6.704000000000001,0.5416666666666666,2026,고척,0.9666905138306804,0.3152903006958956,-1.3666164972145676,75.70072681768548,0
2026-04-08,키움,어준서,1.0,5.0,40.0,36.0,9.0,3.0,1.0,8.0,0.0,0.0,0.0,0.0,0.0,0.0,0.0,0.0,3976950,9.0,9.0,27.0,0.25,0.325,0.25,0.575,0.075,0.0,0.2,0.075,0.375,0.3214285714285714,0.0833333333333333,0.0,0.0,0.20875,2.659090909090909,2.659090909090909,6.7860000000000005,0.4814814814814814,2026,고척,0.9666905138306804,0.2910436377479444,-2.330148323765893,59.6835011552142,0
2026-04-09,키움,어준서,1.0,5.0,40.0,36.0,9.0,3.0,1.0,8.0,0.0,0.0,0.0,0.0,0.0,0.0,0.0,0.0,3976950,9.0,9.0,27.0,0.25,0.325,0.25,0.575,0.075,0.0,0.2,0.075,0.375,0.3214285714285714,0.0833333333333333,0.0,0.0,0.20875,2.659090909090909,2.659090909090909,6.7860000000000005,0.4814814814814814,2026,고척,0.9666905138306804,0.2910436377479444,-2.330148323765893,59.6835011552142,0
2026-04-10,키움,어준서,1.0,5.0,43.0,39.0,9.0,3.0,1.0,9.0,0.0,0.0,0.0,0.0,0.0,0.0,0.0,0.0,3976950,9.0,9.0,30.0,0.2307692307692307,0.3023255813953488,0.2307692307692307,0.5330948121645795,0.071556350626118,0.0,0.2093023255813953,0.0697674418604651,0.3333333333333333,0.3,0.0769230769230769,0.0,0.0,0.1937388193202147,2.48936170212766,2.2404255319148936,6.868,0.4333333333333333,2026,고척,0.9666905138306804,0.2699973832682678,-3.230879266464245,47.03484989467574,0
2026-04-11,키움,어준서,1.0,5.0,47.0,43.0,10.0,3.0,1.0,10.0,0.0,0.0,0.0,0.0,0.0,0.0,0.0,0.0,3976950,10.0,10.0,33.0,0.2325581395348837,0.2978723404255319,0.2325581395348837,0.5304304799604156,0.0653142008906481,0.0,0.2127659574468085,0.0638297872340425,0.3,0.303030303030303,0.0697674418604651,0.0,0.0,0.1921820880752102,2.7450980392156863,2.2459893048128343,7.449999999999999,0.4242424242424242,2026,고척,0.9666905138306804,0.2670642362728427,-3.5005412171410786,46.65662771441516,0
2026-04-12,키움,어준서,1.0,5.0,47.0,43.0,10.0,3.0,1.0,10.0,0.0,0.0,0.0,0.0,0.0,0.0,0.0,0.0,3976950,10.0,10.0,33.0,0.2325581395348837,0.2978723404255319,0.2325581395348837,0.5304304799604156,0.0653142008906481,0.0,0.2127659574468085,0.0638297872340425,0.3,0.303030303030303,0.0697674418604651,0.0,0.0,0.1921820880752102,2.7450980392156863,2.2459893048128343,7.449999999999999,0.4242424242424242,2026,고척,0.9666905138306804,0.2667238786384622,-3.3923814339597187,47.83923524438133,0
2026-04-05,KIA,박재현,0.0,2.0,4.0,4.0,1.0,0.0,0.0,1.0,1.0,0.0,0.0,0.0,0.0,0.0,0.0,0.0,3977734,0.0,2.0,3.0,0.25,0.25,0.5,0.75,0.0,0.25,0.25,0.0,0.0,0.3333333333333333,0.25,0.0,0.0,0.2375,0.5,4.5,0.8019999999999999,0.6666666666666666,2026,광주,0.9987402594586288,0.3239934353806689,-0.1360273228421362,75.46913670969224,0
2026-04-06,KIA,박재현,0.0,2.0,4.0,4.0,1.0,0.0,0.0,1.0,1.0,0.0,0.0,0.0,0.0,0.0,0.0,0.0,3977734,0.0,2.0,3.0,0.25,0.25,0.5,0.75,0.0,0.25,0.25,0.0,0.0,0.3333333333333333,0.25,0.0,0.0,0.2375,0.5,4.5,0.8019999999999999,0.6666666666666666,2026,광주,0.9987402594586288,0.3239934353806689,-0.1360273228421362,75.46913670969224,0
2026-04-07,KIA,박재현,0.0,3.0,7.0,7.0,2.0,0.0,0.0,1.0,1.0,0.0,0.0,0.0,0.0,0.0,0.0,0.0,3977734,1.0,3.0,5.0,0.2857142857142857,0.2857142857142857,0.4285714285714285,0.7142857142857142,0.0,0.1428571428571428,0.1428571428571428,0.0,0.0,0.3333333333333333,0.1428571428571428,0.0,0.0,0.2357142857142857,0.8571428571428571,4.628571428571428,1.482,0.6,2026,광주,0.9987402594586288,0.3227789277736677,-0.2143838445736116,77.21553293924404,0
2026-04-08,KIA,박재현,2.0,4.0,13.0,12.0,4.0,1.0,0.0,2.0,1.0,0.0,0.0,0.0,0.0,0.0,0.0,0.0,3977734,3.0,5.0,8.0,0.3333333333333333,0.3846153846153846,0.4166666666666667,0.8012820512820513,0.0512820512820513,0.0833333333333333,0.1538461538461538,0.0769230769230769,0.5,0.4,0.1666666666666666,0.0,0.0,0.2772435897435897,1.7857142857142858,6.026785714285714,2.9039999999999995,0.75,2026,광주,0.9987402594586288,0.3784075193322597,0.2039543845085278,111.8810372789216,0
2026-04-09,KIA,박재현,2.0,4.0,13.0,12.0,4.0,1.0,0.0,2.0,1.0,0.0,0.0,0.0,0.0,0.0,0.0,0.0,3977734,3.0,5.0,8.0,0.3333333333333333,0.3846153846153846,0.4166666666666667,0.8012820512820513,0.0512820512820513,0.0833333333333333,0.1538461538461538,0.0769230769230769,0.5,0.4,0.1666666666666666,0.0,0.0,0.2772435897435897,1.7857142857142858,6.026785714285714,2.9039999999999995,0.75,2026,광주,0.9987402594586288,0.3784075193322597,0.2039543845085278,111.8810372789216,0
2026-04-10,KIA,박재현,2.0,4.0,17.0,14.0,5.0,1.0,0.0,2.0,1.0,0.0,0.0,2.0,0.0,0.0,0.0,0.0,3977734,4.0,6.0,11.0,0.3571428571428571,0.4,0.4285714285714285,0.8285714285714285,0.0428571428571428,0.0714285714285714,0.1176470588235294,0.0588235294117647,0.5,0.4166666666666667,0.1428571428571428,0.0,0.0,0.2871428571428571,1.3333333333333333,3.272727272727273,3.5739999999999994,0.6363636363636364,2026,광주,0.9987402594586288,0.3902362040334377,0.4549742671285535,120.17826228818356,0
2026-04-11,KIA,박재현,3.0,5.0,21.0,18.0,7.0,1.0,0.0,3.0,1.0,0.0,0.0,2.0,0.0,0.0,0.0,0.0,3977734,6.0,8.0,13.0,0.3888888888888889,0.4210526315789473,0.4444444444444444,0.8654970760233918,0.0321637426900584,0.0555555555555555,0.1428571428571428,0.0476190476190476,0.3333333333333333,0.4666666666666667,0.1111111111111111,0.0,0.0,0.3005847953216374,2.1818181818181817,4.531468531468532,4.565999999999999,0.6923076923076923,2026,광주,0.9987402594586288,0.4080259271208937,0.9116473032530504,133.15962261695228,0
2026-04-12,KIA,박재현,4.0,5.0,26.0,22.0,8.0,2.0,0.0,4.0,1.0,0.0,0.0,2.0,0.0,0.0,0.0,0.0,3977734,7.0,9.0,16.0,0.3636363636363636,0.4166666666666667,0.4090909090909091,0.8257575757575758,0.053030303030303,0.0454545454545454,0.1538461538461538,0.0769230769230769,0.5,0.4444444444444444,0.1363636363636363,0.0,0.0,0.2897727272727273,2.571428571428572,4.339285714285714,5.487999999999999,0.6875,2026,광주,0.9987402594586288,0.3939328592067575,0.8680557907996609,125.79418532505171,0
2026-03-28,두산,박준순,0.0,0.0,4.0,4.0,1.0,0.0,0.0,1.0,0.0,0.0,0.0,0.0,0.0,0.0,0.0,0.0,3988775,1.0,1.0,3.0,0.25,0.25,0.25,0.5,0.0,0.0,0.25,0.0,0.0,0.3333333333333333,0.0,0.0,0.0,0.175,0.25,2.25,0.582,0.3333333333333333,2026,잠실,0.9512583942824044,0.2441985494338635,-0.4812554077438891,24.17133065778432,0
2026-03-29,두산,박준순,0.0,0.0,6.0,6.0,1.0,0.0,0.0,2.0,0.0,0.0,0.0,0.0,0.0,0.0,0.0,0.0,3988775,1.0,1.0,5.0,0.1666666666666666,0.1666666666666666,0.1666666666666666,0.3333333333333333,0.0,0.0,0.3333333333333333,0.0,0.0,0.25,0.0,0.0,0.0,0.1166666666666666,0.1666666666666666,0.9,0.5740000000000001,0.2,2026,잠실,0.9512583942824044,0.1576655837247886,-1.2270081353029327,-26.79325087036284,0
2026-03-30,두산,박준순,0.0,0.0,6.0,6.0,1.0,0.0,0.0,2.0,0.0,0.0,0.0,0.0,0.0,0.0,0.0,0.0,3988775,1.0,1.0,5.0,0.1666666666666666,0.1666666666666666,0.1666666666666666,0.3333333333333333,0.0,0.0,0.3333333333333333,0.0,0.0,0.25,0.0,0.0,0.0,0.1166666666666666,0.1666666666666666,0.9,0.5740000000000001,0.2,2026,잠실,0.9512583942824044,0.1576655837247886,-1.2270081353029327,-26.79325087036284,0
2026-03-31,두산,박준순,0.0,0.0,6.0,6.0,1.0,0.0,0.0,2.0,0.0,0.0,0.0,0.0,0.0,0.0,0.0,0.0,3988775,1.0,1.0,5.0,0.1666666666666666,0.1666666666666666,0.1666666666666666,0.3333333333333333,0.0,0.0,0.3333333333333333,0.0,0.0,0.25,0.0,0.0,0.0,0.1166666666666666,0.1666666666666666,0.9,0.5740000000000001,0.2,2026,잠실,0.9512583942824044,0.1582306512730966,-1.1309881386182787,-23.813949254806733,0
2026-04-01,두산,박준순,0.0,0.0,7.0,7.0,1.0,0.0,0.0,2.0,0.0,0.0,0.0,0.0,0.0,0.0,0.0,0.0,3988775,1.0,1.0,6.0,0.1428571428571428,0.1428571428571428,0.1428571428571428,0.2857142857142857,0.0,0.0,0.2857142857142857,0.0,0.0,0.2,0.0,0.0,0.0,0.0999999999999999,0.1428571428571428,0.6428571428571428,0.6639999999999999,0.1666666666666666,2026,잠실,0.9512583942824044,0.1355692135572226,-1.530098330241187,-38.77987387945585,0
2026-04-02,두산,박준순,0.0,0.0,7.0,7.0,1.0,0.0,0.0,2.0,0.0,0.0,0.0,0.0,0.0,0.0,0.0,0.0,3988775,1.0,1.0,6.0,0.1428571428571428,0.1428571428571428,0.1428571428571428,0.2857142857142857,0.0,0.0,0.2857142857142857,0.0,0.0,0.2,0.0,0.0,0.0,0.0999999999999999,0.1428571428571428,0.6428571428571428,0.6639999999999999,0.1666666666666666,2026,잠실,0.9512583942824044,0.1354939489073514,-1.465177295179227,-34.26401297227508,0
2026-04-03,두산,박준순,2.0,0.0,12.0,11.0,4.0,0.0,1.0,3.0,0.0,0.0,0.0,0.0,0.0,0.0,0.0,0.0,3988775,4.0,4.0,7.0,0.3636363636363636,0.4166666666666667,0.3636363636363636,0.7803030303030303,0.053030303030303,0.0,0.25,0.0,0.0,0.5,0.0,0.0,0.0,0.2784090909090909,1.5384615384615383,5.934065934065934,2.406,0.7142857142857143,2026,잠실,0.9512583942824044,0.3838002749392816,0.1737041441534083,114.70549786299928,0
2026-04-04,두산,박준순,2.0,0.0,15.0,14.0,5.0,0.0,1.0,3.0,0.0,0.0,0.0,0.0,0.0,0.0,0.0,0.0,3988775,5.0,5.0,9.0,0.3571428571428571,0.4,0.3571428571428571,0.7571428571428571,0.0428571428571428,0.0,0.2,0.0,0.0,0.4545454545454545,0.0,0.0,0.0,0.2692857142857143,1.875,5.625,3.086,0.6666666666666666,2026,잠실,0.9512583942824044,0.3700122807291824,0.0213368034070774,105.85531484906592,0
2026-04-05,두산,박준순,5.0,1.0,20.0,19.0,9.0,0.0,1.0,4.0,0.0,1.0,1.0,0.0,0.0,0.0,0.0,0.0,3988775,7.0,14.0,10.0,0.4736842105263157,0.5,0.7368421052631579,1.236842105263158,0.0263157894736842,0.2631578947368421,0.2,0.0,0.0,0.5714285714285714,0.2631578947368421,20.0,19.0,0.4092105263157894,6.666666666666667,18.0,6.468,1.5,2026,잠실,0.9512583942824044,0.5516189541368378,3.255836758911093,222.9072670200885,0
2026-04-06,두산,박준순,5.0,1.0,20.0,19.0,9.0,0.0,1.0,4.0,0.0,1.0,1.0,0.0,0.0,0.0,0.0,0.0,3988775,7.0,14.0,10.0,0.4736842105263157,0.5,0.7368421052631579,1.236842105263158,0.0263157894736842,0.2631578947368421,0.2,0.0,0.0,0.5714285714285714,0.2631578947368421,20.0,19.0,0.4092105263157894,6.666666666666667,18.0,6.468,1.5,2026,잠실,0.9512583942824044,0.5516189541368378,3.255836758911093,222.9072670200885,0
2026-04-07,두산,박준순,5.0,1.0,25.0,24.0,9.0,0.0,1.0,6.0,0.0,1.0,1.0,0.0,0.0,0.0,0.0,0.0,3988775,7.0,14.0,15.0,0.375,0.4,0.5833333333333334,0.9833333333333334,0.025,0.2083333333333333,0.24,0.0,0.0,0.4705882352941176,0.2083333333333333,25.0,24.0,0.3258333333333333,5.384615384615385,9.692307692307692,6.542,1.0,2026,잠실,0.9512583942824044,0.4443301825297718,1.7945772516369027,158.57259026839782,0
2026-04-08,두산,박준순,6.0,2.0,29.0,28.0,11.0,0.0,1.0,6.0,1.0,1.0,1.0,0.0,0.0,0.0,0.0,0.0,3988775,8.0,17.0,17.0,0.3928571428571428,0.4137931034482758,0.6071428571428571,1.020935960591133,0.020935960591133,0.2142857142857142,0.2068965517241379,0.0,0.0,0.4761904761904761,0.2142857142857142,29.0,28.0,0.3379926108374384,6.8,10.8,7.941999999999999,1.0588235294117647,2026,잠실,0.9512583942824044,0.4597881905106766,2.4524509094821223,168.23743330913993,0
2026-04-09,두산,박준순,6.0,2.0,29.0,28.0,11.0,0.0,1.0,6.0,1.0,1.0,1.0,0.0,0.0,0.0,0.0,0.0,3988775,8.0,17.0,17.0,0.3928571428571428,0.4137931034482758,0.6071428571428571,1.020935960591133,0.020935960591133,0.2142857142857142,0.2068965517241379,0.0,0.0,0.4761904761904761,0.2142857142857142,29.0,28.0,0.3379926108374384,6.8,10.8,7.941999999999999,1.0588235294117647,2026,잠실,0.9512583942824044,0.4597881905106766,2.4524509094821223,168.23743330913993,0
2026-04-10,두산,박준순,8.0,2.0,34.0,33.0,13.0,0.0,1.0,9.0,2.0,1.0,1.0,0.0,0.0,0.0,0.0,0.0,3988775,9.0,20.0,20.0,0.3939393939393939,0.4117647058823529,0.6060606060606061,1.017825311942959,0.017825311942959,0.2121212121212121,0.2647058823529412,0.0,0.0,0.5217391304347826,0.2121212121212121,34.0,33.0,0.3368092691622103,8.0,10.8,8.868,1.05,2026,잠실,0.9512583942824044,0.4573456492026002,2.8436601104677885,167.53912460877928,0
2026-04-11,두산,박준순,8.0,3.0,38.0,37.0,15.0,0.0,1.0,10.0,2.0,1.0,1.0,0.0,0.0,0.0,0.0,0.0,3988775,11.0,22.0,22.0,0.4054054054054054,0.4210526315789473,0.5945945945945946,1.015647226173542,0.0156472261735419,0.1891891891891892,0.2631578947368421,0.0,0.0,0.5384615384615384,0.1891891891891892,38.0,37.0,0.338122332859175,9.025641025641026,11.076923076923077,9.86,1.0454545454545454,2026,잠실,0.9512583942824044,0.4601171223667366,3.305146254241773,171.05862709378846,0
2026-04-12,두산,박준순,8.0,3.0,42.0,41.0,17.0,0.0,1.0,11.0,2.0,2.0,1.0,0.0,0.0,0.0,0.0,0.0,3988775,12.0,26.0,24.0,0.4146341463414634,0.4285714285714285,0.6341463414634146,1.0627177700348431,0.0139372822299651,0.2195121951219512,0.2619047619047619,0.0,0.0,0.5517241379310345,0.2195121951219512,42.0,41.0,0.3513937282229965,10.883720930232558,12.244186046511627,11.392,1.125,2026,잠실,0.9512583942824044,0.4779472355370457,4.330475727827858,184.14393693243755,0
2026-03-31,삼성,심재훈,0.0,0.0,1.0,1.0,0.0,0.0,0.0,0.0,0.0,0.0,0.0,0.0,0.0,0.0,0.0,0.0,3997203,0.0,0.0,1.0,0.0,0.0,0.0,0.0,0.0,0.0,0.0,0.0,0.0,0.0,0.0,0.0,0.0,0.0,0.0,0.0,0.09,0.0,2026,대구,1.0406172533521605,0.0,-0.3305407649785577,-129.72279893949624,0
2026-04-01,삼성,심재훈,0.0,0.0,1.0,1.0,0.0,0.0,0.0,0.0,0.0,0.0,0.0,0.0,0.0,0.0,0.0,0.0,3997203,0.0,0.0,1.0,0.0,0.0,0.0,0.0,0.0,0.0,0.0,0.0,0.0,0.0,0.0,0.0,0.0,0.0,0.0,0.0,0.09,0.0,2026,대구,1.0406172533521605,0.0,-0.343917130488559,-130.08352821271652,0
2026-04-02,삼성,심재훈,0.0,0.0,1.0,1.0,0.0,0.0,0.0,0.0,0.0,0.0,0.0,0.0,0.0,0.0,0.0,0.0,3997203,0.0,0.0,1.0,0.0,0.0,0.0,0.0,0.0,0.0,0.0,0.0,0.0,0.0,0.0,0.0,0.0,0.0,0.0,0.0,0.09,0.0,2026,대구,1.0406172533521605,0.0,-0.3322850382184939,-124.94607445866362,0
2026-04-03,삼성,심재훈,0.0,0.0,1.0,1.0,0.0,0.0,0.0,0.0,0.0,0.0,0.0,0.0,0.0,0.0,0.0,0.0,3997203,0.0,0.0,1.0,0.0,0.0,0.0,0.0,0.0,0.0,0.0,0.0,0.0,0.0,0.0,0.0,0.0,0.0,0.0,0.0,0.09,0.0,2026,대구,1.0406172533521605,0.0,-0.3299694552109515,-128.16974710725682,0
2026-04-04,삼성,심재훈,0.0,0.0,1.0,1.0,0.0,0.0,0.0,0.0,0.0,0.0,0.0,0.0,0.0,0.0,0.0,0.0,3997203,0.0,0.0,1.0,0.0,0.0,0.0,0.0,0.0,0.0,0.0,0.0,0.0,0.0,0.0,0.0,0.0,0.0,0.0,0.0,0.09,0.0,2026,대구,1.0406172533521605,0.0,-0.3293442585999017,-131.23084846948163,0
2026-04-05,삼성,심재훈,0.0,0.0,1.0,1.0,0.0,0.0,0.0,0.0,0.0,0.0,0.0,0.0,0.0,0.0,0.0,0.0,3997203,0.0,0.0,1.0,0.0,0.0,0.0,0.0,0.0,0.0,0.0,0.0,0.0,0.0,0.0,0.0,0.0,0.0,0.0,0.0,0.09,0.0,2026,대구,1.0406172533521605,0.0,-0.3141225096759011,-131.81795740621308,0
2026-04-06,삼성,심재훈,0.0,0.0,1.0,1.0,0.0,0.0,0.0,0.0,0.0,0.0,0.0,0.0,0.0,0.0,0.0,0.0,3997203,0.0,0.0,1.0,0.0,0.0,0.0,0.0,0.0,0.0,0.0,0.0,0.0,0.0,0.0,0.0,0.0,0.0,0.0,0.0,0.09,0.0,2026,대구,1.0406172533521605,0.0,-0.3141225096759011,-131.81795740621308,0
2026-04-07,삼성,심재훈,0.0,0.0,1.0,1.0,0.0,0.0,0.0,0.0,0.0,0.0,0.0,0.0,0.0,0.0,0.0,0.0,3997203,0.0,0.0,1.0,0.0,0.0,0.0,0.0,0.0,0.0,0.0,0.0,0.0,0.0,0.0,0.0,0.0,0.0,0.0,0.0,0.09,0.0,2026,대구,1.0406172533521605,0.0,-0.302573940295754,-130.40675236297662,0
2026-04-08,삼성,심재훈,0.0,0.0,1.0,1.0,0.0,0.0,0.0,0.0,0.0,0.0,0.0,0.0,0.0,0.0,0.0,0.0,3997203,0.0,0.0,1.0,0.0,0.0,0.0,0.0,0.0,0.0,0.0,0.0,0.0,0.0,0.0,0.0,0.0,0.0,0.0,0.0,0.09,0.0,2026,대구,1.0406172533521605,0.0,-0.3045854392722689,-132.27684490759992,0
2026-04-09,삼성,심재훈,0.0,0.0,1.0,1.0,0.0,0.0,0.0,0.0,0.0,0.0,0.0,0.0,0.0,0.0,0.0,0.0,3997203,0.0,0.0,1.0,0.0,0.0,0.0,0.0,0.0,0.0,0.0,0.0,0.0,0.0,0.0,0.0,0.0,0.0,0.0,0.0,0.09,0.0,2026,대구,1.0406172533521605,0.0,-0.3045854392722689,-132.27684490759992,0
2026-04-10,삼성,심재훈,0.0,0.0,1.0,1.0,0.0,0.0,0.0,0.0,0.0,0.0,0.0,0.0,0.0,0.0,0.0,0.0,3997203,0.0,0.0,1.0,0.0,0.0,0.0,0.0,0.0,0.0,0.0,0.0,0.0,0.0,0.0,0.0,0.0,0.0,0.0,0.0,0.09,0.0,2026,대구,1.0406172533521605,0.0,-0.3039539376932035,-131.7988325751322,0
2026-04-11,삼성,심재훈,0.0,0.0,1.0,1.0,0.0,0.0,0.0,0.0,0.0,0.0,0.0,0.0,0.0,0.0,0.0,0.0,3997203,0.0,0.0,1.0,0.0,0.0,0.0,0.0,0.0,0.0,0.0,0.0,0.0,0.0,0.0,0.0,0.0,0.0,0.0,0.0,0.09,0.0,2026,대구,1.0406172533521605,0.0,-0.2978351113181873,-130.6956303538992,0
2026-04-12,삼성,심재훈,0.0,0.0,1.0,1.0,0.0,0.0,0.0,0.0,0.0,0.0,0.0,0.0,0.0,0.0,0.0,0.0,3997203,0.0,0.0,1.0,0.0,0.0,0.0,0.0,0.0,0.0,0.0,0.0,0.0,0.0,0.0,0.0,0.0,0.0,0.0,0.0,0.09,0.0,2026,대구,1.0406172533521605,0.0,-0.2935206425195788,-129.72452092384097,0
2026-04-01,KIA,정현창,0.0,0.0,2.0,2.0,0.0,0.0,0.0,1.0,0.0,0.0,0.0,0.0,0.0,0.0,0.0,0.0,4063300,0.0,0.0,2.0,0.0,0.0,0.0,0.0,0.0,0.0,0.5,0.0,0.0,0.0,0.0,0.0,0.0,0.0,0.0,0.0,-0.008,0.0,2026,광주,0.9987402594586288,0.0,-0.687834260977118,-125.89582882336336,0
2026-04-02,KIA,정현창,0.0,0.0,2.0,2.0,0.0,0.0,0.0,1.0,0.0,0.0,0.0,0.0,0.0,0.0,0.0,0.0,4063300,0.0,0.0,2.0,0.0,0.0,0.0,0.0,0.0,0.0,0.5,0.0,0.0,0.0,0.0,0.0,0.0,0.0,0.0,0.0,-0.008,0.0,2026,광주,0.9987402594586288,0.0,-0.6645700764369878,-120.75837506931045,0
2026-04-03,KIA,정현창,0.0,0.0,2.0,2.0,0.0,0.0,0.0,1.0,0.0,0.0,0.0,0.0,0.0,0.0,0.0,0.0,4063300,0.0,0.0,2.0,0.0,0.0,0.0,0.0,0.0,0.0,0.5,0.0,0.0,0.0,0.0,0.0,0.0,0.0,0.0,0.0,-0.008,0.0,2026,광주,0.9987402594586288,0.0,-0.659938910421903,-123.98204771790364,0
2026-04-04,KIA,정현창,0.0,0.0,2.0,2.0,0.0,0.0,0.0,1.0,0.0,0.0,0.0,0.0,0.0,0.0,0.0,0.0,4063300,0.0,0.0,2.0,0.0,0.0,0.0,0.0,0.0,0.0,0.5,0.0,0.0,0.0,0.0,0.0,0.0,0.0,0.0,0.0,-0.008,0.0,2026,광주,0.9987402594586288,0.0,-0.6586885171998035,-127.04314908012846,0
2026-04-05,KIA,정현창,1.0,0.0,5.0,5.0,0.0,0.0,0.0,1.0,0.0,0.0,0.0,0.0,0.0,0.0,0.0,0.0,4063300,0.0,0.0,5.0,0.0,0.0,0.0,0.0,0.0,0.0,0.2,0.0,0.0,0.0,0.0,0.0,0.0,0.0,0.0,0.0,0.262,0.0,2026,광주,0.9987402594586288,0.0,-1.5706125483795057,-127.6302580168599,0
2026-04-06,KIA,정현창,1.0,0.0,5.0,5.0,0.0,0.0,0.0,1.0,0.0,0.0,0.0,0.0,0.0,0.0,0.0,0.0,4063300,0.0,0.0,5.0,0.0,0.0,0.0,0.0,0.0,0.0,0.2,0.0,0.0,0.0,0.0,0.0,0.0,0.0,0.0,0.0,0.262,0.0,2026,광주,0.9987402594586288,0.0,-1.5706125483795057,-127.6302580168599,0
2026-04-07,KIA,정현창,1.0,0.0,5.0,5.0,0.0,0.0,0.0,1.0,0.0,0.0,0.0,0.0,0.0,0.0,0.0,0.0,4063300,0.0,0.0,5.0,0.0,0.0,0.0,0.0,0.0,0.0,0.2,0.0,0.0,0.0,0.0,0.0,0.0,0.0,0.0,0.0,0.262,0.0,2026,광주,0.9987402594586288,0.0,-1.51286970147877,-126.21905297362346,0
2026-04-08,KIA,정현창,1.0,0.0,6.0,6.0,0.0,0.0,0.0,2.0,0.0,0.0,0.0,0.0,0.0,0.0,0.0,0.0,4063300,0.0,0.0,6.0,0.0,0.0,0.0,0.0,0.0,0.0,0.3333333333333333,0.0,0.0,0.0,0.0,0.0,0.0,0.0,0.0,0.0,0.1639999999999999,0.0,2026,광주,0.9987402594586288,0.0,-1.827512635633613,-128.08914551824674,0
2026-04-09,KIA,정현창,1.0,0.0,6.0,6.0,0.0,0.0,0.0,2.0,0.0,0.0,0.0,0.0,0.0,0.0,0.0,0.0,4063300,0.0,0.0,6.0,0.0,0.0,0.0,0.0,0.0,0.0,0.3333333333333333,0.0,0.0,0.0,0.0,0.0,0.0,0.0,0.0,0.0,0.1639999999999999,0.0,2026,광주,0.9987402594586288,0.0,-1.827512635633613,-128.08914551824674,0
2026-04-10,KIA,정현창,1.0,0.0,6.0,6.0,0.0,0.0,0.0,2.0,0.0,0.0,0.0,0.0,0.0,0.0,0.0,0.0,4063300,0.0,0.0,6.0,0.0,0.0,0.0,0.0,0.0,0.0,0.3333333333333333,0.0,0.0,0.0,0.0,0.0,0.0,0.0,0.0,0.0,0.1639999999999999,0.0,2026,광주,0.9987402594586288,0.0,-1.823723626159221,-127.611133185779,0
2026-04-11,KIA,정현창,1.0,0.0,6.0,6.0,0.0,0.0,0.0,2.0,0.0,0.0,0.0,0.0,0.0,0.0,0.0,0.0,4063300,0.0,0.0,6.0,0.0,0.0,0.0,0.0,0.0,0.0,0.3333333333333333,0.0,0.0,0.0,0.0,0.0,0.0,0.0,0.0,0.0,0.1639999999999999,0.0,2026,광주,0.9987402594586288,0.0,-1.7870106679091236,-126.50793096454598,0
2026-04-12,KIA,정현창,1.0,0.0,6.0,6.0,0.0,0.0,0.0,2.0,0.0,0.0,0.0,0.0,0.0,0.0,0.0,0.0,4063300,0.0,0.0,6.0,0.0,0.0,0.0,0.0,0.0,0.0,0.3333333333333333,0.0,0.0,0.0,0.0,0.0,0.0,0.0,0.0,0.0,0.1639999999999999,0.0,2026,광주,0.9987402594586288,0.0,-1.761123855117473,-125.5368215344878,0
2026-03-28,삼성,함수호,1.0,0.0,1.0,1.0,1.0,0.0,0.0,0.0,0.0,0.0,0.0,0.0,0.0,0.0,0.0,0.0,4070424,1.0,1.0,0.0,1.0,1.0,1.0,2.0,0.0,0.0,0.0,0.0,0.0,1.0,0.0,0.0,0.0,0.7,1.0,0.0,0.5,0.0,2026,대구,1.0406172533521605,0.9767941977354544,0.5305072463768117,451.7862122344607,0
2026-03-29,삼성,함수호,1.0,0.0,2.0,2.0,1.0,0.0,0.0,1.0,0.0,0.0,0.0,0.0,0.0,0.0,0.0,0.0,4070424,1.0,1.0,1.0,0.5,0.5,0.5,1.0,0.0,0.0,0.5,0.0,0.0,1.0,0.0,0.0,0.0,0.35,0.5,13.5,0.402,1.0,2026,대구,1.0406172533521605,0.472996751174366,0.183190965532006,154.91167395335668,0
2026-03-30,삼성,함수호,1.0,0.0,2.0,2.0,1.0,0.0,0.0,1.0,0.0,0.0,0.0,0.0,0.0,0.0,0.0,0.0,4070424,1.0,1.0,1.0,0.5,0.5,0.5,1.0,0.0,0.0,0.5,0.0,0.0,1.0,0.0,0.0,0.0,0.35,0.5,13.5,0.402,1.0,2026,대구,1.0406172533521605,0.472996751174366,0.183190965532006,154.91167395335668,0
2026-03-31,삼성,함수호,1.0,0.0,3.0,3.0,1.0,0.0,0.0,1.0,0.0,0.0,0.0,0.0,0.0,0.0,0.0,0.0,4070424,1.0,1.0,2.0,0.3333333333333333,0.3333333333333333,0.3333333333333333,0.6666666666666666,0.0,0.0,0.3333333333333333,0.0,0.0,0.5,0.0,0.0,0.0,0.2333333333333333,0.3333333333333333,4.5,0.492,0.5,2026,대구,1.0406172533521605,0.3164613025461933,-0.1393658436826056,64.22312861593153,0
2026-04-01,삼성,함수호,1.0,0.0,4.0,4.0,1.0,0.0,0.0,2.0,0.0,0.0,0.0,0.0,0.0,0.0,0.0,0.0,4070424,1.0,1.0,3.0,0.25,0.25,0.25,0.5,0.0,0.0,0.5,0.0,0.0,0.5,0.0,0.0,0.0,0.175,0.25,2.25,0.3939999999999999,0.3333333333333333,2026,대구,1.0406172533521605,0.2372461237251396,-0.49834693877551,14.060066533282356,0
2026-04-02,삼성,함수호,1.0,0.0,4.0,4.0,1.0,0.0,0.0,2.0,0.0,0.0,0.0,0.0,0.0,0.0,0.0,0.0,4070424,1.0,1.0,3.0,0.25,0.25,0.25,0.5,0.0,0.0,0.5,0.0,0.0,0.5,0.0,0.0,0.0,0.175,0.25,2.25,0.3939999999999999,0.3333333333333333,2026,대구,1.0406172533521605,0.2371144105878649,-0.4683221805237452,18.109732805309008,0
2026-04-03,삼성,함수호,1.0,0.0,4.0,4.0,1.0,0.0,0.0,2.0,0.0,0.0,0.0,0.0,0.0,0.0,0.0,0.0,4070424,1.0,1.0,3.0,0.25,0.25,0.25,0.5,0.0,0.0,0.5,0.0,0.0,0.5,0.0,0.0,0.0,0.175,0.25,2.25,0.3939999999999999,0.3333333333333333,2026,대구,1.0406172533521605,0.2375228400832707,-0.4672102995068408,16.608525864958025,0
2026-04-04,삼성,함수호,1.0,0.0,7.0,7.0,1.0,0.0,0.0,2.0,0.0,0.0,0.0,0.0,0.0,0.0,0.0,0.0,4070424,1.0,1.0,6.0,0.1428571428571428,0.1428571428571428,0.1428571428571428,0.2857142857142857,0.0,0.0,0.2857142857142857,0.0,0.0,0.2,0.0,0.0,0.0,0.0999999999999999,0.1428571428571428,0.6428571428571428,0.6639999999999999,0.1666666666666666,2026,대구,1.0406172533521605,0.1356097321314645,-1.4568263631317118,-47.61362921251433,0
2026-04-05,삼성,함수호,1.0,0.0,10.0,9.0,1.0,1.0,0.0,4.0,0.0,0.0,0.0,0.0,0.0,0.0,0.0,0.0,4070424,1.0,1.0,8.0,0.1111111111111111,0.2,0.1111111111111111,0.3111111111111111,0.0888888888888889,0.0,0.4,0.1,0.25,0.2,0.1111111111111111,0.0,0.0,0.1177777777777777,0.1818181818181818,0.6136363636363636,0.8080000000000002,0.25,2026,대구,1.0406172533521605,0.1718683106642312,-1.655299665036075,-24.080126769095543,0
2026-04-06,삼성,함수호,1.0,0.0,10.0,9.0,1.0,1.0,0.0,4.0,0.0,0.0,0.0,0.0,0.0,0.0,0.0,0.0,4070424,1.0,1.0,8.0,0.1111111111111111,0.2,0.1111111111111111,0.3111111111111111,0.0888888888888889,0.0,0.4,0.1,0.25,0.2,0.1111111111111111,0.0,0.0,0.1177777777777777,0.1818181818181818,0.6136363636363636,0.8080000000000002,0.25,2026,대구,1.0406172533521605,0.1718683106642312,-1.655299665036075,-24.080126769095543,0
2026-04-07,삼성,함수호,1.0,0.0,10.0,9.0,1.0,1.0,0.0,4.0,0.0,0.0,0.0,0.0,0.0,0.0,0.0,0.0,4070424,1.0,1.0,8.0,0.1111111111111111,0.2,0.1111111111111111,0.3111111111111111,0.0888888888888889,0.0,0.4,0.1,0.25,0.2,0.1111111111111111,0.0,0.0,0.1177777777777777,0.1818181818181818,0.6136363636363636,0.8080000000000002,0.25,2026,대구,1.0406172533521605,0.1719405916805083,-1.5771056654608742,-22.039507600751485,0
2026-04-08,삼성,함수호,1.0,0.0,11.0,10.0,1.0,1.0,0.0,4.0,0.0,0.0,0.0,0.0,0.0,0.0,0.0,0.0,4070424,1.0,1.0,9.0,0.1,0.1818181818181818,0.1,0.2818181818181818,0.0818181818181818,0.0,0.3636363636363636,0.0909090909090909,0.25,0.1666666666666666,0.1,0.0,0.0,0.1068181818181818,0.1666666666666666,0.5,0.898,0.2222222222222222,2026,대구,1.0406172533521605,0.1560052061957341,-1.898013793975748,-33.34488416284223,0
2026-04-09,삼성,함수호,1.0,0.0,11.0,10.0,1.0,1.0,0.0,4.0,0.0,0.0,0.0,0.0,0.0,0.0,0.0,0.0,4070424,1.0,1.0,9.0,0.1,0.1818181818181818,0.1,0.2818181818181818,0.0818181818181818,0.0,0.3636363636363636,0.0909090909090909,0.25,0.1666666666666666,0.1,0.0,0.0,0.1068181818181818,0.1666666666666666,0.5,0.898,0.2222222222222222,2026,대구,1.0406172533521605,0.1560052061957341,-1.898013793975748,-33.34488416284223,0
2026-04-10,삼성,함수호,1.0,0.0,11.0,10.0,1.0,1.0,0.0,4.0,0.0,0.0,0.0,0.0,0.0,0.0,0.0,0.0,4070424,1.0,1.0,9.0,0.1,0.1818181818181818,0.1,0.2818181818181818,0.0818181818181818,0.0,0.3636363636363636,0.0909090909090909,0.25,0.1666666666666666,0.1,0.0,0.0,0.1068181818181818,0.1666666666666666,0.5,0.898,0.2222222222222222,2026,대구,1.0406172533521605,0.1555685309780774,-1.893240998572392,-33.017038760514204,0
2026-04-11,삼성,함수호,1.0,0.0,11.0,10.0,1.0,1.0,0.0,4.0,0.0,0.0,0.0,0.0,0.0,0.0,0.0,0.0,4070424,1.0,1.0,9.0,0.1,0.1818181818181818,0.1,0.2818181818181818,0.0818181818181818,0.0,0.3636363636363636,0.0909090909090909,0.25,0.1666666666666666,0.1,0.0,0.0,0.1068181818181818,0.1666666666666666,0.5,0.898,0.2222222222222222,2026,대구,1.0406172533521605,0.155404290633138,-1.8465135080981,-31.796395568706725,0
2026-04-12,삼성,함수호,1.0,0.0,11.0,10.0,1.0,1.0,0.0,4.0,0.0,0.0,0.0,0.0,0.0,0.0,0.0,0.0,4070424,1.0,1.0,9.0,0.1,0.1818181818181818,0.1,0.2818181818181818,0.0818181818181818,0.0,0.3636363636363636,0.0909090909090909,0.25,0.1666666666666666,0.1,0.0,0.0,0.1068181818181818,0.1666666666666666,0.5,0.898,0.2222222222222222,2026,대구,1.0406172533521605,0.1551371188288043,-1.8125715299352976,-30.74631343171872,0
2026-03-31,롯데,이호준,0.0,0.0,2.0,2.0,0.0,0.0,0.0,2.0,0.0,0.0,0.0,0.0,0.0,0.0,0.0,0.0,4070532,0.0,0.0,2.0,0.0,0.0,0.0,0.0,0.0,0.0,1.0,0.0,0.0,0.0,0.0,0.0,0.0,0.0,0.0,0.0,-0.196,0.0,2026,사직,1.0488000917921212,0.0,-0.6610815299571154,-130.54108278349233,0
2026-04-01,롯데,이호준,0.0,0.0,2.0,2.0,0.0,0.0,0.0,2.0,0.0,0.0,0.0,0.0,0.0,0.0,0.0,0.0,4070532,0.0,0.0,2.0,0.0,0.0,0.0,0.0,0.0,0.0,1.0,0.0,0.0,0.0,0.0,0.0,0.0,0.0,0.0,0.0,-0.196,0.0,2026,사직,1.0488000917921212,0.0,-0.687834260977118,-130.90181205671257,0
2026-04-02,롯데,이호준,0.0,0.0,2.0,2.0,0.0,0.0,0.0,2.0,0.0,0.0,0.0,0.0,0.0,0.0,0.0,0.0,4070532,0.0,0.0,2.0,0.0,0.0,0.0,0.0,0.0,0.0,1.0,0.0,0.0,0.0,0.0,0.0,0.0,0.0,0.0,0.0,-0.196,0.0,2026,사직,1.0488000917921212,0.0,-0.6645700764369878,-125.76435830265967,0
2026-04-03,롯데,이호준,0.0,1.0,4.0,3.0,0.0,1.0,0.0,2.0,0.0,0.0,0.0,0.0,0.0,0.0,0.0,0.0,4070532,0.0,0.0,3.0,0.0,0.25,0.0,0.25,0.25,0.0,0.5,0.25,0.5,0.0,0.3333333333333333,0.0,0.0,0.1125,0.0,0.0,0.234,0.3333333333333333,2026,사직,1.0488000917921212,0.1943453537927408,-0.6222102995068408,-10.527908663969557,0
2026-04-04,롯데,이호준,0.0,1.0,4.0,3.0,0.0,1.0,0.0,2.0,0.0,0.0,0.0,0.0,0.0,0.0,0.0,0.0,4070532,0.0,0.0,3.0,0.0,0.25,0.0,0.25,0.25,0.0,0.5,0.25,0.5,0.0,0.3333333333333333,0.0,0.0,0.1125,0.0,0.0,0.234,0.3333333333333333,2026,사직,1.0488000917921212,0.1939693322291307,-0.6237935873320064,-12.447272423308696,0
2026-04-05,롯데,이호준,0.0,1.0,4.0,3.0,0.0,1.0,0.0,2.0,0.0,0.0,0.0,0.0,0.0,0.0,0.0,0.0,4070532,0.0,0.0,3.0,0.0,0.25,0.0,0.25,0.25,0.0,0.5,0.25,0.5,0.0,0.3333333333333333,0.0,0.0,0.1125,0.0,0.0,0.234,0.3333333333333333,2026,사직,1.0488000917921212,0.1924254581411382,-0.5910273228421363,-12.011901956029526,0
2026-04-06,롯데,이호준,0.0,1.0,4.0,3.0,0.0,1.0,0.0,2.0,0.0,0.0,0.0,0.0,0.0,0.0,0.0,0.0,4070532,0.0,0.0,3.0,0.0,0.25,0.0,0.25,0.25,0.0,0.5,0.25,0.5,0.0,0.3333333333333333,0.0,0.0,0.1125,0.0,0.0,0.234,0.3333333333333333,2026,사직,1.0488000917921212,0.1924254581411382,-0.5910273228421363,-12.011901956029526,0
2026-04-07,롯데,이호준,0.0,1.0,5.0,3.0,0.0,2.0,0.0,2.0,0.0,0.0,0.0,0.0,0.0,0.0,0.0,0.0,4070532,0.0,0.0,3.0,0.0,0.4,0.0,0.4,0.4,0.0,0.4,0.4,1.0,0.0,0.6666666666666666,0.0,0.0,0.18,0.0,0.0,0.5740000000000001,0.6666666666666666,2026,사직,1.0488000917921212,0.3070868011501851,-0.219235963982104,62.319432950878806,0
2026-04-08,롯데,이호준,0.0,1.0,5.0,3.0,0.0,2.0,0.0,2.0,0.0,0.0,0.0,0.0,0.0,0.0,0.0,0.0,4070532,0.0,0.0,3.0,0.0,0.4,0.0,0.4,0.4,0.0,0.4,0.4,1.0,0.0,0.6666666666666666,0.0,0.0,0.18,0.0,0.0,0.5740000000000001,0.6666666666666666,2026,사직,1.0488000917921212,0.3065846141770236,-0.225501158342135,61.32797900451794,0
2026-04-09,롯데,이호준,0.0,1.0,5.0,3.0,0.0,2.0,0.0,2.0,0.0,0.0,0.0,0.0,0.0,0.0,0.0,0.0,4070532,0.0,0.0,3.0,0.0,0.4,0.0,0.4,0.4,0.0,0.4,0.4,1.0,0.0,0.6666666666666666,0.0,0.0,0.18,0.0,0.0,0.5740000000000001,0.6666666666666666,2026,사직,1.0488000917921212,0.3065846141770236,-0.225501158342135,61.32797900451794,0
2026-04-10,롯데,이호준,0.0,1.0,5.0,3.0,0.0,2.0,0.0,2.0,0.0,0.0,0.0,0.0,0.0,0.0,0.0,0.0,4070532,0.0,0.0,3.0,0.0,0.4,0.0,0.4,0.4,0.0,0.4,0.4,1.0,0.0,0.6666666666666666,0.0,0.0,0.18,0.0,0.0,0.5740000000000001,0.6666666666666666,2026,사직,1.0488000917921212,0.3056717063731224,-0.2245173724131706,61.476118787722434,0
2026-04-11,롯데,이호준,0.0,1.0,5.0,3.0,0.0,2.0,0.0,2.0,0.0,0.0,0.0,0.0,0.0,0.0,0.0,0.0,4070532,0.0,0.0,3.0,0.0,0.4,0.0,0.4,0.4,0.0,0.4,0.4,1.0,0.0,0.6666666666666666,0.0,0.0,0.18,0.0,0.0,0.5740000000000001,0.6666666666666666,2026,사직,1.0488000917921212,0.304823009784268,-0.2145028401889759,62.47533982952811,0
2026-04-12,롯데,이호준,0.0,1.0,5.0,3.0,0.0,2.0,0.0,2.0,0.0,0.0,0.0,0.0,0.0,0.0,0.0,0.0,4070532,0.0,0.0,3.0,0.0,0.4,0.0,0.4,0.4,0.0,0.4,0.4,1.0,0.0,0.6666666666666666,0.0,0.0,0.18,0.0,0.0,0.5740000000000001,0.6666666666666666,2026,사직,1.0488000917921212,0.3039457664603418,-0.2064476748178247,63.376015990088106,0
2026-04-05,NC,김정호,0.0,0.0,2.0,2.0,1.0,0.0,0.0,0.0,0.0,0.0,0.0,0.0,0.0,0.0,0.0,0.0,4070752,1.0,1.0,1.0,0.5,0.5,0.5,1.0,0.0,0.0,0.0,0.0,0.0,0.5,0.0,0.0,0.0,0.35,0.5,13.5,0.59,1.0,2026,창원,1.0100284809306723,0.4744906370388798,0.1922176965096659,168.6813944331642,0
2026-04-06,NC,김정호,0.0,0.0,2.0,2.0,1.0,0.0,0.0,0.0,0.0,0.0,0.0,0.0,0.0,0.0,0.0,0.0,4070752,1.0,1.0,1.0,0.5,0.5,0.5,1.0,0.0,0.0,0.0,0.0,0.0,0.5,0.0,0.0,0.0,0.35,0.5,13.5,0.59,1.0,2026,창원,1.0100284809306723,0.4744906370388798,0.1922176965096659,168.6813944331642,0
2026-04-07,NC,김정호,0.0,0.0,2.0,2.0,1.0,0.0,0.0,0.0,0.0,0.0,0.0,0.0,0.0,0.0,0.0,0.0,4070752,1.0,1.0,1.0,0.5,0.5,0.5,1.0,0.0,0.0,0.0,0.0,0.0,0.5,0.0,0.0,0.0,0.35,0.5,13.5,0.59,1.0,2026,창원,1.0100284809306723,0.4758444569648101,0.1966689881568251,172.55776224298356,0
2026-04-08,NC,김정호,0.0,0.0,2.0,2.0,1.0,0.0,0.0,0.0,0.0,0.0,0.0,0.0,0.0,0.0,0.0,0.0,4070752,1.0,1.0,1.0,0.5,0.5,0.5,1.0,0.0,0.0,0.0,0.0,0.0,0.5,0.0,0.0,0.0,0.35,0.5,13.5,0.59,1.0,2026,창원,1.0100284809306723,0.4747978663552579,0.194542140465067,171.8789317355737,0
2026-04-09,NC,김정호,0.0,0.0,2.0,2.0,1.0,0.0,0.0,0.0,0.0,0.0,0.0,0.0,0.0,0.0,0.0,0.0,4070752,1.0,1.0,1.0,0.5,0.5,0.5,1.0,0.0,0.0,0.0,0.0,0.0,0.5,0.0,0.0,0.0,0.35,0.5,13.5,0.59,1.0,2026,창원,1.0100284809306723,0.4747978663552579,0.194542140465067,171.8789317355737,0
2026-04-10,NC,김정호,0.0,0.0,2.0,2.0,1.0,0.0,0.0,0.0,0.0,0.0,0.0,0.0,0.0,0.0,0.0,0.0,4070752,1.0,1.0,1.0,0.5,0.5,0.5,1.0,0.0,0.0,0.0,0.0,0.0,0.5,0.0,0.0,0.0,0.35,0.5,13.5,0.59,1.0,2026,창원,1.0100284809306723,0.473537287413023,0.1947182826400164,171.94336663885213,0
2026-04-11,NC,김정호,0.0,0.0,2.0,2.0,1.0,0.0,0.0,0.0,0.0,0.0,0.0,0.0,0.0,0.0,0.0,0.0,4070752,1.0,1.0,1.0,0.5,0.5,0.5,1.0,0.0,0.0,0.0,0.0,0.0,0.5,0.0,0.0,0.0,0.35,0.5,13.5,0.59,1.0,2026,창원,1.0100284809306723,0.473694836251924,0.1966661355646058,173.82247067252888,0
2026-04-12,NC,김정호,0.0,0.0,5.0,5.0,1.0,0.0,0.0,2.0,0.0,0.0,0.0,0.0,0.0,0.0,0.0,0.0,4070752,1.0,1.0,4.0,0.2,0.2,0.2,0.4,0.0,0.0,0.4,0.0,0.0,0.3333333333333333,0.0,0.0,0.0,0.14,0.2,1.35,0.4839999999999999,0.25,2026,창원,1.0100284809306723,0.1893287781931986,-0.6820254437078593,-5.872997577985806,0
2026-04-01,SSG,홍대인,0.0,0.0,1.0,1.0,0.0,0.0,0.0,0.0,0.0,0.0,0.0,0.0,0.0,0.0,0.0,0.0,4071361,0.0,0.0,1.0,0.0,0.0,0.0,0.0,0.0,0.0,0.0,0.0,0.0,0.0,0.0,0.0,0.0,0.0,0.0,0.0,0.09,0.0,2026,문학,1.027807913649001,0.0,-0.343917130488559,-128.80259424240057,0
2026-04-02,SSG,홍대인,0.0,0.0,1.0,1.0,0.0,0.0,0.0,0.0,0.0,0.0,0.0,0.0,0.0,0.0,0.0,0.0,4071361,0.0,0.0,1.0,0.0,0.0,0.0,0.0,0.0,0.0,0.0,0.0,0.0,0.0,0.0,0.0,0.0,0.0,0.0,0.0,0.09,0.0,2026,문학,1.027807913649001,0.0,-0.3322850382184939,-123.66514048834767,0
2026-04-03,SSG,홍대인,2.0,0.0,3.0,2.0,1.0,1.0,0.0,0.0,1.0,0.0,0.0,0.0,0.0,0.0,0.0,0.0,4071361,0.0,2.0,1.0,0.5,0.6666666666666666,1.0,1.6666666666666663,0.1666666666666666,0.5,0.0,0.3333333333333333,0.0,0.5,1.0,0.0,0.0,0.55,1.0,27.0,1.15,3.0,2026,문학,1.027807913649001,0.6872500295736842,0.8604266770410761,292.01352209490153,0
2026-04-04,SSG,홍대인,2.0,0.0,3.0,2.0,1.0,1.0,0.0,0.0,1.0,0.0,0.0,0.0,0.0,0.0,0.0,0.0,4071361,0.0,2.0,1.0,0.5,0.6666666666666666,1.0,1.6666666666666663,0.1666666666666666,0.5,0.0,0.3333333333333333,0.0,0.5,1.0,0.0,0.0,0.55,1.0,27.0,1.15,3.0,2026,문학,1.027807913649001,0.6869135142920829,0.8541341183354957,293.6022674301738,0
2026-04-05,SSG,홍대인,2.0,0.0,3.0,2.0,1.0,1.0,0.0,0.0,1.0,0.0,0.0,0.0,0.0,0.0,0.0,0.0,4071361,0.0,2.0,1.0,0.5,0.6666666666666666,1.0,1.6666666666666663,0.1666666666666666,0.5,0.0,0.3333333333333333,0.0,0.5,1.0,0.0,0.0,0.55,1.0,27.0,1.15,3.0,2026,문학,1.027807913649001,0.6885585246957427,0.8435579026952328,301.0946219250785,0
2026-04-06,SSG,홍대인,2.0,0.0,3.0,2.0,1.0,1.0,0.0,0.0,1.0,0.0,0.0,0.0,0.0,0.0,0.0,0.0,4071361,0.0,2.0,1.0,0.5,0.6666666666666666,1.0,1.6666666666666663,0.1666666666666666,0.5,0.0,0.3333333333333333,0.0,0.5,1.0,0.0,0.0,0.55,1.0,27.0,1.15,3.0,2026,문학,1.027807913649001,0.6885585246957427,0.8435579026952328,301.0946219250785,0
2026-04-07,SSG,홍대인,2.0,0.0,3.0,2.0,1.0,1.0,0.0,0.0,1.0,0.0,0.0,0.0,0.0,0.0,0.0,0.0,4071361,0.0,2.0,1.0,0.5,0.6666666666666666,1.0,1.6666666666666663,0.1666666666666666,0.5,0.0,0.3333333333333333,0.0,0.5,1.0,0.0,0.0,0.55,1.0,27.0,1.15,3.0,2026,문학,1.027807913649001,0.6918268611205054,0.8409119166094041,306.9048481263653,0
2026-04-08,SSG,홍대인,2.0,0.0,3.0,2.0,1.0,1.0,0.0,0.0,1.0,0.0,0.0,0.0,0.0,0.0,0.0,0.0,4071361,0.0,2.0,1.0,0.5,0.6666666666666666,1.0,1.6666666666666663,0.1666666666666666,0.5,0.0,0.3333333333333333,0.0,0.5,1.0,0.0,0.0,0.55,1.0,27.0,1.15,3.0,2026,문학,1.027807913649001,0.6901701843959431,0.8386697202024027,306.68108238172937,0
2026-04-09,SSG,홍대인,2.0,0.0,3.0,2.0,1.0,1.0,0.0,0.0,1.0,0.0,0.0,0.0,0.0,0.0,0.0,0.0,4071361,0.0,2.0,1.0,0.5,0.6666666666666666,1.0,1.6666666666666663,0.1666666666666666,0.5,0.0,0.3333333333333333,0.0,0.5,1.0,0.0,0.0,0.55,1.0,27.0,1.15,3.0,2026,문학,1.027807913649001,0.6901701843959431,0.8386697202024027,306.68108238172937,0
2026-04-10,SSG,홍대인,2.0,0.0,3.0,2.0,1.0,1.0,0.0,0.0,1.0,0.0,0.0,0.0,0.0,0.0,0.0,0.0,4071361,0.0,2.0,1.0,0.5,0.6666666666666666,1.0,1.6666666666666663,0.1666666666666666,0.5,0.0,0.3333333333333333,0.0,0.5,1.0,0.0,0.0,0.55,1.0,27.0,1.15,3.0,2026,문학,1.027807913649001,0.6884149203991269,0.8383905029732363,306.6068868401018,0
2026-04-11,SSG,홍대인,2.0,0.0,3.0,2.0,1.0,1.0,0.0,0.0,1.0,0.0,0.0,0.0,0.0,0.0,0.0,0.0,4071361,0.0,2.0,1.0,0.5,0.6666666666666666,1.0,1.6666666666666663,0.1666666666666666,0.5,0.0,0.3333333333333333,0.0,0.5,1.0,0.0,0.0,0.55,1.0,27.0,1.15,3.0,2026,문학,1.027807913649001,0.6893848600912981,0.8361673824473986,309.3095811621224,0
2026-04-12,SSG,홍대인,2.0,0.0,3.0,2.0,1.0,1.0,0.0,0.0,1.0,0.0,0.0,0.0,0.0,0.0,0.0,0.0,4071361,0.0,2.0,1.0,0.5,0.6666666666666666,1.0,1.6666666666666663,0.1666666666666666,0.5,0.0,0.3333333333333333,0.0,0.5,1.0,0.0,0.0,0.55,1.0,27.0,1.15,3.0,2026,문학,1.027807913649001,0.6893389893497913,0.8355936102213332,311.3579127479461,0
2026-04-12,키움,염승원,0.0,0.0,2.0,1.0,0.0,0.0,0.0,1.0,0.0,0.0,0.0,1.0,0.0,0.0,0.0,0.0,4073227,0.0,0.0,2.0,0.0,0.0,0.0,0.0,0.0,0.0,0.5,0.0,0.0,0.0,0.0,0.0,0.0,0.0,-0.0,-0.0,-0.058,0.0,2026,고척,0.9666905138306804,0.0,-0.5870412850391576,-122.33184697169295,0
2026-04-01,SSG,임근우,0.0,0.0,1.0,1.0,0.0,0.0,0.0,0.0,0.0,0.0,0.0,0.0,0.0,0.0,0.0,0.0,4090099,0.0,0.0,1.0,0.0,0.0,0.0,0.0,0.0,0.0,0.0,0.0,0.0,0.0,0.0,0.0,0.0,0.0,0.0,0.0,0.09,0.0,2026,문학,1.027807913649001,0.0,-0.343917130488559,-128.80259424240057,0
2026-04-02,SSG,임근우,0.0,0.0,1.0,1.0,0.0,0.0,0.0,0.0,0.0,0.0,0.0,0.0,0.0,0.0,0.0,0.0,4090099,0.0,0.0,1.0,0.0,0.0,0.0,0.0,0.0,0.0,0.0,0.0,0.0,0.0,0.0,0.0,0.0,0.0,0.0,0.0,0.09,0.0,2026,문학,1.027807913649001,0.0,-0.3322850382184939,-123.66514048834767,0
2026-04-03,SSG,임근우,0.0,0.0,1.0,1.0,0.0,0.0,0.0,0.0,0.0,0.0,0.0,0.0,0.0,0.0,0.0,0.0,4090099,0.0,0.0,1.0,0.0,0.0,0.0,0.0,0.0,0.0,0.0,0.0,0.0,0.0,0.0,0.0,0.0,0.0,0.0,0.0,0.09,0.0,2026,문학,1.027807913649001,0.0,-0.3299694552109515,-126.88881313694088,0
2026-04-04,SSG,임근우,0.0,0.0,1.0,1.0,0.0,0.0,0.0,0.0,0.0,0.0,0.0,0.0,0.0,0.0,0.0,0.0,4090099,0.0,0.0,1.0,0.0,0.0,0.0,0.0,0.0,0.0,0.0,0.0,0.0,0.0,0.0,0.0,0.0,0.0,0.0,0.0,0.09,0.0,2026,문학,1.027807913649001,0.0,-0.3293442585999017,-129.9499144991657,0
2026-04-05,SSG,임근우,0.0,0.0,1.0,1.0,0.0,0.0,0.0,0.0,0.0,0.0,0.0,0.0,0.0,0.0,0.0,0.0,4090099,0.0,0.0,1.0,0.0,0.0,0.0,0.0,0.0,0.0,0.0,0.0,0.0,0.0,0.0,0.0,0.0,0.0,0.0,0.0,0.09,0.0,2026,문학,1.027807913649001,0.0,-0.3141225096759011,-130.53702343589714,0
2026-04-06,SSG,임근우,0.0,0.0,1.0,1.0,0.0,0.0,0.0,0.0,0.0,0.0,0.0,0.0,0.0,0.0,0.0,0.0,4090099,0.0,0.0,1.0,0.0,0.0,0.0,0.0,0.0,0.0,0.0,0.0,0.0,0.0,0.0,0.0,0.0,0.0,0.0,0.0,0.09,0.0,2026,문학,1.027807913649001,0.0,-0.3141225096759011,-130.53702343589714,0
2026-04-07,SSG,임근우,0.0,0.0,1.0,1.0,0.0,0.0,0.0,0.0,0.0,0.0,0.0,0.0,0.0,0.0,0.0,0.0,4090099,0.0,0.0,1.0,0.0,0.0,0.0,0.0,0.0,0.0,0.0,0.0,0.0,0.0,0.0,0.0,0.0,0.0,0.0,0.0,0.09,0.0,2026,문학,1.027807913649001,0.0,-0.302573940295754,-129.12581839266068,0
2026-04-08,SSG,임근우,0.0,0.0,1.0,1.0,0.0,0.0,0.0,0.0,0.0,0.0,0.0,0.0,0.0,0.0,0.0,0.0,4090099,0.0,0.0,1.0,0.0,0.0,0.0,0.0,0.0,0.0,0.0,0.0,0.0,0.0,0.0,0.0,0.0,0.0,0.0,0.0,0.09,0.0,2026,문학,1.027807913649001,0.0,-0.3045854392722689,-130.99591093728398,0
2026-04-09,SSG,임근우,0.0,0.0,1.0,1.0,0.0,0.0,0.0,0.0,0.0,0.0,0.0,0.0,0.0,0.0,0.0,0.0,4090099,0.0,0.0,1.0,0.0,0.0,0.0,0.0,0.0,0.0,0.0,0.0,0.0,0.0,0.0,0.0,0.0,0.0,0.0,0.0,0.09,0.0,2026,문학,1.027807913649001,0.0,-0.3045854392722689,-130.99591093728398,0
2026-04-10,SSG,임근우,0.0,0.0,1.0,1.0,0.0,0.0,0.0,0.0,0.0,0.0,0.0,0.0,0.0,0.0,0.0,0.0,4090099,0.0,0.0,1.0,0.0,0.0,0.0,0.0,0.0,0.0,0.0,0.0,0.0,0.0,0.0,0.0,0.0,0.0,0.0,0.0,0.09,0.0,2026,문학,1.027807913649001,0.0,-0.3039539376932035,-130.51789860481625,0
2026-04-11,SSG,임근우,0.0,0.0,1.0,1.0,0.0,0.0,0.0,0.0,0.0,0.0,0.0,0.0,0.0,0.0,0.0,0.0,4090099,0.0,0.0,1.0,0.0,0.0,0.0,0.0,0.0,0.0,0.0,0.0,0.0,0.0,0.0,0.0,0.0,0.0,0.0,0.0,0.09,0.0,2026,문학,1.027807913649001,0.0,-0.2978351113181873,-129.41469638358325,0
2026-04-12,SSG,임근우,0.0,0.0,1.0,1.0,0.0,0.0,0.0,0.0,0.0,0.0,0.0,0.0,0.0,0.0,0.0,0.0,4090099,0.0,0.0,1.0,0.0,0.0,0.0,0.0,0.0,0.0,0.0,0.0,0.0,0.0,0.0,0.0,0.0,0.0,0.0,0.0,0.09,0.0,2026,문학,1.027807913649001,0.0,-0.2935206425195788,-128.44358695352503,0
2026-04-10,KT,김민석,0.0,0.0,2.0,1.0,0.0,1.0,0.0,0.0,0.0,0.0,0.0,0.0,0.0,0.0,0.0,0.0,9000001,0.0,0.0,1.0,0.0,0.5,0.0,0.5,0.5,0.0,0.0,0.5,0.0,0.0,1.0,0.0,0.0,0.225,0.0,0.0,0.43,1.0,2026,수원,1.0287682311922934,0.382089632966403,0.0397182826400164,112.00261364941792,0
2026-04-11,KT,김민석,0.0,0.0,2.0,1.0,0.0,1.0,0.0,0.0,0.0,0.0,0.0,0.0,0.0,0.0,0.0,0.0,9000001,0.0,0.0,1.0,0.0,0.5,0.0,0.5,0.5,0.0,0.0,0.5,0.0,0.0,1.0,0.0,0.0,0.225,0.0,0.0,0.43,1.0,2026,수원,1.0287682311922934,0.381028762230335,0.0416661355646057,112.97583939636677,0
2026-04-12,KT,김민석,0.0,0.0,2.0,1.0,0.0,1.0,0.0,0.0,0.0,0.0,0.0,0.0,0.0,0.0,0.0,0.0,9000001,0.0,0.0,1.0,0.0,0.5,0.0,0.5,0.5,0.0,0.0,0.5,0.0,0.0,1.0,0.0,0.0,0.225,0.0,0.0,0.43,1.0,2026,수원,1.0287682311922934,0.3799322080754272,0.043536483850877,113.85890723955214,0
2026-03-28,KT,힐리어드,3.0,2.0,5.0,4.0,3.0,0.0,0.0,0.0,0.0,0.0,1.0,0.0,1.0,0.0,0.0,0.0,10000007,2.0,6.0,2.0,0.75,0.6,1.5,2.1,-0.15,0.75,0.0,0.0,0.0,0.5,0.75,5.0,4.0,0.645,2.4,32.4,2.9,3.0,2026,수원,1.0287682311922934,0.7818251227309266,1.786506056673156,336.78983556061564,0
2026-03-29,KT,힐리어드,3.0,2.0,10.0,8.0,3.0,1.0,0.0,1.0,0.0,0.0,1.0,0.0,1.0,0.0,0.0,0.0,10000007,2.0,6.0,6.0,0.375,0.4,0.75,1.15,0.025,0.375,0.1,0.1,1.0,0.2857142857142857,0.5,10.0,8.0,0.3675,1.6363636363636365,7.363636363636364,3.412,1.1666666666666667,2026,수원,1.0287682311922934,0.4539306458287241,0.7369235709698139,144.56971756551945,0
2026-03-30,KT,힐리어드,3.0,2.0,10.0,8.0,3.0,1.0,0.0,1.0,0.0,0.0,1.0,0.0,1.0,0.0,0.0,0.0,10000007,2.0,6.0,6.0,0.375,0.4,0.75,1.15,0.025,0.375,0.1,0.1,1.0,0.2857142857142857,0.5,10.0,8.0,0.3675,1.6363636363636365,7.363636363636364,3.412,1.1666666666666667,2026,수원,1.0287682311922934,0.4539306458287241,0.7369235709698139,144.56971756551945,0
2026-03-31,KT,힐리어드,5.0,3.0,16.0,14.0,4.0,1.0,0.0,2.0,0.0,1.0,1.0,0.0,1.0,0.0,0.0,0.0,10000007,2.0,9.0,11.0,0.2857142857142857,0.3125,0.6428571428571429,0.9553571428571428,0.0267857142857143,0.3571428571428572,0.125,0.0625,0.5,0.25,0.4285714285714285,16.0,14.0,0.3013392857142857,2.117647058823529,5.197860962566845,4.714,0.9090909090909092,2026,수원,1.0287682311922934,0.3867245671551564,0.2659143303339046,108.46945388116664,0
2026-04-01,KT,힐리어드,6.0,4.0,21.0,19.0,6.0,1.0,0.0,4.0,1.0,1.0,1.0,0.0,1.0,0.0,0.0,0.0,10000007,3.0,12.0,14.0,0.3157894736842105,0.3333333333333333,0.631578947368421,0.9649122807017544,0.0175438596491228,0.3157894736842105,0.1904761904761904,0.0476190476190476,0.25,0.3333333333333333,0.3684210526315789,21.0,19.0,0.3078947368421052,3.272727272727273,6.311688311688313,5.827999999999999,0.9285714285714286,2026,수원,1.0287682311922934,0.3977941741724036,0.500586889301177,112.78912566768356,0
2026-04-02,KT,힐리어드,6.0,6.0,27.0,22.0,6.0,4.0,0.0,6.0,1.0,1.0,1.0,0.0,1.0,0.0,0.0,0.0,10000007,3.0,12.0,17.0,0.2727272727272727,0.3703703703703703,0.5454545454545454,0.9158249158249158,0.0976430976430976,0.2727272727272727,0.2222222222222222,0.1481481481481481,0.6666666666666666,0.3125,0.4545454545454545,27.0,22.0,0.303030303030303,3.4838709677419355,5.533206831119545,6.741999999999999,0.9411764705882352,2026,수원,1.0287682311922934,0.3970451770624403,0.7579507574712319,115.78402530189284,0
2026-04-03,KT,힐리어드,7.0,7.0,31.0,26.0,7.0,4.0,0.0,8.0,1.0,1.0,2.0,0.0,1.0,0.0,0.0,0.0,10000007,3.0,16.0,20.0,0.2692307692307692,0.3548387096774194,0.6153846153846154,0.9702233250620348,0.0856079404466501,0.3461538461538462,0.2580645161290322,0.1290322580645161,0.5,0.2941176470588235,0.5,15.5,13.0,0.3135235732009925,4.571428571428571,6.171428571428571,8.076,1.0,2026,수원,1.0287682311922934,0.4091822671047726,1.1548934909150943,122.425704180625,0
2026-04-04,KT,힐리어드,7.0,7.0,36.0,31.0,8.0,4.0,0.0,10.0,1.0,1.0,2.0,0.0,1.0,1.0,0.0,0.0,10000007,4.0,17.0,25.0,0.2580645161290322,0.3333333333333333,0.5483870967741935,0.8817204301075268,0.075268817204301,0.2903225806451612,0.2777777777777778,0.1111111111111111,0.4,0.3,0.4193548387096774,18.0,15.5,0.2870967741935484,4.25,4.59,8.19,0.84,2026,수원,1.0287682311922934,0.3789279655472313,0.3381296782793449,103.60175940706206,0
2026-04-05,KT,힐리어드,8.0,8.0,40.0,33.0,9.0,5.0,0.0,11.0,1.0,1.0,2.0,0.0,2.0,1.0,0.0,0.0,10000007,5.0,18.0,27.0,0.2727272727272727,0.35,0.5454545454545454,0.8954545454545454,0.0772727272727272,0.2727272727272727,0.275,0.125,0.4545454545454545,0.3181818181818182,0.4242424242424242,20.0,16.5,0.2938636363636363,4.4,4.4,9.302,0.8518518518518519,2026,수원,1.0287682311922934,0.3865726724464856,0.8038972226533755,111.69492808962065,0
2026-04-06,KT,힐리어드,8.0,8.0,40.0,33.0,9.0,5.0,0.0,11.0,1.0,1.0,2.0,0.0,2.0,1.0,0.0,0.0,10000007,5.0,18.0,27.0,0.2727272727272727,0.35,0.5454545454545454,0.8954545454545454,0.0772727272727272,0.2727272727272727,0.275,0.125,0.4545454545454545,0.3181818181818182,0.4242424242424242,20.0,16.5,0.2938636363636363,4.4,4.4,9.302,0.8518518518518519,2026,수원,1.0287682311922934,0.3865726724464856,0.8038972226533755,111.69492808962065,0
2026-04-07,KT,힐리어드,9.0,8.0,45.0,36.0,9.0,6.0,0.0,12.0,1.0,1.0,2.0,0.0,3.0,1.0,0.0,0.0,10000007,5.0,18.0,31.0,0.25,0.3333333333333333,0.5,0.8333333333333333,0.0833333333333333,0.25,0.2666666666666666,0.1333333333333333,0.5,0.28,0.4166666666666667,22.5,18.0,0.275,3.882352941176471,3.381404174573055,10.094,0.7741935483870968,2026,수원,1.0287682311922934,0.3631636429991925,0.1529398610109104,99.6655987386257,0
2026-04-08,KT,힐리어드,10.0,9.0,48.0,39.0,10.0,6.0,0.0,13.0,1.0,1.0,3.0,0.0,3.0,1.0,0.0,0.0,10000007,5.0,22.0,33.0,0.2564102564102564,0.3333333333333333,0.5641025641025641,0.8974358974358974,0.0769230769230769,0.3076923076923077,0.2708333333333333,0.125,0.4615384615384615,0.2692307692307692,0.4615384615384615,16.0,13.0,0.291025641025641,4.888888888888889,4.0,11.526000000000002,0.8484848484848485,2026,수원,1.0287682311922934,0.3815794365407169,0.8819244798727599,110.88973700623544,0
2026-04-09,KT,힐리어드,10.0,9.0,48.0,39.0,10.0,6.0,0.0,13.0,1.0,1.0,3.0,0.0,3.0,1.0,0.0,0.0,10000007,5.0,22.0,33.0,0.2564102564102564,0.3333333333333333,0.5641025641025641,0.8974358974358974,0.0769230769230769,0.3076923076923077,0.2708333333333333,0.125,0.4615384615384615,0.2692307692307692,0.4615384615384615,16.0,13.0,0.291025641025641,4.888888888888889,4.0,11.526000000000002,0.8484848484848485,2026,수원,1.0287682311922934,0.3815794365407169,0.8819244798727599,110.88973700623544,0
2026-04-10,KT,힐리어드,11.0,10.0,54.0,44.0,12.0,7.0,0.0,14.0,1.0,1.0,3.0,0.0,3.0,1.0,0.0,0.0,10000007,7.0,24.0,36.0,0.2727272727272727,0.3518518518518518,0.5454545454545454,0.8973063973063973,0.0791245791245791,0.2727272727272727,0.2592592592592592,0.1296296296296296,0.5,0.3,0.4318181818181818,18.0,14.666666666666666,0.2946969696969697,5.901639344262295,4.426229508196722,12.948,0.8611111111111112,2026,수원,1.0287682311922934,0.3876174431874911,1.325367706069397,115.51262307145711,0
2026-04-11,KT,힐리어드,11.0,10.0,58.0,47.0,12.0,8.0,0.0,15.0,1.0,1.0,3.0,0.0,3.0,1.0,0.0,0.0,10000007,7.0,24.0,39.0,0.2553191489361702,0.3448275862068966,0.5106382978723404,0.855465884079237,0.0895084372707263,0.2553191489361702,0.2586206896551724,0.1379310344827586,0.5333333333333333,0.28125,0.425531914893617,19.33333333333333,15.666666666666666,0.2828319882611885,5.818181818181818,4.027972027972028,13.37,0.8205128205128205,2026,수원,1.0287682311922934,0.3750599751816291,0.9187869669163646,109.1773054607348,0
2026-04-12,KT,힐리어드,11.0,10.0,62.0,50.0,12.0,9.0,0.0,17.0,1.0,1.0,3.0,0.0,3.0,1.0,0.0,0.0,10000007,7.0,24.0,42.0,0.24,0.3387096774193548,0.48,0.8187096774193547,0.0987096774193548,0.24,0.2741935483870967,0.1451612903225806,0.5294117647058824,0.2727272727272727,0.42,20.666666666666668,16.666666666666668,0.2724193548387096,5.746478873239437,3.694164989939638,13.604,0.7857142857142857,2026,수원,1.0287682311922934,0.363373769002329,0.4976819313654778,103.294545656098,0
2026-03-28,KT,이강민,2.0,1.0,5.0,5.0,3.0,0.0,0.0,0.0,1.0,0.0,0.0,0.0,0.0,0.0,0.0,0.0,10000008,2.0,4.0,2.0,0.6,0.6,0.8,1.4,0.0,0.2,0.0,0.0,0.0,0.6,0.2,0.0,0.0,0.47,2.4,32.4,1.9,2.0,2026,수원,1.0287682311922934,0.6536154152935909,1.2170133030499677,260.3901923053202,0
2026-03-29,KT,이강민,2.0,1.0,8.0,7.0,3.0,1.0,0.0,0.0,1.0,0.0,0.0,0.0,0.0,0.0,0.0,0.0,10000008,2.0,4.0,4.0,0.4285714285714285,0.5,0.5714285714285714,1.0714285714285714,0.0714285714285714,0.1428571428571428,0.0,0.125,0.0,0.4285714285714285,0.2857142857142857,0.0,0.0,0.3678571428571429,1.7777777777777777,12.0,2.42,1.25,2026,수원,1.0287682311922934,0.4922991437162289,0.8777638621280239,167.76628770780488,0
2026-03-30,KT,이강민,2.0,1.0,8.0,7.0,3.0,1.0,0.0,0.0,1.0,0.0,0.0,0.0,0.0,0.0,0.0,0.0,10000008,2.0,4.0,4.0,0.4285714285714285,0.5,0.5714285714285714,1.0714285714285714,0.0714285714285714,0.1428571428571428,0.0,0.125,0.0,0.4285714285714285,0.2857142857142857,0.0,0.0,0.3678571428571429,1.7777777777777777,12.0,2.42,1.25,2026,수원,1.0287682311922934,0.4922991437162289,0.8777638621280239,167.76628770780488,0
2026-03-31,KT,이강민,2.0,1.0,13.0,12.0,5.0,1.0,0.0,1.0,1.0,0.0,0.0,0.0,0.0,0.0,0.0,0.0,10000008,4.0,6.0,7.0,0.4166666666666667,0.4615384615384615,0.5,0.9615384615384616,0.0448717948717948,0.0833333333333333,0.0769230769230769,0.0769230769230769,1.0,0.4545454545454545,0.1666666666666666,0.0,0.0,0.3326923076923077,2.571428571428572,9.918367346938776,3.502,1.0,2026,수원,1.0287682311922934,0.4506021830249566,0.9615087627971554,147.6173792679976,0
2026-04-01,KT,이강민,2.0,1.0,15.0,14.0,5.0,1.0,0.0,2.0,1.0,0.0,0.0,0.0,0.0,0.0,0.0,0.0,10000008,4.0,6.0,9.0,0.3571428571428571,0.4,0.4285714285714285,0.8285714285714285,0.0428571428571428,0.0714285714285714,0.1333333333333333,0.0666666666666666,0.5,0.4166666666666667,0.1428571428571428,0.0,0.0,0.2871428571428571,2.25,6.75,3.494,0.7777777777777778,2026,수원,1.0287682311922934,0.3900500741534992,0.2501725417439707,108.0840438848061,0
2026-04-02,KT,이강민,2.0,2.0,21.0,20.0,9.0,1.0,0.0,3.0,1.0,0.0,0.0,0.0,0.0,0.0,0.0,0.0,10000008,8.0,10.0,11.0,0.45,0.4761904761904761,0.5,0.9761904761904762,0.0261904761904761,0.0499999999999999,0.1428571428571428,0.0476190476190476,0.3333333333333333,0.5294117647058824,0.1,0.0,0.0,0.3392857142857143,4.545454545454546,11.15702479338843,5.485999999999999,1.0,2026,수원,1.0287682311922934,0.4592542304056167,1.775193920913933,153.3159759035957,0
2026-04-03,KT,이강민,2.0,2.0,24.0,23.0,9.0,1.0,0.0,3.0,1.0,0.0,0.0,0.0,0.0,0.0,0.0,0.0,10000008,8.0,10.0,14.0,0.391304347826087,0.4166666666666667,0.4347826086956521,0.8514492753623188,0.0253623188405797,0.0434782608695651,0.125,0.0416666666666666,0.3333333333333333,0.45,0.0869565217391304,0.0,0.0,0.296195652173913,4.0,7.714285714285714,5.756,0.7857142857142857,2026,수원,1.0287682311922934,0.4026033738077382,0.7524082883068157,118.41564430899663,0
2026-04-04,KT,이강민,3.0,3.0,28.0,26.0,10.0,1.0,1.0,5.0,1.0,0.0,0.0,0.0,0.0,0.0,0.0,0.0,10000008,9.0,11.0,16.0,0.3846153846153846,0.4285714285714285,0.4230769230769231,0.8516483516483516,0.0439560439560439,0.0384615384615384,0.1785714285714285,0.0357142857142857,0.2,0.4761904761904761,0.0769230769230769,0.0,0.0,0.2986263736263736,4.4,7.425000000000001,6.4,0.8125,2026,수원,1.0287682311922934,0.4074284733391068,0.9763621240139586,121.17522682352948,0
2026-04-05,KT,이강민,3.0,3.0,31.0,29.0,10.0,1.0,1.0,5.0,1.0,0.0,0.0,0.0,0.0,0.0,0.0,0.0,10000008,9.0,11.0,19.0,0.3448275862068966,0.3870967741935484,0.3793103448275862,0.7664071190211346,0.0422691879866518,0.0344827586206896,0.1612903225806451,0.032258064516129,0.2,0.4166666666666667,0.0689655172413793,0.0,0.0,0.2690211345939933,4.0,5.684210526315789,6.669999999999999,0.6842105263157895,2026,수원,1.0287682311922934,0.3679072552356568,0.1227547903846844,99.99427454587271,0
2026-04-06,KT,이강민,3.0,3.0,31.0,29.0,10.0,1.0,1.0,5.0,1.0,0.0,0.0,0.0,0.0,0.0,0.0,0.0,10000008,9.0,11.0,19.0,0.3448275862068966,0.3870967741935484,0.3793103448275862,0.7664071190211346,0.0422691879866518,0.0344827586206896,0.1612903225806451,0.032258064516129,0.2,0.4166666666666667,0.0689655172413793,0.0,0.0,0.2690211345939933,4.0,5.684210526315789,6.669999999999999,0.6842105263157895,2026,수원,1.0287682311922934,0.3679072552356568,0.1227547903846844,99.99427454587271,0
2026-04-07,KT,이강민,4.0,3.0,36.0,34.0,11.0,1.0,1.0,6.0,1.0,0.0,0.0,0.0,0.0,0.0,0.0,0.0,10000008,10.0,12.0,23.0,0.3235294117647059,0.3611111111111111,0.3529411764705882,0.7140522875816994,0.0375816993464052,0.0294117647058823,0.1666666666666666,0.0277777777777777,0.1666666666666666,0.3928571428571428,0.0588235294117647,0.0,0.0,0.250735294117647,4.105263157894737,4.819221967963387,7.342,0.6086956521739131,2026,수원,1.0287682311922934,0.3441599892892468,-0.454042556918813,87.68835954900555,0
2026-04-08,KT,이강민,4.0,3.0,39.0,37.0,11.0,1.0,1.0,9.0,1.0,0.0,0.0,0.0,0.0,0.0,0.0,0.0,10000008,10.0,12.0,26.0,0.2972972972972973,0.3333333333333333,0.3243243243243243,0.6576576576576576,0.036036036036036,0.027027027027027,0.2307692307692307,0.0256410256410256,0.1111111111111111,0.3928571428571428,0.054054054054054,0.0,0.0,0.231081081081081,3.804878048780488,3.9512195121951215,7.048,0.5384615384615384,2026,수원,1.0287682311922934,0.3169863381920114,-1.415562884493624,69.92750230876834,0
2026-04-09,KT,이강민,4.0,3.0,39.0,37.0,11.0,1.0,1.0,9.0,1.0,0.0,0.0,0.0,0.0,0.0,0.0,0.0,10000008,10.0,12.0,26.0,0.2972972972972973,0.3333333333333333,0.3243243243243243,0.6576576576576576,0.036036036036036,0.027027027027027,0.2307692307692307,0.0256410256410256,0.1111111111111111,0.3928571428571428,0.054054054054054,0.0,0.0,0.231081081081081,3.804878048780488,3.9512195121951215,7.048,0.5384615384615384,2026,수원,1.0287682311922934,0.3169863381920114,-1.415562884493624,69.92750230876834,0
2026-04-10,KT,이강민,4.0,3.0,41.0,39.0,11.0,1.0,1.0,10.0,1.0,0.0,0.0,0.0,0.0,0.0,0.0,0.0,10000008,10.0,12.0,28.0,0.282051282051282,0.3170731707317073,0.3076923076923077,0.6247654784240151,0.0350218886804252,0.0256410256410256,0.2439024390243902,0.024390243902439,0.1,0.3793103448275862,0.0512820512820512,0.0,0.0,0.2196060037523452,3.627906976744186,3.4983388704318936,7.039999999999999,0.5,2026,수원,1.0287682311922934,0.3007236346039152,-2.01297139107784,60.33741360393796,0
2026-04-11,KT,이강민,5.0,4.0,44.0,41.0,12.0,1.0,1.0,10.0,1.0,0.0,0.0,1.0,0.0,0.0,0.0,0.0,10000008,11.0,13.0,30.0,0.2926829268292683,0.3255813953488372,0.3170731707317073,0.6426545660805445,0.0328984685195689,0.024390243902439,0.2272727272727272,0.0227272727272727,0.1,0.3870967741935484,0.048780487804878,0.0,0.0,0.2257799205899036,3.6739130434782608,3.3065217391304347,7.669999999999999,0.5,2026,수원,1.0287682311922934,0.30886955312138,-1.738717068888523,67.05374461696701,0
2026-04-12,KT,이강민,5.0,4.0,47.0,44.0,12.0,1.0,1.0,10.0,1.0,0.0,0.0,1.0,0.0,0.0,0.0,0.0,10000008,11.0,13.0,33.0,0.2727272727272727,0.3043478260869565,0.2954545454545454,0.599802371541502,0.0316205533596838,0.0227272727272727,0.2127659574468085,0.0212765957446808,0.1,0.3529411764705882,0.0454545454545454,0.0,0.0,0.2108201581027668,3.4489795918367347,2.8218923933209648,7.939999999999999,0.4545454545454545,2026,수원,1.0287682311922934,0.2885019544906637,-2.542966460819273,55.525977772450034,0
2026-03-28,KIA,카스트로,0.0,2.0,5.0,5.0,3.0,0.0,0.0,1.0,1.0,0.0,0.0,0.0,0.0,0.0,0.0,0.0,10000009,2.0,4.0,2.0,0.6,0.6,0.8,1.4,0.0,0.2,0.2,0.0,0.0,0.75,0.2,0.0,0.0,0.47,2.4,32.4,1.712,2.0,2026,광주,0.9987402594586288,0.6536154152935909,1.2170133030499677,263.3929894786867,0
2026-03-29,KIA,카스트로,2.0,3.0,10.0,9.0,5.0,1.0,0.0,1.0,1.0,0.0,1.0,0.0,0.0,0.0,0.0,0.0,10000009,3.0,9.0,4.0,0.5555555555555556,0.6,1.0,1.6,0.0444444444444444,0.4444444444444444,0.1,0.1,1.0,0.5714285714285714,0.5555555555555556,10.0,9.0,0.52,4.909090909090909,33.13636363636364,4.172,2.5,2026,광주,0.9987402594586288,0.6750781339539679,2.8135046028687647,281.2723857926876,0
2026-03-30,KIA,카스트로,2.0,3.0,10.0,9.0,5.0,1.0,0.0,1.0,1.0,0.0,1.0,0.0,0.0,0.0,0.0,0.0,10000009,3.0,9.0,4.0,0.5555555555555556,0.6,1.0,1.6,0.0444444444444444,0.4444444444444444,0.1,0.1,1.0,0.5714285714285714,0.5555555555555556,10.0,9.0,0.52,4.909090909090909,33.13636363636364,4.172,2.5,2026,광주,0.9987402594586288,0.6750781339539679,2.8135046028687647,281.2723857926876,0
2026-03-31,KIA,카스트로,4.0,5.0,15.0,13.0,7.0,2.0,0.0,2.0,3.0,0.0,1.0,0.0,0.0,0.0,0.0,0.0,10000009,3.0,13.0,6.0,0.5384615384615384,0.6,1.0,1.6,0.0615384615384615,0.4615384615384615,0.1333333333333333,0.1333333333333333,1.0,0.6,0.6153846153846154,15.0,13.0,0.52,6.882352941176471,30.97058823529412,5.944,2.5,2026,광주,0.9987402594586288,0.6786715060191294,4.180480900324731,290.39434800405195,0
2026-04-01,KIA,카스트로,4.0,5.0,19.0,17.0,7.0,2.0,0.0,4.0,3.0,0.0,1.0,0.0,0.0,0.0,0.0,0.0,10000009,3.0,13.0,10.0,0.4117647058823529,0.4736842105263157,0.7647058823529411,1.2383900928792568,0.0619195046439628,0.3529411764705882,0.2105263157894736,0.1052631578947368,0.5,0.5,0.4705882352941176,19.0,17.0,0.4043343653250774,5.571428571428571,15.04285714285714,5.927999999999999,1.5,2026,광주,0.9987402594586288,0.5324440094423735,2.818064316635746,197.6011047278577,0
2026-04-02,KIA,카스트로,4.0,5.0,23.0,21.0,7.0,2.0,0.0,5.0,3.0,0.0,1.0,0.0,0.0,0.0,0.0,0.0,10000009,3.0,13.0,14.0,0.3333333333333333,0.391304347826087,0.6190476190476191,1.010351966873706,0.0579710144927536,0.2857142857142857,0.217391304347826,0.0869565217391304,0.4,0.4,0.3809523809523809,23.0,21.0,0.3308488612836439,4.68,9.025714285714283,6.099999999999999,1.0714285714285714,2026,광주,0.9987402594586288,0.4411468459249271,1.566272937994977,145.39423037244234,0
2026-04-03,KIA,카스트로,5.0,5.0,27.0,25.0,7.0,2.0,0.0,6.0,3.0,0.0,1.0,0.0,0.0,1.0,0.0,0.0,10000009,3.0,13.0,19.0,0.28,0.3333333333333333,0.52,0.8533333333333333,0.0533333333333332,0.24,0.2222222222222222,0.074074074074074,0.3333333333333333,0.3333333333333333,0.32,27.0,25.0,0.28,3.586206896551724,5.096188747731397,5.901999999999999,0.7894736842105263,2026,광주,0.9987402594586288,0.3772509161768935,0.2321343352109818,105.965253780043,0
2026-04-04,KIA,카스트로,5.0,5.0,31.0,29.0,7.0,2.0,0.0,7.0,3.0,0.0,1.0,0.0,0.0,2.0,0.0,0.0,10000009,3.0,13.0,24.0,0.2413793103448276,0.2903225806451613,0.4482758620689655,0.7385984427141268,0.0489432703003337,0.2068965517241379,0.2258064516129032,0.064516129032258,0.2857142857142857,0.2857142857142857,0.2758620689655172,31.0,29.0,0.2427141268075639,2.757575757575758,3.102272727272728,5.703999999999999,0.625,2026,광주,0.9987402594586288,0.3286671013749065,-1.101660181456248,75.6136119521498,0
2026-04-05,KIA,카스트로,6.0,6.0,35.0,32.0,8.0,2.0,0.0,8.0,3.0,0.0,1.0,0.0,1.0,2.0,0.0,0.0,10000009,4.0,14.0,27.0,0.25,0.2857142857142857,0.4375,0.7232142857142857,0.0357142857142857,0.1875,0.2285714285714285,0.0571428571428571,0.25,0.2916666666666667,0.25,35.0,32.0,0.2379464285714285,2.6486486486486487,2.6486486486486487,6.565999999999999,0.5925925925925926,2026,광주,0.9987402594586288,0.3201678661845489,-1.3060008862274242,73.07103013292281,0
2026-04-06,KIA,카스트로,6.0,6.0,35.0,32.0,8.0,2.0,0.0,8.0,3.0,0.0,1.0,0.0,1.0,2.0,0.0,0.0,10000009,4.0,14.0,27.0,0.25,0.2857142857142857,0.4375,0.7232142857142857,0.0357142857142857,0.1875,0.2285714285714285,0.0571428571428571,0.25,0.2916666666666667,0.25,35.0,32.0,0.2379464285714285,2.6486486486486487,2.6486486486486487,6.565999999999999,0.5925925925925926,2026,광주,0.9987402594586288,0.3201678661845489,-1.3060008862274242,73.07103013292281,0
2026-04-07,KIA,카스트로,8.0,6.0,40.0,37.0,9.0,2.0,0.0,9.0,3.0,0.0,1.0,0.0,1.0,2.0,0.0,0.0,10000009,5.0,15.0,31.0,0.2432432432432432,0.275,0.4054054054054054,0.6804054054054054,0.0317567567567567,0.1621621621621621,0.225,0.05,0.2222222222222222,0.2857142857142857,0.2162162162162162,40.0,37.0,0.2251013513513513,2.857142857142857,2.488479262672811,7.237999999999999,0.5483870967741935,2026,광주,0.9987402594586288,0.3059495202613033,-1.7922149840510744,66.6086337465017,0
2026-04-08,KIA,카스트로,12.0,8.0,46.0,42.0,12.0,3.0,0.0,10.0,4.0,0.0,1.0,0.0,1.0,2.0,0.0,0.0,10000009,7.0,19.0,33.0,0.2857142857142857,0.3260869565217391,0.4523809523809524,0.7784679089026916,0.0403726708074534,0.1666666666666666,0.217391304347826,0.0652173913043478,0.3,0.34375,0.238095238095238,46.0,42.0,0.2598343685300207,4.653061224489796,3.807050092764378,9.29,0.6666666666666666,2026,광주,0.9987402594586288,0.351668199308491,-0.3193625011176368,94.92408165262064,0
2026-04-09,KIA,카스트로,12.0,8.0,46.0,42.0,12.0,3.0,0.0,10.0,4.0,0.0,1.0,0.0,1.0,2.0,0.0,0.0,10000009,7.0,19.0,33.0,0.2857142857142857,0.3260869565217391,0.4523809523809524,0.7784679089026916,0.0403726708074534,0.1666666666666666,0.217391304347826,0.0652173913043478,0.3,0.34375,0.238095238095238,46.0,42.0,0.2598343685300207,4.653061224489796,3.807050092764378,9.29,0.6666666666666666,2026,광주,0.9987402594586288,0.351668199308491,-0.3193625011176368,94.92408165262064,0
2026-04-10,KIA,카스트로,12.0,8.0,50.0,46.0,12.0,3.0,0.0,12.0,4.0,0.0,1.0,0.0,1.0,2.0,0.0,0.0,10000009,7.0,19.0,37.0,0.2608695652173913,0.3,0.4130434782608695,0.7130434782608696,0.0391304347826086,0.1521739130434782,0.24,0.06,0.25,0.3235294117647059,0.217391304347826,50.0,46.0,0.2382608695652174,4.30188679245283,3.1392146863844976,9.274,0.5945945945945946,2026,광주,0.9987402594586288,0.3227387175720389,-1.521976734597046,77.31919079914032,0
2026-04-11,KIA,카스트로,12.0,8.0,54.0,50.0,13.0,3.0,0.0,14.0,4.0,0.0,1.0,0.0,1.0,2.0,0.0,0.0,10000009,8.0,20.0,40.0,0.26,0.2962962962962963,0.4,0.6962962962962963,0.0362962962962962,0.14,0.2592592592592592,0.0555555555555555,0.2142857142857142,0.3333333333333333,0.2,54.0,50.0,0.2333333333333333,4.56140350877193,3.0789473684210527,9.668,0.575,2026,광주,0.9987402594586288,0.3170326816710764,-1.7652155268492198,75.25155386965882,0
2026-04-12,KIA,카스트로,12.0,10.0,59.0,55.0,16.0,3.0,0.0,15.0,6.0,0.0,1.0,0.0,1.0,2.0,0.0,0.0,10000009,9.0,25.0,42.0,0.2909090909090909,0.3220338983050847,0.4545454545454545,0.7765793528505393,0.0311248073959938,0.1636363636363636,0.2542372881355932,0.0508474576271186,0.2,0.375,0.2181818181818181,59.0,55.0,0.2585516178736518,6.451612903225806,4.147465437788019,11.599999999999998,0.6666666666666666,2026,광주,0.9987402594586288,0.3506617770226061,-0.1487974261149475,98.18703248397162,0
2026-03-28,두산,카메론,0.0,0.0,2.0,2.0,1.0,0.0,0.0,1.0,1.0,0.0,0.0,0.0,0.0,0.0,0.0,0.0,10000010,0.0,2.0,1.0,0.5,0.5,1.0,1.5,0.0,0.5,0.5,0.0,0.0,1.0,0.5,0.0,0.0,0.475,1.0,27.0,0.622,2.0,2026,잠실,0.9512583942824044,0.6572443404985231,0.4932530283365781,270.30363776771964,0
2026-03-29,두산,카메론,2.0,1.0,3.0,3.0,2.0,0.0,0.0,1.0,1.0,0.0,1.0,0.0,0.0,0.0,0.0,0.0,10000010,0.0,6.0,1.0,0.6666666666666666,0.6666666666666666,2.0,2.6666666666666665,0.0,1.3333333333333337,0.3333333333333333,0.0,0.0,1.0,1.3333333333333333,3.0,3.0,0.8,4.0,108.0,2.0620000000000003,6.0,2026,잠실,0.9512583942824044,1.0439586887882737,1.8831909655320056,509.0359139436285,0
2026-03-30,두산,카메론,2.0,1.0,3.0,3.0,2.0,0.0,0.0,1.0,1.0,0.0,1.0,0.0,0.0,0.0,0.0,0.0,10000010,0.0,6.0,1.0,0.6666666666666666,0.6666666666666666,2.0,2.6666666666666665,0.0,1.3333333333333337,0.3333333333333333,0.0,0.0,1.0,1.3333333333333333,3.0,3.0,0.8,4.0,108.0,2.0620000000000003,6.0,2026,잠실,0.9512583942824044,1.0439586887882737,1.8831909655320056,509.0359139436285,0
2026-03-31,두산,카메론,2.0,2.0,9.0,9.0,3.0,0.0,0.0,3.0,2.0,0.0,1.0,0.0,0.0,1.0,0.0,0.0,10000010,0.0,8.0,7.0,0.3333333333333333,0.3333333333333333,0.8888888888888888,1.222222222222222,0.0,0.5555555555555556,0.3333333333333333,0.0,0.0,0.4,0.5555555555555556,9.0,9.0,0.3722222222222222,1.7777777777777777,6.857142857142857,2.486,1.1428571428571428,2026,잠실,0.9512583942824044,0.4994343105601315,1.060186782677674,185.2955363388408,0
2026-04-01,두산,카메론,2.0,2.0,13.0,13.0,3.0,0.0,0.0,4.0,2.0,0.0,1.0,0.0,0.0,1.0,0.0,0.0,10000010,0.0,8.0,11.0,0.2307692307692307,0.2307692307692307,0.6153846153846154,0.8461538461538463,0.0,0.3846153846153846,0.3076923076923077,0.0,0.0,0.25,0.3846153846153846,13.0,13.0,0.2576923076923077,1.2307692307692308,3.0209790209790213,2.658,0.7272727272727273,2026,잠실,0.9512583942824044,0.3410266190340817,-0.3723623995052563,86.04985369464558,0
2026-04-02,두산,카메론,2.0,2.0,17.0,17.0,5.0,0.0,0.0,5.0,3.0,0.0,1.0,0.0,0.0,1.0,0.0,0.0,10000010,1.0,11.0,13.0,0.2941176470588235,0.2941176470588235,0.6470588235294118,0.9411764705882352,0.0,0.3529411764705882,0.2941176470588235,0.0,0.0,0.3636363636363636,0.3529411764705882,17.0,17.0,0.2941176470588235,2.588235294117647,5.375565610859729,3.869999999999999,0.8461538461538461,2026,잠실,0.9512583942824044,0.3937710536498274,0.4267112779050189,121.5596656693276,0
2026-04-03,두산,카메론,2.0,3.0,22.0,22.0,7.0,0.0,0.0,5.0,3.0,0.0,1.0,0.0,0.0,1.0,0.0,0.0,10000010,3.0,13.0,16.0,0.3181818181818182,0.3181818181818182,0.5909090909090909,0.9090909090909092,0.0,0.2727272727272727,0.2272727272727272,0.0,0.0,0.375,0.2727272727272727,22.0,22.0,0.2909090909090909,3.5454545454545454,5.982954545454545,5.14,0.8125,2026,잠실,0.9512583942824044,0.3923187230197362,0.4866465685918086,119.89778253364116,0
2026-04-04,두산,카메론,2.0,3.0,26.0,26.0,7.0,0.0,0.0,6.0,3.0,0.0,1.0,0.0,0.0,1.0,0.0,0.0,10000010,3.0,13.0,20.0,0.2692307692307692,0.2692307692307692,0.5,0.7692307692307692,0.0,0.2307692307692307,0.2307692307692307,0.0,0.0,0.3157894736842105,0.2307692307692307,26.0,26.0,0.2461538461538461,3.0,4.05,5.311999999999999,0.65,2026,잠실,0.9512583942824044,0.3321894417226561,-0.8421057825919398,82.53368024054299,0
2026-04-05,두산,카메론,2.0,3.0,30.0,30.0,7.0,0.0,0.0,10.0,3.0,0.0,1.0,0.0,0.0,1.0,0.0,0.0,10000010,3.0,13.0,24.0,0.2333333333333333,0.2333333333333333,0.4333333333333333,0.6666666666666667,0.0,0.2,0.3333333333333333,0.0,0.0,0.3157894736842105,0.2,30.0,30.0,0.2133333333333333,2.6,2.9250000000000003,4.919999999999999,0.5416666666666666,2026,잠실,0.9512583942824044,0.2905830125750783,-1.8867764854323223,59.27357589057927,0
2026-04-06,두산,카메론,2.0,3.0,30.0,30.0,7.0,0.0,0.0,10.0,3.0,0.0,1.0,0.0,0.0,1.0,0.0,0.0,10000010,3.0,13.0,24.0,0.2333333333333333,0.2333333333333333,0.4333333333333333,0.6666666666666667,0.0,0.2,0.3333333333333333,0.0,0.0,0.3157894736842105,0.2,30.0,30.0,0.2133333333333333,2.6,2.9250000000000003,4.919999999999999,0.5416666666666666,2026,잠실,0.9512583942824044,0.2905830125750783,-1.8867764854323223,59.27357589057927,0
2026-04-07,두산,카메론,2.0,3.0,34.0,34.0,9.0,0.0,0.0,10.0,5.0,0.0,1.0,0.0,0.0,1.0,0.0,0.0,10000010,3.0,17.0,26.0,0.2647058823529412,0.2647058823529412,0.5,0.7647058823529411,0.0,0.2352941176470588,0.2941176470588235,0.0,0.0,0.3478260869565217,0.2352941176470588,34.0,34.0,0.2441176470588235,4.0,4.153846153846154,6.539999999999998,0.6538461538461539,2026,잠실,0.9512583942824044,0.3357263569945315,-0.6704050797732167,90.1239637465108,0
2026-04-08,두산,카메론,2.0,3.0,38.0,37.0,9.0,0.0,1.0,10.0,5.0,0.0,1.0,0.0,0.0,1.0,0.0,0.0,10000010,3.0,17.0,29.0,0.2432432432432432,0.2631578947368421,0.4594594594594595,0.7226173541963016,0.0199146514935988,0.2162162162162162,0.2631578947368421,0.0,0.0,0.3076923076923077,0.2162162162162162,38.0,37.0,0.2332859174964438,3.923076923076923,3.652519893899204,7.149999999999998,0.6206896551724138,2026,잠실,0.9512583942824044,0.3205004725779361,-1.2662440819875096,79.90700268582162,0
2026-04-09,두산,카메론,2.0,3.0,38.0,37.0,9.0,0.0,1.0,10.0,5.0,0.0,1.0,0.0,0.0,1.0,0.0,0.0,10000010,3.0,17.0,29.0,0.2432432432432432,0.2631578947368421,0.4594594594594595,0.7226173541963016,0.0199146514935988,0.2162162162162162,0.2631578947368421,0.0,0.0,0.3076923076923077,0.2162162162162162,38.0,37.0,0.2332859174964438,3.923076923076923,3.652519893899204,7.149999999999998,0.6206896551724138,2026,잠실,0.9512583942824044,0.3205004725779361,-1.2662440819875096,79.90700268582162,0
2026-04-10,두산,카메론,3.0,5.0,43.0,42.0,11.0,0.0,1.0,11.0,6.0,1.0,1.0,0.0,0.0,2.0,0.0,0.0,10000010,3.0,22.0,33.0,0.2619047619047619,0.2790697674418604,0.5238095238095238,0.8028792912513842,0.0171650055370985,0.2619047619047619,0.2558139534883721,0.0,0.0,0.3333333333333333,0.2619047619047619,43.0,42.0,0.2565337763012182,5.0,4.090909090909091,8.622000000000002,0.696969696969697,2026,잠실,0.9512583942824044,0.3505015489532658,-0.2971776448238908,99.69602154171092,0
2026-04-11,두산,카메론,3.0,5.0,47.0,45.0,11.0,1.0,1.0,13.0,6.0,1.0,1.0,0.0,0.0,2.0,0.0,0.0,10000010,3.0,22.0,36.0,0.2444444444444444,0.2765957446808511,0.4888888888888889,0.76548463356974,0.0321513002364066,0.2444444444444444,0.2765957446808511,0.0212765957446808,0.0769230769230769,0.3225806451612903,0.2666666666666666,47.0,45.0,0.2466903073286052,4.938775510204081,3.704081632653061,8.856,0.6666666666666666,2026,잠실,0.9512583942824044,0.338122957821676,-0.7073788222248526,93.42158456033992,0
2026-04-12,두산,카메론,3.0,5.0,51.0,49.0,11.0,1.0,1.0,14.0,6.0,1.0,1.0,0.0,0.0,2.0,0.0,0.0,10000010,3.0,22.0,40.0,0.2244897959183673,0.2549019607843137,0.4489795918367347,0.7038815526210485,0.0304121648659463,0.2244897959183673,0.2745098039215686,0.0196078431372549,0.0714285714285714,0.2941176470588235,0.2448979591836734,51.0,49.0,0.2269507803121248,4.566037735849057,3.0820754716981136,9.028,0.6,2026,잠실,0.9512583942824044,0.3120186892327278,-1.7640988992985245,78.2807482322638,0
2026-03-28,NC,고준휘,0.0,0.0,1.0,0.0,0.0,1.0,0.0,0.0,0.0,0.0,0.0,0.0,0.0,0.0,0.0,0.0,10000011,0.0,0.0,0.0,0.0,1.0,0.0,1.0,1.0,0.0,0.0,1.0,0.0,0.0,0.0,0.0,0.0,0.45,0.0,0.0,0.34,0.0,2026,창원,1.0100284809306723,0.8023187147169651,0.3755072463768116,350.8758587073787,0
2026-03-29,NC,고준휘,0.0,0.0,3.0,2.0,0.0,1.0,0.0,0.0,0.0,0.0,0.0,0.0,0.0,0.0,0.0,0.0,10000011,0.0,0.0,2.0,0.0,0.3333333333333333,0.0,0.3333333333333333,0.3333333333333333,0.0,0.0,0.3333333333333333,0.0,0.0,0.5,0.0,0.0,0.15,0.0,0.0,0.52,0.5,2026,창원,1.0100284809306723,0.2603082553762207,-0.3243588096767288,29.38476121477329,0
2026-03-30,NC,고준휘,0.0,0.0,3.0,2.0,0.0,1.0,0.0,0.0,0.0,0.0,0.0,0.0,0.0,0.0,0.0,0.0,10000011,0.0,0.0,2.0,0.0,0.3333333333333333,0.0,0.3333333333333333,0.3333333333333333,0.0,0.0,0.3333333333333333,0.0,0.0,0.5,0.0,0.0,0.15,0.0,0.0,0.52,0.5,2026,창원,1.0100284809306723,0.2603082553762207,-0.3243588096767288,29.38476121477329,0
2026-03-31,NC,고준휘,0.0,0.0,4.0,3.0,0.0,1.0,0.0,1.0,0.0,0.0,0.0,0.0,0.0,0.0,0.0,0.0,10000011,0.0,0.0,3.0,0.0,0.25,0.0,0.25,0.25,0.0,0.25,0.25,1.0,0.0,0.3333333333333333,0.0,0.0,0.1125,0.0,0.0,0.422,0.3333333333333333,2026,창원,1.0100284809306723,0.1941798308899758,-0.6249066086611633,-7.659205760506316,0
2026-04-01,NC,고준휘,0.0,0.0,4.0,3.0,0.0,1.0,0.0,1.0,0.0,0.0,0.0,0.0,0.0,0.0,0.0,0.0,10000011,0.0,0.0,3.0,0.0,0.25,0.0,0.25,0.25,0.0,0.25,0.25,1.0,0.0,0.3333333333333333,0.0,0.0,0.1125,0.0,0.0,0.422,0.3333333333333333,2026,창원,1.0100284809306723,0.1953308786400255,-0.6533469387755101,-8.347495913284808,0
2026-04-02,NC,고준휘,0.0,0.0,4.0,3.0,0.0,1.0,0.0,1.0,0.0,0.0,0.0,0.0,0.0,0.0,0.0,0.0,10000011,0.0,0.0,3.0,0.0,0.25,0.0,0.25,0.25,0.0,0.25,0.25,1.0,0.0,0.3333333333333333,0.0,0.0,0.1125,0.0,0.0,0.422,0.3333333333333333,2026,창원,1.0100284809306723,0.1944192824404174,-0.6233221805237452,-4.590204055106306,0
2026-04-03,NC,고준휘,0.0,0.0,4.0,3.0,0.0,1.0,0.0,1.0,0.0,0.0,0.0,0.0,0.0,0.0,0.0,0.0,10000011,0.0,0.0,3.0,0.0,0.25,0.0,0.25,0.25,0.0,0.25,0.25,1.0,0.0,0.3333333333333333,0.0,0.0,0.1125,0.0,0.0,0.422,0.3333333333333333,2026,창원,1.0100284809306723,0.1943453537927408,-0.6222102995068408,-6.650747577824667,0
2026-04-04,NC,고준휘,0.0,0.0,4.0,3.0,0.0,1.0,0.0,1.0,0.0,0.0,0.0,0.0,0.0,0.0,0.0,0.0,10000011,0.0,0.0,3.0,0.0,0.25,0.0,0.25,0.25,0.0,0.25,0.25,1.0,0.0,0.3333333333333333,0.0,0.0,0.1125,0.0,0.0,0.422,0.3333333333333333,2026,창원,1.0100284809306723,0.1939693322291307,-0.6237935873320064,-8.57011133716381,0
2026-04-05,NC,고준휘,0.0,0.0,4.0,3.0,0.0,1.0,0.0,1.0,0.0,0.0,0.0,0.0,0.0,0.0,0.0,0.0,10000011,0.0,0.0,3.0,0.0,0.25,0.0,0.25,0.25,0.0,0.25,0.25,1.0,0.0,0.3333333333333333,0.0,0.0,0.1125,0.0,0.0,0.422,0.3333333333333333,2026,창원,1.0100284809306723,0.1924254581411382,-0.5910273228421363,-8.134740869884638,0
2026-04-06,NC,고준휘,0.0,0.0,4.0,3.0,0.0,1.0,0.0,1.0,0.0,0.0,0.0,0.0,0.0,0.0,0.0,0.0,10000011,0.0,0.0,3.0,0.0,0.25,0.0,0.25,0.25,0.0,0.25,0.25,1.0,0.0,0.3333333333333333,0.0,0.0,0.1125,0.0,0.0,0.422,0.3333333333333333,2026,창원,1.0100284809306723,0.1924254581411382,-0.5910273228421363,-8.134740869884638,0
2026-04-07,NC,고준휘,0.0,0.0,4.0,3.0,0.0,1.0,0.0,1.0,0.0,0.0,0.0,0.0,0.0,0.0,0.0,0.0,10000011,0.0,0.0,3.0,0.0,0.25,0.0,0.25,0.25,0.0,0.25,0.25,1.0,0.0,0.3333333333333333,0.0,0.0,0.1125,0.0,0.0,0.422,0.3333333333333333,2026,창원,1.0100284809306723,0.1919292507188657,-0.563478892434683,-6.382581897170603,0
2026-04-08,NC,고준휘,0.0,0.0,4.0,3.0,0.0,1.0,0.0,1.0,0.0,0.0,0.0,0.0,0.0,0.0,0.0,0.0,10000011,0.0,0.0,3.0,0.0,0.25,0.0,0.25,0.25,0.0,0.25,0.25,1.0,0.0,0.3333333333333333,0.0,0.0,0.1125,0.0,0.0,0.422,0.3333333333333333,2026,창원,1.0100284809306723,0.1916153838606397,-0.5696287380794709,-7.7035253178799,0
2026-04-09,NC,고준휘,0.0,0.0,4.0,3.0,0.0,1.0,0.0,1.0,0.0,0.0,0.0,0.0,0.0,0.0,0.0,0.0,10000011,0.0,0.0,3.0,0.0,0.25,0.0,0.25,0.25,0.0,0.25,0.25,1.0,0.0,0.3333333333333333,0.0,0.0,0.1125,0.0,0.0,0.422,0.3333333333333333,2026,창원,1.0100284809306723,0.1916153838606397,-0.5696287380794709,-7.7035253178799,0
2026-04-10,NC,고준휘,0.0,0.0,4.0,3.0,0.0,1.0,0.0,1.0,0.0,0.0,0.0,0.0,0.0,0.0,0.0,0.0,10000011,0.0,0.0,3.0,0.0,0.25,0.0,0.25,0.25,0.0,0.25,0.25,1.0,0.0,0.3333333333333333,0.0,0.0,0.1125,0.0,0.0,0.422,0.3333333333333333,2026,창원,1.0100284809306723,0.1910448164832015,-0.5681895927463907,-7.431683328701699,0
2026-04-11,NC,고준휘,0.0,0.0,4.0,3.0,0.0,1.0,0.0,1.0,0.0,0.0,0.0,0.0,0.0,0.0,0.0,0.0,10000011,0.0,0.0,3.0,0.0,0.25,0.0,0.25,0.25,0.0,0.25,0.25,1.0,0.0,0.3333333333333333,0.0,0.0,0.1125,0.0,0.0,0.422,0.3333333333333333,2026,창원,1.0100284809306723,0.1905143811151675,-0.5540040870717688,-6.393469344610758,0
2026-04-12,NC,고준휘,0.0,0.0,4.0,3.0,0.0,1.0,0.0,1.0,0.0,0.0,0.0,0.0,0.0,0.0,0.0,0.0,10000011,0.0,0.0,3.0,0.0,0.25,0.0,0.25,0.25,0.0,0.25,0.25,1.0,0.0,0.3333333333333333,0.0,0.0,0.1125,0.0,0.0,0.422,0.3333333333333333,2026,창원,1.0100284809306723,0.1899661040377136,-0.5435048011882806,-5.466380707988949,0
2026-03-28,키움,브룩스,3.0,0.0,6.0,5.0,3.0,1.0,0.0,1.0,0.0,0.0,0.0,0.0,0.0,0.0,0.0,0.0,10000012,3.0,3.0,2.0,0.6,0.6666666666666666,0.6,1.2666666666666666,0.0666666666666666,0.0,0.1666666666666666,0.1666666666666666,1.0,0.75,0.2,0.0,0.0,0.4499999999999999,1.7142857142857142,23.142857142857142,1.832,2.0,2026,고척,0.9666905138306804,0.622116884653888,1.2925205494267795,247.82811773233604,0
2026-03-29,키움,브룩스,3.0,0.0,10.0,9.0,4.0,1.0,0.0,2.0,0.0,0.0,0.0,0.0,0.0,0.0,0.0,0.0,10000012,4.0,4.0,5.0,0.4444444444444444,0.5,0.4444444444444444,0.9444444444444444,0.0555555555555555,0.0,0.2,0.1,0.5,0.5714285714285714,0.1111111111111111,0.0,0.0,0.3361111111111111,1.818181818181818,9.818181818181817,2.414,1.0,2026,고척,0.9666905138306804,0.456489877552359,0.76095482766003,152.32473252088928,0
2026-03-30,키움,브룩스,3.0,0.0,10.0,9.0,4.0,1.0,0.0,2.0,0.0,0.0,0.0,0.0,0.0,0.0,0.0,0.0,10000012,4.0,4.0,5.0,0.4444444444444444,0.5,0.4444444444444444,0.9444444444444444,0.0555555555555555,0.0,0.2,0.1,0.5,0.5714285714285714,0.1111111111111111,0.0,0.0,0.3361111111111111,1.818181818181818,9.818181818181817,2.414,1.0,2026,고척,0.9666905138306804,0.456489877552359,0.76095482766003,152.32473252088928,0
2026-03-31,키움,브룩스,4.0,0.0,15.0,13.0,5.0,1.0,0.0,2.0,0.0,0.0,0.0,0.0,1.0,0.0,0.0,0.0,10000012,5.0,5.0,9.0,0.3846153846153846,0.4,0.3846153846153846,0.7846153846153847,0.0153846153846153,0.0,0.1333333333333333,0.0666666666666666,0.5,0.4166666666666667,0.0769230769230769,0.0,0.0,0.2761538461538462,1.5625,4.6875,3.554,0.6666666666666666,2026,고척,0.9666905138306804,0.3682425907835202,0.00042723284004,103.35039348457052,0
2026-04-01,키움,브룩스,5.0,3.0,21.0,19.0,7.0,1.0,0.0,2.0,1.0,0.0,0.0,0.0,1.0,0.0,0.0,0.0,10000012,6.0,8.0,13.0,0.3684210526315789,0.3809523809523809,0.4210526315789473,0.8020050125313283,0.012531328320802,0.0526315789473684,0.0952380952380952,0.0476190476190476,0.5,0.3888888888888889,0.1052631578947368,0.0,0.0,0.2766917293233082,2.5454545454545454,5.286713286713286,5.134,0.6923076923076923,2026,고척,0.9666905138306804,0.3689866715287431,-0.0586870748299311,101.4943269866234,0
2026-04-02,키움,브룩스,5.0,3.0,26.0,23.0,8.0,2.0,0.0,4.0,2.0,0.0,0.0,0.0,1.0,0.0,0.0,0.0,10000012,6.0,10.0,16.0,0.3478260869565217,0.3846153846153846,0.4347826086956521,0.8193979933110368,0.0367892976588629,0.0869565217391304,0.1538461538461538,0.0769230769230769,0.5,0.4,0.1739130434782608,0.0,0.0,0.2817725752508361,3.2142857142857144,5.424107142857143,6.087999999999999,0.75,2026,고척,0.9666905138306804,0.377080817443127,0.2587687298214627,109.94690455442844,0
2026-04-03,키움,브룩스,6.0,5.0,30.0,27.0,12.0,2.0,0.0,4.0,4.0,0.0,0.0,0.0,1.0,0.0,0.0,0.0,10000012,8.0,16.0,16.0,0.4444444444444444,0.4666666666666667,0.5925925925925926,1.0592592592592591,0.0222222222222222,0.1481481481481481,0.1333333333333333,0.0666666666666666,0.5,0.5,0.2222222222222222,0.0,0.0,0.3581481481481481,6.5,10.96875,8.527999999999999,1.125,2026,고척,0.9666905138306804,0.4764322802402316,2.928261642388968,169.62465283138175,0
2026-04-04,키움,브룩스,6.0,5.0,35.0,32.0,12.0,2.0,0.0,6.0,4.0,0.0,0.0,0.0,1.0,0.0,0.0,0.0,10000012,8.0,16.0,21.0,0.375,0.4,0.5,0.9,0.025,0.125,0.1714285714285714,0.0571428571428571,0.3333333333333333,0.4444444444444444,0.1875,0.0,0.0,0.305,5.621621621621622,7.2277992277992285,8.601999999999999,0.8571428571428571,2026,고척,0.9666905138306804,0.4081529289438274,1.243119207949846,127.8296992661204,0
2026-04-05,키움,브룩스,6.0,5.0,40.0,36.0,12.0,3.0,0.0,7.0,4.0,0.0,0.0,0.0,1.0,0.0,0.0,0.0,10000012,8.0,16.0,25.0,0.3333333333333333,0.375,0.4444444444444444,0.8194444444444444,0.0416666666666666,0.1111111111111111,0.175,0.075,0.4285714285714285,0.4,0.1944444444444444,0.0,0.0,0.2798611111111111,5.209302325581396,5.626046511627908,9.114,0.76,2026,고척,0.9666905138306804,0.3771212664101609,0.4770403508859794,111.97796606370107,0
2026-04-06,키움,브룩스,6.0,5.0,40.0,36.0,12.0,3.0,0.0,7.0,4.0,0.0,0.0,0.0,1.0,0.0,0.0,0.0,10000012,8.0,16.0,25.0,0.3333333333333333,0.375,0.4444444444444444,0.8194444444444444,0.0416666666666666,0.1111111111111111,0.175,0.075,0.4285714285714285,0.4,0.1944444444444444,0.0,0.0,0.2798611111111111,5.209302325581396,5.626046511627908,9.114,0.76,2026,고척,0.9666905138306804,0.3771212664101609,0.4770403508859794,111.97796606370107,0
2026-04-07,키움,브룩스,6.0,7.0,45.0,40.0,13.0,4.0,0.0,7.0,4.0,0.0,0.0,0.0,1.0,0.0,0.0,0.0,10000012,9.0,17.0,28.0,0.325,0.3777777777777777,0.425,0.8027777777777778,0.0527777777777777,0.0999999999999999,0.1555555555555555,0.0888888888888888,0.5714285714285714,0.3823529411764705,0.2,0.0,0.0,0.27625,5.551020408163265,5.352769679300292,10.223999999999998,0.75,2026,고척,0.9666905138306804,0.3748249457513921,0.5950594554127321,113.22302093976955,0
2026-04-08,키움,브룩스,6.0,7.0,50.0,42.0,13.0,6.0,1.0,8.0,4.0,0.0,0.0,0.0,1.0,0.0,0.0,0.0,10000012,9.0,17.0,30.0,0.3095238095238095,0.4,0.4047619047619047,0.8047619047619048,0.0904761904761904,0.0952380952380952,0.16,0.12,0.75,0.3714285714285714,0.238095238095238,0.0,0.0,0.2811904761904762,5.666666666666667,5.1,11.236,0.8,2026,고척,0.9666905138306804,0.3831465237445307,0.98498841657865,118.09128974183848,0
2026-04-09,키움,브룩스,6.0,7.0,50.0,42.0,13.0,6.0,1.0,8.0,4.0,0.0,0.0,0.0,1.0,0.0,0.0,0.0,10000012,9.0,17.0,30.0,0.3095238095238095,0.4,0.4047619047619047,0.8047619047619048,0.0904761904761904,0.0952380952380952,0.16,0.12,0.75,0.3714285714285714,0.238095238095238,0.0,0.0,0.2811904761904762,5.666666666666667,5.1,11.236,0.8,2026,고척,0.9666905138306804,0.3831465237445307,0.98498841657865,118.09128974183848,0
2026-04-10,키움,브룩스,6.0,7.0,54.0,46.0,13.0,6.0,1.0,9.0,4.0,0.0,0.0,0.0,1.0,0.0,0.0,0.0,10000012,9.0,17.0,34.0,0.2826086956521739,0.3703703703703703,0.3695652173913043,0.7399355877616747,0.0877616747181964,0.0869565217391304,0.1666666666666666,0.1111111111111111,0.6666666666666666,0.3421052631578947,0.217391304347826,0.0,0.0,0.2590579710144927,5.295081967213115,4.204918032786885,11.408,0.7058823529411765,2026,고척,0.9666905138306804,0.3538275418405969,-0.2209894749045208,100.2647247766689,0
2026-04-11,키움,브룩스,6.0,8.0,58.0,49.0,13.0,7.0,1.0,10.0,4.0,0.0,0.0,0.0,1.0,0.0,0.0,0.0,10000012,9.0,17.0,37.0,0.2653061224489796,0.3620689655172414,0.3469387755102041,0.7090077410274455,0.0967628430682617,0.0816326530612244,0.1724137931034483,0.1206896551724138,0.7,0.325,0.2244897959183673,0.0,0.0,0.2496657283603096,5.151515151515151,3.7592137592137593,11.829999999999998,0.6756756756756757,2026,고척,0.9666905138306804,0.3427111681623334,-0.6503729342342744,94.79830801962346,0
2026-04-12,키움,브룩스,6.0,8.0,62.0,51.0,14.0,9.0,1.0,11.0,4.0,0.0,0.0,0.0,1.0,0.0,0.0,0.0,10000012,10.0,18.0,38.0,0.2745098039215686,0.3870967741935484,0.3529411764705882,0.7400379506641366,0.1125869702719797,0.0784313725490196,0.1774193548387097,0.1451612903225806,0.8181818181818182,0.3414634146341463,0.2549019607843137,0.0,0.0,0.2624288425047438,5.75,4.0855263157894735,12.912,0.7368421052631579,2026,고척,0.9666905138306804,0.3601261129114021,0.3305866171469471,107.43029761480334,0
2026-03-29,키움,최재영,2.0,1.0,4.0,4.0,1.0,0.0,0.0,1.0,1.0,0.0,0.0,0.0,0.0,0.0,0.0,0.0,10000013,0.0,2.0,3.0,0.25,0.25,0.5,0.75,0.0,0.25,0.25,0.0,0.0,0.3333333333333333,0.25,0.0,0.0,0.2375,0.5,4.5,0.8019999999999999,0.6666666666666666,2026,고척,0.9666905138306804,0.3163703447259263,-0.2219085848854634,67.61220139594487,0
2026-03-30,키움,최재영,2.0,1.0,4.0,4.0,1.0,0.0,0.0,1.0,1.0,0.0,0.0,0.0,0.0,0.0,0.0,0.0,10000013,0.0,2.0,3.0,0.25,0.25,0.5,0.75,0.0,0.25,0.25,0.0,0.0,0.3333333333333333,0.25,0.0,0.0,0.2375,0.5,4.5,0.8019999999999999,0.6666666666666666,2026,고척,0.9666905138306804,0.3163703447259263,-0.2219085848854634,67.61220139594487,0
2026-03-31,키움,최재영,2.0,2.0,8.0,8.0,3.0,0.0,0.0,2.0,1.0,0.0,0.0,0.0,0.0,0.0,0.0,0.0,10000013,2.0,4.0,5.0,0.375,0.375,0.5,0.875,0.0,0.125,0.25,0.0,0.0,0.5,0.125,0.0,0.0,0.29375,1.5,8.1,1.794,0.8,2026,고척,0.9666905138306804,0.3977926550609215,0.2124432339307411,121.46039486385938,0
2026-04-01,키움,최재영,2.0,2.0,12.0,11.0,3.0,1.0,0.0,4.0,1.0,0.0,0.0,0.0,0.0,0.0,0.0,0.0,10000013,2.0,4.0,8.0,0.2727272727272727,0.3333333333333333,0.3636363636363636,0.696969696969697,0.0606060606060606,0.0909090909090909,0.3333333333333333,0.0833333333333333,0.25,0.4285714285714285,0.1818181818181818,0.0,0.0,0.2409090909090909,1.2307692307692308,4.153846153846154,2.028,0.625,2026,고척,0.9666905138306804,0.3293985102084476,-0.472719233147804,77.44175326068549,0
2026-04-02,키움,최재영,2.0,2.0,14.0,13.0,3.0,1.0,0.0,4.0,1.0,0.0,0.0,0.0,0.0,1.0,0.0,0.0,10000013,2.0,4.0,11.0,0.2307692307692307,0.2857142857142857,0.3076923076923077,0.5934065934065934,0.0549450549450549,0.0769230769230769,0.2857142857142857,0.0714285714285714,0.25,0.3333333333333333,0.1538461538461538,0.0,0.0,0.2054945054945054,0.8,1.963636363636364,1.838,0.4545454545454545,2026,고척,0.9666905138306804,0.2823994988863708,-1.063718645657993,52.82379497465454,0
2026-04-03,키움,최재영,2.0,2.0,14.0,13.0,3.0,1.0,0.0,4.0,1.0,0.0,0.0,0.0,0.0,1.0,0.0,0.0,10000013,2.0,4.0,11.0,0.2307692307692307,0.2857142857142857,0.3076923076923077,0.5934065934065934,0.0549450549450549,0.0769230769230769,0.2857142857142857,0.0714285714285714,0.25,0.3333333333333333,0.1538461538461538,0.0,0.0,0.2054945054945054,0.8,1.963636363636364,1.838,0.4545454545454545,2026,고척,0.9666905138306804,0.2829952006705156,-1.0639022876054605,51.718154664408736,0
2026-04-04,키움,최재영,2.0,2.0,14.0,13.0,3.0,1.0,0.0,4.0,1.0,0.0,0.0,0.0,0.0,1.0,0.0,0.0,10000013,2.0,4.0,11.0,0.2307692307692307,0.2857142857142857,0.3076923076923077,0.5934065934065934,0.0549450549450549,0.0769230769230769,0.2857142857142857,0.0714285714285714,0.25,0.3333333333333333,0.1538461538461538,0.0,0.0,0.2054945054945054,0.8,1.963636363636364,1.838,0.4545454545454545,2026,고척,0.9666905138306804,0.2828054851940537,-1.0714858321282226,50.54022658163501,0
2026-04-05,키움,최재영,2.0,2.0,14.0,13.0,3.0,1.0,0.0,4.0,1.0,0.0,0.0,0.0,0.0,1.0,0.0,0.0,10000013,2.0,4.0,11.0,0.2307692307692307,0.2857142857142857,0.3076923076923077,0.5934065934065934,0.0549450549450549,0.0769230769230769,0.2857142857142857,0.0714285714285714,0.25,0.3333333333333333,0.1538461538461538,0.0,0.0,0.2054945054945054,0.8,1.963636363636364,1.838,0.4545454545454545,2026,고척,0.9666905138306804,0.2831170087316247,-0.9708642720167436,53.05020472249497,0
2026-04-06,키움,최재영,2.0,2.0,14.0,13.0,3.0,1.0,0.0,4.0,1.0,0.0,0.0,0.0,0.0,1.0,0.0,0.0,10000013,2.0,4.0,11.0,0.2307692307692307,0.2857142857142857,0.3076923076923077,0.5934065934065934,0.0549450549450549,0.0769230769230769,0.2857142857142857,0.0714285714285714,0.25,0.3333333333333333,0.1538461538461538,0.0,0.0,0.2054945054945054,0.8,1.963636363636364,1.838,0.4545454545454545,2026,고척,0.9666905138306804,0.2831170087316247,-0.9708642720167436,53.05020472249497,0
2026-04-07,키움,최재영,2.0,2.0,14.0,13.0,3.0,1.0,0.0,4.0,1.0,0.0,0.0,0.0,0.0,1.0,0.0,0.0,10000013,2.0,4.0,11.0,0.2307692307692307,0.2857142857142857,0.3076923076923077,0.5934065934065934,0.0549450549450549,0.0769230769230769,0.2857142857142857,0.0714285714285714,0.25,0.3333333333333333,0.1538461538461538,0.0,0.0,0.2054945054945054,0.8,1.963636363636364,1.838,0.4545454545454545,2026,고척,0.9666905138306804,0.284204172230054,-0.8837676891472234,56.10838937576595,0
2026-04-08,키움,최재영,2.0,2.0,14.0,13.0,3.0,1.0,0.0,4.0,1.0,0.0,0.0,0.0,0.0,1.0,0.0,0.0,10000013,2.0,4.0,11.0,0.2307692307692307,0.2857142857142857,0.3076923076923077,0.5934065934065934,0.0549450549450549,0.0769230769230769,0.2857142857142857,0.0714285714285714,0.25,0.3333333333333333,0.1538461538461538,0.0,0.0,0.2054945054945054,0.8,1.963636363636364,1.838,0.4545454545454545,2026,고척,0.9666905138306804,0.2835501441863472,-0.9043440737733456,54.93144172748662,0
2026-04-09,키움,최재영,2.0,2.0,14.0,13.0,3.0,1.0,0.0,4.0,1.0,0.0,0.0,0.0,0.0,1.0,0.0,0.0,10000013,2.0,4.0,11.0,0.2307692307692307,0.2857142857142857,0.3076923076923077,0.5934065934065934,0.0549450549450549,0.0769230769230769,0.2857142857142857,0.0714285714285714,0.25,0.3333333333333333,0.1538461538461538,0.0,0.0,0.2054945054945054,0.8,1.963636363636364,1.838,0.4545454545454545,2026,고척,0.9666905138306804,0.2835501441863472,-0.9043440737733456,54.93144172748662,0
2026-04-10,키움,최재영,2.0,2.0,14.0,13.0,3.0,1.0,0.0,4.0,1.0,0.0,0.0,0.0,0.0,1.0,0.0,0.0,10000013,2.0,4.0,11.0,0.2307692307692307,0.2857142857142857,0.3076923076923077,0.5934065934065934,0.0549450549450549,0.0769230769230769,0.2857142857142857,0.0714285714285714,0.25,0.3333333333333333,0.1538461538461538,0.0,0.0,0.2054945054945054,0.8,1.963636363636364,1.838,0.4545454545454545,2026,고척,0.9666905138306804,0.2828138507749623,-0.8998504955991555,55.17295882145127,0
2026-04-11,키움,최재영,2.0,2.0,14.0,13.0,3.0,1.0,0.0,4.0,1.0,0.0,0.0,0.0,0.0,1.0,0.0,0.0,10000013,2.0,4.0,11.0,0.2307692307692307,0.2857142857142857,0.3076923076923077,0.5934065934065934,0.0549450549450549,0.0769230769230769,0.2857142857142857,0.0714285714285714,0.25,0.3333333333333333,0.1538461538461538,0.0,0.0,0.2054945054945054,0.8,1.963636363636364,1.838,0.4545454545454545,2026,고척,0.9666905138306804,0.283066708948685,-0.8553461256507007,56.840595582122674,0
2026-04-12,키움,최재영,2.0,2.0,14.0,13.0,3.0,1.0,0.0,4.0,1.0,0.0,0.0,0.0,0.0,1.0,0.0,0.0,10000013,2.0,4.0,11.0,0.2307692307692307,0.2857142857142857,0.3076923076923077,0.5934065934065934,0.0549450549450549,0.0769230769230769,0.2857142857142857,0.0714285714285714,0.25,0.3333333333333333,0.1538461538461538,0.0,0.0,0.2054945054945054,0.8,1.963636363636364,1.838,0.4545454545454545,2026,고척,0.9666905138306804,0.2829503392843828,-0.8219779197139646,58.19179303841252,0
2026-03-28,키움,박한결,0.0,0.0,4.0,4.0,0.0,0.0,0.0,1.0,0.0,0.0,0.0,0.0,0.0,0.0,0.0,0.0,10000014,0.0,0.0,4.0,0.0,0.0,0.0,0.0,0.0,0.0,0.25,0.0,0.0,0.0,0.0,0.0,0.0,0.0,0.0,0.0,0.172,0.0,2026,고척,0.9666905138306804,0.0,-1.3490168721609344,-122.88880379159396,0
2026-03-29,키움,박한결,0.0,0.0,4.0,4.0,0.0,0.0,0.0,1.0,0.0,0.0,0.0,0.0,0.0,0.0,0.0,0.0,10000014,0.0,0.0,4.0,0.0,0.0,0.0,0.0,0.0,0.0,0.25,0.0,0.0,0.0,0.0,0.0,0.0,0.0,0.0,0.0,0.172,0.0,2026,고척,0.9666905138306804,0.0,-1.4101991008349388,-123.65686819053798,0
2026-03-30,키움,박한결,0.0,0.0,4.0,4.0,0.0,0.0,0.0,1.0,0.0,0.0,0.0,0.0,0.0,0.0,0.0,0.0,10000014,0.0,0.0,4.0,0.0,0.0,0.0,0.0,0.0,0.0,0.25,0.0,0.0,0.0,0.0,0.0,0.0,0.0,0.0,0.0,0.172,0.0,2026,고척,0.9666905138306804,0.0,-1.4101991008349388,-123.65686819053798,0
2026-03-31,키움,박한결,0.0,0.0,5.0,5.0,0.0,0.0,0.0,1.0,0.0,0.0,0.0,0.0,0.0,0.0,0.0,0.0,10000014,0.0,0.0,5.0,0.0,0.0,0.0,0.0,0.0,0.0,0.2,0.0,0.0,0.0,0.0,0.0,0.0,0.0,0.0,0.0,0.262,0.0,2026,고척,0.9666905138306804,0.0,-1.6527038248927888,-122.3301249873483,0
2026-04-01,키움,박한결,0.0,0.0,10.0,9.0,0.0,1.0,0.0,2.0,0.0,0.0,0.0,0.0,0.0,0.0,0.0,0.0,10000014,0.0,0.0,9.0,0.0,0.1,0.0,0.1,0.1,0.0,0.2,0.1,0.5,0.0,0.1111111111111111,0.0,0.0,0.045,0.0,0.0,0.774,0.1111111111111111,2026,고척,0.9666905138306804,0.0781323514560102,-2.716849721706864,-75.2199922376553,0
2026-04-02,키움,박한결,0.0,0.0,14.0,13.0,1.0,1.0,0.0,3.0,0.0,0.0,0.0,0.0,0.0,0.0,0.0,0.0,10000014,1.0,1.0,12.0,0.0769230769230769,0.1428571428571428,0.0769230769230769,0.2197802197802197,0.0659340659340659,0.0,0.2142857142857142,0.0714285714285714,0.3333333333333333,0.1,0.0769230769230769,0.0,0.0,0.0835164835164835,0.1333333333333333,0.3,1.356,0.1666666666666666,2026,고척,0.9666905138306804,0.1232953408652235,-3.0853545903584543,-43.16688609926388,0
2026-04-03,키움,박한결,0.0,1.0,18.0,17.0,2.0,1.0,0.0,5.0,0.0,0.0,0.0,0.0,0.0,0.0,0.0,0.0,10000014,2.0,2.0,15.0,0.1176470588235294,0.1666666666666666,0.1176470588235294,0.284313725490196,0.0490196078431372,0.0,0.2777777777777778,0.0555555555555555,0.2,0.1666666666666666,0.0588235294117647,0.0,0.0,0.1044117647058823,0.3157894736842105,0.5684210526315788,1.7500000000000002,0.2,2026,고척,0.9666905138306804,0.1487535631020627,-3.536447629786231,-30.10670243695034,0
2026-04-04,키움,박한결,0.0,1.0,22.0,21.0,2.0,1.0,0.0,8.0,0.0,0.0,0.0,0.0,0.0,0.0,0.0,0.0,10000014,2.0,2.0,19.0,0.0952380952380952,0.1363636363636363,0.0952380952380952,0.2316017316017316,0.0411255411255411,0.0,0.3636363636363636,0.0454545454545454,0.125,0.1538461538461538,0.0476190476190476,0.0,0.0,0.0851731601731601,0.2608695652173913,0.3707093821510298,1.546,0.1578947368421052,2026,고척,0.9666905138306804,0.1215642535798648,-4.854823347995037,-48.881424101050975,0
2026-04-05,키움,박한결,0.0,1.0,24.0,23.0,2.0,1.0,0.0,9.0,0.0,0.0,0.0,0.0,0.0,0.0,0.0,0.0,10000014,2.0,2.0,21.0,0.0869565217391304,0.125,0.0869565217391304,0.2119565217391304,0.0380434782608695,0.0,0.375,0.0416666666666666,0.1111111111111111,0.1428571428571428,0.0434782608695652,0.0,0.0,0.0779891304347826,0.24,0.3085714285714285,1.5379999999999998,0.1428571428571428,2026,고척,0.9666905138306804,0.1111526825300029,-5.232552084637222,-54.74781447216371,0
2026-04-06,키움,박한결,0.0,1.0,24.0,23.0,2.0,1.0,0.0,9.0,0.0,0.0,0.0,0.0,0.0,0.0,0.0,0.0,10000014,2.0,2.0,21.0,0.0869565217391304,0.125,0.0869565217391304,0.2119565217391304,0.0380434782608695,0.0,0.375,0.0416666666666666,0.1111111111111111,0.1428571428571428,0.0434782608695652,0.0,0.0,0.0779891304347826,0.24,0.3085714285714285,1.5379999999999998,0.1428571428571428,2026,고척,0.9666905138306804,0.1111526825300029,-5.232552084637222,-54.74781447216371,0
2026-04-07,키움,박한결,0.0,1.0,28.0,27.0,2.0,1.0,0.0,10.0,0.0,0.0,0.0,0.0,0.0,0.0,0.0,0.0,10000014,2.0,2.0,25.0,0.074074074074074,0.1071428571428571,0.074074074074074,0.1812169312169312,0.033068783068783,0.0,0.3571428571428571,0.0357142857142857,0.1,0.1176470588235294,0.037037037037037,0.0,0.0,0.0667328042328042,0.2068965517241379,0.2234482758620689,1.71,0.12,2026,고척,0.9666905138306804,0.0953962439548108,-6.221619722036112,-62.88965975547595,0
2026-04-08,키움,박한결,0.0,1.0,32.0,30.0,4.0,2.0,0.0,10.0,1.0,0.0,0.0,0.0,0.0,0.0,0.0,0.0,10000014,3.0,5.0,26.0,0.1333333333333333,0.1875,0.1666666666666666,0.3541666666666666,0.0541666666666666,0.0333333333333333,0.3125,0.0625,0.2,0.2,0.1,0.0,0.0,0.1260416666666666,0.8823529411764706,0.9162895927601812,3.36,0.2692307692307692,2026,고척,0.9666905138306804,0.1776799777113105,-4.934455942654977,-12.206978900655862,0
2026-04-09,키움,박한결,0.0,1.0,32.0,30.0,4.0,2.0,0.0,10.0,1.0,0.0,0.0,0.0,0.0,0.0,0.0,0.0,10000014,3.0,5.0,26.0,0.1333333333333333,0.1875,0.1666666666666666,0.3541666666666666,0.0541666666666666,0.0333333333333333,0.3125,0.0625,0.2,0.2,0.1,0.0,0.0,0.1260416666666666,0.8823529411764706,0.9162895927601812,3.36,0.2692307692307692,2026,고척,0.9666905138306804,0.1776799777113105,-4.934455942654977,-12.206978900655862,0
2026-04-10,키움,박한결,0.0,1.0,35.0,33.0,5.0,2.0,0.0,10.0,1.0,0.0,0.0,0.0,0.0,0.0,0.0,0.0,10000014,4.0,6.0,28.0,0.1515151515151515,0.2,0.1818181818181818,0.3818181818181818,0.0484848484848484,0.0303030303030303,0.2857142857142857,0.0571428571428571,0.2,0.217391304347826,0.0909090909090909,0.0,0.0,0.1354545454545454,1.135135135135135,1.0945945945945943,4.039999999999999,0.2857142857142857,2026,고척,0.9666905138306804,0.1890777807552677,-5.030004713077159,-4.346900905082308,0
2026-04-11,키움,박한결,0.0,1.0,38.0,36.0,5.0,2.0,0.0,11.0,1.0,0.0,0.0,0.0,0.0,0.0,0.0,0.0,10000014,4.0,6.0,31.0,0.1388888888888889,0.1842105263157894,0.1666666666666666,0.3508771929824561,0.0453216374269005,0.0277777777777777,0.2894736842105263,0.0526315789473684,0.1818181818181818,0.2,0.0833333333333333,0.0,0.0,0.1245614035087719,1.05,0.914516129032258,4.121999999999999,0.2580645161290322,2026,고척,0.9666905138306804,0.174204494598683,-5.781379722684256,-12.439278560174628,0
2026-04-12,키움,박한결,0.0,1.0,38.0,36.0,5.0,2.0,0.0,11.0,1.0,0.0,0.0,0.0,0.0,0.0,0.0,0.0,10000014,4.0,6.0,31.0,0.1388888888888889,0.1842105263157894,0.1666666666666666,0.3508771929824561,0.0453216374269005,0.0277777777777777,0.2894736842105263,0.0526315789473684,0.1818181818181818,0.2,0.0833333333333333,0.0,0.0,0.1245614035087719,1.05,0.914516129032258,4.121999999999999,0.2580645161290322,2026,고척,0.9666905138306804,0.1740646565280053,-5.664740033513752,-11.27778189081522,0
2026-03-28,한화,오재원,0.0,1.0,6.0,6.0,3.0,0.0,0.0,0.0,0.0,0.0,0.0,0.0,0.0,0.0,0.0,0.0,10000015,3.0,3.0,3.0,0.5,0.5,0.5,1.0,0.0,0.0,0.0,0.0,0.0,0.5,0.0,0.0,0.0,0.35,1.5,13.5,1.77,1.0,2026,대전,1.019564452032887,0.4883970988677271,0.5797590850097343,162.85764737728675,0
2026-03-29,한화,오재원,2.0,1.0,11.0,11.0,4.0,0.0,0.0,0.0,0.0,0.0,0.0,0.0,0.0,0.0,0.0,0.0,10000015,4.0,4.0,7.0,0.3636363636363636,0.3636363636363636,0.3636363636363636,0.7272727272727273,0.0,0.0,0.0,0.0,0.0,0.3636363636363636,0.0,0.0,0.0,0.2545454545454545,1.4545454545454546,5.6103896103896105,2.63,0.5714285714285714,2026,대전,1.019564452032887,0.3439976372177207,-0.3248854634981798,79.02753151363602,0
2026-03-30,한화,오재원,2.0,1.0,11.0,11.0,4.0,0.0,0.0,0.0,0.0,0.0,0.0,0.0,0.0,0.0,0.0,0.0,10000015,4.0,4.0,7.0,0.3636363636363636,0.3636363636363636,0.3636363636363636,0.7272727272727273,0.0,0.0,0.0,0.0,0.0,0.3636363636363636,0.0,0.0,0.0,0.2545454545454545,1.4545454545454546,5.6103896103896105,2.63,0.5714285714285714,2026,대전,1.019564452032887,0.3439976372177207,-0.3248854634981798,79.02753151363602,0
2026-03-31,한화,오재원,2.0,2.0,16.0,14.0,6.0,2.0,0.0,0.0,0.0,0.0,0.0,0.0,0.0,0.0,0.0,0.0,10000015,6.0,6.0,8.0,0.4285714285714285,0.5,0.4285714285714285,0.9285714285714286,0.0714285714285714,0.0,0.0,0.125,0.0,0.4285714285714285,0.1428571428571428,0.0,0.0,0.3321428571428571,2.6666666666666665,9.0,4.4,1.0,2026,대전,1.019564452032887,0.4531088808094554,1.2193993703676171,150.0740076607079,0
2026-04-01,한화,오재원,2.0,2.0,22.0,20.0,8.0,2.0,0.0,1.0,1.0,0.0,0.0,0.0,0.0,0.0,0.0,0.0,10000015,7.0,9.0,12.0,0.4,0.4545454545454545,0.45,0.9045454545454544,0.0545454545454545,0.0499999999999999,0.0454545454545454,0.0909090909090909,2.0,0.4210526315789473,0.15,0.0,0.0,0.3170454545454545,3.75,8.4375,5.792,0.9166666666666666,2026,대전,1.019564452032887,0.4308649141620121,1.1970389610389611,133.80228852849066,0
2026-04-02,한화,오재원,2.0,2.0,24.0,22.0,8.0,2.0,0.0,1.0,1.0,0.0,0.0,0.0,0.0,0.0,0.0,0.0,10000015,7.0,9.0,14.0,0.3636363636363636,0.4166666666666667,0.4090909090909091,0.8257575757575758,0.053030303030303,0.0454545454545454,0.0416666666666666,0.0833333333333333,2.0,0.3809523809523809,0.1363636363636363,0.0,0.0,0.2897727272727273,3.4615384615384617,6.675824175824176,5.972,0.7857142857142857,2026,대전,1.019564452032887,0.3947315969136733,0.6233388062584496,115.30857461749156,0
2026-04-03,한화,오재원,4.0,4.0,30.0,27.0,9.0,3.0,0.0,1.0,1.0,0.0,0.0,0.0,0.0,0.0,0.0,0.0,10000015,8.0,10.0,18.0,0.3333333333333333,0.4,0.3703703703703703,0.7703703703703704,0.0666666666666667,0.037037037037037,0.0333333333333333,0.1,3.0,0.3461538461538461,0.1481481481481481,0.0,0.0,0.2725925925925926,3.636363636363636,5.454545454545454,7.172000000000001,0.7222222222222222,2026,대전,1.019564452032887,0.3739081267242547,0.1679265997150356,101.84529032815948,0
2026-04-04,한화,오재원,4.0,5.0,36.0,33.0,10.0,3.0,0.0,3.0,1.0,0.0,0.0,0.0,0.0,1.0,0.0,0.0,10000015,9.0,11.0,24.0,0.303030303030303,0.3611111111111111,0.3333333333333333,0.6944444444444444,0.058080808080808,0.0303030303030302,0.0833333333333333,0.0833333333333333,1.0,0.3333333333333333,0.1212121212121212,0.0,0.0,0.2458333333333333,3.3846153846153846,3.807692307692308,7.375999999999999,0.5833333333333334,2026,대전,1.019564452032887,0.3376641201386544,-0.9898084977176544,79.07877160962104,0
2026-04-05,한화,오재원,4.0,5.0,40.0,36.0,10.0,3.0,0.0,3.0,1.0,0.0,0.0,1.0,0.0,1.0,0.0,0.0,10000015,9.0,11.0,28.0,0.2777777777777778,0.3333333333333333,0.3055555555555556,0.6388888888888888,0.0555555555555555,0.0277777777777777,0.075,0.075,1.0,0.303030303030303,0.1111111111111111,0.0,0.0,0.2263888888888889,2.813953488372093,2.713455149501661,7.686,0.5,2026,대전,1.019564452032887,0.3114336078440044,-1.794628278113903,65.51343024331628,0
2026-04-06,한화,오재원,4.0,5.0,40.0,36.0,10.0,3.0,0.0,3.0,1.0,0.0,0.0,1.0,0.0,1.0,0.0,0.0,10000015,9.0,11.0,28.0,0.2777777777777778,0.3333333333333333,0.3055555555555556,0.6388888888888888,0.0555555555555555,0.0277777777777777,0.075,0.075,1.0,0.303030303030303,0.1111111111111111,0.0,0.0,0.2263888888888889,2.813953488372093,2.713455149501661,7.686,0.5,2026,대전,1.019564452032887,0.3114336078440044,-1.794628278113903,65.51343024331628,0
2026-04-07,한화,오재원,4.0,6.0,45.0,40.0,10.0,4.0,0.0,5.0,1.0,0.0,0.0,1.0,0.0,1.0,0.0,0.0,10000015,9.0,11.0,32.0,0.25,0.3181818181818182,0.275,0.5931818181818183,0.0681818181818181,0.025,0.1111111111111111,0.0888888888888888,0.8,0.2857142857142857,0.125,0.0,0.0,0.2119318181818182,2.693877551020408,2.272959183673469,8.01,0.46875,2026,대전,1.019564452032887,0.2941779958489656,-2.4625403289577976,57.10709574144093,0
2026-04-08,한화,오재원,4.0,7.0,49.0,44.0,10.0,4.0,0.0,6.0,1.0,0.0,0.0,1.0,0.0,1.0,0.0,0.0,10000015,9.0,11.0,36.0,0.2272727272727272,0.2916666666666667,0.25,0.5416666666666667,0.0643939393939394,0.0227272727272727,0.1224489795918367,0.0816326530612244,0.6666666666666666,0.2631578947368421,0.1136363636363636,0.0,0.0,0.19375,2.490566037735849,1.8679245283018868,8.182,0.4166666666666667,2026,대전,1.019564452032887,0.2690886823731281,-3.76495462766224,40.47319516904289,0
2026-04-09,한화,오재원,4.0,7.0,49.0,44.0,10.0,4.0,0.0,6.0,1.0,0.0,0.0,1.0,0.0,1.0,0.0,0.0,10000015,9.0,11.0,36.0,0.2272727272727272,0.2916666666666667,0.25,0.5416666666666667,0.0643939393939394,0.0227272727272727,0.1224489795918367,0.0816326530612244,0.6666666666666666,0.2631578947368421,0.1136363636363636,0.0,0.0,0.19375,2.490566037735849,1.8679245283018868,8.182,0.4166666666666667,2026,대전,1.019564452032887,0.2690886823731281,-3.76495462766224,40.47319516904289,0
2026-04-10,한화,오재원,4.0,7.0,53.0,48.0,10.0,4.0,0.0,7.0,1.0,0.0,0.0,1.0,0.0,1.0,0.0,0.0,10000015,9.0,11.0,40.0,0.2083333333333333,0.2692307692307692,0.2291666666666666,0.4983974358974359,0.0608974358974358,0.0208333333333333,0.1320754716981132,0.0754716981132075,0.5714285714285714,0.2439024390243902,0.1041666666666666,0.0,0.0,0.1784455128205128,2.3157894736842106,1.563157894736842,8.354000000000001,0.375,2026,대전,1.019564452032887,0.2477202640851964,-4.982854673593514,27.6020901698562,0
2026-04-11,한화,오재원,4.0,7.0,53.0,48.0,10.0,4.0,0.0,7.0,1.0,0.0,0.0,1.0,0.0,1.0,0.0,0.0,10000015,9.0,11.0,40.0,0.2083333333333333,0.2692307692307692,0.2291666666666666,0.4983974358974359,0.0608974358974358,0.0208333333333333,0.1320754716981132,0.0754716981132075,0.5714285714285714,0.2439024390243902,0.1041666666666666,0.0,0.0,0.1784455128205128,2.3157894736842106,1.563157894736842,8.354000000000001,0.375,2026,대전,1.019564452032887,0.2477083501190487,-4.805384403996094,29.051154892640028,0
2026-04-12,한화,오재원,4.0,7.0,53.0,48.0,10.0,4.0,0.0,7.0,1.0,0.0,0.0,1.0,0.0,1.0,0.0,0.0,10000015,9.0,11.0,40.0,0.2083333333333333,0.2692307692307692,0.2291666666666666,0.4983974358974359,0.0608974358974358,0.0208333333333333,0.1320754716981132,0.0754716981132075,0.5714285714285714,0.2439024390243902,0.1041666666666666,0.0,0.0,0.1784455128205128,2.3157894736842106,1.563157894736842,8.354000000000001,0.375,2026,대전,1.019564452032887,0.2474501006768437,-4.673157428222182,30.255080928387112,0
2026-03-29,KIA,데일,1.0,0.0,4.0,3.0,1.0,1.0,0.0,0.0,1.0,0.0,0.0,0.0,0.0,0.0,0.0,0.0,10000022,0.0,2.0,2.0,0.3333333333333333,0.5,0.6666666666666666,1.1666666666666663,0.1666666666666666,0.3333333333333333,0.0,0.25,0.0,0.3333333333333333,0.6666666666666666,0.0,0.0,0.3916666666666666,0.8,10.8,1.24,1.5,2026,광주,0.9987402594586288,0.5116015362580919,0.5113819310640119,182.4387964196329,0
2026-03-30,KIA,데일,1.0,0.0,4.0,3.0,1.0,1.0,0.0,0.0,1.0,0.0,0.0,0.0,0.0,0.0,0.0,0.0,10000022,0.0,2.0,2.0,0.3333333333333333,0.5,0.6666666666666666,1.1666666666666663,0.1666666666666666,0.3333333333333333,0.0,0.25,0.0,0.3333333333333333,0.6666666666666666,0.0,0.0,0.3916666666666666,0.8,10.8,1.24,1.5,2026,광주,0.9987402594586288,0.5116015362580919,0.5113819310640119,182.4387964196329,0
2026-03-31,KIA,데일,2.0,1.0,9.0,8.0,3.0,1.0,0.0,1.0,1.0,0.0,0.0,0.0,0.0,0.0,0.0,0.0,10000022,2.0,4.0,5.0,0.375,0.4444444444444444,0.5,0.9444444444444444,0.0694444444444444,0.125,0.1111111111111111,0.1111111111111111,1.0,0.4285714285714285,0.25,0.0,0.0,0.3249999999999999,1.6,8.64,2.322,1.0,2026,광주,0.9987402594586288,0.4398956182274751,0.5791589202052512,144.05856962285978,0
2026-04-01,KIA,데일,3.0,1.0,13.0,12.0,4.0,1.0,0.0,2.0,1.0,0.0,0.0,0.0,0.0,0.0,0.0,0.0,10000022,3.0,5.0,8.0,0.3333333333333333,0.3846153846153846,0.4166666666666667,0.8012820512820513,0.0512820512820513,0.0833333333333333,0.1538461538461538,0.0769230769230769,0.5,0.4,0.1666666666666666,0.0,0.0,0.2772435897435897,1.7857142857142858,6.026785714285714,2.9039999999999995,0.75,2026,광주,0.9987402594586288,0.3770589705693793,0.0606852195423638,103.19383804117852,0
2026-04-02,KIA,데일,3.0,2.0,17.0,15.0,5.0,2.0,0.0,2.0,1.0,0.0,0.0,0.0,0.0,0.0,0.0,0.0,10000022,4.0,6.0,10.0,0.3333333333333333,0.4117647058823529,0.4,0.8117647058823529,0.0784313725490196,0.0666666666666667,0.1176470588235294,0.1176470588235294,1.0,0.3846153846153846,0.2,0.0,0.0,0.2852941176470588,2.210526315789474,5.968421052631579,3.924,0.8,2026,광주,0.9987402594586288,0.3898932587572812,0.3668801567372169,114.47192890091291,0
2026-04-03,KIA,데일,3.0,3.0,20.0,17.0,6.0,3.0,0.0,3.0,2.0,0.0,0.0,0.0,0.0,0.0,0.0,0.0,10000022,4.0,8.0,11.0,0.3529411764705882,0.45,0.4705882352941176,0.9205882352941176,0.0970588235294117,0.1176470588235293,0.15,0.15,1.0,0.4285714285714285,0.2941176470588235,0.0,0.0,0.3201470588235294,3.130434782608696,7.683794466403162,4.885999999999999,1.0,2026,광주,0.9987402594586288,0.43506235169727,1.209618587813656,141.2032956868776,0
2026-04-04,KIA,데일,3.0,3.0,24.0,21.0,7.0,3.0,0.0,3.0,2.0,0.0,0.0,0.0,0.0,1.0,0.0,0.0,10000022,5.0,9.0,15.0,0.3333333333333333,0.4166666666666667,0.4285714285714285,0.8452380952380952,0.0833333333333333,0.0952380952380952,0.125,0.125,1.0,0.3888888888888889,0.238095238095238,0.0,0.0,0.2946428571428571,3.0,5.4,5.2860000000000005,0.8,2026,광주,0.9987402594586288,0.4018207933029283,0.7165722642783647,120.72031780031192,0
2026-04-05,KIA,데일,3.0,3.0,27.0,24.0,8.0,3.0,0.0,3.0,2.0,0.0,0.0,0.0,0.0,1.0,0.0,0.0,10000022,6.0,10.0,17.0,0.3333333333333333,0.4074074074074074,0.4166666666666667,0.8240740740740741,0.074074074074074,0.0833333333333333,0.1111111111111111,0.1111111111111111,1.0,0.3809523809523809,0.2083333333333333,0.0,0.0,0.2875,3.333333333333333,5.294117647058823,5.965999999999998,0.7647058823529411,2026,광주,0.9987402594586288,0.3924052083409469,0.6787821132268188,118.35392437237392,0
2026-04-06,KIA,데일,3.0,3.0,27.0,24.0,8.0,3.0,0.0,3.0,2.0,0.0,0.0,0.0,0.0,1.0,0.0,0.0,10000022,6.0,10.0,17.0,0.3333333333333333,0.4074074074074074,0.4166666666666667,0.8240740740740741,0.074074074074074,0.0833333333333333,0.1111111111111111,0.1111111111111111,1.0,0.3809523809523809,0.2083333333333333,0.0,0.0,0.2875,3.333333333333333,5.294117647058823,5.965999999999998,0.7647058823529411,2026,광주,0.9987402594586288,0.3924052083409469,0.6787821132268188,118.35392437237392,0
2026-04-07,KIA,데일,3.0,4.0,32.0,28.0,9.0,4.0,0.0,4.0,3.0,0.0,0.0,0.0,0.0,1.0,0.0,0.0,10000022,6.0,12.0,20.0,0.3214285714285714,0.40625,0.4285714285714285,0.8348214285714286,0.0848214285714285,0.1071428571428571,0.125,0.125,1.0,0.375,0.25,0.0,0.0,0.2899553571428571,4.0,5.4,7.108,0.8,2026,광주,0.9987402594586288,0.3970091323918041,1.0212532042642015,123.99984764923902,0
2026-04-08,KIA,데일,3.0,6.0,38.0,34.0,11.0,4.0,0.0,5.0,3.0,0.0,0.0,0.0,0.0,1.0,0.0,0.0,10000022,8.0,14.0,24.0,0.3235294117647059,0.3947368421052631,0.4117647058823529,0.8065015479876161,0.0712074303405572,0.088235294117647,0.131578947368421,0.1052631578947368,0.8,0.3793103448275862,0.2058823529411764,0.0,0.0,0.2805727554179567,4.666666666666667,5.250000000000001,8.280000000000001,0.75,2026,광주,0.9987402594586288,0.3835462909655309,0.7614485927978529,115.13983078906384,0
2026-04-09,KIA,데일,3.0,6.0,38.0,34.0,11.0,4.0,0.0,5.0,3.0,0.0,0.0,0.0,0.0,1.0,0.0,0.0,10000022,8.0,14.0,24.0,0.3235294117647059,0.3947368421052631,0.4117647058823529,0.8065015479876161,0.0712074303405572,0.088235294117647,0.131578947368421,0.1052631578947368,0.8,0.3793103448275862,0.2058823529411764,0.0,0.0,0.2805727554179567,4.666666666666667,5.250000000000001,8.280000000000001,0.75,2026,광주,0.9987402594586288,0.3835462909655309,0.7614485927978529,115.13983078906384,0
2026-04-10,KIA,데일,4.0,6.0,43.0,37.0,12.0,5.0,0.0,5.0,4.0,0.0,0.0,1.0,0.0,1.0,0.0,0.0,10000022,8.0,16.0,27.0,0.3243243243243243,0.4047619047619047,0.4324324324324324,0.8371943371943372,0.0804375804375804,0.1081081081081081,0.1162790697674418,0.1162790697674418,1.0,0.375,0.2432432432432432,0.0,0.0,0.2902509652509653,5.0,5.0,9.56,0.7777777777777778,2026,광주,0.9987402594586288,0.3952798787935879,1.3346169057949973,123.38085883578074,0
2026-04-11,KIA,데일,4.0,7.0,48.0,42.0,14.0,5.0,0.0,6.0,4.0,0.0,0.0,1.0,0.0,1.0,0.0,0.0,10000022,10.0,18.0,30.0,0.3333333333333333,0.4042553191489361,0.4285714285714285,0.8328267477203647,0.0709219858156028,0.0952380952380952,0.125,0.1041666666666666,0.8333333333333334,0.3888888888888889,0.2142857142857142,0.0,0.0,0.2890577507598784,5.773584905660377,5.19622641509434,10.642,0.7666666666666667,2026,광주,0.9987402594586288,0.3937994163956325,1.5126542030949688,124.10587629721168,0
2026-04-12,KIA,데일,5.0,8.0,53.0,46.0,16.0,5.0,0.0,6.0,4.0,0.0,0.0,1.0,1.0,1.0,0.0,0.0,10000022,12.0,20.0,33.0,0.3478260869565217,0.4038461538461538,0.4347826086956521,0.8386287625418061,0.0560200668896321,0.0869565217391304,0.1132075471698113,0.0943396226415094,0.8333333333333334,0.3902439024390244,0.1956521739130435,0.0,0.0,0.2904264214046823,6.206896551724138,5.078369905956112,12.191999999999997,0.7575757575757576,2026,광주,0.9987402594586288,0.3921472880757743,1.6909647305894124,124.65498259118236,0
2026-04-03,NC,허윤,0.0,3.0,1.0,1.0,0.0,0.0,0.0,1.0,0.0,0.0,0.0,0.0,0.0,0.0,0.0,0.0,10000023,0.0,0.0,1.0,0.0,0.0,0.0,0.0,0.0,0.0,1.0,0.0,0.0,0.0,0.0,0.0,0.0,0.0,0.0,0.0,-0.098,0.0,2026,창원,1.0100284809306723,0.0,-0.3299694552109515,-125.110869865108,0
2026-04-04,NC,허윤,0.0,3.0,1.0,1.0,0.0,0.0,0.0,1.0,0.0,0.0,0.0,0.0,0.0,0.0,0.0,0.0,10000023,0.0,0.0,1.0,0.0,0.0,0.0,0.0,0.0,0.0,1.0,0.0,0.0,0.0,0.0,0.0,0.0,0.0,0.0,0.0,-0.098,0.0,2026,창원,1.0100284809306723,0.0,-0.3293442585999017,-128.17197122733282,0
2026-04-05,NC,허윤,0.0,3.0,1.0,1.0,0.0,0.0,0.0,1.0,0.0,0.0,0.0,0.0,0.0,0.0,0.0,0.0,10000023,0.0,0.0,1.0,0.0,0.0,0.0,0.0,0.0,0.0,1.0,0.0,0.0,0.0,0.0,0.0,0.0,0.0,0.0,0.0,-0.098,0.0,2026,창원,1.0100284809306723,0.0,-0.3141225096759011,-128.75908016406424,0
2026-04-06,NC,허윤,0.0,3.0,1.0,1.0,0.0,0.0,0.0,1.0,0.0,0.0,0.0,0.0,0.0,0.0,0.0,0.0,10000023,0.0,0.0,1.0,0.0,0.0,0.0,0.0,0.0,0.0,1.0,0.0,0.0,0.0,0.0,0.0,0.0,0.0,0.0,0.0,-0.098,0.0,2026,창원,1.0100284809306723,0.0,-0.3141225096759011,-128.75908016406424,0
2026-04-07,NC,허윤,0.0,3.0,1.0,1.0,0.0,0.0,0.0,1.0,0.0,0.0,0.0,0.0,0.0,0.0,0.0,0.0,10000023,0.0,0.0,1.0,0.0,0.0,0.0,0.0,0.0,0.0,1.0,0.0,0.0,0.0,0.0,0.0,0.0,0.0,0.0,0.0,-0.098,0.0,2026,창원,1.0100284809306723,0.0,-0.302573940295754,-127.3478751208278,0
2026-04-08,NC,허윤,0.0,3.0,1.0,1.0,0.0,0.0,0.0,1.0,0.0,0.0,0.0,0.0,0.0,0.0,0.0,0.0,10000023,0.0,0.0,1.0,0.0,0.0,0.0,0.0,0.0,0.0,1.0,0.0,0.0,0.0,0.0,0.0,0.0,0.0,0.0,0.0,-0.098,0.0,2026,창원,1.0100284809306723,0.0,-0.3045854392722689,-129.2179676654511,0
2026-04-09,NC,허윤,0.0,3.0,1.0,1.0,0.0,0.0,0.0,1.0,0.0,0.0,0.0,0.0,0.0,0.0,0.0,0.0,10000023,0.0,0.0,1.0,0.0,0.0,0.0,0.0,0.0,0.0,1.0,0.0,0.0,0.0,0.0,0.0,0.0,0.0,0.0,0.0,-0.098,0.0,2026,창원,1.0100284809306723,0.0,-0.3045854392722689,-129.2179676654511,0
2026-04-10,NC,허윤,0.0,4.0,1.0,1.0,0.0,0.0,0.0,1.0,0.0,0.0,0.0,0.0,0.0,0.0,0.0,0.0,10000023,0.0,0.0,1.0,0.0,0.0,0.0,0.0,0.0,0.0,1.0,0.0,0.0,0.0,0.0,0.0,0.0,0.0,0.0,0.0,-0.098,0.0,2026,창원,1.0100284809306723,0.0,-0.3039539376932035,-128.73995533298336,0
2026-04-11,NC,허윤,0.0,4.0,1.0,1.0,0.0,0.0,0.0,1.0,0.0,0.0,0.0,0.0,0.0,0.0,0.0,0.0,10000023,0.0,0.0,1.0,0.0,0.0,0.0,0.0,0.0,0.0,1.0,0.0,0.0,0.0,0.0,0.0,0.0,0.0,0.0,0.0,-0.098,0.0,2026,창원,1.0100284809306723,0.0,-0.2978351113181873,-127.63675311175038,0
2026-04-12,NC,허윤,0.0,4.0,2.0,2.0,0.0,0.0,0.0,1.0,0.0,0.0,0.0,0.0,0.0,0.0,0.0,0.0,10000023,0.0,0.0,2.0,0.0,0.0,0.0,0.0,0.0,0.0,0.5,0.0,0.0,0.0,0.0,0.0,0.0,0.0,0.0,0.0,-0.008,0.0,2026,창원,1.0100284809306723,0.0,-0.5870412850391576,-126.66564368169216,0
2026-03-31,NC,신재인,0.0,0.0,1.0,1.0,0.0,0.0,0.0,1.0,0.0,0.0,0.0,0.0,0.0,0.0,0.0,0.0,10000033,0.0,0.0,1.0,0.0,0.0,0.0,0.0,0.0,0.0,1.0,0.0,0.0,0.0,0.0,0.0,0.0,0.0,0.0,0.0,-0.098,0.0,2026,창원,1.0100284809306723,0.0,-0.3305407649785577,-126.66392169734743,0
2026-04-01,NC,신재인,2.0,1.0,3.0,3.0,1.0,0.0,0.0,2.0,0.0,0.0,1.0,0.0,0.0,0.0,0.0,0.0,10000033,0.0,4.0,2.0,0.3333333333333333,0.3333333333333333,1.3333333333333333,1.6666666666666663,0.0,1.0,0.6666666666666666,0.0,0.0,0.0,1.0,3.0,3.0,0.4833333333333333,1.3333333333333333,18.0,1.244,2.0,2026,창원,1.0100284809306723,0.6287889370542531,0.7121657390228819,255.00855699249016,0
2026-04-02,NC,신재인,2.0,1.0,3.0,3.0,1.0,0.0,0.0,2.0,0.0,0.0,1.0,0.0,0.0,0.0,0.0,0.0,10000033,0.0,4.0,2.0,0.3333333333333333,0.3333333333333333,1.3333333333333333,1.6666666666666663,0.0,1.0,0.6666666666666666,0.0,0.0,0.0,1.0,3.0,3.0,0.4833333333333333,1.3333333333333333,18.0,1.244,2.0,2026,창원,1.0100284809306723,0.6362161866205996,0.7354299235630122,261.9545943716429,0
2026-04-03,NC,신재인,2.0,1.0,7.0,6.0,1.0,1.0,0.0,2.0,0.0,0.0,1.0,0.0,0.0,0.0,0.0,0.0,10000033,0.0,4.0,5.0,0.1666666666666666,0.2857142857142857,0.6666666666666666,0.9523809523809524,0.119047619047619,0.5,0.2857142857142857,0.1428571428571428,0.5,0.0,0.6666666666666666,7.0,6.0,0.2952380952380952,1.0,5.4,1.854,1.0,2026,창원,1.0100284809306723,0.3864304599936635,0.1178507900712558,110.43167670484442,0
2026-04-04,NC,신재인,3.0,2.0,12.0,10.0,2.0,2.0,0.0,3.0,0.0,0.0,2.0,0.0,0.0,0.0,0.0,0.0,10000033,0.0,8.0,8.0,0.2,0.3333333333333333,0.8,1.1333333333333333,0.1333333333333333,0.6000000000000001,0.25,0.1666666666666666,0.6666666666666666,0.0,0.8,6.0,5.0,0.35,2.2857142857142856,7.7142857142857135,3.716,1.25,2026,창원,1.0100284809306723,0.4517347995109415,0.8937243081361839,150.3685669996019,0
2026-04-05,NC,신재인,3.0,2.0,13.0,11.0,3.0,2.0,0.0,3.0,0.0,0.0,2.0,0.0,0.0,0.0,0.0,0.0,10000033,1.0,9.0,8.0,0.2727272727272727,0.3846153846153846,0.8181818181818182,1.202797202797203,0.1118881118881119,0.5454545454545455,0.2307692307692307,0.1538461538461538,0.6666666666666666,0.1666666666666666,0.7272727272727273,6.5,5.5,0.3776223776223776,3.0,10.125,4.215999999999999,1.375,2026,창원,1.0100284809306723,0.4964335077006885,1.496040541149492,182.4365612461591,0
2026-04-06,NC,신재인,3.0,2.0,13.0,11.0,3.0,2.0,0.0,3.0,0.0,0.0,2.0,0.0,0.0,0.0,0.0,0.0,10000033,1.0,9.0,8.0,0.2727272727272727,0.3846153846153846,0.8181818181818182,1.202797202797203,0.1118881118881119,0.5454545454545455,0.2307692307692307,0.1538461538461538,0.6666666666666666,0.1666666666666666,0.7272727272727273,6.5,5.5,0.3776223776223776,3.0,10.125,4.215999999999999,1.375,2026,창원,1.0100284809306723,0.4964335077006885,1.496040541149492,182.4365612461591,0
2026-04-07,NC,신재인,3.0,2.0,18.0,16.0,3.0,2.0,0.0,3.0,0.0,0.0,2.0,0.0,0.0,0.0,0.0,0.0,10000033,1.0,9.0,13.0,0.1875,0.2777777777777778,0.5625,0.8402777777777778,0.0902777777777777,0.375,0.1666666666666666,0.1111111111111111,0.6666666666666666,0.0909090909090909,0.5,9.0,8.0,0.265625,2.25,4.673076923076923,4.665999999999999,0.8461538461538461,2026,창원,1.0100284809306723,0.3627081059372463,0.0542675615129354,101.25246706236402,0
2026-04-08,NC,신재인,3.0,2.0,20.0,17.0,3.0,3.0,0.0,3.0,0.0,0.0,2.0,0.0,0.0,0.0,0.0,0.0,10000033,1.0,9.0,14.0,0.1764705882352941,0.3,0.5294117647058824,0.8294117647058823,0.1235294117647058,0.3529411764705882,0.15,0.15,1.0,0.0833333333333333,0.5294117647058824,10.0,8.5,0.2673529411764705,2.347826086956522,4.527950310559007,5.096,0.8571428571428571,2026,창원,1.0100284809306723,0.3638476531427317,0.0673141691375784,101.51895846396188,0
2026-04-09,NC,신재인,3.0,2.0,20.0,17.0,3.0,3.0,0.0,3.0,0.0,0.0,2.0,0.0,0.0,0.0,0.0,0.0,10000033,1.0,9.0,14.0,0.1764705882352941,0.3,0.5294117647058824,0.8294117647058823,0.1235294117647058,0.3529411764705882,0.15,0.15,1.0,0.0833333333333333,0.5294117647058824,10.0,8.5,0.2673529411764705,2.347826086956522,4.527950310559007,5.096,0.8571428571428571,2026,창원,1.0100284809306723,0.3638476531427317,0.0673141691375784,101.51895846396188,0
2026-04-10,NC,신재인,3.0,2.0,21.0,18.0,4.0,3.0,0.0,3.0,0.0,0.0,2.0,0.0,0.0,0.0,0.0,0.0,10000033,2.0,10.0,14.0,0.2222222222222222,0.3333333333333333,0.5555555555555556,0.8888888888888888,0.1111111111111111,0.3333333333333333,0.1428571428571428,0.1428571428571428,1.0,0.1538461538461538,0.5,10.5,9.0,0.2888888888888888,2.9166666666666665,5.625,5.596,0.9285714285714286,2026,창원,1.0100284809306723,0.3908530999703013,0.5730059739612497,119.4411523134682,0
2026-04-11,NC,신재인,3.0,2.0,23.0,20.0,4.0,3.0,0.0,3.0,0.0,0.0,2.0,0.0,0.0,0.0,0.0,0.0,10000033,2.0,10.0,16.0,0.2,0.3043478260869565,0.5,0.8043478260869565,0.1043478260869565,0.3,0.1304347826086956,0.1304347826086956,1.0,0.1333333333333333,0.45,11.5,10.0,0.2619565217391304,2.6923076923076925,4.543269230769231,5.776,0.8125,2026,창원,1.0100284809306723,0.3583097906754163,0.0421444533229674,100.39146907869126,0
2026-04-12,NC,신재인,3.0,2.0,27.0,24.0,4.0,3.0,0.0,6.0,0.0,0.0,2.0,0.0,0.0,0.0,0.0,0.0,10000033,2.0,10.0,20.0,0.1666666666666666,0.2592592592592592,0.4166666666666667,0.6759259259259259,0.0925925925925925,0.25,0.2222222222222222,0.1111111111111111,0.5,0.125,0.375,13.5,12.0,0.2208333333333333,2.333333333333333,3.1500000000000004,5.572,0.65,2026,창원,1.0100284809306723,0.3057171689621054,-1.0751272185392962,68.38334015838419,0
2026-04-04,KIA,박상준,0.0,0.0,4.0,4.0,1.0,0.0,0.0,1.0,0.0,0.0,0.0,0.0,0.0,0.0,0.0,0.0,10000040,1.0,1.0,3.0,0.25,0.25,0.25,0.5,0.0,0.0,0.25,0.0,0.0,0.3333333333333333,0.0,0.0,0.0,0.175,0.25,2.25,0.582,0.3333333333333333,2026,광주,0.9987402594586288,0.2373170312300628,-0.4687935873320064,19.28698461956435,0
2026-04-05,KIA,박상준,0.0,0.0,7.0,7.0,1.0,0.0,0.0,1.0,0.0,0.0,0.0,0.0,0.0,0.0,0.0,0.0,10000040,1.0,1.0,6.0,0.1428571428571428,0.1428571428571428,0.1428571428571428,0.2857142857142857,0.0,0.0,0.1428571428571428,0.0,0.0,0.1666666666666666,0.0,0.0,0.0,0.0999999999999999,0.1428571428571428,0.6428571428571428,0.852,0.1666666666666666,2026,광주,0.9987402594586288,0.1355687534396799,-1.3783948518698397,-42.64726527479464,0
2026-04-06,KIA,박상준,0.0,0.0,7.0,7.0,1.0,0.0,0.0,1.0,0.0,0.0,0.0,0.0,0.0,0.0,0.0,0.0,10000040,1.0,1.0,6.0,0.1428571428571428,0.1428571428571428,0.1428571428571428,0.2857142857142857,0.0,0.0,0.1428571428571428,0.0,0.0,0.1666666666666666,0.0,0.0,0.0,0.0999999999999999,0.1428571428571428,0.6428571428571428,0.852,0.1666666666666666,2026,광주,0.9987402594586288,0.1355687534396799,-1.3783948518698397,-42.64726527479464,0
2026-04-07,KIA,박상준,0.0,0.0,10.0,8.0,1.0,2.0,0.0,2.0,0.0,0.0,0.0,0.0,0.0,0.0,0.0,0.0,10000040,1.0,1.0,7.0,0.125,0.3,0.125,0.425,0.175,0.0,0.2,0.2,1.0,0.1666666666666666,0.25,0.0,0.0,0.16625,0.25,0.9642857142857144,1.4340000000000002,0.4285714285714285,2026,광주,0.9987402594586288,0.2487122919680546,-0.9302887967125408,30.53430907806456,0
2026-04-08,KIA,박상준,0.0,1.0,16.0,12.0,3.0,4.0,0.0,2.0,0.0,0.0,0.0,0.0,0.0,0.0,0.0,0.0,10000040,3.0,3.0,9.0,0.25,0.4375,0.25,0.6875,0.1875,0.0,0.125,0.25,2.0,0.3,0.3333333333333333,0.0,0.0,0.259375,1.05,3.1500000000000004,3.294,0.7777777777777778,2026,광주,0.9987402594586288,0.3696645837438614,0.1326241047109306,106.33663410470876,0
2026-04-09,KIA,박상준,0.0,1.0,16.0,12.0,3.0,4.0,0.0,2.0,0.0,0.0,0.0,0.0,0.0,0.0,0.0,0.0,10000040,3.0,3.0,9.0,0.25,0.4375,0.25,0.6875,0.1875,0.0,0.125,0.25,2.0,0.3,0.3333333333333333,0.0,0.0,0.259375,1.05,3.1500000000000004,3.294,0.7777777777777778,2026,광주,0.9987402594586288,0.3696645837438614,0.1326241047109306,106.33663410470876,0
2026-04-10,KIA,박상준,0.0,2.0,19.0,13.0,3.0,6.0,0.0,3.0,0.0,0.0,0.0,0.0,0.0,0.0,0.0,0.0,10000040,3.0,3.0,10.0,0.2307692307692307,0.4736842105263157,0.2307692307692307,0.7044534412955465,0.2429149797570849,0.0,0.1578947368421052,0.3157894736842105,2.0,0.3,0.4615384615384615,0.0,0.0,0.2708502024291498,1.08,2.9160000000000004,3.876,0.9,2026,광주,0.9987402594586288,0.3908578589513145,0.5185106060669453,120.5729962844196,0
2026-04-11,KIA,박상준,0.0,2.0,22.0,16.0,3.0,6.0,0.0,6.0,0.0,0.0,0.0,0.0,0.0,0.0,0.0,0.0,10000040,3.0,3.0,13.0,0.1875,0.4090909090909091,0.1875,0.5965909090909092,0.2215909090909091,0.0,0.2727272727272727,0.2727272727272727,1.0,0.3,0.375,0.0,0.0,0.2309659090909091,0.9642857142857144,2.0027472527472527,3.582,0.6923076923076923,2026,광주,0.9987402594586288,0.3370233711034347,-0.351345225191298,87.97362144986425,0
2026-04-12,KIA,박상준,0.0,2.0,23.0,17.0,3.0,6.0,0.0,6.0,0.0,0.0,0.0,0.0,0.0,0.0,0.0,0.0,10000040,3.0,3.0,14.0,0.1764705882352941,0.391304347826087,0.1764705882352941,0.5677749360613811,0.2148337595907928,0.0,0.2608695652173913,0.2608695652173913,1.0,0.2727272727272727,0.3529411764705882,0.0,0.0,0.2202046035805626,0.9310344827586208,1.795566502463054,3.672,0.6428571428571429,2026,광주,0.9987402594586288,0.3217007899914394,-0.6107748579400004,79.70978728831535,0
2026-04-08,키움,김지석,0.0,0.0,1.0,1.0,0.0,0.0,0.0,0.0,0.0,0.0,0.0,0.0,0.0,0.0,0.0,0.0,10000043,0.0,0.0,1.0,0.0,0.0,0.0,0.0,0.0,0.0,0.0,0.0,0.0,0.0,0.0,0.0,0.0,0.0,0.0,0.0,0.09,0.0,2026,고척,0.9666905138306804,0.0,-0.3045854392722689,-124.88417095545192,0
2026-04-09,키움,김지석,0.0,0.0,1.0,1.0,0.0,0.0,0.0,0.0,0.0,0.0,0.0,0.0,0.0,0.0,0.0,0.0,10000043,0.0,0.0,1.0,0.0,0.0,0.0,0.0,0.0,0.0,0.0,0.0,0.0,0.0,0.0,0.0,0.0,0.0,0.0,0.0,0.09,0.0,2026,고척,0.9666905138306804,0.0,-0.3045854392722689,-124.88417095545192,0
2026-04-10,키움,김지석,0.0,0.0,1.0,1.0,0.0,0.0,0.0,0.0,0.0,0.0,0.0,0.0,0.0,0.0,0.0,0.0,10000043,0.0,0.0,1.0,0.0,0.0,0.0,0.0,0.0,0.0,0.0,0.0,0.0,0.0,0.0,0.0,0.0,0.0,0.0,0.0,0.09,0.0,2026,고척,0.9666905138306804,0.0,-0.3039539376932035,-124.40615862298418,0
2026-04-11,키움,김지석,0.0,0.0,2.0,2.0,0.0,0.0,0.0,1.0,0.0,0.0,0.0,0.0,0.0,0.0,0.0,0.0,10000043,0.0,0.0,2.0,0.0,0.0,0.0,0.0,0.0,0.0,0.5,0.0,0.0,0.0,0.0,0.0,0.0,0.0,0.0,0.0,-0.008,0.0,2026,고척,0.9666905138306804,0.0,-0.5956702226363746,-123.3029564017512,0
2026-04-12,키움,김지석,0.0,0.0,5.0,4.0,0.0,0.0,0.0,1.0,0.0,0.0,0.0,1.0,0.0,0.0,0.0,0.0,10000043,0.0,0.0,5.0,0.0,0.0,0.0,0.0,0.0,0.0,0.2,0.0,0.0,0.0,0.0,0.0,0.0,0.0,-0.0,-0.0,0.212,0.0,2026,고척,0.9666905138306804,0.0,-1.467603212597894,-122.33184697169293,0
2026-04-10,SSG,김민준,0.0,0.0,1.0,1.0,0.0,0.0,0.0,1.0,0.0,0.0,0.0,0.0,0.0,0.0,0.0,0.0,10000044,0.0,0.0,1.0,0.0,0.0,0.0,0.0,0.0,0.0,1.0,0.0,0.0,0.0,0.0,0.0,0.0,0.0,0.0,0.0,-0.098,0.0,2026,문학,1.027807913649001,0.0,-0.3039539376932035,-130.51789860481625,0
2026-04-11,SSG,김민준,0.0,0.0,1.0,1.0,0.0,0.0,0.0,1.0,0.0,0.0,0.0,0.0,0.0,0.0,0.0,0.0,10000044,0.0,0.0,1.0,0.0,0.0,0.0,0.0,0.0,0.0,1.0,0.0,0.0,0.0,0.0,0.0,0.0,0.0,0.0,0.0,-0.098,0.0,2026,문학,1.027807913649001,0.0,-0.2978351113181873,-129.41469638358325,0
2026-04-12,SSG,김민준,0.0,0.0,2.0,2.0,0.0,0.0,0.0,1.0,0.0,0.0,0.0,0.0,0.0,0.0,0.0,0.0,10000044,0.0,0.0,2.0,0.0,0.0,0.0,0.0,0.0,0.0,0.5,0.0,0.0,0.0,0.0,0.0,0.0,0.0,0.0,0.0,-0.008,0.0,2026,문학,1.027807913649001,0.0,-0.5870412850391576,-128.44358695352503,0
