연도,날짜,팀,선수명,page_id,역할,결과,G,투구점수,IP,타자수,피안타,피홈런,볼넷,삼진,실점,자책,lgIP,lgERA,fip_const,ERA,RA9,WHIP,K/9,BB/9,HR/9,K%,BB%,FIP,ERA+,ERA-,stint_id,IP_O
2026,2026-04-01,한화,류현진,68735,선발,,1.0,57.900000000000006,5.0,18.0,3.0,1.0,0.0,4.0,2.0,1.0,359.3333333333333,5.760667903525047,4.043599257884972,1.8,3.6,0.6,7.2,0.0,1.8,0.2222222222222222,0.0,5.043599257884972,326.4234007171337,30.63505857126226,,5.0
2026,2026-04-02,한화,류현진,68735,,,1.0,57.900000000000006,5.0,18.0,3.0,1.0,0.0,4.0,2.0,1.0,445.3333333333333,5.719311377245509,4.077844311377246,1.8,3.6,0.6,7.2,0.0,1.8,0.2222222222222222,0.0,5.077844311377246,324.0799679457785,30.856581674536237,,5.0
2026,2026-04-03,한화,류현진,68735,,,1.0,57.900000000000006,5.0,18.0,3.0,1.0,0.0,4.0,2.0,1.0,534.3333333333334,5.592014971927635,3.980661260137242,1.8,3.6,0.6,7.2,0.0,1.8,0.2222222222222222,0.0,4.980661260137242,316.8668242237632,31.558999666491616,,5.0
2026,2026-04-04,한화,류현진,68735,,,1.0,57.900000000000006,5.0,18.0,3.0,1.0,0.0,4.0,2.0,1.0,624.3333333333334,5.477843032568073,3.8873465029364658,1.8,3.6,0.6,7.2,0.0,1.8,0.2222222222222222,0.0,4.887346502936466,310.3973673246051,32.21676809372636,,5.0
2026,2026-04-05,한화,류현진,68735,,,1.0,57.900000000000006,5.0,18.0,3.0,1.0,0.0,4.0,2.0,1.0,711.3333333333334,5.200093720712277,3.7085285848172447,1.8,3.6,0.6,7.2,0.0,1.8,0.2222222222222222,0.0,4.708528584817245,294.6589362188416,33.93754191989974,,5.0
2026,2026-04-06,한화,류현진,68735,,,1.0,57.900000000000006,5.0,18.0,3.0,1.0,0.0,4.0,2.0,1.0,711.3333333333334,5.200093720712277,3.7085285848172447,1.8,3.6,0.6,7.2,0.0,1.8,0.2222222222222222,0.0,4.708528584817245,294.6589362188416,33.93754191989974,,5.0
2026,2026-04-07,한화,류현진,68735,선발,승,2.0,120.3,11.0,41.0,7.0,2.0,2.0,14.0,4.0,3.0,801.3333333333334,5.031613976705491,3.697587354409318,2.4545454545454546,3.272727272727273,0.8181818181818182,11.454545454545457,1.6363636363636365,1.6363636363636365,0.3414634146341463,0.048780487804878,4.061223718045682,209.0822603867093,47.828065286382696,,11.0
2026,2026-04-08,한화,류현진,68735,,,2.0,120.3,11.0,41.0,7.0,2.0,2.0,14.0,4.0,3.0,888.3333333333334,4.984615384615385,3.578611632270169,2.4545454545454546,3.272727272727273,0.8181818181818182,11.454545454545457,1.6363636363636365,1.6363636363636365,0.3414634146341463,0.048780487804878,3.942247995906533,207.129294218262,48.279023195350256,,11.0
2026,2026-04-09,한화,류현진,68735,,,2.0,120.3,11.0,41.0,7.0,2.0,2.0,14.0,4.0,3.0,888.3333333333334,4.984615384615385,3.578611632270169,2.4545454545454546,3.272727272727273,0.8181818181818182,11.454545454545457,1.6363636363636365,1.6363636363636365,0.3414634146341463,0.048780487804878,3.942247995906533,207.129294218262,48.279023195350256,,11.0
2026,2026-04-10,한화,류현진,68735,,,2.0,120.3,11.0,41.0,7.0,2.0,2.0,14.0,4.0,3.0,980.3333333333334,4.966678000680041,3.5651139068344104,2.4545454545454546,3.272727272727273,0.8181818181818182,11.454545454545457,1.6363636363636365,1.6363636363636365,0.3414634146341463,0.048780487804878,3.928750270470774,206.3839292526687,48.45338508773784,,11.0
2026,2026-04-11,한화,류현진,68735,,,2.0,120.3,11.0,41.0,7.0,2.0,2.0,14.0,4.0,3.0,1069.3333333333333,4.864713216957607,3.6013092269326688,2.4545454545454546,3.272727272727273,0.8181818181818182,11.454545454545457,1.6363636363636365,1.6363636363636365,0.3414634146341463,0.048780487804878,3.964945590569033,202.14691354374756,49.46897197040733,,11.0
2026,2026-04-12,한화,류현진,68735,,,2.0,120.3,11.0,41.0,7.0,2.0,2.0,14.0,4.0,3.0,1155.3333333333333,4.759665320253895,3.5600115406809003,2.4545454545454546,3.272727272727273,0.8181818181818182,11.454545454545457,1.6363636363636365,1.6363636363636365,0.3414634146341463,0.048780487804878,3.923647904317264,197.78178303227247,50.56077383207875,,11.0
2026,2026-03-28,KT,우규민,236907,중계,홀드,1.0,48.9,0.1,1.0,0.0,0.0,0.0,0.0,0.0,0.0,92.0,5.869565217391305,4.445652173913044,0.0,0.0,0.0,0.0,0.0,0.0,0.0,0.0,4.445652173913044,0.0,0.0,,0.3333333333333333
2026,2026-03-29,KT,우규민,236907,,,1.0,48.9,0.1,1.0,0.0,0.0,0.0,0.0,0.0,0.0,180.0,6.0,4.011111111111111,0.0,0.0,0.0,0.0,0.0,0.0,0.0,0.0,4.011111111111111,0.0,0.0,,0.3333333333333333
2026,2026-03-30,KT,우규민,236907,,,1.0,48.9,0.1,1.0,0.0,0.0,0.0,0.0,0.0,0.0,180.0,6.0,4.011111111111111,0.0,0.0,0.0,0.0,0.0,0.0,0.0,0.0,4.011111111111111,0.0,0.0,,0.3333333333333333
2026,2026-03-31,KT,우규민,236907,,,1.0,48.9,0.1,1.0,0.0,0.0,0.0,0.0,0.0,0.0,272.0,5.525735294117647,3.871323529411765,0.0,0.0,0.0,0.0,0.0,0.0,0.0,0.0,3.871323529411765,0.0,0.0,,0.3333333333333333
2026,2026-04-01,KT,우규민,236907,중계,,2.0,76.8,0.2,6.0,4.0,1.0,0.0,0.0,3.0,3.0,359.3333333333333,5.760667903525047,4.043599257884972,40.5,40.5,6.0,0.0,0.0,13.5,0.0,0.0,23.54359925788497,14.645187506777988,682.8181609400267,,0.6666666666666666
2026,2026-04-02,KT,우규민,236907,중계,,3.0,120.2,0.2,8.0,6.0,1.0,0.0,0.0,3.0,3.0,445.3333333333333,5.719311377245509,4.077844311377246,40.5,40.5,9.0,0.0,0.0,13.5,0.0,0.0,23.577844311377245,14.540047947939296,687.755641233443,,0.6666666666666666
2026,2026-04-03,KT,우규민,236907,,,3.0,120.2,0.2,8.0,6.0,1.0,0.0,0.0,3.0,3.0,534.3333333333334,5.592014971927635,3.980661260137242,40.5,40.5,9.0,0.0,0.0,13.5,0.0,0.0,23.480661260137243,14.216425799250898,703.4116831620876,,0.6666666666666666
2026,2026-04-04,KT,우규민,236907,,,3.0,120.2,0.2,8.0,6.0,1.0,0.0,0.0,3.0,3.0,624.3333333333334,5.477843032568073,3.8873465029364658,40.5,40.5,9.0,0.0,0.0,13.5,0.0,0.0,23.387346502936467,13.9261696192496,718.0725406487504,,0.6666666666666666
2026,2026-04-05,KT,우규민,236907,,,3.0,120.2,0.2,8.0,6.0,1.0,0.0,0.0,3.0,3.0,711.3333333333334,5.200093720712277,3.7085285848172447,40.5,40.5,9.0,0.0,0.0,13.5,0.0,0.0,23.208528584817245,13.2200551859705,756.4264943925714,,0.6666666666666666
2026,2026-04-06,KT,우규민,236907,,,3.0,120.2,0.2,8.0,6.0,1.0,0.0,0.0,3.0,3.0,711.3333333333334,5.200093720712277,3.7085285848172447,40.5,40.5,9.0,0.0,0.0,13.5,0.0,0.0,23.208528584817245,13.2200551859705,756.4264943925714,,0.6666666666666666
2026,2026-04-07,KT,우규민,236907,,,3.0,120.2,0.2,8.0,6.0,1.0,0.0,0.0,3.0,3.0,801.3333333333334,5.031613976705491,3.697587354409318,40.5,40.5,9.0,0.0,0.0,13.5,0.0,0.0,23.19758735440932,12.791733768489811,781.7548567679887,,0.6666666666666666
2026,2026-04-08,KT,우규민,236907,중계,,4.0,164.1,1.2,13.0,9.0,1.0,0.0,1.0,4.0,4.0,888.3333333333334,4.984615384615385,3.578611632270169,21.6,21.6,5.4,5.4,0.0,5.4,0.0769230769230769,0.0,10.178611632270169,23.760469764341146,420.86709981667286,,1.6666666666666667
2026,2026-04-09,KT,우규민,236907,,,4.0,164.1,1.2,13.0,9.0,1.0,0.0,1.0,4.0,4.0,888.3333333333334,4.984615384615385,3.578611632270169,21.6,21.6,5.4,5.4,0.0,5.4,0.0769230769230769,0.0,10.178611632270169,23.760469764341146,420.86709981667286,,1.6666666666666667
2026,2026-04-10,KT,우규민,236907,,,4.0,164.1,1.2,13.0,9.0,1.0,0.0,1.0,4.0,4.0,980.3333333333334,4.966678000680041,3.5651139068344104,21.6,21.6,5.4,5.4,0.0,5.4,0.0769230769230769,0.0,10.16511390683441,23.67496654377922,422.38708052694494,,1.6666666666666667
2026,2026-04-11,KT,우규민,236907,,,4.0,164.1,1.2,13.0,9.0,1.0,0.0,1.0,4.0,4.0,1069.3333333333333,4.864713216957607,3.6013092269326688,21.6,21.6,5.4,5.4,0.0,5.4,0.0769230769230769,0.0,10.201309226932668,23.188924798584186,431.2403480048612,,1.6666666666666667
2026,2026-04-12,KT,우규민,236907,,,4.0,164.1,1.2,13.0,9.0,1.0,0.0,1.0,4.0,4.0,1155.3333333333333,4.759665320253895,3.5600115406809003,21.6,21.6,5.4,5.4,0.0,5.4,0.0769230769230769,0.0,10.1600115406809,22.688186590950387,440.758011219314,,1.6666666666666667
2026,2026-04-01,KIA,양현종,239450,선발,패,1.0,46.400000000000006,4.0,20.0,3.0,0.0,4.0,4.0,3.0,3.0,359.3333333333333,5.760667903525047,4.043599257884972,6.75,6.75,1.75,9.0,9.0,0.0,0.2,0.2,5.043599257884972,85.2358531405915,117.32152177213024,,4.0
2026,2026-04-02,KIA,양현종,239450,,,1.0,46.400000000000006,4.0,20.0,3.0,0.0,4.0,4.0,3.0,3.0,445.3333333333333,5.719311377245509,4.077844311377246,6.75,6.75,1.75,9.0,9.0,0.0,0.2,0.2,5.077844311377246,84.62393472081753,118.1698775055894,,4.0
2026,2026-04-03,KIA,양현종,239450,,,1.0,46.400000000000006,4.0,20.0,3.0,0.0,4.0,4.0,3.0,3.0,534.3333333333334,5.592014971927635,3.980661260137242,6.75,6.75,1.75,9.0,9.0,0.0,0.2,0.2,4.980661260137242,82.74043477068847,120.8598918740827,,4.0
2026,2026-04-04,KIA,양현종,239450,,,1.0,46.400000000000006,4.0,20.0,3.0,0.0,4.0,4.0,3.0,3.0,624.3333333333334,5.477843032568073,3.8873465029364658,6.75,6.75,1.75,9.0,9.0,0.0,0.2,0.2,4.887346502936466,81.05112672186425,123.37891408118344,,4.0
2026,2026-04-05,KIA,양현종,239450,,,1.0,46.400000000000006,4.0,20.0,3.0,0.0,4.0,4.0,3.0,3.0,711.3333333333334,5.200093720712277,3.7085285848172447,6.75,6.75,1.75,9.0,9.0,0.0,0.2,0.2,4.708528584817245,76.94149916622017,129.96887386346023,,4.0
2026,2026-04-06,KIA,양현종,239450,,,1.0,46.400000000000006,4.0,20.0,3.0,0.0,4.0,4.0,3.0,3.0,711.3333333333334,5.200093720712277,3.7085285848172447,6.75,6.75,1.75,9.0,9.0,0.0,0.2,0.2,4.708528584817245,76.94149916622017,129.96887386346023,,4.0
2026,2026-04-07,KIA,양현종,239450,선발,,2.0,107.3,9.2,41.0,5.0,1.0,6.0,7.0,4.0,4.0,801.3333333333334,5.031613976705491,3.697587354409318,3.724137931034483,3.724137931034483,1.137931034482759,6.517241379310345,5.586206896551724,0.9310344827586208,0.1707317073170731,0.1463414634146341,5.456208044064491,134.93816599991462,74.10801774203992,,9.666666666666666
2026,2026-04-08,KIA,양현종,239450,,,2.0,107.3,9.2,41.0,5.0,1.0,6.0,7.0,4.0,4.0,888.3333333333334,4.984615384615385,3.578611632270169,3.724137931034483,3.724137931034483,1.137931034482759,6.517241379310345,5.586206896551724,0.9310344827586208,0.1707317073170731,0.1463414634146341,5.337232321925342,133.67775455925604,74.80676222435532,,9.666666666666666
2026,2026-04-09,KIA,양현종,239450,,,2.0,107.3,9.2,41.0,5.0,1.0,6.0,7.0,4.0,4.0,888.3333333333334,4.984615384615385,3.578611632270169,3.724137931034483,3.724137931034483,1.137931034482759,6.517241379310345,5.586206896551724,0.9310344827586208,0.1707317073170731,0.1463414634146341,5.337232321925342,133.67775455925604,74.80676222435532,,9.666666666666666
2026,2026-04-10,KIA,양현종,239450,,,2.0,107.3,9.2,41.0,5.0,1.0,6.0,7.0,4.0,4.0,980.3333333333334,4.966678000680041,3.5651139068344104,3.724137931034483,3.724137931034483,1.137931034482759,6.517241379310345,5.586206896551724,0.9310344827586208,0.1707317073170731,0.1463414634146341,5.323734596489583,133.19670857634136,75.07693025513859,,9.666666666666666
2026,2026-04-11,KIA,양현종,239450,,,2.0,107.3,9.2,41.0,5.0,1.0,6.0,7.0,4.0,4.0,1069.3333333333333,4.864713216957607,3.6013092269326688,3.724137931034483,3.724137931034483,1.137931034482759,6.517241379310345,5.586206896551724,0.9310344827586208,0.1707317073170731,0.1463414634146341,5.359929916587841,130.46221006835128,76.65054880459896,,9.666666666666666
2026,2026-04-12,KIA,양현종,239450,,,2.0,107.3,9.2,41.0,5.0,1.0,6.0,7.0,4.0,4.0,1155.3333333333333,4.759665320253895,3.5600115406809003,3.724137931034483,3.724137931034483,1.137931034482759,6.517241379310345,5.586206896551724,0.9310344827586208,0.1707317073170731,0.1463414634146341,5.318632230336073,127.64502842664108,78.3422599631219,,9.666666666666666
2026,2026-03-28,삼성,백정현,299512,중계,,1.0,54.4,1.1,4.0,0.0,0.0,0.0,1.0,0.0,0.0,92.0,5.869565217391305,4.445652173913044,0.0,0.0,0.0,6.75,0.0,0.0,0.25,0.0,2.945652173913044,0.0,0.0,,1.3333333333333333
2026,2026-03-29,삼성,백정현,299512,,,1.0,54.4,1.1,4.0,0.0,0.0,0.0,1.0,0.0,0.0,180.0,6.0,4.011111111111111,0.0,0.0,0.0,6.75,0.0,0.0,0.25,0.0,2.511111111111111,0.0,0.0,,1.3333333333333333
2026,2026-03-30,삼성,백정현,299512,,,1.0,54.4,1.1,4.0,0.0,0.0,0.0,1.0,0.0,0.0,180.0,6.0,4.011111111111111,0.0,0.0,0.0,6.75,0.0,0.0,0.25,0.0,2.511111111111111,0.0,0.0,,1.3333333333333333
2026,2026-03-31,삼성,백정현,299512,중계,,2.0,103.3,1.2,5.0,0.0,0.0,0.0,1.0,0.0,0.0,272.0,5.525735294117647,3.871323529411765,0.0,0.0,0.0,5.4,0.0,0.0,0.2,0.0,2.6713235294117643,0.0,0.0,,1.6666666666666667
2026,2026-04-01,삼성,백정현,299512,중계,,3.0,156.2,2.2,8.0,0.0,0.0,0.0,2.0,0.0,0.0,359.3333333333333,5.760667903525047,4.043599257884972,0.0,0.0,0.0,6.75,0.0,0.0,0.25,0.0,2.5435992578849724,0.0,0.0,,2.6666666666666665
2026,2026-04-02,삼성,백정현,299512,,,3.0,156.2,2.2,8.0,0.0,0.0,0.0,2.0,0.0,0.0,445.3333333333333,5.719311377245509,4.077844311377246,0.0,0.0,0.0,6.75,0.0,0.0,0.25,0.0,2.5778443113772456,0.0,0.0,,2.6666666666666665
2026,2026-04-03,삼성,백정현,299512,중계,홀드,4.0,208.1,3.2,11.0,0.0,0.0,0.0,2.0,0.0,0.0,534.3333333333334,5.592014971927635,3.980661260137242,0.0,0.0,0.0,4.909090909090909,0.0,0.0,0.1818181818181818,0.0,2.889752169228151,0.0,0.0,,3.6666666666666665
2026,2026-04-04,삼성,백정현,299512,,,4.0,208.1,3.2,11.0,0.0,0.0,0.0,2.0,0.0,0.0,624.3333333333334,5.477843032568073,3.8873465029364658,0.0,0.0,0.0,4.909090909090909,0.0,0.0,0.1818181818181818,0.0,2.796437412027375,0.0,0.0,,3.6666666666666665
2026,2026-04-05,삼성,백정현,299512,,,4.0,208.1,3.2,11.0,0.0,0.0,0.0,2.0,0.0,0.0,711.3333333333334,5.200093720712277,3.7085285848172447,0.0,0.0,0.0,4.909090909090909,0.0,0.0,0.1818181818181818,0.0,2.617619493908154,0.0,0.0,,3.6666666666666665
2026,2026-04-06,삼성,백정현,299512,,,4.0,208.1,3.2,11.0,0.0,0.0,0.0,2.0,0.0,0.0,711.3333333333334,5.200093720712277,3.7085285848172447,0.0,0.0,0.0,4.909090909090909,0.0,0.0,0.1818181818181818,0.0,2.617619493908154,0.0,0.0,,3.6666666666666665
2026,2026-04-07,삼성,백정현,299512,,,4.0,208.1,3.2,11.0,0.0,0.0,0.0,2.0,0.0,0.0,801.3333333333334,5.031613976705491,3.697587354409318,0.0,0.0,0.0,4.909090909090909,0.0,0.0,0.1818181818181818,0.0,2.6066782635002266,0.0,0.0,,3.6666666666666665
2026,2026-04-08,삼성,백정현,299512,,,4.0,208.1,3.2,11.0,0.0,0.0,0.0,2.0,0.0,0.0,888.3333333333334,4.984615384615385,3.578611632270169,0.0,0.0,0.0,4.909090909090909,0.0,0.0,0.1818181818181818,0.0,2.4877025413610783,0.0,0.0,,3.6666666666666665
2026,2026-04-09,삼성,백정현,299512,,,4.0,208.1,3.2,11.0,0.0,0.0,0.0,2.0,0.0,0.0,888.3333333333334,4.984615384615385,3.578611632270169,0.0,0.0,0.0,4.909090909090909,0.0,0.0,0.1818181818181818,0.0,2.4877025413610783,0.0,0.0,,3.6666666666666665
2026,2026-04-10,삼성,백정현,299512,,,4.0,208.1,3.2,11.0,0.0,0.0,0.0,2.0,0.0,0.0,980.3333333333334,4.966678000680041,3.5651139068344104,0.0,0.0,0.0,4.909090909090909,0.0,0.0,0.1818181818181818,0.0,2.47420481592532,0.0,0.0,,3.6666666666666665
2026,2026-04-11,삼성,백정현,299512,중계,승,5.0,262.5,5.2,18.0,1.0,0.0,0.0,2.0,0.0,0.0,1069.3333333333333,4.864713216957607,3.6013092269326688,0.0,0.0,0.1764705882352941,3.176470588235294,0.0,0.0,0.1111111111111111,0.0,2.895426873991492,0.0,0.0,,5.666666666666667
2026,2026-04-12,삼성,백정현,299512,,,5.0,262.5,5.2,18.0,1.0,0.0,0.0,2.0,0.0,0.0,1155.3333333333333,4.759665320253895,3.5600115406809003,0.0,0.0,0.1764705882352941,3.176470588235294,0.0,0.0,0.1111111111111111,0.0,2.854129187739724,0.0,0.0,,5.666666666666667
2026,2026-03-29,두산,이용찬,314554,중계,,1.0,47.4,0.2,4.0,1.0,0.0,1.0,1.0,0.0,0.0,180.0,6.0,4.011111111111111,0.0,0.0,3.0,13.5,13.5,0.0,0.25,0.25,5.511111111111111,0.0,0.0,,0.6666666666666666
2026,2026-03-30,두산,이용찬,314554,,,1.0,47.4,0.2,4.0,1.0,0.0,1.0,1.0,0.0,0.0,180.0,6.0,4.011111111111111,0.0,0.0,3.0,13.5,13.5,0.0,0.25,0.25,5.511111111111111,0.0,0.0,,0.6666666666666666
2026,2026-03-31,두산,이용찬,314554,,,1.0,47.4,0.2,4.0,1.0,0.0,1.0,1.0,0.0,0.0,272.0,5.525735294117647,3.871323529411765,0.0,0.0,3.0,13.5,13.5,0.0,0.25,0.25,5.3713235294117645,0.0,0.0,,0.6666666666666666
2026,2026-04-01,두산,이용찬,314554,중계,,2.0,85.3,1.2,9.0,3.0,1.0,1.0,1.0,2.0,2.0,359.3333333333333,5.760667903525047,4.043599257884972,10.8,10.8,2.4,5.4,5.4,5.4,0.1111111111111111,0.1111111111111111,12.443599257884973,50.86049541129309,196.61625234149008,,1.6666666666666667
2026,2026-04-02,두산,이용찬,314554,,,2.0,85.3,1.2,9.0,3.0,1.0,1.0,1.0,2.0,2.0,445.3333333333333,5.719311377245509,4.077844311377246,10.8,10.8,2.4,5.4,5.4,5.4,0.1111111111111111,0.1111111111111111,12.477844311377249,50.495361810416654,198.03799084646045,,1.6666666666666667
2026,2026-04-03,두산,이용찬,314554,중계,,3.0,137.2,2.2,12.0,3.0,1.0,1.0,1.0,2.0,2.0,534.3333333333334,5.592014971927635,3.980661260137242,6.75,6.75,1.5,3.375,3.375,3.375,0.0833333333333333,0.0833333333333333,9.230661260137245,78.99435456657962,126.59132484678508,,2.6666666666666665
2026,2026-04-04,두산,이용찬,314554,중계,,4.0,191.6,4.0,17.0,4.0,1.0,1.0,4.0,2.0,2.0,624.3333333333334,5.477843032568073,3.8873465029364658,4.5,4.5,1.25,9.0,2.25,2.25,0.2352941176470588,0.0588235294117647,5.887346502936466,116.07229512448536,86.15320296092352,,4.0
2026,2026-04-05,두산,이용찬,314554,,,4.0,191.6,4.0,17.0,4.0,1.0,1.0,4.0,2.0,2.0,711.3333333333334,5.200093720712277,3.7085285848172447,4.5,4.5,1.25,9.0,2.25,2.25,0.2352941176470588,0.0588235294117647,5.708528584817245,110.1869493953956,90.75484941611307,,4.0
2026,2026-04-06,두산,이용찬,314554,,,4.0,191.6,4.0,17.0,4.0,1.0,1.0,4.0,2.0,2.0,711.3333333333334,5.200093720712277,3.7085285848172447,4.5,4.5,1.25,9.0,2.25,2.25,0.2352941176470588,0.0588235294117647,5.708528584817245,110.1869493953956,90.75484941611307,,4.0
2026,2026-04-07,두산,이용찬,314554,중계,,5.0,229.0,4.0,19.0,6.0,1.0,1.0,4.0,4.0,4.0,801.3333333333334,5.031613976705491,3.697587354409318,9.0,9.0,1.75,9.0,2.25,2.25,0.2105263157894736,0.0526315789473684,5.697587354409318,53.30848100103782,187.58741221317703,,4.0
2026,2026-04-08,두산,이용찬,314554,,,5.0,229.0,4.0,19.0,6.0,1.0,1.0,4.0,4.0,4.0,888.3333333333334,4.984615384615385,3.578611632270169,9.0,9.0,1.75,9.0,2.25,2.25,0.2105263157894736,0.0526315789473684,5.578611632270169,52.810544640039126,189.35612325456583,,4.0
2026,2026-04-09,두산,이용찬,314554,,,5.0,229.0,4.0,19.0,6.0,1.0,1.0,4.0,4.0,4.0,888.3333333333334,4.984615384615385,3.578611632270169,9.0,9.0,1.75,9.0,2.25,2.25,0.2105263157894736,0.0526315789473684,5.578611632270169,52.810544640039126,189.35612325456583,,4.0
2026,2026-04-10,두산,이용찬,314554,중계,승,6.0,277.9,5.0,25.0,7.0,1.0,2.0,5.0,4.0,4.0,980.3333333333334,4.966678000680041,3.5651139068344104,7.2,7.2,1.8,9.0,3.6,1.8,0.2,0.08,5.36511390683441,65.77562911803581,152.03199321825994,,5.0
2026,2026-04-11,두산,이용찬,314554,,,6.0,277.9,5.0,25.0,7.0,1.0,2.0,5.0,4.0,4.0,1069.3333333333333,4.864713216957607,3.6013092269326688,7.2,7.2,1.8,9.0,3.6,1.8,0.2,0.08,5.401309226932669,64.4252702269804,155.21859613112093,,5.0
2026,2026-04-12,두산,이용찬,314554,,,6.0,277.9,5.0,25.0,7.0,1.0,2.0,5.0,4.0,4.0,1155.3333333333333,4.759665320253895,3.5600115406809003,7.2,7.2,1.8,9.0,3.6,1.8,0.2,0.08,5.3600115406809,63.03408048360123,158.64433847974624,,5.0
2026,2026-03-29,SSG,노경은,316925,중계,,1.0,51.4,1.1,4.0,0.0,0.0,1.0,0.0,0.0,0.0,180.0,6.0,4.011111111111111,0.0,0.0,0.75,0.0,6.75,0.0,0.0,0.25,6.261111111111111,0.0,0.0,,1.3333333333333333
2026,2026-03-30,SSG,노경은,316925,,,1.0,51.4,1.1,4.0,0.0,0.0,1.0,0.0,0.0,0.0,180.0,6.0,4.011111111111111,0.0,0.0,0.75,0.0,6.75,0.0,0.0,0.25,6.261111111111111,0.0,0.0,,1.3333333333333333
2026,2026-03-31,SSG,노경은,316925,,,1.0,51.4,1.1,4.0,0.0,0.0,1.0,0.0,0.0,0.0,272.0,5.525735294117647,3.871323529411765,0.0,0.0,0.75,0.0,6.75,0.0,0.0,0.25,6.1213235294117645,0.0,0.0,,1.3333333333333333
2026,2026-04-01,SSG,노경은,316925,,,1.0,51.4,1.1,4.0,0.0,0.0,1.0,0.0,0.0,0.0,359.3333333333333,5.760667903525047,4.043599257884972,0.0,0.0,0.75,0.0,6.75,0.0,0.0,0.25,6.293599257884972,0.0,0.0,,1.3333333333333333
2026,2026-04-02,SSG,노경은,316925,,,1.0,51.4,1.1,4.0,0.0,0.0,1.0,0.0,0.0,0.0,445.3333333333333,5.719311377245509,4.077844311377246,0.0,0.0,0.75,0.0,6.75,0.0,0.0,0.25,6.327844311377246,0.0,0.0,,1.3333333333333333
2026,2026-04-03,SSG,노경은,316925,,,1.0,51.4,1.1,4.0,0.0,0.0,1.0,0.0,0.0,0.0,534.3333333333334,5.592014971927635,3.980661260137242,0.0,0.0,0.75,0.0,6.75,0.0,0.0,0.25,6.230661260137242,0.0,0.0,,1.3333333333333333
2026,2026-04-04,SSG,노경은,316925,중계,승,2.0,102.8,2.2,10.0,1.0,0.0,2.0,2.0,0.0,0.0,624.3333333333334,5.477843032568073,3.8873465029364658,0.0,0.0,1.125,6.75,6.75,0.0,0.2,0.2,4.637346502936466,0.0,0.0,,2.6666666666666665
2026,2026-04-05,SSG,노경은,316925,,,2.0,102.8,2.2,10.0,1.0,0.0,2.0,2.0,0.0,0.0,711.3333333333334,5.200093720712277,3.7085285848172447,0.0,0.0,1.125,6.75,6.75,0.0,0.2,0.2,4.458528584817245,0.0,0.0,,2.6666666666666665
2026,2026-04-06,SSG,노경은,316925,,,2.0,102.8,2.2,10.0,1.0,0.0,2.0,2.0,0.0,0.0,711.3333333333334,5.200093720712277,3.7085285848172447,0.0,0.0,1.125,6.75,6.75,0.0,0.2,0.2,4.458528584817245,0.0,0.0,,2.6666666666666665
2026,2026-04-07,SSG,노경은,316925,,,2.0,102.8,2.2,10.0,1.0,0.0,2.0,2.0,0.0,0.0,801.3333333333334,5.031613976705491,3.697587354409318,0.0,0.0,1.125,6.75,6.75,0.0,0.2,0.2,4.447587354409318,0.0,0.0,,2.6666666666666665
2026,2026-04-08,SSG,노경은,316925,중계,,3.0,154.7,3.2,13.0,1.0,0.0,2.0,2.0,0.0,0.0,888.3333333333334,4.984615384615385,3.578611632270169,0.0,0.0,0.8181818181818182,4.909090909090909,4.909090909090909,0.0,0.1538461538461538,0.1538461538461538,4.124066177724715,0.0,0.0,,3.6666666666666665
2026,2026-04-09,SSG,노경은,316925,,,3.0,154.7,3.2,13.0,1.0,0.0,2.0,2.0,0.0,0.0,888.3333333333334,4.984615384615385,3.578611632270169,0.0,0.0,0.8181818181818182,4.909090909090909,4.909090909090909,0.0,0.1538461538461538,0.1538461538461538,4.124066177724715,0.0,0.0,,3.6666666666666665
2026,2026-04-10,SSG,노경은,316925,,,3.0,154.7,3.2,13.0,1.0,0.0,2.0,2.0,0.0,0.0,980.3333333333334,4.966678000680041,3.5651139068344104,0.0,0.0,0.8181818181818182,4.909090909090909,4.909090909090909,0.0,0.1538461538461538,0.1538461538461538,4.110568452288956,0.0,0.0,,3.6666666666666665
2026,2026-04-11,SSG,노경은,316925,중계,패,4.0,195.6,4.2,18.0,3.0,0.0,3.0,3.0,2.0,1.0,1069.3333333333333,4.864713216957607,3.6013092269326688,1.9285714285714284,3.8571428571428568,1.2857142857142856,5.785714285714286,5.785714285714286,0.0,0.1666666666666666,0.1666666666666666,4.244166369789811,259.4594140075745,38.54167341836386,,4.666666666666667
2026,2026-04-12,SSG,노경은,316925,,,4.0,195.6,4.2,18.0,3.0,0.0,3.0,3.0,2.0,1.0,1155.3333333333333,4.759665320253895,3.5600115406809003,1.9285714285714284,3.8571428571428568,1.2857142857142856,5.785714285714286,5.785714285714286,0.0,0.1666666666666666,0.1666666666666666,4.202868683538043,253.85668584952725,39.39230501861774,,4.666666666666667
2026,2026-04-03,KIA,이태양,419526,중계,,1.0,43.9,1.0,6.0,1.0,0.0,2.0,1.0,1.0,1.0,534.3333333333334,5.592014971927635,3.980661260137242,9.0,9.0,3.0,9.0,18.0,0.0,0.1666666666666666,0.3333333333333333,7.980661260137242,62.05532607801635,161.14652249877693,,1.0
2026,2026-04-04,KIA,이태양,419526,중계,,2.0,98.3,3.0,13.0,2.0,0.0,2.0,1.0,1.0,1.0,624.3333333333334,5.477843032568073,3.8873465029364658,3.0,3.0,1.3333333333333333,3.0,6.0,0.0,0.0769230769230769,0.1538461538461538,5.220679836269799,182.36503512419455,54.83507292497042,,3.0
2026,2026-04-05,KIA,이태양,419526,,,2.0,98.3,3.0,13.0,2.0,0.0,2.0,1.0,1.0,1.0,711.3333333333334,5.200093720712277,3.7085285848172447,3.0,3.0,1.3333333333333333,3.0,6.0,0.0,0.0769230769230769,0.1538461538461538,5.041861918150578,173.11837312399538,57.76394393931565,,3.0
2026,2026-04-06,KIA,이태양,419526,,,2.0,98.3,3.0,13.0,2.0,0.0,2.0,1.0,1.0,1.0,711.3333333333334,5.200093720712277,3.7085285848172447,3.0,3.0,1.3333333333333333,3.0,6.0,0.0,0.0769230769230769,0.1538461538461538,5.041861918150578,173.11837312399538,57.76394393931565,,3.0
2026,2026-04-07,KIA,이태양,419526,,,2.0,98.3,3.0,13.0,2.0,0.0,2.0,1.0,1.0,1.0,801.3333333333334,5.031613976705491,3.697587354409318,3.0,3.0,1.3333333333333333,3.0,6.0,0.0,0.0769230769230769,0.1538461538461538,5.030920687742651,167.50944744816988,59.69812540330993,,3.0
2026,2026-04-08,KIA,이태양,419526,중계,홀드,3.0,157.2,6.0,23.0,3.0,0.0,2.0,1.0,1.0,1.0,888.3333333333334,4.984615384615385,3.578611632270169,1.5,1.5,0.8333333333333334,1.5,3.0,0.0,0.0434782608695652,0.0869565217391304,4.245278298936836,331.88959752642893,30.130501451476448,,6.0
2026,2026-04-09,KIA,이태양,419526,,,3.0,157.2,6.0,23.0,3.0,0.0,2.0,1.0,1.0,1.0,888.3333333333334,4.984615384615385,3.578611632270169,1.5,1.5,0.8333333333333334,1.5,3.0,0.0,0.0434782608695652,0.0869565217391304,4.245278298936836,331.88959752642893,30.130501451476448,,6.0
2026,2026-04-10,KIA,이태양,419526,,,3.0,157.2,6.0,23.0,3.0,0.0,2.0,1.0,1.0,1.0,980.3333333333334,4.966678000680041,3.5651139068344104,1.5,1.5,0.8333333333333334,1.5,3.0,0.0,0.0434782608695652,0.0869565217391304,4.231780573501077,330.69527646539933,30.23931913054193,,6.0
2026,2026-04-11,KIA,이태양,419526,,,3.0,157.2,6.0,23.0,3.0,0.0,2.0,1.0,1.0,1.0,1069.3333333333333,4.864713216957607,3.6013092269326688,1.5,1.5,0.8333333333333334,1.5,3.0,0.0,0.0434782608695652,0.0869565217391304,4.267975893599336,323.90617672142395,30.873137712963462,,6.0
2026,2026-04-12,KIA,이태양,419526,중계,,4.0,208.1,7.0,26.0,4.0,0.0,2.0,2.0,1.0,1.0,1155.3333333333333,4.759665320253895,3.5600115406809003,1.2857142857142858,1.2857142857142858,0.8571428571428571,2.571428571428572,2.571428571428572,0.0,0.0769230769230769,0.0769230769230769,3.845725826395186,369.7304271668224,27.0467326063159,,7.0
2026,2026-03-29,LG,임찬규,555207,선발,,1.0,45.900000000000006,5.0,21.0,6.0,0.0,2.0,1.0,3.0,3.0,180.0,6.0,4.011111111111111,5.4,5.4,1.6,1.8,3.6,0.0,0.0476190476190476,0.0952380952380952,4.811111111111111,105.94708029637476,94.3867445145836,,5.0
2026,2026-03-30,LG,임찬규,555207,,,1.0,45.900000000000006,5.0,21.0,6.0,0.0,2.0,1.0,3.0,3.0,180.0,6.0,4.011111111111111,5.4,5.4,1.6,1.8,3.6,0.0,0.0476190476190476,0.0952380952380952,4.811111111111111,105.94708029637476,94.3867445145836,,5.0
2026,2026-03-31,LG,임찬규,555207,,,1.0,45.900000000000006,5.0,21.0,6.0,0.0,2.0,1.0,3.0,3.0,272.0,5.525735294117647,3.871323529411765,5.4,5.4,1.6,1.8,3.6,0.0,0.0476190476190476,0.0952380952380952,4.671323529411764,97.57258681706573,102.48780242701294,,5.0
2026,2026-04-01,LG,임찬규,555207,,,1.0,45.900000000000006,5.0,21.0,6.0,0.0,2.0,1.0,3.0,3.0,359.3333333333333,5.760667903525047,4.043599257884972,5.4,5.4,1.6,1.8,3.6,0.0,0.0476190476190476,0.0952380952380952,4.843599257884972,101.72099082258616,98.30812617074504,,5.0
2026,2026-04-02,LG,임찬규,555207,,,1.0,45.900000000000006,5.0,21.0,6.0,0.0,2.0,1.0,3.0,3.0,445.3333333333333,5.719311377245509,4.077844311377246,5.4,5.4,1.6,1.8,3.6,0.0,0.0476190476190476,0.0952380952380952,4.877844311377245,100.99072362083328,99.01899542323022,,5.0
2026,2026-04-03,LG,임찬규,555207,,,1.0,45.900000000000006,5.0,21.0,6.0,0.0,2.0,1.0,3.0,3.0,534.3333333333334,5.592014971927635,3.980661260137242,5.4,5.4,1.6,1.8,3.6,0.0,0.0476190476190476,0.0952380952380952,4.780661260137242,98.7429432082245,101.27305987742808,,5.0
2026,2026-04-04,LG,임찬규,555207,선발,,2.0,86.80000000000001,10.0,46.0,15.0,0.0,3.0,4.0,7.0,6.0,624.3333333333334,5.477843032568073,3.8873465029364658,5.4,6.3,1.8,3.6,2.7,0.0,0.0869565217391304,0.0652173913043478,3.987346502936466,96.7269126037378,103.38384355310824,,10.0
2026,2026-04-05,LG,임찬규,555207,,,2.0,86.80000000000001,10.0,46.0,15.0,0.0,3.0,4.0,7.0,6.0,711.3333333333334,5.200093720712277,3.7085285848172447,5.4,6.3,1.8,3.6,2.7,0.0,0.0869565217391304,0.0652173913043478,3.8085285848172448,91.8224578294963,108.90581929933572,,10.0
2026,2026-04-06,LG,임찬규,555207,,,2.0,86.80000000000001,10.0,46.0,15.0,0.0,3.0,4.0,7.0,6.0,711.3333333333334,5.200093720712277,3.7085285848172447,5.4,6.3,1.8,3.6,2.7,0.0,0.0869565217391304,0.0652173913043478,3.8085285848172448,91.8224578294963,108.90581929933572,,10.0
2026,2026-04-07,LG,임찬규,555207,,,2.0,86.80000000000001,10.0,46.0,15.0,0.0,3.0,4.0,7.0,6.0,801.3333333333334,5.031613976705491,3.697587354409318,5.4,6.3,1.8,3.6,2.7,0.0,0.0869565217391304,0.0652173913043478,3.797587354409318,88.84746833506303,112.55244732790624,,10.0
2026,2026-04-08,LG,임찬규,555207,,,2.0,86.80000000000001,10.0,46.0,15.0,0.0,3.0,4.0,7.0,6.0,888.3333333333334,4.984615384615385,3.578611632270169,5.4,6.3,1.8,3.6,2.7,0.0,0.0869565217391304,0.0652173913043478,3.678611632270169,88.01757440006519,113.61367395273952,,10.0
2026,2026-04-09,LG,임찬규,555207,,,2.0,86.80000000000001,10.0,46.0,15.0,0.0,3.0,4.0,7.0,6.0,888.3333333333334,4.984615384615385,3.578611632270169,5.4,6.3,1.8,3.6,2.7,0.0,0.0869565217391304,0.0652173913043478,3.678611632270169,88.01757440006519,113.61367395273952,,10.0
2026,2026-04-10,LG,임찬규,555207,,,2.0,86.80000000000001,10.0,46.0,15.0,0.0,3.0,4.0,7.0,6.0,980.3333333333334,4.966678000680041,3.5651139068344104,5.4,6.3,1.8,3.6,2.7,0.0,0.0869565217391304,0.0652173913043478,3.6651139068344105,87.70083882404774,114.02399491369496,,10.0
2026,2026-04-11,LG,임찬규,555207,선발,,3.0,128.70000000000002,15.0,72.0,25.0,0.0,5.0,6.0,9.0,8.0,1069.3333333333333,4.864713216957607,3.6013092269326688,4.8,5.4,2.0,3.6,3.0,0.0,0.0833333333333333,0.0694444444444444,3.801309226932669,96.6379053404706,103.47906408741396,,15.0
2026,2026-04-12,LG,임찬규,555207,,,3.0,128.70000000000002,15.0,72.0,25.0,0.0,5.0,6.0,9.0,8.0,1155.3333333333333,4.759665320253895,3.5600115406809003,4.8,5.4,2.0,3.6,3.0,0.0,0.0833333333333333,0.0694444444444444,3.760011540680901,94.55112072540184,105.76289231983084,,15.0
2026,2026-03-28,KT,한승혁,606770,중계,,1.0,37.4,0.2,6.0,4.0,0.0,0.0,1.0,2.0,2.0,92.0,5.869565217391305,4.445652173913044,27.0,27.0,6.0,13.5,0.0,0.0,0.1666666666666666,0.0,1.445652173913044,22.383051227277885,446.766613651545,,0.6666666666666666
2026,2026-03-29,KT,한승혁,606770,중계,,2.0,89.3,1.2,10.0,5.0,0.0,0.0,3.0,2.0,2.0,180.0,6.0,4.011111111111111,10.8,10.8,3.0,16.2,0.0,0.0,0.3,0.0,0.4111111111111114,57.2011309141546,174.8217183853872,,1.6666666666666667
2026,2026-03-30,KT,한승혁,606770,,,2.0,89.3,1.2,10.0,5.0,0.0,0.0,3.0,2.0,2.0,180.0,6.0,4.011111111111111,10.8,10.8,3.0,16.2,0.0,0.0,0.3,0.0,0.4111111111111114,57.2011309141546,174.8217183853872,,1.6666666666666667
2026,2026-03-31,KT,한승혁,606770,중계,홀드,3.0,140.2,2.2,14.0,5.0,0.0,1.0,4.0,2.0,2.0,272.0,5.525735294117647,3.871323529411765,6.75,6.75,2.25,13.5,3.375,0.0,0.2857142857142857,0.0714285714285714,1.9963235294117645,84.28754878821016,118.6414855310013,,2.6666666666666665
2026,2026-04-01,KT,한승혁,606770,중계,홀드,4.0,181.6,3.1,20.0,6.0,0.0,3.0,4.0,3.0,2.0,359.3333333333333,5.760667903525047,4.043599257884972,5.4,8.1,2.7,10.8,8.1,0.0,0.2,0.15,4.343599257884972,109.8389063008349,91.04242145867023,,3.333333333333333
2026,2026-04-02,KT,한승혁,606770,,,4.0,181.6,3.1,20.0,6.0,0.0,3.0,4.0,3.0,2.0,445.3333333333333,5.719311377245509,4.077844311377246,5.4,8.1,2.7,10.8,8.1,0.0,0.2,0.15,4.377844311377245,109.05035960954474,91.70075216445908,,3.333333333333333
2026,2026-04-03,KT,한승혁,606770,중계,,5.0,230.5,4.1,25.0,7.0,0.0,4.0,5.0,3.0,2.0,534.3333333333334,5.592014971927635,3.980661260137242,4.153846153846154,6.230769230769231,2.5384615384615388,10.384615384615383,8.307692307692308,0.0,0.2,0.16,4.442199721675704,138.61015154269626,72.14478801662437,,4.333333333333333
2026,2026-04-04,KT,한승혁,606770,,,5.0,230.5,4.1,25.0,7.0,0.0,4.0,5.0,3.0,2.0,624.3333333333334,5.477843032568073,3.8873465029364658,4.153846153846154,6.230769230769231,2.5384615384615388,10.384615384615383,8.307692307692308,0.0,0.2,0.16,4.348884964474928,135.7801537876836,73.64846570756414,,4.333333333333333
2026,2026-04-05,KT,한승혁,606770,중계,홀드,6.0,281.4,5.1,29.0,7.0,0.0,5.0,6.0,3.0,2.0,711.3333333333334,5.200093720712277,3.7085285848172447,3.375,5.0625,2.25,10.125,8.4375,0.0,0.2068965517241379,0.1724137931034483,4.271028584817245,158.640662231646,63.035541199380965,,5.333333333333333
2026,2026-04-06,KT,한승혁,606770,,,6.0,281.4,5.1,29.0,7.0,0.0,5.0,6.0,3.0,2.0,711.3333333333334,5.200093720712277,3.7085285848172447,3.375,5.0625,2.25,10.125,8.4375,0.0,0.2068965517241379,0.1724137931034483,4.271028584817245,158.640662231646,63.035541199380965,,5.333333333333333
2026,2026-04-07,KT,한승혁,606770,중계,,7.0,329.8,6.0,33.0,7.0,0.0,6.0,6.0,3.0,2.0,801.3333333333334,5.031613976705491,3.697587354409318,3.0,4.5,2.1666666666666665,9.0,9.0,0.0,0.1818181818181818,0.1818181818181818,4.697587354409318,172.6884058746125,57.90776716799917,,6.0
2026,2026-04-08,KT,한승혁,606770,,,7.0,329.8,6.0,33.0,7.0,0.0,6.0,6.0,3.0,2.0,888.3333333333334,4.984615384615385,3.578611632270169,3.0,4.5,2.1666666666666665,9.0,9.0,0.0,0.1818181818181818,0.1818181818181818,4.578611632270169,171.07538230325622,58.45376386342678,,6.0
2026,2026-04-09,KT,한승혁,606770,,,7.0,329.8,6.0,33.0,7.0,0.0,6.0,6.0,3.0,2.0,888.3333333333334,4.984615384615385,3.578611632270169,3.0,4.5,2.1666666666666665,9.0,9.0,0.0,0.1818181818181818,0.1818181818181818,4.578611632270169,171.07538230325622,58.45376386342678,,6.0
2026,2026-04-10,KT,한승혁,606770,중계,,8.0,383.7,7.0,36.0,7.0,0.0,6.0,8.0,3.0,2.0,980.3333333333334,4.966678000680041,3.5651139068344104,2.571428571428572,3.857142857142857,1.8571428571428568,10.285714285714286,7.714285714285714,0.0,0.2222222222222222,0.1666666666666666,3.850828192548696,198.86971896774543,50.284176253207725,,7.0
2026,2026-04-11,KT,한승혁,606770,,,8.0,383.7,7.0,36.0,7.0,0.0,6.0,8.0,3.0,2.0,1069.3333333333333,4.864713216957607,3.6013092269326688,2.571428571428572,3.857142857142857,1.8571428571428568,10.285714285714286,7.714285714285714,0.0,0.2222222222222222,0.1666666666666666,3.8870235126469534,194.7869683081072,51.33813666724538,,7.0
2026,2026-04-12,KT,한승혁,606770,중계,,9.0,436.6,8.0,39.0,7.0,0.0,6.0,9.0,3.0,2.0,1155.3333333333333,4.759665320253895,3.5600115406809003,2.25,3.375,1.625,10.125,6.75,0.0,0.2307692307692307,0.1538461538461538,3.5600115406809003,217.8065912731237,45.912292835345205,,8.0
2026,2026-04-12,KIA,홍건희,606775,중계,,1.0,45.9,1.0,6.0,2.0,0.0,0.0,1.0,1.0,0.0,1155.3333333333333,4.759665320253895,3.5600115406809003,0.0,9.0,2.0,9.0,0.0,0.0,0.1666666666666666,0.0,1.5600115406809003,0.0,0.0,,1.0
2026,2026-03-29,LG,김진성,687603,중계,,1.0,35.9,1.0,5.0,2.0,1.0,1.0,0.0,2.0,2.0,180.0,6.0,4.011111111111111,18.0,18.0,3.0,0.0,9.0,9.0,0.0,0.2,20.011111111111116,31.784124088912435,314.62248171527864,,1.0
2026,2026-03-30,LG,김진성,687603,,,1.0,35.9,1.0,5.0,2.0,1.0,1.0,0.0,2.0,2.0,180.0,6.0,4.011111111111111,18.0,18.0,3.0,0.0,9.0,9.0,0.0,0.2,20.011111111111116,31.784124088912435,314.62248171527864,,1.0
2026,2026-03-31,LG,김진성,687603,,,1.0,35.9,1.0,5.0,2.0,1.0,1.0,0.0,2.0,2.0,272.0,5.525735294117647,3.871323529411765,18.0,18.0,3.0,0.0,9.0,9.0,0.0,0.2,19.871323529411764,29.27177604511972,341.6260080900431,,1.0
2026,2026-04-01,LG,김진성,687603,중계,승,2.0,85.3,1.2,8.0,3.0,1.0,1.0,1.0,2.0,2.0,359.3333333333333,5.760667903525047,4.043599257884972,10.8,10.8,2.4,5.4,5.4,5.4,0.125,0.125,12.443599257884973,50.86049541129309,196.61625234149008,,1.6666666666666667
2026,2026-04-02,LG,김진성,687603,,,2.0,85.3,1.2,8.0,3.0,1.0,1.0,1.0,2.0,2.0,445.3333333333333,5.719311377245509,4.077844311377246,10.8,10.8,2.4,5.4,5.4,5.4,0.125,0.125,12.477844311377249,50.495361810416654,198.03799084646045,,1.6666666666666667
2026,2026-04-03,LG,김진성,687603,,,2.0,85.3,1.2,8.0,3.0,1.0,1.0,1.0,2.0,2.0,534.3333333333334,5.592014971927635,3.980661260137242,10.8,10.8,2.4,5.4,5.4,5.4,0.125,0.125,12.38066126013724,49.37147160411226,202.5461197548561,,1.6666666666666667
2026,2026-04-04,LG,김진성,687603,,,2.0,85.3,1.2,8.0,3.0,1.0,1.0,1.0,2.0,2.0,624.3333333333334,5.477843032568073,3.8873465029364658,10.8,10.8,2.4,5.4,5.4,5.4,0.125,0.125,12.287346502936463,48.363456301868894,206.76768710621647,,1.6666666666666667
2026,2026-04-05,LG,김진성,687603,중계,홀드,3.0,135.2,2.2,11.0,4.0,1.0,1.0,1.0,2.0,2.0,711.3333333333334,5.200093720712277,3.7085285848172447,6.75,6.75,1.875,3.375,3.375,3.375,0.0909090909090909,0.0909090909090909,8.958528584817245,73.45796626359706,136.13227412416964,,2.6666666666666665
2026,2026-04-06,LG,김진성,687603,,,3.0,135.2,2.2,11.0,4.0,1.0,1.0,1.0,2.0,2.0,711.3333333333334,5.200093720712277,3.7085285848172447,6.75,6.75,1.875,3.375,3.375,3.375,0.0909090909090909,0.0909090909090909,8.958528584817245,73.45796626359706,136.13227412416964,,2.6666666666666665
2026,2026-04-07,LG,김진성,687603,중계,홀드,4.0,185.1,3.2,16.0,6.0,1.0,1.0,3.0,2.0,2.0,801.3333333333334,5.031613976705491,3.697587354409318,4.909090909090909,4.909090909090909,1.9090909090909087,7.363636363636364,2.4545454545454546,2.4545454545454546,0.1875,0.0625,6.424860081682045,97.73221516856934,102.32040666173296,,3.6666666666666665
2026,2026-04-08,LG,김진성,687603,중계,승,5.0,229.0,4.2,20.0,7.0,2.0,1.0,4.0,3.0,3.0,888.3333333333334,4.984615384615385,3.578611632270169,5.785714285714286,5.785714285714286,1.7142857142857142,7.7142857142857135,1.9285714285714284,3.8571428571428568,0.2,0.05,8.078611632270169,82.14973610672752,121.7289363779352,,4.666666666666667
2026,2026-04-09,LG,김진성,687603,,,5.0,229.0,4.2,20.0,7.0,2.0,1.0,4.0,3.0,3.0,888.3333333333334,4.984615384615385,3.578611632270169,5.785714285714286,5.785714285714286,1.7142857142857142,7.7142857142857135,1.9285714285714284,3.8571428571428568,0.2,0.05,8.078611632270169,82.14973610672752,121.7289363779352,,4.666666666666667
2026,2026-04-10,LG,김진성,687603,,,5.0,229.0,4.2,20.0,7.0,2.0,1.0,4.0,3.0,3.0,980.3333333333334,4.966678000680041,3.5651139068344104,5.785714285714286,5.785714285714286,1.7142857142857142,7.7142857142857135,1.9285714285714284,3.8571428571428568,0.2,0.05,8.06511390683441,81.85411623577788,122.16856597895888,,4.666666666666667
2026,2026-04-11,LG,김진성,687603,중계,,6.0,279.9,5.2,24.0,8.0,2.0,1.0,5.0,3.0,3.0,1069.3333333333333,4.864713216957607,3.6013092269326688,4.764705882352941,4.764705882352941,1.588235294117647,7.941176470588235,1.588235294117647,3.176470588235294,0.2083333333333333,0.0416666666666666,6.954250403403257,97.35374167632594,102.71818861618296,,5.666666666666667
2026,2026-04-12,LG,김진성,687603,,,6.0,279.9,5.2,24.0,8.0,2.0,1.0,5.0,3.0,3.0,1155.3333333333333,4.759665320253895,3.5600115406809003,4.764705882352941,4.764705882352941,1.588235294117647,7.941176470588235,1.588235294117647,3.176470588235294,0.2083333333333333,0.0416666666666666,6.912952717151488,95.25149939744186,104.98522399394972,,5.666666666666667
2026,2026-03-29,삼성,이승현,719985,중계,,1.0,47.9,1.0,5.0,1.0,0.0,1.0,0.0,0.0,0.0,180.0,6.0,4.011111111111111,0.0,0.0,2.0,0.0,9.0,0.0,0.0,0.2,7.011111111111111,0.0,0.0,,1.0
2026,2026-03-30,삼성,이승현,719985,,,1.0,47.9,1.0,5.0,1.0,0.0,1.0,0.0,0.0,0.0,180.0,6.0,4.011111111111111,0.0,0.0,2.0,0.0,9.0,0.0,0.0,0.2,7.011111111111111,0.0,0.0,,1.0
2026,2026-03-31,삼성,이승현,719985,중계,,2.0,98.3,1.2,6.0,1.0,0.0,1.0,0.0,0.0,0.0,272.0,5.525735294117647,3.871323529411765,0.0,0.0,1.2,0.0,5.4,0.0,0.0,0.1666666666666666,5.671323529411764,0.0,0.0,,1.6666666666666667
2026,2026-04-01,삼성,이승현,719985,중계,,3.0,150.2,2.2,9.0,1.0,0.0,1.0,0.0,0.0,0.0,359.3333333333333,5.760667903525047,4.043599257884972,0.0,0.0,0.75,0.0,3.375,0.0,0.0,0.1111111111111111,5.168599257884972,0.0,0.0,,2.6666666666666665
2026,2026-04-02,삼성,이승현,719985,,,3.0,150.2,2.2,9.0,1.0,0.0,1.0,0.0,0.0,0.0,445.3333333333333,5.719311377245509,4.077844311377246,0.0,0.0,0.75,0.0,3.375,0.0,0.0,0.1111111111111111,5.202844311377246,0.0,0.0,,2.6666666666666665
2026,2026-04-03,삼성,이승현,719985,,,3.0,150.2,2.2,9.0,1.0,0.0,1.0,0.0,0.0,0.0,534.3333333333334,5.592014971927635,3.980661260137242,0.0,0.0,0.75,0.0,3.375,0.0,0.0,0.1111111111111111,5.105661260137242,0.0,0.0,,2.6666666666666665
2026,2026-04-04,삼성,이승현,719985,중계,승,4.0,205.6,4.0,13.0,1.0,0.0,1.0,2.0,0.0,0.0,624.3333333333334,5.477843032568073,3.8873465029364658,0.0,0.0,0.5,4.5,2.25,0.0,0.1538461538461538,0.0769230769230769,3.6373465029364658,0.0,0.0,,4.0
2026,2026-04-05,삼성,이승현,719985,중계,,5.0,255.0,4.2,16.0,2.0,0.0,1.0,3.0,0.0,0.0,711.3333333333334,5.200093720712277,3.7085285848172447,0.0,0.0,0.6428571428571428,5.785714285714286,1.9285714285714284,0.0,0.1875,0.0625,3.065671441960102,0.0,0.0,,4.666666666666667
2026,2026-04-06,삼성,이승현,719985,,,5.0,255.0,4.2,16.0,2.0,0.0,1.0,3.0,0.0,0.0,711.3333333333334,5.200093720712277,3.7085285848172447,0.0,0.0,0.6428571428571428,5.785714285714286,1.9285714285714284,0.0,0.1875,0.0625,3.065671441960102,0.0,0.0,,4.666666666666667
2026,2026-04-07,삼성,이승현,719985,,,5.0,255.0,4.2,16.0,2.0,0.0,1.0,3.0,0.0,0.0,801.3333333333334,5.031613976705491,3.697587354409318,0.0,0.0,0.6428571428571428,5.785714285714286,1.9285714285714284,0.0,0.1875,0.0625,3.054730211552175,0.0,0.0,,4.666666666666667
2026,2026-04-08,삼성,이승현,719985,,,5.0,255.0,4.2,16.0,2.0,0.0,1.0,3.0,0.0,0.0,888.3333333333334,4.984615384615385,3.578611632270169,0.0,0.0,0.6428571428571428,5.785714285714286,1.9285714285714284,0.0,0.1875,0.0625,2.9357544894130263,0.0,0.0,,4.666666666666667
2026,2026-04-09,삼성,이승현,719985,,,5.0,255.0,4.2,16.0,2.0,0.0,1.0,3.0,0.0,0.0,888.3333333333334,4.984615384615385,3.578611632270169,0.0,0.0,0.6428571428571428,5.785714285714286,1.9285714285714284,0.0,0.1875,0.0625,2.9357544894130263,0.0,0.0,,4.666666666666667
2026,2026-04-10,삼성,이승현,719985,중계,승,6.0,295.9,5.0,18.0,3.0,1.0,1.0,4.0,1.0,1.0,980.3333333333334,4.966678000680041,3.5651139068344104,1.8,1.8,0.8,7.2,1.8,1.8,0.2222222222222222,0.0555555555555555,5.16511390683441,287.60841964007085,34.76949670845713,,5.0
2026,2026-04-11,삼성,이승현,719985,중계,홀드,7.0,346.8,6.0,22.0,4.0,1.0,1.0,5.0,1.0,1.0,1069.3333333333333,4.864713216957607,3.6013092269326688,1.5,1.5,0.8333333333333334,7.5,1.5,1.5,0.2272727272727272,0.0454545454545454,4.601309226932669,338.04466006608976,29.581890150387053,,6.0
2026,2026-04-12,삼성,이승현,719985,,,7.0,346.8,6.0,22.0,4.0,1.0,1.0,5.0,1.0,1.0,1155.3333333333333,4.759665320253895,3.5600115406809003,1.5,1.5,0.8333333333333334,7.5,1.5,1.5,0.2272727272727272,0.0454545454545454,4.5600115406809,330.7449737437638,30.234775412633315,,6.0
2026,2026-03-28,SSG,문승원,725147,중계,,1.0,52.9,1.0,3.0,0.0,0.0,0.0,1.0,0.0,0.0,92.0,5.869565217391305,4.445652173913044,0.0,0.0,0.0,9.0,0.0,0.0,0.3333333333333333,0.0,2.445652173913044,0.0,0.0,,1.0
2026,2026-03-29,SSG,문승원,725147,,,1.0,52.9,1.0,3.0,0.0,0.0,0.0,1.0,0.0,0.0,180.0,6.0,4.011111111111111,0.0,0.0,0.0,9.0,0.0,0.0,0.3333333333333333,0.0,2.011111111111111,0.0,0.0,,1.0
2026,2026-03-30,SSG,문승원,725147,,,1.0,52.9,1.0,3.0,0.0,0.0,0.0,1.0,0.0,0.0,180.0,6.0,4.011111111111111,0.0,0.0,0.0,9.0,0.0,0.0,0.3333333333333333,0.0,2.011111111111111,0.0,0.0,,1.0
2026,2026-03-31,SSG,문승원,725147,,,1.0,52.9,1.0,3.0,0.0,0.0,0.0,1.0,0.0,0.0,272.0,5.525735294117647,3.871323529411765,0.0,0.0,0.0,9.0,0.0,0.0,0.3333333333333333,0.0,1.8713235294117645,0.0,0.0,,1.0
2026,2026-04-01,SSG,문승원,725147,중계,,2.0,104.8,2.0,6.0,0.0,0.0,0.0,1.0,0.0,0.0,359.3333333333333,5.760667903525047,4.043599257884972,0.0,0.0,0.0,4.5,0.0,0.0,0.1666666666666666,0.0,3.0435992578849724,0.0,0.0,,2.0
2026,2026-04-02,SSG,문승원,725147,,,2.0,104.8,2.0,6.0,0.0,0.0,0.0,1.0,0.0,0.0,445.3333333333333,5.719311377245509,4.077844311377246,0.0,0.0,0.0,4.5,0.0,0.0,0.1666666666666666,0.0,3.0778443113772456,0.0,0.0,,2.0
2026,2026-04-03,SSG,문승원,725147,,,2.0,104.8,2.0,6.0,0.0,0.0,0.0,1.0,0.0,0.0,534.3333333333334,5.592014971927635,3.980661260137242,0.0,0.0,0.0,4.5,0.0,0.0,0.1666666666666666,0.0,2.980661260137242,0.0,0.0,,2.0
2026,2026-04-04,SSG,문승원,725147,중계,,3.0,155.7,3.2,13.0,1.0,0.0,1.0,1.0,0.0,0.0,624.3333333333334,5.477843032568073,3.8873465029364658,0.0,0.0,0.5454545454545455,2.4545454545454546,2.4545454545454546,0.0,0.0769230769230769,0.0769230769230769,4.160073775663738,0.0,0.0,,3.6666666666666665
2026,2026-04-05,SSG,문승원,725147,,,3.0,155.7,3.2,13.0,1.0,0.0,1.0,1.0,0.0,0.0,711.3333333333334,5.200093720712277,3.7085285848172447,0.0,0.0,0.5454545454545455,2.4545454545454546,2.4545454545454546,0.0,0.0769230769230769,0.0769230769230769,3.9812558575445176,0.0,0.0,,3.6666666666666665
2026,2026-04-06,SSG,문승원,725147,,,3.0,155.7,3.2,13.0,1.0,0.0,1.0,1.0,0.0,0.0,711.3333333333334,5.200093720712277,3.7085285848172447,0.0,0.0,0.5454545454545455,2.4545454545454546,2.4545454545454546,0.0,0.0769230769230769,0.0769230769230769,3.9812558575445176,0.0,0.0,,3.6666666666666665
2026,2026-04-07,SSG,문승원,725147,중계,,4.0,204.1,5.0,20.0,2.0,0.0,3.0,2.0,0.0,0.0,801.3333333333334,5.031613976705491,3.697587354409318,0.0,0.0,1.0,3.6,5.4,0.0,0.1,0.15,4.697587354409318,0.0,0.0,,5.0
2026,2026-04-08,SSG,문승원,725147,,,4.0,204.1,5.0,20.0,2.0,0.0,3.0,2.0,0.0,0.0,888.3333333333334,4.984615384615385,3.578611632270169,0.0,0.0,1.0,3.6,5.4,0.0,0.1,0.15,4.578611632270169,0.0,0.0,,5.0
2026,2026-04-09,SSG,문승원,725147,,,4.0,204.1,5.0,20.0,2.0,0.0,3.0,2.0,0.0,0.0,888.3333333333334,4.984615384615385,3.578611632270169,0.0,0.0,1.0,3.6,5.4,0.0,0.1,0.15,4.578611632270169,0.0,0.0,,5.0
2026,2026-04-10,SSG,문승원,725147,,,4.0,204.1,5.0,20.0,2.0,0.0,3.0,2.0,0.0,0.0,980.3333333333334,4.966678000680041,3.5651139068344104,0.0,0.0,1.0,3.6,5.4,0.0,0.1,0.15,4.56511390683441,0.0,0.0,,5.0
2026,2026-04-11,SSG,문승원,725147,,,4.0,204.1,5.0,20.0,2.0,0.0,3.0,2.0,0.0,0.0,1069.3333333333333,4.864713216957607,3.6013092269326688,0.0,0.0,1.0,3.6,5.4,0.0,0.1,0.15,4.601309226932669,0.0,0.0,,5.0
2026,2026-04-12,SSG,문승원,725147,중계,,5.0,241.5,5.2,26.0,3.0,0.0,4.0,2.0,3.0,0.0,1155.3333333333333,4.759665320253895,3.5600115406809003,0.0,4.764705882352941,1.2352941176470589,3.176470588235294,6.352941176470588,0.0,0.0769230769230769,0.1538461538461538,4.971776246563254,0.0,0.0,,5.666666666666667
2026,2026-03-28,삼성,임기영,811244,중계,,1.0,38.4,0.2,5.0,3.0,1.0,0.0,1.0,1.0,1.0,92.0,5.869565217391305,4.445652173913044,13.5,13.5,4.5,13.5,0.0,13.5,0.2,0.0,20.945652173913043,45.31899392758704,220.65803172900308,,0.6666666666666666
2026,2026-03-29,삼성,임기영,811244,,,1.0,38.4,0.2,5.0,3.0,1.0,0.0,1.0,1.0,1.0,180.0,6.0,4.011111111111111,13.5,13.5,4.5,13.5,0.0,13.5,0.2,0.0,20.511111111111116,46.32608268153342,215.86111799576392,,0.6666666666666666
2026,2026-03-30,삼성,임기영,811244,,,1.0,38.4,0.2,5.0,3.0,1.0,0.0,1.0,1.0,1.0,180.0,6.0,4.011111111111111,13.5,13.5,4.5,13.5,0.0,13.5,0.2,0.0,20.511111111111116,46.32608268153342,215.86111799576392,,0.6666666666666666
2026,2026-03-31,삼성,임기영,811244,,,1.0,38.4,0.2,5.0,3.0,1.0,0.0,1.0,1.0,1.0,272.0,5.525735294117647,3.871323529411765,13.5,13.5,4.5,13.5,0.0,13.5,0.2,0.0,20.371323529411764,42.66427835192692,234.3881201391129,,0.6666666666666666
2026,2026-04-01,삼성,임기영,811244,중계,,2.0,81.3,1.2,9.0,4.0,2.0,0.0,1.0,2.0,2.0,359.3333333333333,5.760667903525047,4.043599257884972,10.8,10.8,2.4,5.4,0.0,10.8,0.1111111111111111,0.0,18.44359925788497,55.597745333241065,179.86340884980362,,1.6666666666666667
2026,2026-04-02,삼성,임기영,811244,,,2.0,81.3,1.2,9.0,4.0,2.0,0.0,1.0,2.0,2.0,445.3333333333333,5.719311377245509,4.077844311377246,10.8,10.8,2.4,5.4,0.0,10.8,0.1111111111111111,0.0,18.477844311377243,55.1986024466063,181.1640069995072,,1.6666666666666667
2026,2026-04-03,삼성,임기영,811244,,,2.0,81.3,1.2,9.0,4.0,2.0,0.0,1.0,2.0,2.0,534.3333333333334,5.592014971927635,3.980661260137242,10.8,10.8,2.4,5.4,0.0,10.8,0.1111111111111111,0.0,18.38066126013724,53.97003082206092,185.2880172140345,,1.6666666666666667
2026,2026-04-04,삼성,임기영,811244,,,2.0,81.3,1.2,9.0,4.0,2.0,0.0,1.0,2.0,2.0,624.3333333333334,5.477843032568073,3.8873465029364658,10.8,10.8,2.4,5.4,0.0,10.8,0.1111111111111111,0.0,18.287346502936465,52.868126925668825,189.1498825759372,,1.6666666666666667
2026,2026-04-05,삼성,임기영,811244,,,2.0,81.3,1.2,9.0,4.0,2.0,0.0,1.0,2.0,2.0,711.3333333333334,5.200093720712277,3.7085285848172447,10.8,10.8,2.4,5.4,0.0,10.8,0.1111111111111111,0.0,18.108528584817243,50.18749409529995,199.25282543518145,,1.6666666666666667
2026,2026-04-06,삼성,임기영,811244,,,2.0,81.3,1.2,9.0,4.0,2.0,0.0,1.0,2.0,2.0,711.3333333333334,5.200093720712277,3.7085285848172447,10.8,10.8,2.4,5.4,0.0,10.8,0.1111111111111111,0.0,18.108528584817243,50.18749409529995,199.25282543518145,,1.6666666666666667
2026,2026-04-07,삼성,임기영,811244,중계,,3.0,131.2,2.2,13.0,4.0,2.0,1.0,1.0,2.0,2.0,801.3333333333334,5.031613976705491,3.697587354409318,6.75,6.75,1.875,3.375,3.375,6.75,0.0769230769230769,0.0769230769230769,13.822587354409318,77.69832170213925,128.70290864628382,,2.6666666666666665
2026,2026-04-08,삼성,임기영,811244,중계,,4.0,185.6,5.1,25.0,7.0,2.0,2.0,4.0,2.0,2.0,888.3333333333334,4.984615384615385,3.578611632270169,3.375,3.375,1.6875,6.75,3.375,3.375,0.16,0.08,8.078611632270169,153.9451362955572,64.9582068042808,,5.333333333333333
2026,2026-04-09,삼성,임기영,811244,,,4.0,185.6,5.1,25.0,7.0,2.0,2.0,4.0,2.0,2.0,888.3333333333334,4.984615384615385,3.578611632270169,3.375,3.375,1.6875,6.75,3.375,3.375,0.16,0.08,8.078611632270169,153.9451362955572,64.9582068042808,,5.333333333333333
2026,2026-04-10,삼성,임기영,811244,,,4.0,185.6,5.1,25.0,7.0,2.0,2.0,4.0,2.0,2.0,980.3333333333334,4.966678000680041,3.5651139068344104,3.375,3.375,1.6875,6.75,3.375,3.375,0.16,0.08,8.06511390683441,153.39115714137114,65.19280632835711,,5.333333333333333
2026,2026-04-11,삼성,임기영,811244,,,4.0,185.6,5.1,25.0,7.0,2.0,2.0,4.0,2.0,2.0,1069.3333333333333,4.864713216957607,3.6013092269326688,3.375,3.375,1.6875,6.75,3.375,3.375,0.16,0.08,8.101309226932669,150.24207114048434,66.55925283837087,,5.333333333333333
2026,2026-04-12,삼성,임기영,811244,중계,,5.0,236.0,6.0,27.0,7.0,2.0,2.0,4.0,2.0,2.0,1155.3333333333333,4.759665320253895,3.5600115406809003,3.0,3.0,1.5,6.0,3.0,3.0,0.1481481481481481,0.074074074074074,7.5600115406809,165.3724868718819,60.46955082526663,,6.0
2026,2026-03-28,KIA,조상우,834583,중계,패,1.0,38.4,0.0,3.0,1.0,0.0,2.0,0.0,1.0,1.0,92.0,5.869565217391305,4.445652173913044,0.0,0.0,0.0,0.0,0.0,0.0,0.0,0.6666666666666666,4.445652173913044,0.0,0.0,,0.0
2026,2026-03-29,KIA,조상우,834583,,,1.0,38.4,0.0,3.0,1.0,0.0,2.0,0.0,1.0,1.0,180.0,6.0,4.011111111111111,0.0,0.0,0.0,0.0,0.0,0.0,0.0,0.6666666666666666,4.011111111111111,0.0,0.0,,0.0
2026,2026-03-30,KIA,조상우,834583,,,1.0,38.4,0.0,3.0,1.0,0.0,2.0,0.0,1.0,1.0,180.0,6.0,4.011111111111111,0.0,0.0,0.0,0.0,0.0,0.0,0.0,0.6666666666666666,4.011111111111111,0.0,0.0,,0.0
2026,2026-03-31,KIA,조상우,834583,,,1.0,38.4,0.0,3.0,1.0,0.0,2.0,0.0,1.0,1.0,272.0,5.525735294117647,3.871323529411765,0.0,0.0,0.0,0.0,0.0,0.0,0.0,0.6666666666666666,3.871323529411765,0.0,0.0,,0.0
2026,2026-04-01,KIA,조상우,834583,중계,,2.0,91.3,1.2,8.0,2.0,0.0,2.0,0.0,1.0,1.0,359.3333333333333,5.760667903525047,4.043599257884972,5.4,5.4,2.4,0.0,10.8,0.0,0.0,0.25,7.643599257884972,106.54481642573938,93.85721741770418,,1.6666666666666667
2026,2026-04-02,KIA,조상우,834583,,,2.0,91.3,1.2,8.0,2.0,0.0,2.0,0.0,1.0,1.0,445.3333333333333,5.719311377245509,4.077844311377246,5.4,5.4,2.4,0.0,10.8,0.0,0.0,0.25,7.677844311377245,105.77991840102192,94.53590200447152,,1.6666666666666667
2026,2026-04-03,KIA,조상우,834583,중계,,3.0,131.2,2.2,13.0,5.0,0.0,2.0,0.0,3.0,2.0,534.3333333333334,5.592014971927635,3.980661260137242,6.75,10.125,2.625,0.0,6.75,0.0,0.0,0.1538461538461538,6.230661260137242,82.74043477068847,120.8598918740827,,2.6666666666666665
2026,2026-04-04,KIA,조상우,834583,,,3.0,131.2,2.2,13.0,5.0,0.0,2.0,0.0,3.0,2.0,624.3333333333334,5.477843032568073,3.8873465029364658,6.75,10.125,2.625,0.0,6.75,0.0,0.0,0.1538461538461538,6.137346502936466,81.05112672186425,123.37891408118344,,2.6666666666666665
2026,2026-04-05,KIA,조상우,834583,,,3.0,131.2,2.2,13.0,5.0,0.0,2.0,0.0,3.0,2.0,711.3333333333334,5.200093720712277,3.7085285848172447,6.75,10.125,2.625,0.0,6.75,0.0,0.0,0.1538461538461538,5.958528584817245,76.94149916622017,129.96887386346023,,2.6666666666666665
2026,2026-04-06,KIA,조상우,834583,,,3.0,131.2,2.2,13.0,5.0,0.0,2.0,0.0,3.0,2.0,711.3333333333334,5.200093720712277,3.7085285848172447,6.75,10.125,2.625,0.0,6.75,0.0,0.0,0.1538461538461538,5.958528584817245,76.94149916622017,129.96887386346023,,2.6666666666666665
2026,2026-04-07,KIA,조상우,834583,,,3.0,131.2,2.2,13.0,5.0,0.0,2.0,0.0,3.0,2.0,801.3333333333334,5.031613976705491,3.697587354409318,6.75,10.125,2.625,0.0,6.75,0.0,0.0,0.1538461538461538,5.947587354409318,74.44864331029773,134.32078215744733,,2.6666666666666665
2026,2026-04-08,KIA,조상우,834583,중계,승,4.0,182.6,4.0,18.0,6.0,0.0,2.0,0.0,3.0,2.0,888.3333333333334,4.984615384615385,3.578611632270169,4.5,6.75,2.0,0.0,4.5,0.0,0.0,0.1111111111111111,5.078611632270169,110.62986584214296,90.39150435442936,,4.0
2026,2026-04-09,KIA,조상우,834583,,,4.0,182.6,4.0,18.0,6.0,0.0,2.0,0.0,3.0,2.0,888.3333333333334,4.984615384615385,3.578611632270169,4.5,6.75,2.0,0.0,4.5,0.0,0.0,0.1111111111111111,5.078611632270169,110.62986584214296,90.39150435442936,,4.0
2026,2026-04-10,KIA,조상우,834583,,,4.0,182.6,4.0,18.0,6.0,0.0,2.0,0.0,3.0,2.0,980.3333333333334,4.966678000680041,3.5651139068344104,4.5,6.75,2.0,0.0,4.5,0.0,0.0,0.1111111111111111,5.06511390683441,110.23175882179976,90.7179573916258,,4.0
2026,2026-04-11,KIA,조상우,834583,,,4.0,182.6,4.0,18.0,6.0,0.0,2.0,0.0,3.0,2.0,1069.3333333333333,4.864713216957607,3.6013092269326688,4.5,6.75,2.0,0.0,4.5,0.0,0.0,0.1111111111111111,5.101309226932669,107.96872557380796,92.61941313889038,,4.0
2026,2026-04-12,KIA,조상우,834583,중계,,5.0,235.5,5.0,21.0,6.0,0.0,2.0,1.0,3.0,2.0,1155.3333333333333,4.759665320253895,3.5600115406809003,3.6,5.4,1.6,1.8,3.6,0.0,0.0476190476190476,0.0952380952380952,4.3600115406809,132.04658113100805,75.7308512976845,,5.0
2026,2026-03-28,롯데,김원중,836135,중계,,1.0,36.9,0.1,4.0,3.0,0.0,0.0,0.0,2.0,2.0,92.0,5.869565217391305,4.445652173913044,54.0,54.0,9.0,0.0,0.0,0.0,0.0,0.0,4.445652173913044,11.42721432539902,875.1039155512485,,0.3333333333333333
2026,2026-03-29,롯데,김원중,836135,중계,,2.0,86.8,1.1,8.0,4.0,0.0,0.0,0.0,2.0,2.0,180.0,6.0,4.011111111111111,13.5,13.5,3.0,0.0,0.0,0.0,0.0,0.0,4.011111111111111,46.72460968607599,214.01997934677277,,1.3333333333333333
2026,2026-03-30,롯데,김원중,836135,,,2.0,86.8,1.1,8.0,4.0,0.0,0.0,0.0,2.0,2.0,180.0,6.0,4.011111111111111,13.5,13.5,3.0,0.0,0.0,0.0,0.0,0.0,4.011111111111111,46.72460968607599,214.01997934677277,,1.3333333333333333
2026,2026-03-31,롯데,김원중,836135,,,2.0,86.8,1.1,8.0,4.0,0.0,0.0,0.0,2.0,2.0,272.0,5.525735294117647,3.871323529411765,13.5,13.5,3.0,0.0,0.0,0.0,0.0,0.0,3.871323529411765,43.03130414103689,232.3889596100686,,1.3333333333333333
2026,2026-04-01,롯데,김원중,836135,중계,패,3.0,124.7,1.2,13.0,5.0,0.0,3.0,0.0,3.0,3.0,359.3333333333333,5.760667903525047,4.043599257884972,16.2,16.2,4.8,0.0,16.2,0.0,0.0,0.2307692307692307,9.443599257884973,37.38402212823798,267.4939567951548,,1.6666666666666667
2026,2026-04-02,롯데,김원중,836135,,,3.0,124.7,1.2,13.0,5.0,0.0,3.0,0.0,3.0,3.0,445.3333333333333,5.719311377245509,4.077844311377246,16.2,16.2,4.8,0.0,16.2,0.0,0.0,0.2307692307692307,9.477844311377243,37.11563774651807,269.4282142824861,,1.6666666666666667
2026,2026-04-03,롯데,김원중,836135,,,3.0,124.7,1.2,13.0,5.0,0.0,3.0,0.0,3.0,3.0,534.3333333333334,5.592014971927635,3.980661260137242,16.2,16.2,4.8,0.0,16.2,0.0,0.0,0.2307692307692307,9.38066126013724,36.2895440169461,275.5614673838367,,1.6666666666666667
2026,2026-04-04,롯데,김원중,836135,,,3.0,124.7,1.2,13.0,5.0,0.0,3.0,0.0,3.0,3.0,624.3333333333334,5.477843032568073,3.8873465029364658,16.2,16.2,4.8,0.0,16.2,0.0,0.0,0.2307692307692307,9.287346502936463,35.54862189143528,281.3048570642143,,1.6666666666666667
2026,2026-04-05,롯데,김원중,836135,중계,,4.0,177.6,2.2,16.0,5.0,0.0,3.0,1.0,3.0,3.0,711.3333333333334,5.200093720712277,3.7085285848172447,10.125,10.125,3.0,3.375,10.125,0.0,0.0625,0.1875,6.333528584817245,53.99385542917684,185.20625949959975,,2.6666666666666665
2026,2026-04-06,롯데,김원중,836135,,,4.0,177.6,2.2,16.0,5.0,0.0,3.0,1.0,3.0,3.0,711.3333333333334,5.200093720712277,3.7085285848172447,10.125,10.125,3.0,3.375,10.125,0.0,0.0625,0.1875,6.333528584817245,53.99385542917684,185.20625949959975,,2.6666666666666665
2026,2026-04-07,롯데,김원중,836135,중계,,5.0,220.5,3.2,22.0,7.0,0.0,4.0,1.0,4.0,4.0,801.3333333333334,5.031613976705491,3.697587354409318,9.818181818181818,9.818181818181818,3.0,2.4545454545454546,9.818181818181818,0.0,0.0454545454545454,0.1818181818181818,6.424860081682045,53.87712897246366,185.60751455614775,,3.6666666666666665
2026,2026-04-08,롯데,김원중,836135,,,5.0,220.5,3.2,22.0,7.0,0.0,4.0,1.0,4.0,4.0,888.3333333333334,4.984615384615385,3.578611632270169,9.818181818181818,9.818181818181818,3.0,2.4545454545454546,9.818181818181818,0.0,0.0454545454545454,0.1818181818181818,6.305884359542897,53.37388106447912,187.35755767730947,,3.6666666666666665
2026,2026-04-09,롯데,김원중,836135,,,5.0,220.5,3.2,22.0,7.0,0.0,4.0,1.0,4.0,4.0,888.3333333333334,4.984615384615385,3.578611632270169,9.818181818181818,9.818181818181818,3.0,2.4545454545454546,9.818181818181818,0.0,0.0454545454545454,0.1818181818181818,6.305884359542897,53.37388106447912,187.35755767730947,,3.6666666666666665
2026,2026-04-10,롯데,김원중,836135,,,5.0,220.5,3.2,22.0,7.0,0.0,4.0,1.0,4.0,4.0,980.3333333333334,4.966678000680041,3.5651139068344104,9.818181818181818,9.818181818181818,3.0,2.4545454545454546,9.818181818181818,0.0,0.0454545454545454,0.1818181818181818,6.292386634107138,53.18181252500306,188.03420803490985,,3.6666666666666665
2026,2026-04-11,롯데,김원중,836135,,,5.0,220.5,3.2,22.0,7.0,0.0,4.0,1.0,4.0,4.0,1069.3333333333333,4.864713216957607,3.6013092269326688,9.818181818181818,9.818181818181818,3.0,2.4545454545454546,9.818181818181818,0.0,0.0454545454545454,0.1818181818181818,6.328581954205396,52.090001859738166,191.9754202913416,,3.6666666666666665
2026,2026-04-12,롯데,김원중,836135,중계,,6.0,270.4,4.2,26.0,7.0,0.0,5.0,1.0,4.0,4.0,1155.3333333333333,4.759665320253895,3.5600115406809003,7.7142857142857135,7.7142857142857135,2.571428571428571,1.9285714285714284,9.642857142857142,0.0,0.0384615384615384,0.1923076923076923,6.345725826395186,64.86477209485442,154.16688715681587,,4.666666666666667
2026,2026-04-01,한화,박상원,841120,중계,,1.0,38.9,1.0,6.0,2.0,0.0,1.0,2.0,3.0,3.0,359.3333333333333,5.760667903525047,4.043599257884972,27.0,27.0,3.0,18.0,9.0,0.0,0.3333333333333333,0.1666666666666666,3.0435992578849724,21.761560047808917,459.52587856893376,,1.0
2026,2026-04-02,한화,박상원,841120,,,1.0,38.9,1.0,6.0,2.0,0.0,1.0,2.0,3.0,3.0,445.3333333333333,5.719311377245509,4.077844311377246,27.0,27.0,3.0,18.0,9.0,0.0,0.3333333333333333,0.1666666666666666,3.0778443113772456,21.60533119638524,462.8487251180434,,1.0
2026,2026-04-03,한화,박상원,841120,중계,,2.0,81.8,1.1,9.0,3.0,0.0,2.0,3.0,4.0,4.0,534.3333333333334,5.592014971927635,3.980661260137242,27.0,27.0,3.75,20.25,13.5,0.0,0.3333333333333333,0.2222222222222222,3.980661260137242,21.12445494825088,473.3849949973742,,1.3333333333333333
2026,2026-04-04,한화,박상원,841120,중계,,3.0,132.7,2.1,13.0,4.0,0.0,2.0,4.0,4.0,4.0,624.3333333333334,5.477843032568073,3.8873465029364658,15.428571428571429,15.428571428571429,2.571428571428571,15.428571428571429,7.7142857142857135,0.0,0.3076923076923077,0.1538461538461538,3.030203645793609,36.21302618787061,276.1437265176545,,2.333333333333333
2026,2026-04-05,한화,박상원,841120,,,3.0,132.7,2.1,13.0,4.0,0.0,2.0,4.0,4.0,4.0,711.3333333333334,5.200093720712277,3.7085285848172447,15.428571428571429,15.428571428571429,2.571428571428571,15.428571428571429,7.7142857142857135,0.0,0.3076923076923077,0.1538461538461538,2.8513857276743875,34.376875892198186,290.8932164562835,,2.333333333333333
2026,2026-04-06,한화,박상원,841120,,,3.0,132.7,2.1,13.0,4.0,0.0,2.0,4.0,4.0,4.0,711.3333333333334,5.200093720712277,3.7085285848172447,15.428571428571429,15.428571428571429,2.571428571428571,15.428571428571429,7.7142857142857135,0.0,0.3076923076923077,0.1538461538461538,2.8513857276743875,34.376875892198186,290.8932164562835,,2.333333333333333
2026,2026-04-07,한화,박상원,841120,중계,홀드,4.0,184.6,3.1,17.0,4.0,0.0,3.0,6.0,4.0,4.0,801.3333333333334,5.031613976705491,3.697587354409318,10.8,10.8,2.1,16.2,8.1,0.0,0.3529411764705882,0.1764705882352941,2.797587354409318,47.51869554243393,210.44348726008383,,3.333333333333333
2026,2026-04-08,한화,박상원,841120,중계,홀드,5.0,237.5,4.1,20.0,4.0,0.0,3.0,7.0,4.0,4.0,888.3333333333334,4.984615384615385,3.578611632270169,8.307692307692308,8.307692307692308,1.6153846153846154,14.53846153846154,6.230769230769231,0.0,0.35,0.15,2.424765478424015,61.19729147357741,163.4059246611855,,4.333333333333333
2026,2026-04-09,한화,박상원,841120,,,5.0,237.5,4.1,20.0,4.0,0.0,3.0,7.0,4.0,4.0,888.3333333333334,4.984615384615385,3.578611632270169,8.307692307692308,8.307692307692308,1.6153846153846154,14.53846153846154,6.230769230769231,0.0,0.35,0.15,2.424765478424015,61.19729147357741,163.4059246611855,,4.333333333333333
2026,2026-04-10,한화,박상원,841120,,,5.0,237.5,4.1,20.0,4.0,0.0,3.0,7.0,4.0,4.0,980.3333333333334,4.966678000680041,3.5651139068344104,8.307692307692308,8.307692307692308,1.6153846153846154,14.53846153846154,6.230769230769231,0.0,0.35,0.15,2.411267752988256,60.97707000647029,163.99607260465118,,4.333333333333333
2026,2026-04-11,한화,박상원,841120,중계,패,6.0,277.4,5.1,27.0,8.0,0.0,3.0,9.0,6.0,6.0,1069.3333333333333,4.864713216957607,3.6013092269326688,10.125,10.125,2.0625,15.1875,5.0625,0.0,0.3333333333333333,0.1111111111111111,1.9138092269326688,49.00531237424183,204.05950937793023,,5.333333333333333
2026,2026-04-12,한화,박상원,841120,중계,,7.0,310.8,6.0,33.0,11.0,0.0,4.0,9.0,9.0,9.0,1155.3333333333333,4.759665320253895,3.5600115406809003,13.5,13.5,2.5,13.5,6.0,0.0,0.2727272727272727,0.1212121212121212,2.5600115406809003,35.960324187685906,278.0842560764332,,6.0
2026,2026-03-28,LG,배재준,873442,중계,,1.0,47.9,1.2,8.0,3.0,0.0,1.0,1.0,0.0,0.0,92.0,5.869565217391305,4.445652173913044,0.0,0.0,2.4,5.4,5.4,0.0,0.125,0.125,5.045652173913044,0.0,0.0,,1.6666666666666667
2026,2026-03-29,LG,배재준,873442,,,1.0,47.9,1.2,8.0,3.0,0.0,1.0,1.0,0.0,0.0,180.0,6.0,4.011111111111111,0.0,0.0,2.4,5.4,5.4,0.0,0.125,0.125,4.611111111111111,0.0,0.0,,1.6666666666666667
2026,2026-03-30,LG,배재준,873442,,,1.0,47.9,1.2,8.0,3.0,0.0,1.0,1.0,0.0,0.0,180.0,6.0,4.011111111111111,0.0,0.0,2.4,5.4,5.4,0.0,0.125,0.125,4.611111111111111,0.0,0.0,,1.6666666666666667
2026,2026-03-31,LG,배재준,873442,,,1.0,47.9,1.2,8.0,3.0,0.0,1.0,1.0,0.0,0.0,272.0,5.525735294117647,3.871323529411765,0.0,0.0,2.4,5.4,5.4,0.0,0.125,0.125,4.471323529411764,0.0,0.0,,1.6666666666666667
2026,2026-04-01,LG,배재준,873442,중계,,2.0,88.3,2.1,14.0,5.0,0.0,3.0,2.0,1.0,1.0,359.3333333333333,5.760667903525047,4.043599257884972,3.8571428571428568,3.8571428571428568,3.4285714285714284,7.7142857142857135,11.571428571428571,0.0,0.1428571428571428,0.2142857142857142,6.186456400742115,142.40938715162065,70.22009012196074,,2.333333333333333
2026,2026-04-02,LG,배재준,873442,,,2.0,88.3,2.1,14.0,5.0,0.0,3.0,2.0,1.0,1.0,445.3333333333333,5.719311377245509,4.077844311377246,3.8571428571428568,3.8571428571428568,3.4285714285714284,7.7142857142857135,11.571428571428571,0.0,0.1428571428571428,0.2142857142857142,6.220701454234389,141.3870130691666,70.72785387373587,,2.333333333333333
2026,2026-04-03,LG,배재준,873442,중계,,3.0,136.2,3.1,18.0,5.0,0.0,5.0,2.0,1.0,1.0,534.3333333333334,5.592014971927635,3.980661260137242,2.7,2.7,3.0,5.4,13.5,0.0,0.1111111111111111,0.2777777777777778,7.280661260137242,197.48588641644903,50.63652993871403,,3.333333333333333
2026,2026-04-04,LG,배재준,873442,중계,승,4.0,185.1,3.2,19.0,5.0,0.0,5.0,2.0,1.0,1.0,624.3333333333334,5.477843032568073,3.8873465029364658,2.4545454545454546,2.4545454545454546,2.7272727272727275,4.909090909090909,12.272727272727272,0.0,0.1052631578947368,0.2631578947368421,6.887346502936466,212.7992077282231,46.99265616050374,,3.6666666666666665
2026,2026-04-05,LG,배재준,873442,,,4.0,185.1,3.2,19.0,5.0,0.0,5.0,2.0,1.0,1.0,711.3333333333334,5.200093720712277,3.7085285848172447,2.4545454545454546,2.4545454545454546,2.7272727272727275,4.909090909090909,12.272727272727272,0.0,0.1052631578947368,0.2631578947368421,6.708528584817245,202.0094072248919,49.50264513606169,,3.6666666666666665
2026,2026-04-06,LG,배재준,873442,,,4.0,185.1,3.2,19.0,5.0,0.0,5.0,2.0,1.0,1.0,711.3333333333334,5.200093720712277,3.7085285848172447,2.4545454545454546,2.4545454545454546,2.7272727272727275,4.909090909090909,12.272727272727272,0.0,0.1052631578947368,0.2631578947368421,6.708528584817245,202.0094072248919,49.50264513606169,,3.6666666666666665
2026,2026-04-07,LG,배재준,873442,,,4.0,185.1,3.2,19.0,5.0,0.0,5.0,2.0,1.0,1.0,801.3333333333334,5.031613976705491,3.697587354409318,2.4545454545454546,2.4545454545454546,2.7272727272727275,4.909090909090909,12.272727272727272,0.0,0.1052631578947368,0.2631578947368421,6.697587354409318,195.46443033713868,51.16020333086647,,3.6666666666666665
2026,2026-04-08,LG,배재준,873442,중계,,5.0,245.5,5.2,25.0,5.0,0.0,5.0,6.0,1.0,1.0,888.3333333333334,4.984615384615385,3.578611632270169,1.588235294117647,1.588235294117647,1.7647058823529411,9.529411764705882,7.941176470588235,0.0,0.24,0.2,4.108023396976051,299.2597529602217,33.41578645668809,,5.666666666666667
2026,2026-04-09,LG,배재준,873442,,,5.0,245.5,5.2,25.0,5.0,0.0,5.0,6.0,1.0,1.0,888.3333333333334,4.984615384615385,3.578611632270169,1.588235294117647,1.588235294117647,1.7647058823529411,9.529411764705882,7.941176470588235,0.0,0.24,0.2,4.108023396976051,299.2597529602217,33.41578645668809,,5.666666666666667
2026,2026-04-10,LG,배재준,873442,중계,,6.0,289.9,6.1,29.0,6.0,0.0,6.0,7.0,2.0,2.0,980.3333333333334,4.966678000680041,3.5651139068344104,2.8421052631578947,2.8421052631578947,1.8947368421052635,9.947368421052632,8.526315789473685,0.0,0.2413793103448276,0.2068965517241379,4.196692854202832,166.6315937656907,60.01262890194471,,6.333333333333333
2026,2026-04-11,LG,배재준,873442,,,6.0,289.9,6.1,29.0,6.0,0.0,6.0,7.0,2.0,2.0,1069.3333333333333,4.864713216957607,3.6013092269326688,2.8421052631578947,2.8421052631578947,1.8947368421052635,9.947368421052632,8.526315789473685,0.0,0.2413793103448276,0.2068965517241379,4.23288817430109,163.210684575017,61.270498472810885,,6.333333333333333
2026,2026-04-12,LG,배재준,873442,,,6.0,289.9,6.1,29.0,6.0,0.0,6.0,7.0,2.0,2.0,1155.3333333333333,4.759665320253895,3.5600115406809003,2.8421052631578947,2.8421052631578947,1.8947368421052635,9.947368421052632,8.526315789473685,0.0,0.2413793103448276,0.2068965517241379,4.1915904880493216,159.6863372251231,62.62276518937352,,6.333333333333333
2026,2026-03-29,LG,장현식,925563,중계,,1.0,49.9,1.0,3.0,0.0,0.0,1.0,0.0,0.0,0.0,180.0,6.0,4.011111111111111,0.0,0.0,1.0,0.0,9.0,0.0,0.0,0.3333333333333333,7.011111111111111,0.0,0.0,,1.0
2026,2026-03-30,LG,장현식,925563,,,1.0,49.9,1.0,3.0,0.0,0.0,1.0,0.0,0.0,0.0,180.0,6.0,4.011111111111111,0.0,0.0,1.0,0.0,9.0,0.0,0.0,0.3333333333333333,7.011111111111111,0.0,0.0,,1.0
2026,2026-03-31,LG,장현식,925563,,,1.0,49.9,1.0,3.0,0.0,0.0,1.0,0.0,0.0,0.0,272.0,5.525735294117647,3.871323529411765,0.0,0.0,1.0,0.0,9.0,0.0,0.0,0.3333333333333333,6.8713235294117645,0.0,0.0,,1.0
2026,2026-04-01,LG,장현식,925563,중계,홀드,2.0,101.8,2.0,6.0,0.0,0.0,1.0,0.0,0.0,0.0,359.3333333333333,5.760667903525047,4.043599257884972,0.0,0.0,0.5,0.0,4.5,0.0,0.0,0.1666666666666666,5.543599257884972,0.0,0.0,,2.0
2026,2026-04-02,LG,장현식,925563,중계,홀드,3.0,153.7,3.0,9.0,0.0,0.0,1.0,0.0,0.0,0.0,445.3333333333333,5.719311377245509,4.077844311377246,0.0,0.0,0.3333333333333333,0.0,3.0,0.0,0.0,0.1111111111111111,5.077844311377246,0.0,0.0,,3.0
2026,2026-04-03,LG,장현식,925563,,,3.0,153.7,3.0,9.0,0.0,0.0,1.0,0.0,0.0,0.0,534.3333333333334,5.592014971927635,3.980661260137242,0.0,0.0,0.3333333333333333,0.0,3.0,0.0,0.0,0.1111111111111111,4.980661260137242,0.0,0.0,,3.0
2026,2026-04-04,LG,장현식,925563,,,3.0,153.7,3.0,9.0,0.0,0.0,1.0,0.0,0.0,0.0,624.3333333333334,5.477843032568073,3.8873465029364658,0.0,0.0,0.3333333333333333,0.0,3.0,0.0,0.0,0.1111111111111111,4.887346502936466,0.0,0.0,,3.0
2026,2026-04-05,LG,장현식,925563,중계,홀드,4.0,202.6,4.0,14.0,2.0,0.0,1.0,1.0,0.0,0.0,711.3333333333334,5.200093720712277,3.7085285848172447,0.0,0.0,0.75,2.25,2.25,0.0,0.0714285714285714,0.0714285714285714,3.9585285848172447,0.0,0.0,,4.0
2026,2026-04-06,LG,장현식,925563,,,4.0,202.6,4.0,14.0,2.0,0.0,1.0,1.0,0.0,0.0,711.3333333333334,5.200093720712277,3.7085285848172447,0.0,0.0,0.75,2.25,2.25,0.0,0.0714285714285714,0.0714285714285714,3.9585285848172447,0.0,0.0,,4.0
2026,2026-04-07,LG,장현식,925563,중계,홀드,5.0,253.5,5.0,18.0,3.0,0.0,1.0,2.0,0.0,0.0,801.3333333333334,5.031613976705491,3.697587354409318,0.0,0.0,0.8,3.6,1.8,0.0,0.1111111111111111,0.0555555555555555,3.4975873544093177,0.0,0.0,,5.0
2026,2026-04-08,LG,장현식,925563,중계,홀드,6.0,294.4,6.0,23.0,5.0,1.0,1.0,2.0,1.0,1.0,888.3333333333334,4.984615384615385,3.578611632270169,1.5,1.5,1.0,3.0,1.5,1.5,0.0869565217391304,0.0434782608695652,5.578611632270169,316.8632678402348,31.559353875760976,,6.0
2026,2026-04-09,LG,장현식,925563,,,6.0,294.4,6.0,23.0,5.0,1.0,1.0,2.0,1.0,1.0,888.3333333333334,4.984615384615385,3.578611632270169,1.5,1.5,1.0,3.0,1.5,1.5,0.0869565217391304,0.0434782608695652,5.578611632270169,316.8632678402348,31.559353875760976,,6.0
2026,2026-04-10,LG,장현식,925563,,,6.0,294.4,6.0,23.0,5.0,1.0,1.0,2.0,1.0,1.0,980.3333333333334,4.966678000680041,3.5651139068344104,1.5,1.5,1.0,3.0,1.5,1.5,0.0869565217391304,0.0434782608695652,5.56511390683441,315.72301976657184,31.673331920470822,,6.0
2026,2026-04-11,LG,장현식,925563,중계,승,7.0,348.3,7.0,26.0,5.0,1.0,1.0,4.0,1.0,1.0,1069.3333333333333,4.864713216957607,3.6013092269326688,1.2857142857142858,1.2857142857142858,0.8571428571428571,5.142857142857143,1.2857142857142858,1.2857142857142858,0.1538461538461538,0.0384615384615384,4.744166369789811,360.7815132710902,27.717606451985883,,7.0
2026,2026-04-12,LG,장현식,925563,,,7.0,348.3,7.0,26.0,5.0,1.0,1.0,4.0,1.0,1.0,1155.3333333333333,4.759665320253895,3.5600115406809003,1.2857142857142858,1.2857142857142858,0.8571428571428571,5.142857142857143,1.2857142857142858,1.2857142857142858,0.1538461538461538,0.0384615384615384,4.702868683538043,352.9908507081668,28.329346157097547,,7.0
2026,2026-03-29,NC,임정호,958813,중계,,1.0,48.9,0.1,1.0,0.0,0.0,0.0,0.0,0.0,0.0,180.0,6.0,4.011111111111111,0.0,0.0,0.0,0.0,0.0,0.0,0.0,0.0,4.011111111111111,0.0,0.0,,0.3333333333333333
2026,2026-03-30,NC,임정호,958813,,,1.0,48.9,0.1,1.0,0.0,0.0,0.0,0.0,0.0,0.0,180.0,6.0,4.011111111111111,0.0,0.0,0.0,0.0,0.0,0.0,0.0,0.0,4.011111111111111,0.0,0.0,,0.3333333333333333
2026,2026-03-31,NC,임정호,958813,,,1.0,48.9,0.1,1.0,0.0,0.0,0.0,0.0,0.0,0.0,272.0,5.525735294117647,3.871323529411765,0.0,0.0,0.0,0.0,0.0,0.0,0.0,0.0,3.871323529411765,0.0,0.0,,0.3333333333333333
2026,2026-04-01,NC,임정호,958813,중계,,2.0,91.3,0.1,2.0,0.0,0.0,1.0,0.0,1.0,1.0,359.3333333333333,5.760667903525047,4.043599257884972,27.0,27.0,3.0,0.0,27.0,0.0,0.0,0.5,13.043599257884972,21.551940272130818,463.9953467637979,,0.3333333333333333
2026,2026-04-02,NC,임정호,958813,,,2.0,91.3,0.1,2.0,0.0,0.0,1.0,0.0,1.0,1.0,445.3333333333333,5.719311377245509,4.077844311377246,27.0,27.0,3.0,0.0,27.0,0.0,0.0,0.5,13.077844311377245,21.397216306235475,467.3505121825519,,0.3333333333333333
2026,2026-04-03,NC,임정호,958813,,,2.0,91.3,0.1,2.0,0.0,0.0,1.0,0.0,1.0,1.0,534.3333333333334,5.592014971927635,3.980661260137242,27.0,27.0,3.0,0.0,27.0,0.0,0.0,0.5,12.980661260137245,20.920972132779653,477.9892605626905,,0.3333333333333333
2026,2026-04-04,NC,임정호,958813,,,2.0,91.3,0.1,2.0,0.0,0.0,1.0,0.0,1.0,1.0,624.3333333333334,5.477843032568073,3.8873465029364658,27.0,27.0,3.0,0.0,27.0,0.0,0.0,0.5,12.887346502936468,20.4938295064316,487.9517513728555,,0.3333333333333333
2026,2026-04-05,NC,임정호,958813,,,2.0,91.3,0.1,2.0,0.0,0.0,1.0,0.0,1.0,1.0,711.3333333333334,5.200093720712277,3.7085285848172447,27.0,27.0,3.0,0.0,27.0,0.0,0.0,0.5,12.708528584817245,19.45470753655054,514.0144091712762,,0.3333333333333333
2026,2026-04-06,NC,임정호,958813,,,2.0,91.3,0.1,2.0,0.0,0.0,1.0,0.0,1.0,1.0,711.3333333333334,5.200093720712277,3.7085285848172447,27.0,27.0,3.0,0.0,27.0,0.0,0.0,0.5,12.708528584817245,19.45470753655054,514.0144091712762,,0.3333333333333333
2026,2026-04-07,NC,임정호,958813,,,2.0,91.3,0.1,2.0,0.0,0.0,1.0,0.0,1.0,1.0,801.3333333333334,5.031613976705491,3.697587354409318,27.0,27.0,3.0,0.0,27.0,0.0,0.0,0.5,12.697587354409318,18.82438733050703,531.2257883577374,,0.3333333333333333
2026,2026-04-08,NC,임정호,958813,,,2.0,91.3,0.1,2.0,0.0,0.0,1.0,0.0,1.0,1.0,888.3333333333334,4.984615384615385,3.578611632270169,27.0,27.0,3.0,0.0,27.0,0.0,0.0,0.5,12.578611632270167,18.648555141156137,536.2345728292191,,0.3333333333333333
2026,2026-04-09,NC,임정호,958813,,,2.0,91.3,0.1,2.0,0.0,0.0,1.0,0.0,1.0,1.0,888.3333333333334,4.984615384615385,3.578611632270169,27.0,27.0,3.0,0.0,27.0,0.0,0.0,0.5,12.578611632270167,18.648555141156137,536.2345728292191,,0.3333333333333333
2026,2026-04-10,NC,임정호,958813,,,2.0,91.3,0.1,2.0,0.0,0.0,1.0,0.0,1.0,1.0,980.3333333333334,4.966678000680041,3.5651139068344104,27.0,27.0,3.0,0.0,27.0,0.0,0.0,0.5,12.56511390683441,18.58144739710857,538.1712084256733,,0.3333333333333333
2026,2026-04-11,NC,임정호,958813,,,2.0,91.3,0.1,2.0,0.0,0.0,1.0,0.0,1.0,1.0,1069.3333333333333,4.864713216957607,3.6013092269326688,27.0,27.0,3.0,0.0,27.0,0.0,0.0,0.5,12.601309226932669,18.19997445587168,549.4513206184088,,0.3333333333333333
2026,2026-04-12,NC,임정호,958813,,,2.0,91.3,0.1,2.0,0.0,0.0,1.0,0.0,1.0,1.0,1155.3333333333333,4.759665320253895,3.5600115406809003,27.0,27.0,3.0,0.0,27.0,0.0,0.0,0.5,12.5600115406809,17.806966903034624,561.5779517339262,,0.3333333333333333
2026,2026-03-31,롯데,박세웅,967170,선발,패,1.0,46.900000000000006,5.0,22.0,5.0,0.0,2.0,3.0,4.0,0.0,272.0,5.525735294117647,3.871323529411765,0.0,7.2,1.4,5.4,3.6,0.0,0.1363636363636363,0.0909090909090909,3.871323529411765,0.0,0.0,,5.0
2026,2026-04-01,롯데,박세웅,967170,,,1.0,46.900000000000006,5.0,22.0,5.0,0.0,2.0,3.0,4.0,0.0,359.3333333333333,5.760667903525047,4.043599257884972,0.0,7.2,1.4,5.4,3.6,0.0,0.1363636363636363,0.0909090909090909,4.043599257884972,0.0,0.0,,5.0
2026,2026-04-02,롯데,박세웅,967170,,,1.0,46.900000000000006,5.0,22.0,5.0,0.0,2.0,3.0,4.0,0.0,445.3333333333333,5.719311377245509,4.077844311377246,0.0,7.2,1.4,5.4,3.6,0.0,0.1363636363636363,0.0909090909090909,4.077844311377246,0.0,0.0,,5.0
2026,2026-04-03,롯데,박세웅,967170,,,1.0,46.900000000000006,5.0,22.0,5.0,0.0,2.0,3.0,4.0,0.0,534.3333333333334,5.592014971927635,3.980661260137242,0.0,7.2,1.4,5.4,3.6,0.0,0.1363636363636363,0.0909090909090909,3.980661260137242,0.0,0.0,,5.0
2026,2026-04-04,롯데,박세웅,967170,,,1.0,46.900000000000006,5.0,22.0,5.0,0.0,2.0,3.0,4.0,0.0,624.3333333333334,5.477843032568073,3.8873465029364658,0.0,7.2,1.4,5.4,3.6,0.0,0.1363636363636363,0.0909090909090909,3.8873465029364658,0.0,0.0,,5.0
2026,2026-04-05,롯데,박세웅,967170,선발,,2.0,88.80000000000001,10.0,48.0,11.0,0.0,7.0,6.0,7.0,3.0,711.3333333333334,5.200093720712277,3.7085285848172447,2.7,6.3,1.8,5.4,6.3,0.0,0.125,0.1458333333333333,4.608528584817245,202.47695785941312,49.38833586655994,,10.0
2026,2026-04-06,롯데,박세웅,967170,,,2.0,88.80000000000001,10.0,48.0,11.0,0.0,7.0,6.0,7.0,3.0,711.3333333333334,5.200093720712277,3.7085285848172447,2.7,6.3,1.8,5.4,6.3,0.0,0.125,0.1458333333333333,4.608528584817245,202.47695785941312,49.38833586655994,,10.0
2026,2026-04-07,롯데,박세웅,967170,,,2.0,88.80000000000001,10.0,48.0,11.0,0.0,7.0,6.0,7.0,3.0,801.3333333333334,5.031613976705491,3.697587354409318,2.7,6.3,1.8,5.4,6.3,0.0,0.125,0.1458333333333333,4.597587354409318,195.91683262714056,51.04206650294064,,10.0
2026,2026-04-08,롯데,박세웅,967170,,,2.0,88.80000000000001,10.0,48.0,11.0,0.0,7.0,6.0,7.0,3.0,888.3333333333334,4.984615384615385,3.578611632270169,2.7,6.3,1.8,5.4,6.3,0.0,0.125,0.1458333333333333,4.4786116322701695,194.08684023446943,51.5233283612601,,10.0
2026,2026-04-09,롯데,박세웅,967170,,,2.0,88.80000000000001,10.0,48.0,11.0,0.0,7.0,6.0,7.0,3.0,888.3333333333334,4.984615384615385,3.578611632270169,2.7,6.3,1.8,5.4,6.3,0.0,0.125,0.1458333333333333,4.4786116322701695,194.08684023446943,51.5233283612601,,10.0
2026,2026-04-10,롯데,박세웅,967170,,,2.0,88.80000000000001,10.0,48.0,11.0,0.0,7.0,6.0,7.0,3.0,980.3333333333334,4.966678000680041,3.5651139068344104,2.7,6.3,1.8,5.4,6.3,0.0,0.125,0.1458333333333333,4.465113906834411,193.3884091818293,51.70940720960022,,10.0
2026,2026-04-11,롯데,박세웅,967170,,,2.0,88.80000000000001,10.0,48.0,11.0,0.0,7.0,6.0,7.0,3.0,1069.3333333333333,4.864713216957607,3.6013092269326688,2.7,6.3,1.8,5.4,6.3,0.0,0.125,0.1458333333333333,4.501309226932669,189.41818858086603,52.79324058011895,,10.0
2026,2026-04-12,롯데,박세웅,967170,선발,패,3.0,147.20000000000002,16.0,73.0,16.0,1.0,9.0,14.0,9.0,5.0,1155.3333333333333,4.759665320253895,3.5600115406809003,2.8125,5.0625,1.5625,7.875,5.0625,0.5625,0.1917808219178082,0.1232876712328767,4.3100115406809,177.91480346017212,56.20667760925578,,16.0
2026,2026-03-28,LG,함덕주,972917,중계,,1.0,51.4,1.1,4.0,1.0,0.0,0.0,0.0,0.0,0.0,92.0,5.869565217391305,4.445652173913044,0.0,0.0,0.75,0.0,0.0,0.0,0.0,0.0,4.445652173913044,0.0,0.0,,1.3333333333333333
2026,2026-03-29,LG,함덕주,972917,중계,,2.0,97.8,2.0,8.0,2.0,0.0,1.0,0.0,0.0,0.0,180.0,6.0,4.011111111111111,0.0,0.0,1.5,0.0,4.5,0.0,0.0,0.125,5.511111111111111,0.0,0.0,,2.0
2026,2026-03-30,LG,함덕주,972917,,,2.0,97.8,2.0,8.0,2.0,0.0,1.0,0.0,0.0,0.0,180.0,6.0,4.011111111111111,0.0,0.0,1.5,0.0,4.5,0.0,0.0,0.125,5.511111111111111,0.0,0.0,,2.0
2026,2026-03-31,LG,함덕주,972917,,,2.0,97.8,2.0,8.0,2.0,0.0,1.0,0.0,0.0,0.0,272.0,5.525735294117647,3.871323529411765,0.0,0.0,1.5,0.0,4.5,0.0,0.0,0.125,5.3713235294117645,0.0,0.0,,2.0
2026,2026-04-01,LG,함덕주,972917,중계,홀드,3.0,149.7,3.0,11.0,2.0,0.0,1.0,0.0,0.0,0.0,359.3333333333333,5.760667903525047,4.043599257884972,0.0,0.0,1.0,0.0,3.0,0.0,0.0,0.0909090909090909,5.043599257884972,0.0,0.0,,3.0
2026,2026-04-02,LG,함덕주,972917,,,3.0,149.7,3.0,11.0,2.0,0.0,1.0,0.0,0.0,0.0,445.3333333333333,5.719311377245509,4.077844311377246,0.0,0.0,1.0,0.0,3.0,0.0,0.0,0.0909090909090909,5.077844311377246,0.0,0.0,,3.0
2026,2026-04-03,LG,함덕주,972917,,,3.0,149.7,3.0,11.0,2.0,0.0,1.0,0.0,0.0,0.0,534.3333333333334,5.592014971927635,3.980661260137242,0.0,0.0,1.0,0.0,3.0,0.0,0.0,0.0909090909090909,4.980661260137242,0.0,0.0,,3.0
2026,2026-04-04,LG,함덕주,972917,,,3.0,149.7,3.0,11.0,2.0,0.0,1.0,0.0,0.0,0.0,624.3333333333334,5.477843032568073,3.8873465029364658,0.0,0.0,1.0,0.0,3.0,0.0,0.0,0.0909090909090909,4.887346502936466,0.0,0.0,,3.0
2026,2026-04-05,LG,함덕주,972917,중계,,4.0,173.1,3.0,15.0,6.0,1.0,1.0,0.0,4.0,4.0,711.3333333333334,5.200093720712277,3.7085285848172447,12.0,12.0,2.333333333333333,0.0,3.0,3.0,0.0,0.0666666666666666,9.041861918150577,41.32010602327335,242.0129317763016,,3.0
2026,2026-04-06,LG,함덕주,972917,,,4.0,173.1,3.0,15.0,6.0,1.0,1.0,0.0,4.0,4.0,711.3333333333334,5.200093720712277,3.7085285848172447,12.0,12.0,2.333333333333333,0.0,3.0,3.0,0.0,0.0666666666666666,9.041861918150577,41.32010602327335,242.0129317763016,,3.0
2026,2026-04-07,LG,함덕주,972917,,,4.0,173.1,3.0,15.0,6.0,1.0,1.0,0.0,4.0,4.0,801.3333333333334,5.031613976705491,3.697587354409318,12.0,12.0,2.333333333333333,0.0,3.0,3.0,0.0,0.0666666666666666,9.03092068774265,39.98136075077837,250.1165496175694,,3.0
2026,2026-04-08,LG,함덕주,972917,,,4.0,173.1,3.0,15.0,6.0,1.0,1.0,0.0,4.0,4.0,888.3333333333334,4.984615384615385,3.578611632270169,12.0,12.0,2.333333333333333,0.0,3.0,3.0,0.0,0.0666666666666666,8.911944965603503,39.607908480029344,252.4748310060878,,3.0
2026,2026-04-09,LG,함덕주,972917,,,4.0,173.1,3.0,15.0,6.0,1.0,1.0,0.0,4.0,4.0,888.3333333333334,4.984615384615385,3.578611632270169,12.0,12.0,2.333333333333333,0.0,3.0,3.0,0.0,0.0666666666666666,8.911944965603503,39.607908480029344,252.4748310060878,,3.0
2026,2026-04-10,LG,함덕주,972917,,,4.0,173.1,3.0,15.0,6.0,1.0,1.0,0.0,4.0,4.0,980.3333333333334,4.966678000680041,3.5651139068344104,12.0,12.0,2.333333333333333,0.0,3.0,3.0,0.0,0.0666666666666666,8.898447240167744,39.46537747082148,253.38665536376655,,3.0
2026,2026-04-11,LG,함덕주,972917,,,4.0,173.1,3.0,15.0,6.0,1.0,1.0,0.0,4.0,4.0,1069.3333333333333,4.864713216957607,3.6013092269326688,12.0,12.0,2.333333333333333,0.0,3.0,3.0,0.0,0.0666666666666666,8.934642560266003,38.655162136188245,258.69766021853485,,3.0
2026,2026-04-12,LG,함덕주,972917,중계,,5.0,225.0,4.0,18.0,6.0,1.0,1.0,0.0,4.0,4.0,1155.3333333333333,4.759665320253895,3.5600115406809003,9.0,9.0,1.75,0.0,2.25,2.25,0.0,0.0555555555555555,7.5600115406809,50.427264386880985,198.3054230996828,,4.0
2026,2026-03-29,키움,하영민,1004269,선발,패,1.0,26.4,2.0,14.0,6.0,1.0,1.0,3.0,5.0,2.0,180.0,6.0,4.011111111111111,9.0,22.5,3.5,13.5,4.5,4.5,0.2142857142857142,0.0714285714285714,9.011111111111113,64.51761796343615,154.99642292539792,,2.0
2026,2026-03-30,키움,하영민,1004269,,,1.0,26.4,2.0,14.0,6.0,1.0,1.0,3.0,5.0,2.0,180.0,6.0,4.011111111111111,9.0,22.5,3.5,13.5,4.5,4.5,0.2142857142857142,0.0714285714285714,9.011111111111113,64.51761796343615,154.99642292539792,,2.0
2026,2026-03-31,키움,하영민,1004269,,,1.0,26.4,2.0,14.0,6.0,1.0,1.0,3.0,5.0,2.0,272.0,5.525735294117647,3.871323529411765,9.0,22.5,3.5,13.5,4.5,4.5,0.2142857142857142,0.0714285714285714,8.871323529411764,59.41787977882631,168.29950912458378,,2.0
2026,2026-04-01,키움,하영민,1004269,,,1.0,26.4,2.0,14.0,6.0,1.0,1.0,3.0,5.0,2.0,359.3333333333333,5.760667903525047,4.043599257884972,9.0,22.5,3.5,13.5,4.5,4.5,0.2142857142857142,0.0714285714285714,9.043599257884972,61.94409516897628,161.4358878392067,,2.0
2026,2026-04-02,키움,하영민,1004269,,,1.0,26.4,2.0,14.0,6.0,1.0,1.0,3.0,5.0,2.0,445.3333333333333,5.719311377245509,4.077844311377246,9.0,22.5,3.5,13.5,4.5,4.5,0.2142857142857142,0.0714285714285714,9.077844311377245,61.49939107517661,162.60323598612615,,2.0
2026,2026-04-03,키움,하영민,1004269,,,1.0,26.4,2.0,14.0,6.0,1.0,1.0,3.0,5.0,2.0,534.3333333333334,5.592014971927635,3.980661260137242,9.0,22.5,3.5,13.5,4.5,4.5,0.2142857142857142,0.0714285714285714,8.980661260137243,60.13058093410704,166.3047295511465,,2.0
2026,2026-04-04,키움,하영민,1004269,선발,,2.0,75.30000000000001,7.0,37.0,10.0,2.0,6.0,7.0,6.0,3.0,624.3333333333334,5.477843032568073,3.8873465029364658,3.857142857142857,7.714285714285714,2.2857142857142856,9.0,7.714285714285714,2.571428571428572,0.1891891891891892,0.1621621621621621,8.173060788650751,137.44009379290455,72.75897246598254,,7.0
2026,2026-04-05,키움,하영민,1004269,,,2.0,75.30000000000001,7.0,37.0,10.0,2.0,6.0,7.0,6.0,3.0,711.3333333333334,5.200093720712277,3.7085285848172447,3.857142857142857,7.714285714285714,2.2857142857142856,9.0,7.714285714285714,2.571428571428572,0.1891891891891892,0.1621621621621621,7.99424287053153,130.4713122404914,76.64520137244797,,7.0
2026,2026-04-06,키움,하영민,1004269,,,2.0,75.30000000000001,7.0,37.0,10.0,2.0,6.0,7.0,6.0,3.0,711.3333333333334,5.200093720712277,3.7085285848172447,3.857142857142857,7.714285714285714,2.2857142857142856,9.0,7.714285714285714,2.571428571428572,0.1891891891891892,0.1621621621621621,7.99424287053153,130.4713122404914,76.64520137244797,,7.0
2026,2026-04-07,키움,하영민,1004269,,,2.0,75.30000000000001,7.0,37.0,10.0,2.0,6.0,7.0,6.0,3.0,801.3333333333334,5.031613976705491,3.697587354409318,3.857142857142857,7.714285714285714,2.2857142857142856,9.0,7.714285714285714,2.571428571428572,0.1891891891891892,0.1621621621621621,7.983301640123603,126.24412433444412,79.21160729435728,,7.0
2026,2026-04-08,키움,하영민,1004269,,,2.0,75.30000000000001,7.0,37.0,10.0,2.0,6.0,7.0,6.0,3.0,888.3333333333334,4.984615384615385,3.578611632270169,3.857142857142857,7.714285714285714,2.2857142857142856,9.0,7.714285714285714,2.571428571428572,0.1891891891891892,0.1621621621621621,7.864325917984455,125.06492097527622,79.9584721440545,,7.0
2026,2026-04-09,키움,하영민,1004269,,,2.0,75.30000000000001,7.0,37.0,10.0,2.0,6.0,7.0,6.0,3.0,888.3333333333334,4.984615384615385,3.578611632270169,3.857142857142857,7.714285714285714,2.2857142857142856,9.0,7.714285714285714,2.571428571428572,0.1891891891891892,0.1621621621621621,7.864325917984455,125.06492097527622,79.9584721440545,,7.0
2026,2026-04-10,키움,하영민,1004269,,,2.0,75.30000000000001,7.0,37.0,10.0,2.0,6.0,7.0,6.0,3.0,980.3333333333334,4.966678000680041,3.5651139068344104,3.857142857142857,7.714285714285714,2.2857142857142856,9.0,7.714285714285714,2.571428571428572,0.1891891891891892,0.1621621621621621,7.850828192548696,124.61486869816356,80.2472458099807,,7.0
2026,2026-04-11,키움,하영민,1004269,,,2.0,75.30000000000001,7.0,37.0,10.0,2.0,6.0,7.0,6.0,3.0,1069.3333333333333,4.864713216957607,3.6013092269326688,3.857142857142857,7.714285714285714,2.2857142857142856,9.0,7.714285714285714,2.571428571428572,0.1891891891891892,0.1621621621621621,7.887023512646954,122.0565534351914,81.92923459296037,,7.0
2026,2026-04-12,키움,하영민,1004269,,,2.0,75.30000000000001,7.0,37.0,10.0,2.0,6.0,7.0,6.0,3.0,1155.3333333333333,4.759665320253895,3.5600115406809003,3.857142857142857,7.714285714285714,2.2857142857142856,9.0,7.714285714285714,2.571428571428572,0.1891891891891892,0.1621621621621621,7.845725826395186,119.42088229787208,83.73744865706946,,7.0
2026,2026-03-28,NC,배재환,1034055,중계,홀드,1.0,49.9,1.0,4.0,1.0,0.0,0.0,0.0,0.0,0.0,92.0,5.869565217391305,4.445652173913044,0.0,0.0,1.0,0.0,0.0,0.0,0.0,0.0,4.445652173913044,0.0,0.0,,1.0
2026,2026-03-29,NC,배재환,1034055,중계,홀드,2.0,99.3,1.2,7.0,1.0,0.0,1.0,1.0,0.0,0.0,180.0,6.0,4.011111111111111,0.0,0.0,1.2,5.4,5.4,0.0,0.1428571428571428,0.1428571428571428,4.611111111111111,0.0,0.0,,1.6666666666666667
2026,2026-03-30,NC,배재환,1034055,,,2.0,99.3,1.2,7.0,1.0,0.0,1.0,1.0,0.0,0.0,180.0,6.0,4.011111111111111,0.0,0.0,1.2,5.4,5.4,0.0,0.1428571428571428,0.1428571428571428,4.611111111111111,0.0,0.0,,1.6666666666666667
2026,2026-03-31,NC,배재환,1034055,,,2.0,99.3,1.2,7.0,1.0,0.0,1.0,1.0,0.0,0.0,272.0,5.525735294117647,3.871323529411765,0.0,0.0,1.2,5.4,5.4,0.0,0.1428571428571428,0.1428571428571428,4.471323529411764,0.0,0.0,,1.6666666666666667
2026,2026-04-01,NC,배재환,1034055,중계,,3.0,150.7,2.1,10.0,1.0,0.0,1.0,2.0,0.0,0.0,359.3333333333333,5.760667903525047,4.043599257884972,0.0,0.0,0.8571428571428571,7.7142857142857135,3.8571428571428568,0.0,0.2,0.1,3.615027829313544,0.0,0.0,,2.333333333333333
2026,2026-04-02,NC,배재환,1034055,중계,홀드,4.0,200.6,3.1,13.0,1.0,0.0,2.0,2.0,0.0,0.0,445.3333333333333,5.719311377245509,4.077844311377246,0.0,0.0,0.8999999999999999,5.4,5.4,0.0,0.1538461538461538,0.1538461538461538,4.677844311377245,0.0,0.0,,3.333333333333333
2026,2026-04-03,NC,배재환,1034055,,,4.0,200.6,3.1,13.0,1.0,0.0,2.0,2.0,0.0,0.0,534.3333333333334,5.592014971927635,3.980661260137242,0.0,0.0,0.8999999999999999,5.4,5.4,0.0,0.1538461538461538,0.1538461538461538,4.580661260137242,0.0,0.0,,3.333333333333333
2026,2026-04-04,NC,배재환,1034055,중계,,5.0,245.5,3.2,16.0,2.0,0.0,3.0,2.0,0.0,0.0,624.3333333333334,5.477843032568073,3.8873465029364658,0.0,0.0,1.3636363636363638,4.909090909090909,7.363636363636364,0.0,0.125,0.1875,5.25098286657283,0.0,0.0,,3.6666666666666665
2026,2026-04-05,NC,배재환,1034055,,,5.0,245.5,3.2,16.0,2.0,0.0,3.0,2.0,0.0,0.0,711.3333333333334,5.200093720712277,3.7085285848172447,0.0,0.0,1.3636363636363638,4.909090909090909,7.363636363636364,0.0,0.125,0.1875,5.072164948453608,0.0,0.0,,3.6666666666666665
2026,2026-04-06,NC,배재환,1034055,,,5.0,245.5,3.2,16.0,2.0,0.0,3.0,2.0,0.0,0.0,711.3333333333334,5.200093720712277,3.7085285848172447,0.0,0.0,1.3636363636363638,4.909090909090909,7.363636363636364,0.0,0.125,0.1875,5.072164948453608,0.0,0.0,,3.6666666666666665
2026,2026-04-07,NC,배재환,1034055,,,5.0,245.5,3.2,16.0,2.0,0.0,3.0,2.0,0.0,0.0,801.3333333333334,5.031613976705491,3.697587354409318,0.0,0.0,1.3636363636363638,4.909090909090909,7.363636363636364,0.0,0.125,0.1875,5.061223718045682,0.0,0.0,,3.6666666666666665
2026,2026-04-08,NC,배재환,1034055,중계,,6.0,291.9,4.1,19.0,3.0,0.0,3.0,3.0,1.0,1.0,888.3333333333334,4.984615384615385,3.578611632270169,2.076923076923077,2.076923076923077,1.3846153846153848,6.230769230769231,6.230769230769231,0.0,0.1578947368421052,0.1578947368421052,4.270919324577862,242.43121683502977,41.248813294555326,,4.333333333333333
2026,2026-04-09,NC,배재환,1034055,,,6.0,291.9,4.1,19.0,3.0,0.0,3.0,3.0,1.0,1.0,888.3333333333334,4.984615384615385,3.578611632270169,2.076923076923077,2.076923076923077,1.3846153846153848,6.230769230769231,6.230769230769231,0.0,0.1578947368421052,0.1578947368421052,4.270919324577862,242.43121683502977,41.248813294555326,,4.333333333333333
2026,2026-04-10,NC,배재환,1034055,,,6.0,291.9,4.1,19.0,3.0,0.0,3.0,3.0,1.0,1.0,980.3333333333334,4.966678000680041,3.5651139068344104,2.076923076923077,2.076923076923077,1.3846153846153848,6.230769230769231,6.230769230769231,0.0,0.1578947368421052,0.1578947368421052,4.257421599142103,241.5588161624113,41.397785263513335,,4.333333333333333
2026,2026-04-11,NC,배재환,1034055,중계,,7.0,342.8,5.1,23.0,4.0,0.0,3.0,4.0,1.0,1.0,1069.3333333333333,4.864713216957607,3.6013092269326688,1.6875,1.6875,1.3125,6.75,5.0625,0.0,0.1739130434782608,0.1304347826086956,3.7888092269326688,291.19959129394687,34.34070753865055,,5.333333333333333
2026,2026-04-12,NC,배재환,1034055,중계,,8.0,390.7,5.2,25.0,5.0,0.0,3.0,5.0,1.0,1.0,1155.3333333333333,4.759665320253895,3.5600115406809003,1.588235294117647,1.588235294117647,1.4117647058823528,7.941176470588235,4.764705882352941,0.0,0.2,0.12,3.3835409524456064,302.71843735158865,33.03399716081919,,5.666666666666667
2026,2026-04-01,KT,고영표,1078061,선발,,1.0,42.900000000000006,5.0,26.0,7.0,1.0,2.0,7.0,4.0,3.0,359.3333333333333,5.760667903525047,4.043599257884972,5.4,7.2,1.8,12.6,3.6,1.8,0.2692307692307692,0.0769230769230769,5.043599257884972,109.83890630083488,91.04242145867023,,5.0
2026,2026-04-02,KT,고영표,1078061,,,1.0,42.900000000000006,5.0,26.0,7.0,1.0,2.0,7.0,4.0,3.0,445.3333333333333,5.719311377245509,4.077844311377246,5.4,7.2,1.8,12.6,3.6,1.8,0.2692307692307692,0.0769230769230769,5.077844311377246,109.05035960954471,91.70075216445908,,5.0
2026,2026-04-03,KT,고영표,1078061,,,1.0,42.900000000000006,5.0,26.0,7.0,1.0,2.0,7.0,4.0,3.0,534.3333333333334,5.592014971927635,3.980661260137242,5.4,7.2,1.8,12.6,3.6,1.8,0.2692307692307692,0.0769230769230769,4.980661260137242,106.62319349438172,93.78822442161167,,5.0
2026,2026-04-04,KT,고영표,1078061,,,1.0,42.900000000000006,5.0,26.0,7.0,1.0,2.0,7.0,4.0,3.0,624.3333333333334,5.477843032568073,3.8873465029364658,5.4,7.2,1.8,12.6,3.6,1.8,0.2692307692307692,0.0769230769230769,4.887346502936466,104.44627214437196,95.7430054198334,,5.0
2026,2026-04-05,KT,고영표,1078061,,,1.0,42.900000000000006,5.0,26.0,7.0,1.0,2.0,7.0,4.0,3.0,711.3333333333334,5.200093720712277,3.7085285848172447,5.4,7.2,1.8,12.6,3.6,1.8,0.2692307692307692,0.0769230769230769,4.708528584817245,99.15041389477874,100.85686591900956,,5.0
2026,2026-04-06,KT,고영표,1078061,,,1.0,42.900000000000006,5.0,26.0,7.0,1.0,2.0,7.0,4.0,3.0,711.3333333333334,5.200093720712277,3.7085285848172447,5.4,7.2,1.8,12.6,3.6,1.8,0.2692307692307692,0.0769230769230769,4.708528584817245,99.15041389477874,100.85686591900956,,5.0
2026,2026-04-07,KT,고영표,1078061,선발,승,2.0,102.8,10.0,48.0,13.0,1.0,4.0,16.0,5.0,4.0,801.3333333333334,5.031613976705491,3.697587354409318,3.6,4.5,1.7,14.4,3.6,0.9,0.3333333333333333,0.0833333333333333,2.997587354409318,143.9070048955104,69.489320601599,,10.0
2026,2026-04-08,KT,고영표,1078061,,,2.0,102.8,10.0,48.0,13.0,1.0,4.0,16.0,5.0,4.0,888.3333333333334,4.984615384615385,3.578611632270169,3.6,4.5,1.7,14.4,3.6,0.9,0.3333333333333333,0.0833333333333333,2.878611632270169,142.56281858604686,70.14451663611214,,10.0
2026,2026-04-09,KT,고영표,1078061,,,2.0,102.8,10.0,48.0,13.0,1.0,4.0,16.0,5.0,4.0,888.3333333333334,4.984615384615385,3.578611632270169,3.6,4.5,1.7,14.4,3.6,0.9,0.3333333333333333,0.0833333333333333,2.878611632270169,142.56281858604686,70.14451663611214,,10.0
2026,2026-04-10,KT,고영표,1078061,,,2.0,102.8,10.0,48.0,13.0,1.0,4.0,16.0,5.0,4.0,980.3333333333334,4.966678000680041,3.5651139068344104,3.6,4.5,1.7,14.4,3.6,0.9,0.3333333333333333,0.0833333333333333,2.8651139068344103,142.04979926267532,70.39784675449083,,10.0
2026,2026-04-11,KT,고영표,1078061,,,2.0,102.8,10.0,48.0,13.0,1.0,4.0,16.0,5.0,4.0,1069.3333333333333,4.864713216957607,3.6013092269326688,3.6,4.5,1.7,14.4,3.6,0.9,0.3333333333333333,0.0833333333333333,2.901309226932669,139.1335487915051,71.87339133414353,,10.0
2026,2026-04-12,KT,고영표,1078061,,,2.0,102.8,10.0,48.0,13.0,1.0,4.0,16.0,5.0,4.0,1155.3333333333333,4.759665320253895,3.5600115406809003,3.6,4.5,1.7,14.4,3.6,0.9,0.3333333333333333,0.0833333333333333,2.8600115406809,136.12911954570234,73.45966853655234,,10.0
2026,2026-03-31,KT,주권,1106095,중계,,1.0,50.9,1.0,3.0,1.0,0.0,0.0,1.0,0.0,0.0,272.0,5.525735294117647,3.871323529411765,0.0,0.0,1.0,9.0,0.0,0.0,0.3333333333333333,0.0,1.8713235294117645,0.0,0.0,,1.0
2026,2026-04-01,KT,주권,1106095,중계,,2.0,84.8,1.1,7.0,2.0,0.0,2.0,1.0,3.0,3.0,359.3333333333333,5.760667903525047,4.043599257884972,20.25,20.25,3.0,6.75,13.5,0.0,0.1428571428571428,0.2857142857142857,7.043599257884972,29.290375013555973,341.4090804700133,,1.3333333333333333
2026,2026-04-02,KT,주권,1106095,,,2.0,84.8,1.1,7.0,2.0,0.0,2.0,1.0,3.0,3.0,445.3333333333333,5.719311377245509,4.077844311377246,20.25,20.25,3.0,6.75,13.5,0.0,0.1428571428571428,0.2857142857142857,7.077844311377246,29.080095895878596,343.8778206167215,,1.3333333333333333
2026,2026-04-03,KT,주권,1106095,,,2.0,84.8,1.1,7.0,2.0,0.0,2.0,1.0,3.0,3.0,534.3333333333334,5.592014971927635,3.980661260137242,20.25,20.25,3.0,6.75,13.5,0.0,0.1428571428571428,0.2857142857142857,6.980661260137242,28.432851598501795,351.7058415810438,,1.3333333333333333
2026,2026-04-04,KT,주권,1106095,,,2.0,84.8,1.1,7.0,2.0,0.0,2.0,1.0,3.0,3.0,624.3333333333334,5.477843032568073,3.8873465029364658,20.25,20.25,3.0,6.75,13.5,0.0,0.1428571428571428,0.2857142857142857,6.887346502936466,27.8523392384992,359.0362703243752,,1.3333333333333333
2026,2026-04-05,KT,주권,1106095,,,2.0,84.8,1.1,7.0,2.0,0.0,2.0,1.0,3.0,3.0,711.3333333333334,5.200093720712277,3.7085285848172447,20.25,20.25,3.0,6.75,13.5,0.0,0.1428571428571428,0.2857142857142857,6.708528584817245,26.440110371941,378.2132471962857,,1.3333333333333333
2026,2026-04-06,KT,주권,1106095,,,2.0,84.8,1.1,7.0,2.0,0.0,2.0,1.0,3.0,3.0,711.3333333333334,5.200093720712277,3.7085285848172447,20.25,20.25,3.0,6.75,13.5,0.0,0.1428571428571428,0.2857142857142857,6.708528584817245,26.440110371941,378.2132471962857,,1.3333333333333333
2026,2026-04-07,KT,주권,1106095,,,2.0,84.8,1.1,7.0,2.0,0.0,2.0,1.0,3.0,3.0,801.3333333333334,5.031613976705491,3.697587354409318,20.25,20.25,3.0,6.75,13.5,0.0,0.1428571428571428,0.2857142857142857,6.697587354409318,25.583467536979622,390.8774283839944,,1.3333333333333333
2026,2026-04-08,KT,주권,1106095,중계,,3.0,138.2,3.1,14.0,3.0,0.0,3.0,2.0,3.0,3.0,888.3333333333334,4.984615384615385,3.578611632270169,8.1,8.1,1.7999999999999998,5.4,8.1,0.0,0.1428571428571428,0.2142857142857142,5.078611632270169,63.36125270490971,157.8251624312523,,3.333333333333333
2026,2026-04-09,KT,주권,1106095,,,3.0,138.2,3.1,14.0,3.0,0.0,3.0,2.0,3.0,3.0,888.3333333333334,4.984615384615385,3.578611632270169,8.1,8.1,1.7999999999999998,5.4,8.1,0.0,0.1428571428571428,0.2142857142857142,5.078611632270169,63.36125270490971,157.8251624312523,,3.333333333333333
2026,2026-04-10,KT,주권,1106095,,,3.0,138.2,3.1,14.0,3.0,0.0,3.0,2.0,3.0,3.0,980.3333333333334,4.966678000680041,3.5651139068344104,8.1,8.1,1.7999999999999998,5.4,8.1,0.0,0.1428571428571428,0.2142857142857142,5.06511390683441,63.13324411674459,158.39515519760434,,3.333333333333333
2026,2026-04-11,KT,주권,1106095,,,3.0,138.2,3.1,14.0,3.0,0.0,3.0,2.0,3.0,3.0,1069.3333333333333,4.864713216957607,3.6013092269326688,8.1,8.1,1.7999999999999998,5.4,8.1,0.0,0.1428571428571428,0.2142857142857142,5.101309226932669,61.837132796224495,161.71513050182296,,3.333333333333333
2026,2026-04-12,KT,주권,1106095,,,3.0,138.2,3.1,14.0,3.0,0.0,3.0,2.0,3.0,3.0,1155.3333333333333,4.759665320253895,3.5600115406809003,8.1,8.1,1.7999999999999998,5.4,8.1,0.0,0.1428571428571428,0.2142857142857142,5.0600115406809,60.50183090920104,165.28425420724272,,3.333333333333333
2026,2026-03-28,KIA,김범수,1110793,중계,,1.0,32.4,0.0,3.0,2.0,0.0,1.0,0.0,3.0,2.0,92.0,5.869565217391305,4.445652173913044,0.0,0.0,0.0,0.0,0.0,0.0,0.0,0.3333333333333333,4.445652173913044,0.0,0.0,,0.0
2026,2026-03-29,KIA,김범수,1110793,,,1.0,32.4,0.0,3.0,2.0,0.0,1.0,0.0,3.0,2.0,180.0,6.0,4.011111111111111,0.0,0.0,0.0,0.0,0.0,0.0,0.0,0.3333333333333333,4.011111111111111,0.0,0.0,,0.0
2026,2026-03-30,KIA,김범수,1110793,,,1.0,32.4,0.0,3.0,2.0,0.0,1.0,0.0,3.0,2.0,180.0,6.0,4.011111111111111,0.0,0.0,0.0,0.0,0.0,0.0,0.0,0.3333333333333333,4.011111111111111,0.0,0.0,,0.0
2026,2026-03-31,KIA,김범수,1110793,중계,,2.0,86.3,1.0,6.0,2.0,0.0,1.0,2.0,3.0,2.0,272.0,5.525735294117647,3.871323529411765,18.0,27.0,3.0,18.0,9.0,0.0,0.3333333333333333,0.1666666666666666,2.8713235294117645,30.65990588532633,326.1588615895246,,1.0
2026,2026-04-01,KIA,김범수,1110793,,,2.0,86.3,1.0,6.0,2.0,0.0,1.0,2.0,3.0,2.0,359.3333333333333,5.760667903525047,4.043599257884972,18.0,27.0,3.0,18.0,9.0,0.0,0.3333333333333333,0.1666666666666666,3.0435992578849724,31.96344492772181,312.8573913923473,,1.0
2026,2026-04-02,KIA,김범수,1110793,,,2.0,86.3,1.0,6.0,2.0,0.0,1.0,2.0,3.0,2.0,445.3333333333333,5.719311377245509,4.077844311377246,18.0,27.0,3.0,18.0,9.0,0.0,0.3333333333333333,0.1666666666666666,3.0778443113772456,31.73397552030657,315.11967334823845,,1.0
2026,2026-04-03,KIA,김범수,1110793,,,2.0,86.3,1.0,6.0,2.0,0.0,1.0,2.0,3.0,2.0,534.3333333333334,5.592014971927635,3.980661260137242,18.0,27.0,3.0,18.0,9.0,0.0,0.3333333333333333,0.1666666666666666,2.980661260137242,31.02766303900817,322.29304499755386,,1.0
2026,2026-04-04,KIA,김범수,1110793,중계,,3.0,133.2,1.1,8.0,2.0,0.0,2.0,2.0,3.0,2.0,624.3333333333334,5.477843032568073,3.8873465029364658,13.5,20.25,3.0,13.5,13.5,0.0,0.25,0.25,5.387346502936466,40.525563360932125,246.75782816236688,,1.3333333333333333
2026,2026-04-05,KIA,김범수,1110793,중계,홀드,4.0,183.1,1.2,9.0,2.0,0.0,2.0,3.0,3.0,2.0,711.3333333333334,5.200093720712277,3.7085285848172447,10.8,16.2,2.4,16.2,10.8,0.0,0.3333333333333333,0.2222222222222222,3.7085285848172447,48.088436978887614,207.9501981815364,,1.6666666666666667
2026,2026-04-06,KIA,김범수,1110793,,,4.0,183.1,1.2,9.0,2.0,0.0,2.0,3.0,3.0,2.0,711.3333333333334,5.200093720712277,3.7085285848172447,10.8,16.2,2.4,16.2,10.8,0.0,0.3333333333333333,0.2222222222222222,3.7085285848172447,48.088436978887614,207.9501981815364,,1.6666666666666667
2026,2026-04-07,KIA,김범수,1110793,중계,홀드,5.0,231.5,2.1,12.0,2.0,0.0,3.0,3.0,3.0,2.0,801.3333333333334,5.031613976705491,3.697587354409318,7.7142857142857135,11.571428571428571,2.142857142857143,11.571428571428571,11.571428571428571,0.0,0.25,0.25,4.983301640123603,65.14256289651051,153.50946532279696,,2.333333333333333
2026,2026-04-08,KIA,김범수,1110793,,,5.0,231.5,2.1,12.0,2.0,0.0,3.0,3.0,3.0,2.0,888.3333333333334,4.984615384615385,3.578611632270169,7.7142857142857135,11.571428571428571,2.142857142857143,11.571428571428571,11.571428571428571,0.0,0.25,0.25,4.864325917984455,64.53408840791674,154.95686460759316,,2.333333333333333
2026,2026-04-09,KIA,김범수,1110793,,,5.0,231.5,2.1,12.0,2.0,0.0,3.0,3.0,3.0,2.0,888.3333333333334,4.984615384615385,3.578611632270169,7.7142857142857135,11.571428571428571,2.142857142857143,11.571428571428571,11.571428571428571,0.0,0.25,0.25,4.864325917984455,64.53408840791674,154.95686460759316,,2.333333333333333
2026,2026-04-10,KIA,김범수,1110793,중계,세,6.0,281.9,3.0,15.0,2.0,0.0,4.0,5.0,3.0,2.0,980.3333333333334,4.966678000680041,3.5651139068344104,6.0,9.0,2.0,15.0,12.0,0.0,0.3333333333333333,0.2666666666666666,4.231780573501077,82.67381911634983,120.9572765221677,,3.0
2026,2026-04-11,KIA,김범수,1110793,중계,홀드,7.0,326.8,3.1,18.0,3.0,0.0,5.0,5.0,3.0,2.0,1069.3333333333333,4.864713216957607,3.6013092269326688,5.4,8.1,2.4,13.5,13.5,0.0,0.2777777777777778,0.2777777777777778,5.101309226932669,89.97393797817331,111.14329576666846,,3.333333333333333
2026,2026-04-12,KIA,김범수,1110793,,,7.0,326.8,3.1,18.0,3.0,0.0,5.0,5.0,3.0,2.0,1155.3333333333333,4.759665320253895,3.5600115406809003,5.4,8.1,2.4,13.5,13.5,0.0,0.2777777777777778,0.2777777777777778,5.0600115406809,88.03105408733867,113.59627694652674,,3.333333333333333
2026,2026-03-31,한화,엄상백,1113208,중계,,1.0,39.9,0.1,4.0,2.0,0.0,1.0,0.0,1.0,1.0,272.0,5.525735294117647,3.871323529411765,27.0,27.0,9.0,0.0,27.0,0.0,0.0,0.25,12.871323529411764,20.874076135799484,479.0631180486013,,0.3333333333333333
2026,2026-04-01,한화,엄상백,1113208,,,1.0,39.9,0.1,4.0,2.0,0.0,1.0,0.0,1.0,1.0,359.3333333333333,5.760667903525047,4.043599257884972,27.0,27.0,9.0,0.0,27.0,0.0,0.0,0.25,13.043599257884972,21.761560047808917,459.52587856893376,,0.3333333333333333
2026,2026-04-02,한화,엄상백,1113208,,,1.0,39.9,0.1,4.0,2.0,0.0,1.0,0.0,1.0,1.0,445.3333333333333,5.719311377245509,4.077844311377246,27.0,27.0,9.0,0.0,27.0,0.0,0.0,0.25,13.077844311377245,21.60533119638524,462.8487251180434,,0.3333333333333333
2026,2026-04-03,한화,엄상백,1113208,,,1.0,39.9,0.1,4.0,2.0,0.0,1.0,0.0,1.0,1.0,534.3333333333334,5.592014971927635,3.980661260137242,27.0,27.0,9.0,0.0,27.0,0.0,0.0,0.25,12.980661260137245,21.12445494825088,473.3849949973742,,0.3333333333333333
2026,2026-04-04,한화,엄상백,1113208,,,1.0,39.9,0.1,4.0,2.0,0.0,1.0,0.0,1.0,1.0,624.3333333333334,5.477843032568073,3.8873465029364658,27.0,27.0,9.0,0.0,27.0,0.0,0.0,0.25,12.887346502936468,20.693157821640344,483.25152140589535,,0.3333333333333333
2026,2026-04-05,한화,엄상백,1113208,,,1.0,39.9,0.1,4.0,2.0,0.0,1.0,0.0,1.0,1.0,711.3333333333334,5.200093720712277,3.7085285848172447,27.0,27.0,9.0,0.0,27.0,0.0,0.0,0.25,12.708528584817245,19.643929081256104,509.0631287984961,,0.3333333333333333
2026,2026-04-06,한화,엄상백,1113208,,,1.0,39.9,0.1,4.0,2.0,0.0,1.0,0.0,1.0,1.0,711.3333333333334,5.200093720712277,3.7085285848172447,27.0,27.0,9.0,0.0,27.0,0.0,0.0,0.25,12.708528584817245,19.643929081256104,509.0631287984961,,0.3333333333333333
2026,2026-04-07,한화,엄상백,1113208,,,1.0,39.9,0.1,4.0,2.0,0.0,1.0,0.0,1.0,1.0,801.3333333333334,5.031613976705491,3.697587354409318,27.0,27.0,9.0,0.0,27.0,0.0,0.0,0.25,12.697587354409318,19.00747821697357,526.1087181502097,,0.3333333333333333
2026,2026-04-08,한화,엄상백,1113208,,,1.0,39.9,0.1,4.0,2.0,0.0,1.0,0.0,1.0,1.0,888.3333333333334,4.984615384615385,3.578611632270169,27.0,27.0,9.0,0.0,27.0,0.0,0.0,0.25,12.578611632270167,18.82993583802382,531.0692551488528,,0.3333333333333333
2026,2026-04-09,한화,엄상백,1113208,,,1.0,39.9,0.1,4.0,2.0,0.0,1.0,0.0,1.0,1.0,888.3333333333334,4.984615384615385,3.578611632270169,27.0,27.0,9.0,0.0,27.0,0.0,0.0,0.25,12.578611632270167,18.82993583802382,531.0692551488528,,0.3333333333333333
2026,2026-04-10,한화,엄상백,1113208,,,1.0,39.9,0.1,4.0,2.0,0.0,1.0,0.0,1.0,1.0,980.3333333333334,4.966678000680041,3.5651139068344104,27.0,27.0,9.0,0.0,27.0,0.0,0.0,0.25,12.56511390683441,18.762175386606245,532.9872359651163,,0.3333333333333333
2026,2026-04-11,한화,엄상백,1113208,,,1.0,39.9,0.1,4.0,2.0,0.0,1.0,0.0,1.0,1.0,1069.3333333333333,4.864713216957607,3.6013092269326688,27.0,27.0,9.0,0.0,27.0,0.0,0.0,0.25,12.601309226932669,18.376992140340683,544.1586916744807,,0.3333333333333333
2026,2026-04-12,한화,엄상백,1113208,,,1.0,39.9,0.1,4.0,2.0,0.0,1.0,0.0,1.0,1.0,1155.3333333333333,4.759665320253895,3.5600115406809003,27.0,27.0,9.0,0.0,27.0,0.0,0.0,0.25,12.5600115406809,17.980162093842953,556.1685121528664,,0.3333333333333333
2026,2026-03-31,삼성,김재윤,1146363,중계,,1.0,47.9,1.0,5.0,1.0,0.0,1.0,0.0,0.0,0.0,272.0,5.525735294117647,3.871323529411765,0.0,0.0,2.0,0.0,9.0,0.0,0.0,0.2,6.8713235294117645,0.0,0.0,,1.0
2026,2026-04-01,삼성,김재윤,1146363,,,1.0,47.9,1.0,5.0,1.0,0.0,1.0,0.0,0.0,0.0,359.3333333333333,5.760667903525047,4.043599257884972,0.0,0.0,2.0,0.0,9.0,0.0,0.0,0.2,7.043599257884972,0.0,0.0,,1.0
2026,2026-04-02,삼성,김재윤,1146363,중계,,2.0,91.8,2.0,9.0,2.0,1.0,1.0,1.0,1.0,1.0,445.3333333333333,5.719311377245509,4.077844311377246,4.5,4.5,1.5,4.5,4.5,4.5,0.1111111111111111,0.1111111111111111,11.077844311377245,132.4766458718551,75.48500291646135,,2.0
2026,2026-04-03,삼성,김재윤,1146363,중계,세,3.0,142.7,3.0,12.0,2.0,1.0,2.0,2.0,1.0,1.0,534.3333333333334,5.592014971927635,3.980661260137242,3.0,3.0,1.3333333333333333,6.0,6.0,3.0,0.1666666666666666,0.1666666666666666,8.980661260137243,194.2921109594193,51.468893670565166,,3.0
2026,2026-04-04,삼성,김재윤,1146363,,,3.0,142.7,3.0,12.0,2.0,1.0,2.0,2.0,1.0,1.0,624.3333333333334,5.477843032568073,3.8873465029364658,3.0,3.0,1.3333333333333333,6.0,6.0,3.0,0.1666666666666666,0.1666666666666666,8.887346502936467,190.3252569324077,52.54163404887144,,3.0
2026,2026-04-05,삼성,김재윤,1146363,,,3.0,142.7,3.0,12.0,2.0,1.0,2.0,2.0,1.0,1.0,711.3333333333334,5.200093720712277,3.7085285848172447,3.0,3.0,1.3333333333333333,6.0,6.0,3.0,0.1666666666666666,0.1666666666666666,8.708528584817245,180.67497874307975,55.34800706532819,,3.0
2026,2026-04-06,삼성,김재윤,1146363,,,3.0,142.7,3.0,12.0,2.0,1.0,2.0,2.0,1.0,1.0,711.3333333333334,5.200093720712277,3.7085285848172447,3.0,3.0,1.3333333333333333,6.0,6.0,3.0,0.1666666666666666,0.1666666666666666,8.708528584817245,180.67497874307975,55.34800706532819,,3.0
2026,2026-04-07,삼성,김재윤,1146363,,,3.0,142.7,3.0,12.0,2.0,1.0,2.0,2.0,1.0,1.0,801.3333333333334,5.031613976705491,3.697587354409318,3.0,3.0,1.3333333333333333,6.0,6.0,3.0,0.1666666666666666,0.1666666666666666,8.697587354409318,174.82122382981328,57.2012927316817,,3.0
2026,2026-04-08,삼성,김재윤,1146363,,,3.0,142.7,3.0,12.0,2.0,1.0,2.0,2.0,1.0,1.0,888.3333333333334,4.984615384615385,3.578611632270169,3.0,3.0,1.3333333333333333,6.0,6.0,3.0,0.1666666666666666,0.1666666666666666,8.578611632270169,173.18827833250185,57.74062827047183,,3.0
2026,2026-04-09,삼성,김재윤,1146363,,,3.0,142.7,3.0,12.0,2.0,1.0,2.0,2.0,1.0,1.0,888.3333333333334,4.984615384615385,3.578611632270169,3.0,3.0,1.3333333333333333,6.0,6.0,3.0,0.1666666666666666,0.1666666666666666,8.578611632270169,173.18827833250185,57.74062827047183,,3.0
2026,2026-04-10,삼성,김재윤,1146363,중계,세,4.0,191.6,4.0,17.0,4.0,1.0,2.0,3.0,1.0,1.0,980.3333333333334,4.966678000680041,3.5651139068344104,2.25,2.25,1.5,6.75,4.5,2.25,0.1764705882352941,0.1176470588235294,6.81511390683441,230.08673571205668,43.461870885571415,,4.0
2026,2026-04-11,삼성,김재윤,1146363,중계,세,5.0,243.5,5.0,20.0,4.0,1.0,2.0,3.0,1.0,1.0,1069.3333333333333,4.864713216957607,3.6013092269326688,1.8,1.8,1.2,5.4,3.6,1.8,0.15,0.1,6.201309226932668,281.7038833884081,35.498268180464464,,5.0
2026,2026-04-12,삼성,김재윤,1146363,,,5.0,243.5,5.0,20.0,4.0,1.0,2.0,3.0,1.0,1.0,1155.3333333333333,4.759665320253895,3.5600115406809003,1.8,1.8,1.2,5.4,3.6,1.8,0.15,0.1,6.1600115406809,275.62081145313647,36.28173049515998,,5.0
2026,2026-03-28,NC,구창모,1222245,선발,승,1.0,66.9,5.0,18.0,2.0,0.0,1.0,3.0,0.0,0.0,92.0,5.869565217391305,4.445652173913044,0.0,0.0,0.6,5.4,1.8,0.0,0.1666666666666666,0.0555555555555555,3.845652173913044,0.0,0.0,,5.0
2026,2026-03-29,NC,구창모,1222245,,,1.0,66.9,5.0,18.0,2.0,0.0,1.0,3.0,0.0,0.0,180.0,6.0,4.011111111111111,0.0,0.0,0.6,5.4,1.8,0.0,0.1666666666666666,0.0555555555555555,3.411111111111111,0.0,0.0,,5.0
2026,2026-03-30,NC,구창모,1222245,,,1.0,66.9,5.0,18.0,2.0,0.0,1.0,3.0,0.0,0.0,180.0,6.0,4.011111111111111,0.0,0.0,0.6,5.4,1.8,0.0,0.1666666666666666,0.0555555555555555,3.411111111111111,0.0,0.0,,5.0
2026,2026-03-31,NC,구창모,1222245,,,1.0,66.9,5.0,18.0,2.0,0.0,1.0,3.0,0.0,0.0,272.0,5.525735294117647,3.871323529411765,0.0,0.0,0.6,5.4,1.8,0.0,0.1666666666666666,0.0555555555555555,3.2713235294117644,0.0,0.0,,5.0
2026,2026-04-01,NC,구창모,1222245,,,1.0,66.9,5.0,18.0,2.0,0.0,1.0,3.0,0.0,0.0,359.3333333333333,5.760667903525047,4.043599257884972,0.0,0.0,0.6,5.4,1.8,0.0,0.1666666666666666,0.0555555555555555,3.4435992578849723,0.0,0.0,,5.0
2026,2026-04-02,NC,구창모,1222245,,,1.0,66.9,5.0,18.0,2.0,0.0,1.0,3.0,0.0,0.0,445.3333333333333,5.719311377245509,4.077844311377246,0.0,0.0,0.6,5.4,1.8,0.0,0.1666666666666666,0.0555555555555555,3.477844311377245,0.0,0.0,,5.0
2026,2026-04-03,NC,구창모,1222245,선발,승,2.0,139.3,11.0,40.0,3.0,0.0,4.0,9.0,0.0,0.0,534.3333333333334,5.592014971927635,3.980661260137242,0.0,0.0,0.6363636363636364,7.363636363636363,3.272727272727273,0.0,0.225,0.1,3.435206714682697,0.0,0.0,,11.0
2026,2026-04-04,NC,구창모,1222245,,,2.0,139.3,11.0,40.0,3.0,0.0,4.0,9.0,0.0,0.0,624.3333333333334,5.477843032568073,3.8873465029364658,0.0,0.0,0.6363636363636364,7.363636363636363,3.272727272727273,0.0,0.225,0.1,3.3418919574819204,0.0,0.0,,11.0
2026,2026-04-05,NC,구창모,1222245,,,2.0,139.3,11.0,40.0,3.0,0.0,4.0,9.0,0.0,0.0,711.3333333333334,5.200093720712277,3.7085285848172447,0.0,0.0,0.6363636363636364,7.363636363636363,3.272727272727273,0.0,0.225,0.1,3.1630740393626997,0.0,0.0,,11.0
2026,2026-04-06,NC,구창모,1222245,,,2.0,139.3,11.0,40.0,3.0,0.0,4.0,9.0,0.0,0.0,711.3333333333334,5.200093720712277,3.7085285848172447,0.0,0.0,0.6363636363636364,7.363636363636363,3.272727272727273,0.0,0.225,0.1,3.1630740393626997,0.0,0.0,,11.0
2026,2026-04-07,NC,구창모,1222245,,,2.0,139.3,11.0,40.0,3.0,0.0,4.0,9.0,0.0,0.0,801.3333333333334,5.031613976705491,3.697587354409318,0.0,0.0,0.6363636363636364,7.363636363636363,3.272727272727273,0.0,0.225,0.1,3.1521328089547724,0.0,0.0,,11.0
2026,2026-04-08,NC,구창모,1222245,,,2.0,139.3,11.0,40.0,3.0,0.0,4.0,9.0,0.0,0.0,888.3333333333334,4.984615384615385,3.578611632270169,0.0,0.0,0.6363636363636364,7.363636363636363,3.272727272727273,0.0,0.225,0.1,3.033157086815624,0.0,0.0,,11.0
2026,2026-04-09,NC,구창모,1222245,,,2.0,139.3,11.0,40.0,3.0,0.0,4.0,9.0,0.0,0.0,888.3333333333334,4.984615384615385,3.578611632270169,0.0,0.0,0.6363636363636364,7.363636363636363,3.272727272727273,0.0,0.225,0.1,3.033157086815624,0.0,0.0,,11.0
2026,2026-04-10,NC,구창모,1222245,선발,,3.0,177.70000000000002,17.0,66.0,10.0,2.0,6.0,11.0,4.0,4.0,980.3333333333334,4.966678000680041,3.5651139068344104,2.117647058823529,2.117647058823529,0.9411764705882352,5.823529411764706,3.176470588235294,1.0588235294117647,0.1666666666666666,0.0909090909090909,4.859231553893234,236.91345431313425,42.20950654319006,,17.0
2026,2026-04-11,NC,구창모,1222245,,,3.0,177.70000000000002,17.0,66.0,10.0,2.0,6.0,11.0,4.0,4.0,1069.3333333333333,4.864713216957607,3.6013092269326688,2.117647058823529,2.117647058823529,0.9411764705882352,5.823529411764706,3.176470588235294,1.0588235294117647,0.1666666666666666,0.0909090909090909,4.895426873991492,232.0496743123639,43.09422122497324,,17.0
2026,2026-04-12,NC,구창모,1222245,,,3.0,177.70000000000002,17.0,66.0,10.0,2.0,6.0,11.0,4.0,4.0,1155.3333333333333,4.759665320253895,3.5600115406809003,2.117647058823529,2.117647058823529,0.9411764705882352,5.823529411764706,3.176470588235294,1.0588235294117647,0.1666666666666666,0.0909090909090909,4.854129187739724,227.03882801369147,44.04532954775892,,17.0
2026,2026-03-29,NC,류진욱,1222322,중계,,1.0,52.9,1.0,3.0,0.0,0.0,0.0,1.0,0.0,0.0,180.0,6.0,4.011111111111111,0.0,0.0,0.0,9.0,0.0,0.0,0.3333333333333333,0.0,2.011111111111111,0.0,0.0,,1.0
2026,2026-03-30,NC,류진욱,1222322,,,1.0,52.9,1.0,3.0,0.0,0.0,0.0,1.0,0.0,0.0,180.0,6.0,4.011111111111111,0.0,0.0,0.0,9.0,0.0,0.0,0.3333333333333333,0.0,2.011111111111111,0.0,0.0,,1.0
2026,2026-03-31,NC,류진욱,1222322,,,1.0,52.9,1.0,3.0,0.0,0.0,0.0,1.0,0.0,0.0,272.0,5.525735294117647,3.871323529411765,0.0,0.0,0.0,9.0,0.0,0.0,0.3333333333333333,0.0,1.8713235294117645,0.0,0.0,,1.0
2026,2026-04-01,NC,류진욱,1222322,중계,승,2.0,104.8,2.0,6.0,0.0,0.0,0.0,1.0,0.0,0.0,359.3333333333333,5.760667903525047,4.043599257884972,0.0,0.0,0.0,4.5,0.0,0.0,0.1666666666666666,0.0,3.0435992578849724,0.0,0.0,,2.0
2026,2026-04-02,NC,류진욱,1222322,중계,,3.0,156.7,3.0,9.0,0.0,0.0,0.0,1.0,0.0,0.0,445.3333333333333,5.719311377245509,4.077844311377246,0.0,0.0,0.0,3.0,0.0,0.0,0.1111111111111111,0.0,3.411177644710579,0.0,0.0,,3.0
2026,2026-04-03,NC,류진욱,1222322,,,3.0,156.7,3.0,9.0,0.0,0.0,0.0,1.0,0.0,0.0,534.3333333333334,5.592014971927635,3.980661260137242,0.0,0.0,0.0,3.0,0.0,0.0,0.1111111111111111,0.0,3.3139945934705755,0.0,0.0,,3.0
2026,2026-04-04,NC,류진욱,1222322,,,3.0,156.7,3.0,9.0,0.0,0.0,0.0,1.0,0.0,0.0,624.3333333333334,5.477843032568073,3.8873465029364658,0.0,0.0,0.0,3.0,0.0,0.0,0.1111111111111111,0.0,3.2206798362697997,0.0,0.0,,3.0
2026,2026-04-05,NC,류진욱,1222322,,,3.0,156.7,3.0,9.0,0.0,0.0,0.0,1.0,0.0,0.0,711.3333333333334,5.200093720712277,3.7085285848172447,0.0,0.0,0.0,3.0,0.0,0.0,0.1111111111111111,0.0,3.041861918150578,0.0,0.0,,3.0
2026,2026-04-06,NC,류진욱,1222322,,,3.0,156.7,3.0,9.0,0.0,0.0,0.0,1.0,0.0,0.0,711.3333333333334,5.200093720712277,3.7085285848172447,0.0,0.0,0.0,3.0,0.0,0.0,0.1111111111111111,0.0,3.041861918150578,0.0,0.0,,3.0
2026,2026-04-07,NC,류진욱,1222322,,,3.0,156.7,3.0,9.0,0.0,0.0,0.0,1.0,0.0,0.0,801.3333333333334,5.031613976705491,3.697587354409318,0.0,0.0,0.0,3.0,0.0,0.0,0.1111111111111111,0.0,3.0309206877426518,0.0,0.0,,3.0
2026,2026-04-08,NC,류진욱,1222322,중계,패,4.0,187.6,3.1,14.0,3.0,1.0,1.0,1.0,2.0,2.0,888.3333333333334,4.984615384615385,3.578611632270169,5.4,5.4,1.2,2.7,2.7,2.7,0.0714285714285714,0.0714285714285714,7.778611632270169,93.2427757057807,107.2469145658438,,3.333333333333333
2026,2026-04-09,NC,류진욱,1222322,,,4.0,187.6,3.1,14.0,3.0,1.0,1.0,1.0,2.0,2.0,888.3333333333334,4.984615384615385,3.578611632270169,5.4,5.4,1.2,2.7,2.7,2.7,0.0714285714285714,0.0714285714285714,7.778611632270169,93.2427757057807,107.2469145658438,,3.333333333333333
2026,2026-04-10,NC,류진욱,1222322,,,4.0,187.6,3.1,14.0,3.0,1.0,1.0,1.0,2.0,2.0,980.3333333333334,4.966678000680041,3.5651139068344104,5.4,5.4,1.2,2.7,2.7,2.7,0.0714285714285714,0.0714285714285714,7.765113906834411,92.90723698554284,107.63424168513464,,3.333333333333333
2026,2026-04-11,NC,류진욱,1222322,,,4.0,187.6,3.1,14.0,3.0,1.0,1.0,1.0,2.0,2.0,1069.3333333333333,4.864713216957607,3.6013092269326688,5.4,5.4,1.2,2.7,2.7,2.7,0.0714285714285714,0.0714285714285714,7.801309226932669,90.9998722793584,109.89026412368176,,3.333333333333333
2026,2026-04-12,NC,류진욱,1222322,중계,,5.0,230.5,4.1,19.0,5.0,2.0,1.0,3.0,3.0,3.0,1155.3333333333333,4.759665320253895,3.5600115406809003,6.230769230769231,6.230769230769231,1.3846153846153848,6.230769230769231,2.076923076923077,4.153846153846154,0.1578947368421052,0.0526315789473684,8.867703848373209,77.16352324648336,129.59491193859836,,4.333333333333333
2026,2026-03-29,SSG,김택형,1240604,중계,,1.0,32.4,0.2,5.0,1.0,1.0,2.0,1.0,3.0,3.0,180.0,6.0,4.011111111111111,40.5,40.5,4.5,13.5,27.0,13.5,0.2,0.4,29.511111111111116,15.23856758639166,656.2296582869243,,0.6666666666666666
2026,2026-03-30,SSG,김택형,1240604,,,1.0,32.4,0.2,5.0,1.0,1.0,2.0,1.0,3.0,3.0,180.0,6.0,4.011111111111111,40.5,40.5,4.5,13.5,27.0,13.5,0.2,0.4,29.511111111111116,15.23856758639166,656.2296582869243,,0.6666666666666666
2026,2026-03-31,SSG,김택형,1240604,,,1.0,32.4,0.2,5.0,1.0,1.0,2.0,1.0,3.0,3.0,272.0,5.525735294117647,3.871323529411765,40.5,40.5,4.5,13.5,27.0,13.5,0.2,0.4,29.371323529411764,14.034048457320258,712.5527626907921,,0.6666666666666666
2026,2026-04-01,SSG,김택형,1240604,,,1.0,32.4,0.2,5.0,1.0,1.0,2.0,1.0,3.0,3.0,359.3333333333333,5.760667903525047,4.043599257884972,40.5,40.5,4.5,13.5,27.0,13.5,0.2,0.4,29.54359925788497,14.630721198437262,683.493305925898,,0.6666666666666666
2026,2026-04-02,SSG,김택형,1240604,,,1.0,32.4,0.2,5.0,1.0,1.0,2.0,1.0,3.0,3.0,445.3333333333333,5.719311377245509,4.077844311377246,40.5,40.5,4.5,13.5,27.0,13.5,0.2,0.4,29.577844311377245,14.52568549496241,688.4356682146297,,0.6666666666666666
2026,2026-04-03,SSG,김택형,1240604,,,1.0,32.4,0.2,5.0,1.0,1.0,2.0,1.0,3.0,3.0,534.3333333333334,5.592014971927635,3.980661260137242,40.5,40.5,4.5,13.5,27.0,13.5,0.2,0.4,29.480661260137243,14.202383015638889,704.1071902502944,,0.6666666666666666
2026,2026-04-04,SSG,김택형,1240604,,,1.0,32.4,0.2,5.0,1.0,1.0,2.0,1.0,3.0,3.0,624.3333333333334,5.477843032568073,3.8873465029364658,40.5,40.5,4.5,13.5,27.0,13.5,0.2,0.4,29.387346502936467,13.912413546572203,718.7825438429294,,0.6666666666666666
2026,2026-04-05,SSG,김택형,1240604,,,1.0,32.4,0.2,5.0,1.0,1.0,2.0,1.0,3.0,3.0,711.3333333333334,5.200093720712277,3.7085285848172447,40.5,40.5,4.5,13.5,27.0,13.5,0.2,0.4,29.208528584817245,13.206996603107484,757.1744205376029,,0.6666666666666666
2026,2026-04-06,SSG,김택형,1240604,,,1.0,32.4,0.2,5.0,1.0,1.0,2.0,1.0,3.0,3.0,711.3333333333334,5.200093720712277,3.7085285848172447,40.5,40.5,4.5,13.5,27.0,13.5,0.2,0.4,29.208528584817245,13.206996603107484,757.1744205376029,,0.6666666666666666
2026,2026-04-07,SSG,김택형,1240604,,,1.0,32.4,0.2,5.0,1.0,1.0,2.0,1.0,3.0,3.0,801.3333333333334,5.031613976705491,3.697587354409318,40.5,40.5,4.5,13.5,27.0,13.5,0.2,0.4,29.19758735440932,12.779098275443252,782.5278266477014,,0.6666666666666666
2026,2026-04-08,SSG,김택형,1240604,,,1.0,32.4,0.2,5.0,1.0,1.0,2.0,1.0,3.0,3.0,888.3333333333334,4.984615384615385,3.578611632270169,40.5,40.5,4.5,13.5,27.0,13.5,0.2,0.4,29.078611632270167,12.659733071771534,789.9060701601867,,0.6666666666666666
2026,2026-04-09,SSG,김택형,1240604,,,1.0,32.4,0.2,5.0,1.0,1.0,2.0,1.0,3.0,3.0,888.3333333333334,4.984615384615385,3.578611632270169,40.5,40.5,4.5,13.5,27.0,13.5,0.2,0.4,29.078611632270167,12.659733071771534,789.9060701601867,,0.6666666666666666
2026,2026-04-10,SSG,김택형,1240604,,,1.0,32.4,0.2,5.0,1.0,1.0,2.0,1.0,3.0,3.0,980.3333333333334,4.966678000680041,3.5651139068344104,40.5,40.5,4.5,13.5,27.0,13.5,0.2,0.4,29.06511390683441,12.6141763988679,792.758851929285,,0.6666666666666666
2026,2026-04-11,SSG,김택형,1240604,,,1.0,32.4,0.2,5.0,1.0,1.0,2.0,1.0,3.0,3.0,1069.3333333333333,4.864713216957607,3.6013092269326688,40.5,40.5,4.5,13.5,27.0,13.5,0.2,0.4,29.10130922693267,12.35521019083688,809.3751417856412,,0.6666666666666666
2026,2026-04-12,SSG,김택형,1240604,,,1.0,32.4,0.2,5.0,1.0,1.0,2.0,1.0,3.0,3.0,1155.3333333333333,4.759665320253895,3.5600115406809003,40.5,40.5,4.5,13.5,27.0,13.5,0.2,0.4,29.0600115406809,12.088413611882247,827.2384053909727,,0.6666666666666666
2026,2026-04-07,롯데,최충연,1466893,중계,,1.0,37.9,1.0,7.0,3.0,0.0,1.0,0.0,2.0,2.0,801.3333333333334,5.031613976705491,3.697587354409318,18.0,18.0,4.0,0.0,9.0,0.0,0.0,0.1428571428571428,6.697587354409318,29.38752489407108,340.2804433529376,,1.0
2026,2026-04-08,롯데,최충연,1466893,,,1.0,37.9,1.0,7.0,3.0,0.0,1.0,0.0,2.0,2.0,888.3333333333334,4.984615384615385,3.578611632270169,18.0,18.0,4.0,0.0,9.0,0.0,0.0,0.1428571428571428,6.578611632270169,29.11302603517042,343.488855741734,,1.0
2026,2026-04-09,롯데,최충연,1466893,,,1.0,37.9,1.0,7.0,3.0,0.0,1.0,0.0,2.0,2.0,888.3333333333334,4.984615384615385,3.578611632270169,18.0,18.0,4.0,0.0,9.0,0.0,0.0,0.1428571428571428,6.578611632270169,29.11302603517042,343.488855741734,,1.0
2026,2026-04-10,롯데,최충연,1466893,,,1.0,37.9,1.0,7.0,3.0,0.0,1.0,0.0,2.0,2.0,980.3333333333334,4.966678000680041,3.5651139068344104,18.0,18.0,4.0,0.0,9.0,0.0,0.0,0.1428571428571428,6.56511390683441,29.00826137727439,344.7293813973348,,1.0
2026,2026-04-11,롯데,최충연,1466893,,,1.0,37.9,1.0,7.0,3.0,0.0,1.0,0.0,2.0,2.0,1069.3333333333333,4.864713216957607,3.6013092269326688,18.0,18.0,4.0,0.0,9.0,0.0,0.0,0.1428571428571428,6.601309226932669,28.41272828712991,351.954937200793,,1.0
2026,2026-04-12,롯데,최충연,1466893,,,1.0,37.9,1.0,7.0,3.0,0.0,1.0,0.0,2.0,2.0,1155.3333333333333,4.759665320253895,3.5600115406809003,18.0,18.0,4.0,0.0,9.0,0.0,0.0,0.1428571428571428,6.5600115406809,27.79918804065189,359.7227366992371,,1.0
2026,2026-03-29,삼성,최원태,1499307,선발,패,1.0,47.400000000000006,6.0,23.0,7.0,2.0,2.0,5.0,2.0,2.0,180.0,6.0,4.011111111111111,3.0,3.0,1.5,7.5,3.0,3.0,0.217391304347826,0.0869565217391304,7.677777777777777,208.4673720669004,47.96913733239198,,6.0
2026,2026-03-30,삼성,최원태,1499307,,,1.0,47.400000000000006,6.0,23.0,7.0,2.0,2.0,5.0,2.0,2.0,180.0,6.0,4.011111111111111,3.0,3.0,1.5,7.5,3.0,3.0,0.217391304347826,0.0869565217391304,7.677777777777777,208.4673720669004,47.96913733239198,,6.0
2026,2026-03-31,삼성,최원태,1499307,,,1.0,47.400000000000006,6.0,23.0,7.0,2.0,2.0,5.0,2.0,2.0,272.0,5.525735294117647,3.871323529411765,3.0,3.0,1.5,7.5,3.0,3.0,0.217391304347826,0.0869565217391304,7.537990196078431,191.98925258367112,52.08624891980287,,6.0
2026,2026-04-01,삼성,최원태,1499307,,,1.0,47.400000000000006,6.0,23.0,7.0,2.0,2.0,5.0,2.0,2.0,359.3333333333333,5.760667903525047,4.043599257884972,3.0,3.0,1.5,7.5,3.0,3.0,0.217391304347826,0.0869565217391304,7.7102659245516385,200.15188319966785,49.96205801383435,,6.0
2026,2026-04-02,삼성,최원태,1499307,,,1.0,47.400000000000006,6.0,23.0,7.0,2.0,2.0,5.0,2.0,2.0,445.3333333333333,5.719311377245509,4.077844311377246,3.0,3.0,1.5,7.5,3.0,3.0,0.217391304347826,0.0869565217391304,7.744510978043912,198.71496880778267,50.3233352776409,,6.0
2026,2026-04-03,삼성,최원태,1499307,,,1.0,47.400000000000006,6.0,23.0,7.0,2.0,2.0,5.0,2.0,2.0,534.3333333333334,5.592014971927635,3.980661260137242,3.0,3.0,1.5,7.5,3.0,3.0,0.217391304347826,0.0869565217391304,7.647327926803909,194.2921109594193,51.468893670565166,,6.0
2026,2026-04-04,삼성,최원태,1499307,선발,,2.0,88.30000000000001,11.0,47.0,14.0,2.0,6.0,13.0,7.0,7.0,624.3333333333334,5.477843032568073,3.8873465029364658,5.727272727272728,5.727272727272728,1.818181818181818,10.636363636363637,4.909090909090909,1.6363636363636365,0.2765957446808511,0.1276595744680851,5.523710139300103,99.69418220268976,100.30675591148184,,11.0
2026,2026-04-05,삼성,최원태,1499307,,,2.0,88.30000000000001,11.0,47.0,14.0,2.0,6.0,13.0,7.0,7.0,711.3333333333334,5.200093720712277,3.7085285848172447,5.727272727272728,5.727272727272728,1.818181818181818,10.636363636363637,4.909090909090909,1.6363636363636365,0.2765957446808511,0.1276595744680851,5.344892221180881,94.63927457970848,105.66437712471745,,11.0
2026,2026-04-06,삼성,최원태,1499307,,,2.0,88.30000000000001,11.0,47.0,14.0,2.0,6.0,13.0,7.0,7.0,711.3333333333334,5.200093720712277,3.7085285848172447,5.727272727272728,5.727272727272728,1.818181818181818,10.636363636363637,4.909090909090909,1.6363636363636365,0.2765957446808511,0.1276595744680851,5.344892221180881,94.63927457970848,105.66437712471745,,11.0
2026,2026-04-07,삼성,최원태,1499307,,,2.0,88.30000000000001,11.0,47.0,14.0,2.0,6.0,13.0,7.0,7.0,801.3333333333334,5.031613976705491,3.697587354409318,5.727272727272728,5.727272727272728,1.818181818181818,10.636363636363637,4.909090909090909,1.6363636363636365,0.2765957446808511,0.1276595744680851,5.333950990772954,91.57302200609269,109.2024679423014,,11.0
2026,2026-04-08,삼성,최원태,1499307,,,2.0,88.30000000000001,11.0,47.0,14.0,2.0,6.0,13.0,7.0,7.0,888.3333333333334,4.984615384615385,3.578611632270169,5.727272727272728,5.727272727272728,1.818181818181818,10.636363636363637,4.909090909090909,1.6363636363636365,0.2765957446808511,0.1276595744680851,5.214975268633806,90.71766960273908,110.2321085163553,,11.0
2026,2026-04-09,삼성,최원태,1499307,,,2.0,88.30000000000001,11.0,47.0,14.0,2.0,6.0,13.0,7.0,7.0,888.3333333333334,4.984615384615385,3.578611632270169,5.727272727272728,5.727272727272728,1.818181818181818,10.636363636363637,4.909090909090909,1.6363636363636365,0.2765957446808511,0.1276595744680851,5.214975268633806,90.71766960273908,110.2321085163553,,11.0
2026,2026-04-10,삼성,최원태,1499307,,,2.0,88.30000000000001,11.0,47.0,14.0,2.0,6.0,13.0,7.0,7.0,980.3333333333334,4.966678000680041,3.5651139068344104,5.727272727272728,5.727272727272728,1.818181818181818,10.636363636363637,4.909090909090909,1.6363636363636365,0.2765957446808511,0.1276595744680851,5.201477543198047,90.39121760116512,110.63021679963632,,11.0
2026,2026-04-11,삼성,최원태,1499307,,,2.0,88.30000000000001,11.0,47.0,14.0,2.0,6.0,13.0,7.0,7.0,1069.3333333333333,4.864713216957607,3.6013092269326688,5.727272727272728,5.727272727272728,1.818181818181818,10.636363636363637,4.909090909090909,1.6363636363636365,0.2765957446808511,0.1276595744680851,5.237672863296305,88.53550620778542,112.94903511965964,,11.0
2026,2026-04-12,삼성,최원태,1499307,,,2.0,88.30000000000001,11.0,47.0,14.0,2.0,6.0,13.0,7.0,7.0,1155.3333333333333,4.759665320253895,3.5600115406809003,5.727272727272728,5.727272727272728,1.818181818181818,10.636363636363637,4.909090909090909,1.6363636363636365,0.2765957446808511,0.1276595744680851,5.196375177044537,86.62368359955718,115.44186975732715,,11.0
2026,2026-03-29,KT,김민수,1501530,중계,,1.0,55.9,2.1,8.0,1.0,0.0,0.0,0.0,0.0,0.0,180.0,6.0,4.011111111111111,0.0,0.0,0.4285714285714285,0.0,0.0,0.0,0.0,0.0,4.011111111111111,0.0,0.0,,2.333333333333333
2026,2026-03-30,KT,김민수,1501530,,,1.0,55.9,2.1,8.0,1.0,0.0,0.0,0.0,0.0,0.0,180.0,6.0,4.011111111111111,0.0,0.0,0.4285714285714285,0.0,0.0,0.0,0.0,0.0,4.011111111111111,0.0,0.0,,2.333333333333333
2026,2026-03-31,KT,김민수,1501530,중계,,2.0,102.8,2.2,10.0,2.0,0.0,0.0,0.0,0.0,0.0,272.0,5.525735294117647,3.871323529411765,0.0,0.0,0.75,0.0,0.0,0.0,0.0,0.0,3.871323529411765,0.0,0.0,,2.6666666666666665
2026,2026-04-01,KT,김민수,1501530,중계,세,3.0,155.7,3.2,14.0,2.0,0.0,1.0,3.0,0.0,0.0,359.3333333333333,5.760667903525047,4.043599257884972,0.0,0.0,0.8181818181818182,7.363636363636364,2.4545454545454546,0.0,0.2142857142857142,0.0714285714285714,3.225417439703154,0.0,0.0,,3.6666666666666665
2026,2026-04-02,KT,김민수,1501530,,,3.0,155.7,3.2,14.0,2.0,0.0,1.0,3.0,0.0,0.0,445.3333333333333,5.719311377245509,4.077844311377246,0.0,0.0,0.8181818181818182,7.363636363636364,2.4545454545454546,0.0,0.2142857142857142,0.0714285714285714,3.2596624931954272,0.0,0.0,,3.6666666666666665
2026,2026-04-03,KT,김민수,1501530,중계,,4.0,207.6,4.2,17.0,2.0,0.0,1.0,3.0,0.0,0.0,534.3333333333334,5.592014971927635,3.980661260137242,0.0,0.0,0.6428571428571428,5.785714285714286,1.9285714285714284,0.0,0.1764705882352941,0.0588235294117647,3.337804117280099,0.0,0.0,,4.666666666666667
2026,2026-04-04,KT,김민수,1501530,,,4.0,207.6,4.2,17.0,2.0,0.0,1.0,3.0,0.0,0.0,624.3333333333334,5.477843032568073,3.8873465029364658,0.0,0.0,0.6428571428571428,5.785714285714286,1.9285714285714284,0.0,0.1764705882352941,0.0588235294117647,3.244489360079323,0.0,0.0,,4.666666666666667
2026,2026-04-05,KT,김민수,1501530,중계,홀드,5.0,258.5,5.2,21.0,3.0,0.0,1.0,4.0,0.0,0.0,711.3333333333334,5.200093720712277,3.7085285848172447,0.0,0.0,0.7058823529411764,6.352941176470588,1.588235294117647,0.0,0.1904761904761904,0.0476190476190476,2.826175643640774,0.0,0.0,,5.666666666666667
2026,2026-04-06,KT,김민수,1501530,,,5.0,258.5,5.2,21.0,3.0,0.0,1.0,4.0,0.0,0.0,711.3333333333334,5.200093720712277,3.7085285848172447,0.0,0.0,0.7058823529411764,6.352941176470588,1.588235294117647,0.0,0.1904761904761904,0.0476190476190476,2.826175643640774,0.0,0.0,,5.666666666666667
2026,2026-04-07,KT,김민수,1501530,중계,홀드,6.0,309.4,6.2,25.0,4.0,0.0,1.0,5.0,0.0,0.0,801.3333333333334,5.031613976705491,3.697587354409318,0.0,0.0,0.75,6.75,1.35,0.0,0.2,0.04,2.6475873544093176,0.0,0.0,,6.666666666666667
2026,2026-04-08,KT,김민수,1501530,,,6.0,309.4,6.2,25.0,4.0,0.0,1.0,5.0,0.0,0.0,888.3333333333334,4.984615384615385,3.578611632270169,0.0,0.0,0.75,6.75,1.35,0.0,0.2,0.04,2.5286116322701693,0.0,0.0,,6.666666666666667
2026,2026-04-09,KT,김민수,1501530,,,6.0,309.4,6.2,25.0,4.0,0.0,1.0,5.0,0.0,0.0,888.3333333333334,4.984615384615385,3.578611632270169,0.0,0.0,0.75,6.75,1.35,0.0,0.2,0.04,2.5286116322701693,0.0,0.0,,6.666666666666667
2026,2026-04-10,KT,김민수,1501530,중계,패,7.0,345.3,7.0,29.0,6.0,0.0,1.0,5.0,3.0,2.0,980.3333333333334,4.966678000680041,3.5651139068344104,2.571428571428572,3.857142857142857,1.0,6.428571428571429,1.2857142857142858,0.0,0.1724137931034483,0.0344827586206896,2.5651139068344104,198.86971896774543,50.284176253207725,,7.0
2026,2026-04-11,KT,김민수,1501530,,,7.0,345.3,7.0,29.0,6.0,0.0,1.0,5.0,3.0,2.0,1069.3333333333333,4.864713216957607,3.6013092269326688,2.571428571428572,3.857142857142857,1.0,6.428571428571429,1.2857142857142858,0.0,0.1724137931034483,0.0344827586206896,2.6013092269326688,194.7869683081072,51.33813666724538,,7.0
2026,2026-04-12,KT,김민수,1501530,,,7.0,345.3,7.0,29.0,6.0,0.0,1.0,5.0,3.0,2.0,1155.3333333333333,4.759665320253895,3.5600115406809003,2.571428571428572,3.857142857142857,1.0,6.428571428571429,1.2857142857142858,0.0,0.1724137931034483,0.0344827586206896,2.5600115406809003,190.58076736398323,52.47119181182309,,7.0
2026,2026-04-04,두산,박정수,1591976,중계,,1.0,49.9,1.0,3.0,0.0,0.0,1.0,0.0,0.0,0.0,624.3333333333334,5.477843032568073,3.8873465029364658,0.0,0.0,1.0,0.0,9.0,0.0,0.0,0.3333333333333333,6.887346502936466,0.0,0.0,,1.0
2026,2026-04-05,두산,박정수,1591976,,,1.0,49.9,1.0,3.0,0.0,0.0,1.0,0.0,0.0,0.0,711.3333333333334,5.200093720712277,3.7085285848172447,0.0,0.0,1.0,0.0,9.0,0.0,0.0,0.3333333333333333,6.708528584817245,0.0,0.0,,1.0
2026,2026-04-06,두산,박정수,1591976,,,1.0,49.9,1.0,3.0,0.0,0.0,1.0,0.0,0.0,0.0,711.3333333333334,5.200093720712277,3.7085285848172447,0.0,0.0,1.0,0.0,9.0,0.0,0.0,0.3333333333333333,6.708528584817245,0.0,0.0,,1.0
2026,2026-04-07,두산,박정수,1591976,,,1.0,49.9,1.0,3.0,0.0,0.0,1.0,0.0,0.0,0.0,801.3333333333334,5.031613976705491,3.697587354409318,0.0,0.0,1.0,0.0,9.0,0.0,0.0,0.3333333333333333,6.697587354409318,0.0,0.0,,1.0
2026,2026-04-08,두산,박정수,1591976,,,1.0,49.9,1.0,3.0,0.0,0.0,1.0,0.0,0.0,0.0,888.3333333333334,4.984615384615385,3.578611632270169,0.0,0.0,1.0,0.0,9.0,0.0,0.0,0.3333333333333333,6.578611632270169,0.0,0.0,,1.0
2026,2026-04-09,두산,박정수,1591976,,,1.0,49.9,1.0,3.0,0.0,0.0,1.0,0.0,0.0,0.0,888.3333333333334,4.984615384615385,3.578611632270169,0.0,0.0,1.0,0.0,9.0,0.0,0.0,0.3333333333333333,6.578611632270169,0.0,0.0,,1.0
2026,2026-04-10,두산,박정수,1591976,,,1.0,49.9,1.0,3.0,0.0,0.0,1.0,0.0,0.0,0.0,980.3333333333334,4.966678000680041,3.5651139068344104,0.0,0.0,1.0,0.0,9.0,0.0,0.0,0.3333333333333333,6.56511390683441,0.0,0.0,,1.0
2026,2026-04-11,두산,박정수,1591976,,,1.0,49.9,1.0,3.0,0.0,0.0,1.0,0.0,0.0,0.0,1069.3333333333333,4.864713216957607,3.6013092269326688,0.0,0.0,1.0,0.0,9.0,0.0,0.0,0.3333333333333333,6.601309226932669,0.0,0.0,,1.0
2026,2026-04-12,두산,박정수,1591976,중계,,2.0,98.8,2.0,7.0,1.0,0.0,2.0,1.0,0.0,0.0,1155.3333333333333,4.759665320253895,3.5600115406809003,0.0,0.0,1.5,4.5,9.0,0.0,0.1428571428571428,0.2857142857142857,5.5600115406809,0.0,0.0,,2.0
2026,2026-03-29,키움,박진형,1614085,중계,,1.0,39.4,1.1,9.0,4.0,0.0,1.0,2.0,2.0,2.0,180.0,6.0,4.011111111111111,13.5,13.5,3.75,13.5,6.75,0.0,0.2222222222222222,0.1111111111111111,3.261111111111111,43.01174530895744,232.49463438809687,,1.3333333333333333
2026,2026-03-30,키움,박진형,1614085,,,1.0,39.4,1.1,9.0,4.0,0.0,1.0,2.0,2.0,2.0,180.0,6.0,4.011111111111111,13.5,13.5,3.75,13.5,6.75,0.0,0.2222222222222222,0.1111111111111111,3.261111111111111,43.01174530895744,232.49463438809687,,1.3333333333333333
2026,2026-03-31,키움,박진형,1614085,중계,,2.0,91.8,2.2,13.0,4.0,0.0,2.0,3.0,2.0,2.0,272.0,5.525735294117647,3.871323529411765,6.75,6.75,2.25,10.125,6.75,0.0,0.2307692307692307,0.1538461538461538,3.871323529411765,79.22383970510174,126.22463184343783,,2.6666666666666665
2026,2026-04-01,키움,박진형,1614085,중계,,3.0,142.2,3.1,15.0,4.0,0.0,2.0,3.0,2.0,2.0,359.3333333333333,5.760667903525047,4.043599257884972,5.4,5.4,1.7999999999999998,8.1,5.4,0.0,0.2,0.1333333333333333,4.043599257884972,103.24015861496048,96.86153270352402,,3.333333333333333
2026,2026-04-02,키움,박진형,1614085,,,3.0,142.2,3.1,15.0,4.0,0.0,2.0,3.0,2.0,2.0,445.3333333333333,5.719311377245509,4.077844311377246,5.4,5.4,1.7999999999999998,8.1,5.4,0.0,0.2,0.1333333333333333,4.077844311377246,102.49898512529434,97.56194159167566,,3.333333333333333
2026,2026-04-03,키움,박진형,1614085,,,3.0,142.2,3.1,15.0,4.0,0.0,2.0,3.0,2.0,2.0,534.3333333333334,5.592014971927635,3.980661260137242,5.4,5.4,1.7999999999999998,8.1,5.4,0.0,0.2,0.1333333333333333,3.980661260137242,100.21763489017845,99.78283773068787,,3.333333333333333
2026,2026-04-04,키움,박진형,1614085,중계,,4.0,185.6,4.2,21.0,6.0,1.0,2.0,4.0,3.0,3.0,624.3333333333334,5.477843032568073,3.8873465029364658,5.785714285714286,5.785714285714286,1.7142857142857142,7.7142857142857135,3.8571428571428568,1.9285714285714284,0.1904761904761904,0.0952380952380952,6.2444893600793225,91.6267291952697,109.1384586989738,,4.666666666666667
2026,2026-04-05,키움,박진형,1614085,,,4.0,185.6,4.2,21.0,6.0,1.0,2.0,4.0,3.0,3.0,711.3333333333334,5.200093720712277,3.7085285848172447,5.785714285714286,5.785714285714286,1.7142857142857142,7.7142857142857135,3.8571428571428568,1.9285714285714284,0.1904761904761904,0.0952380952380952,6.065671441960102,86.98087482699428,114.96780205867194,,4.666666666666667
2026,2026-04-06,키움,박진형,1614085,,,4.0,185.6,4.2,21.0,6.0,1.0,2.0,4.0,3.0,3.0,711.3333333333334,5.200093720712277,3.7085285848172447,5.785714285714286,5.785714285714286,1.7142857142857142,7.7142857142857135,3.8571428571428568,1.9285714285714284,0.1904761904761904,0.0952380952380952,6.065671441960102,86.98087482699428,114.96780205867194,,4.666666666666667
2026,2026-04-07,키움,박진형,1614085,,,4.0,185.6,4.2,21.0,6.0,1.0,2.0,4.0,3.0,3.0,801.3333333333334,5.031613976705491,3.697587354409318,5.785714285714286,5.785714285714286,1.7142857142857142,7.7142857142857135,3.8571428571428568,1.9285714285714284,0.1904761904761904,0.0952380952380952,6.054730211552175,84.16274955629608,118.81741094153593,,4.666666666666667
2026,2026-04-08,키움,박진형,1614085,,,4.0,185.6,4.2,21.0,6.0,1.0,2.0,4.0,3.0,3.0,888.3333333333334,4.984615384615385,3.578611632270169,5.785714285714286,5.785714285714286,1.7142857142857142,7.7142857142857135,3.8571428571428568,1.9285714285714284,0.1904761904761904,0.0952380952380952,5.935754489413027,83.37661398351749,119.93770821608172,,4.666666666666667
2026,2026-04-09,키움,박진형,1614085,,,4.0,185.6,4.2,21.0,6.0,1.0,2.0,4.0,3.0,3.0,888.3333333333334,4.984615384615385,3.578611632270169,5.785714285714286,5.785714285714286,1.7142857142857142,7.7142857142857135,3.8571428571428568,1.9285714285714284,0.1904761904761904,0.0952380952380952,5.935754489413027,83.37661398351749,119.93770821608172,,4.666666666666667
2026,2026-04-10,키움,박진형,1614085,중계,,5.0,235.5,5.2,24.0,7.0,1.0,2.0,4.0,3.0,3.0,980.3333333333334,4.966678000680041,3.5651139068344104,4.764705882352941,4.764705882352941,1.588235294117647,6.352941176470588,3.176470588235294,1.588235294117647,0.1666666666666666,0.0833333333333333,5.506290377422646,100.87870323184671,99.12895070644672,,5.666666666666667
2026,2026-04-11,키움,박진형,1614085,,,5.0,235.5,5.2,24.0,7.0,1.0,2.0,4.0,3.0,3.0,1069.3333333333333,4.864713216957607,3.6013092269326688,4.764705882352941,4.764705882352941,1.588235294117647,6.352941176470588,3.176470588235294,1.588235294117647,0.1666666666666666,0.0833333333333333,5.542485697520904,98.80768611420258,101.20670155600986,,5.666666666666667
2026,2026-04-12,키움,박진형,1614085,중계,홀드,6.0,284.9,6.1,27.0,8.0,1.0,2.0,5.0,3.0,3.0,1155.3333333333333,4.759665320253895,3.5600115406809003,4.2631578947368425,4.2631578947368425,1.5789473684210529,7.105263157894737,2.8421052631578947,1.4210526315789471,0.1851851851851851,0.074074074074074,4.981064172259847,108.04746493616996,92.551916936761,,6.333333333333333
2026,2026-03-28,KIA,전상현,1631324,중계,홀드,1.0,51.9,1.0,4.0,0.0,0.0,1.0,2.0,0.0,0.0,92.0,5.869565217391305,4.445652173913044,0.0,0.0,1.0,18.0,9.0,0.0,0.5,0.25,3.445652173913044,0.0,0.0,,1.0
2026,2026-03-29,KIA,전상현,1631324,,,1.0,51.9,1.0,4.0,0.0,0.0,1.0,2.0,0.0,0.0,180.0,6.0,4.011111111111111,0.0,0.0,1.0,18.0,9.0,0.0,0.5,0.25,3.011111111111111,0.0,0.0,,1.0
2026,2026-03-30,KIA,전상현,1631324,,,1.0,51.9,1.0,4.0,0.0,0.0,1.0,2.0,0.0,0.0,180.0,6.0,4.011111111111111,0.0,0.0,1.0,18.0,9.0,0.0,0.5,0.25,3.011111111111111,0.0,0.0,,1.0
2026,2026-03-31,KIA,전상현,1631324,,,1.0,51.9,1.0,4.0,0.0,0.0,1.0,2.0,0.0,0.0,272.0,5.525735294117647,3.871323529411765,0.0,0.0,1.0,18.0,9.0,0.0,0.5,0.25,2.8713235294117645,0.0,0.0,,1.0
2026,2026-04-01,KIA,전상현,1631324,,,1.0,51.9,1.0,4.0,0.0,0.0,1.0,2.0,0.0,0.0,359.3333333333333,5.760667903525047,4.043599257884972,0.0,0.0,1.0,18.0,9.0,0.0,0.5,0.25,3.0435992578849724,0.0,0.0,,1.0
2026,2026-04-02,KIA,전상현,1631324,중계,,2.0,102.8,2.0,8.0,1.0,0.0,1.0,3.0,0.0,0.0,445.3333333333333,5.719311377245509,4.077844311377246,0.0,0.0,1.0,13.5,4.5,0.0,0.375,0.125,2.5778443113772456,0.0,0.0,,2.0
2026,2026-04-03,KIA,전상현,1631324,,,2.0,102.8,2.0,8.0,1.0,0.0,1.0,3.0,0.0,0.0,534.3333333333334,5.592014971927635,3.980661260137242,0.0,0.0,1.0,13.5,4.5,0.0,0.375,0.125,2.480661260137242,0.0,0.0,,2.0
2026,2026-04-04,KIA,전상현,1631324,,,2.0,102.8,2.0,8.0,1.0,0.0,1.0,3.0,0.0,0.0,624.3333333333334,5.477843032568073,3.8873465029364658,0.0,0.0,1.0,13.5,4.5,0.0,0.375,0.125,2.3873465029364658,0.0,0.0,,2.0
2026,2026-04-05,KIA,전상현,1631324,중계,홀드,3.0,151.2,2.2,11.0,2.0,0.0,1.0,3.0,0.0,0.0,711.3333333333334,5.200093720712277,3.7085285848172447,0.0,0.0,1.125,10.125,3.375,0.0,0.2727272727272727,0.0909090909090909,2.5835285848172447,0.0,0.0,,2.6666666666666665
2026,2026-04-06,KIA,전상현,1631324,,,3.0,151.2,2.2,11.0,2.0,0.0,1.0,3.0,0.0,0.0,711.3333333333334,5.200093720712277,3.7085285848172447,0.0,0.0,1.125,10.125,3.375,0.0,0.2727272727272727,0.0909090909090909,2.5835285848172447,0.0,0.0,,2.6666666666666665
2026,2026-04-07,KIA,전상현,1631324,중계,패,4.0,176.6,3.1,18.0,6.0,0.0,2.0,3.0,5.0,5.0,801.3333333333334,5.031613976705491,3.697587354409318,13.5,13.5,2.4,8.1,5.4,0.0,0.1666666666666666,0.1111111111111111,3.697587354409318,37.22432165514886,268.64156431489465,,3.333333333333333
2026,2026-04-08,KIA,전상현,1631324,,,4.0,176.6,3.1,18.0,6.0,0.0,2.0,3.0,5.0,5.0,888.3333333333334,4.984615384615385,3.578611632270169,13.5,13.5,2.4,8.1,5.4,0.0,0.1666666666666666,0.1111111111111111,3.578611632270169,36.87662194738099,271.17451306328803,,3.333333333333333
2026,2026-04-09,KIA,전상현,1631324,,,4.0,176.6,3.1,18.0,6.0,0.0,2.0,3.0,5.0,5.0,888.3333333333334,4.984615384615385,3.578611632270169,13.5,13.5,2.4,8.1,5.4,0.0,0.1666666666666666,0.1111111111111111,3.578611632270169,36.87662194738099,271.17451306328803,,3.333333333333333
2026,2026-04-10,KIA,전상현,1631324,,,4.0,176.6,3.1,18.0,6.0,0.0,2.0,3.0,5.0,5.0,980.3333333333334,4.966678000680041,3.5651139068344104,13.5,13.5,2.4,8.1,5.4,0.0,0.1666666666666666,0.1111111111111111,3.5651139068344104,36.74391960726659,272.15387217487734,,3.333333333333333
2026,2026-04-11,KIA,전상현,1631324,,,4.0,176.6,3.1,18.0,6.0,0.0,2.0,3.0,5.0,5.0,1069.3333333333333,4.864713216957607,3.6013092269326688,13.5,13.5,2.4,8.1,5.4,0.0,0.1666666666666666,0.1111111111111111,3.6013092269326688,35.989575191269324,277.85823941667115,,3.333333333333333
2026,2026-04-12,KIA,전상현,1631324,,,4.0,176.6,3.1,18.0,6.0,0.0,2.0,3.0,5.0,5.0,1155.3333333333333,4.759665320253895,3.5600115406809003,13.5,13.5,2.4,8.1,5.4,0.0,0.1666666666666666,0.1111111111111111,3.5600115406809003,35.21242163493547,283.99069236631686,,3.333333333333333
2026,2026-03-31,삼성,최지광,1744591,중계,,1.0,50.9,1.0,4.0,1.0,0.0,0.0,1.0,0.0,0.0,272.0,5.525735294117647,3.871323529411765,0.0,0.0,1.0,9.0,0.0,0.0,0.25,0.0,1.8713235294117645,0.0,0.0,,1.0
2026,2026-04-01,삼성,최지광,1744591,,,1.0,50.9,1.0,4.0,1.0,0.0,0.0,1.0,0.0,0.0,359.3333333333333,5.760667903525047,4.043599257884972,0.0,0.0,1.0,9.0,0.0,0.0,0.25,0.0,2.0435992578849724,0.0,0.0,,1.0
2026,2026-04-02,삼성,최지광,1744591,중계,승,2.0,100.8,2.0,8.0,2.0,0.0,0.0,1.0,0.0,0.0,445.3333333333333,5.719311377245509,4.077844311377246,0.0,0.0,1.0,4.5,0.0,0.0,0.125,0.0,3.0778443113772456,0.0,0.0,,2.0
2026,2026-04-03,삼성,최지광,1744591,,,2.0,100.8,2.0,8.0,2.0,0.0,0.0,1.0,0.0,0.0,534.3333333333334,5.592014971927635,3.980661260137242,0.0,0.0,1.0,4.5,0.0,0.0,0.125,0.0,2.980661260137242,0.0,0.0,,2.0
2026,2026-04-04,삼성,최지광,1744591,중계,세,3.0,149.7,3.0,13.0,4.0,0.0,0.0,2.0,0.0,0.0,624.3333333333334,5.477843032568073,3.8873465029364658,0.0,0.0,1.3333333333333333,6.0,0.0,0.0,0.1538461538461538,0.0,2.5540131696031327,0.0,0.0,,3.0
2026,2026-04-05,삼성,최지광,1744591,,,3.0,149.7,3.0,13.0,4.0,0.0,0.0,2.0,0.0,0.0,711.3333333333334,5.200093720712277,3.7085285848172447,0.0,0.0,1.3333333333333333,6.0,0.0,0.0,0.1538461538461538,0.0,2.375195251483912,0.0,0.0,,3.0
2026,2026-04-06,삼성,최지광,1744591,,,3.0,149.7,3.0,13.0,4.0,0.0,0.0,2.0,0.0,0.0,711.3333333333334,5.200093720712277,3.7085285848172447,0.0,0.0,1.3333333333333333,6.0,0.0,0.0,0.1538461538461538,0.0,2.375195251483912,0.0,0.0,,3.0
2026,2026-04-07,삼성,최지광,1744591,중계,홀드,4.0,200.6,4.0,17.0,4.0,0.0,1.0,3.0,0.0,0.0,801.3333333333334,5.031613976705491,3.697587354409318,0.0,0.0,1.25,6.75,2.25,0.0,0.1764705882352941,0.0588235294117647,2.947587354409318,0.0,0.0,,4.0
2026,2026-04-08,삼성,최지광,1744591,,,4.0,200.6,4.0,17.0,4.0,0.0,1.0,3.0,0.0,0.0,888.3333333333334,4.984615384615385,3.578611632270169,0.0,0.0,1.25,6.75,2.25,0.0,0.1764705882352941,0.0588235294117647,2.828611632270169,0.0,0.0,,4.0
2026,2026-04-09,삼성,최지광,1744591,,,4.0,200.6,4.0,17.0,4.0,0.0,1.0,3.0,0.0,0.0,888.3333333333334,4.984615384615385,3.578611632270169,0.0,0.0,1.25,6.75,2.25,0.0,0.1764705882352941,0.0588235294117647,2.828611632270169,0.0,0.0,,4.0
2026,2026-04-10,삼성,최지광,1744591,중계,,5.0,240.0,4.2,23.0,5.0,0.0,3.0,4.0,2.0,0.0,980.3333333333334,4.966678000680041,3.5651139068344104,0.0,3.8571428571428568,1.7142857142857142,7.7142857142857135,5.785714285714286,0.0,0.1739130434782608,0.1304347826086956,3.779399621120125,0.0,0.0,,4.666666666666667
2026,2026-04-11,삼성,최지광,1744591,,,5.0,240.0,4.2,23.0,5.0,0.0,3.0,4.0,2.0,0.0,1069.3333333333333,4.864713216957607,3.6013092269326688,0.0,3.8571428571428568,1.7142857142857142,7.7142857142857135,5.785714285714286,0.0,0.1739130434782608,0.1304347826086956,3.815594941218383,0.0,0.0,,4.666666666666667
2026,2026-04-12,삼성,최지광,1744591,,,5.0,240.0,4.2,23.0,5.0,0.0,3.0,4.0,2.0,0.0,1155.3333333333333,4.759665320253895,3.5600115406809003,0.0,3.8571428571428568,1.7142857142857142,7.7142857142857135,5.785714285714286,0.0,0.1739130434782608,0.1304347826086956,3.774297254966615,0.0,0.0,,4.666666666666667
2026,2026-04-01,롯데,나균안,1747364,선발,,1.0,47.900000000000006,5.0,23.0,7.0,1.0,1.0,4.0,2.0,2.0,359.3333333333333,5.760667903525047,4.043599257884972,3.6,3.6,1.6,7.2,1.8,1.8,0.1739130434782608,0.0434782608695652,5.643599257884972,168.22809957707088,59.4431015100344,,5.0
2026,2026-04-02,롯데,나균안,1747364,,,1.0,47.900000000000006,5.0,23.0,7.0,1.0,1.0,4.0,2.0,2.0,445.3333333333333,5.719311377245509,4.077844311377246,3.6,3.6,1.6,7.2,1.8,1.8,0.1739130434782608,0.0434782608695652,5.677844311377246,167.0203698593313,59.87293650721914,,5.0
2026,2026-04-03,롯데,나균안,1747364,,,1.0,47.900000000000006,5.0,23.0,7.0,1.0,1.0,4.0,2.0,2.0,534.3333333333334,5.592014971927635,3.980661260137242,3.6,3.6,1.6,7.2,1.8,1.8,0.1739130434782608,0.0434782608695652,5.5806612601372425,163.30294807625745,61.23588164085261,,5.0
2026,2026-04-04,롯데,나균안,1747364,,,1.0,47.900000000000006,5.0,23.0,7.0,1.0,1.0,4.0,2.0,2.0,624.3333333333334,5.477843032568073,3.8873465029364658,3.6,3.6,1.6,7.2,1.8,1.8,0.1739130434782608,0.0434782608695652,5.487346502936466,159.96879851145874,62.51219045871429,,5.0
2026,2026-04-05,롯데,나균안,1747364,,,1.0,47.900000000000006,5.0,23.0,7.0,1.0,1.0,4.0,2.0,2.0,711.3333333333334,5.200093720712277,3.7085285848172447,3.6,3.6,1.6,7.2,1.8,1.8,0.1739130434782608,0.0434782608695652,5.308528584817244,151.85771839455987,65.85111448874659,,5.0
2026,2026-04-06,롯데,나균안,1747364,,,1.0,47.900000000000006,5.0,23.0,7.0,1.0,1.0,4.0,2.0,2.0,711.3333333333334,5.200093720712277,3.7085285848172447,3.6,3.6,1.6,7.2,1.8,1.8,0.1739130434782608,0.0434782608695652,5.308528584817244,151.85771839455987,65.85111448874659,,5.0
2026,2026-04-07,롯데,나균안,1747364,선발,패,2.0,101.3,9.0,42.0,9.0,1.0,5.0,10.0,4.0,2.0,801.3333333333334,5.031613976705491,3.697587354409318,2.0,4.0,1.5555555555555556,10.0,5.0,1.0,0.238095238095238,0.119047619047619,4.586476243298207,264.48772404663976,37.8089381503264,,9.0
2026,2026-04-08,롯데,나균안,1747364,,,2.0,101.3,9.0,42.0,9.0,1.0,5.0,10.0,4.0,2.0,888.3333333333334,4.984615384615385,3.578611632270169,2.0,4.0,1.5555555555555556,10.0,5.0,1.0,0.238095238095238,0.119047619047619,4.467500521159058,262.0172343165338,38.165428415748224,,9.0
2026,2026-04-09,롯데,나균안,1747364,,,2.0,101.3,9.0,42.0,9.0,1.0,5.0,10.0,4.0,2.0,888.3333333333334,4.984615384615385,3.578611632270169,2.0,4.0,1.5555555555555556,10.0,5.0,1.0,0.238095238095238,0.119047619047619,4.467500521159058,262.0172343165338,38.165428415748224,,9.0
2026,2026-04-10,롯데,나균안,1747364,,,2.0,101.3,9.0,42.0,9.0,1.0,5.0,10.0,4.0,2.0,980.3333333333334,4.966678000680041,3.5651139068344104,2.0,4.0,1.5555555555555556,10.0,5.0,1.0,0.238095238095238,0.119047619047619,4.4540027957233,261.07435239546953,38.303264599703866,,9.0
2026,2026-04-11,롯데,나균안,1747364,,,2.0,101.3,9.0,42.0,9.0,1.0,5.0,10.0,4.0,2.0,1069.3333333333333,4.864713216957607,3.6013092269326688,2.0,4.0,1.5555555555555556,10.0,5.0,1.0,0.238095238095238,0.119047619047619,4.490198115821558,255.71455458416915,39.10610413342144,,9.0
2026,2026-04-12,롯데,나균안,1747364,,,2.0,101.3,9.0,42.0,9.0,1.0,5.0,10.0,4.0,2.0,1155.3333333333333,4.759665320253895,3.5600115406809003,2.0,4.0,1.5555555555555556,10.0,5.0,1.0,0.238095238095238,0.119047619047619,4.44890042956979,250.192692365867,39.96919296658189,,9.0
2026,2026-03-28,두산,박치국,1747365,중계,,1.0,45.9,0.1,3.0,2.0,0.0,0.0,1.0,0.0,0.0,92.0,5.869565217391305,4.445652173913044,0.0,0.0,6.0,27.0,0.0,0.0,0.3333333333333333,0.0,-1.554347826086956,0.0,0.0,,0.3333333333333333
2026,2026-03-29,두산,박치국,1747365,,,1.0,45.9,0.1,3.0,2.0,0.0,0.0,1.0,0.0,0.0,180.0,6.0,4.011111111111111,0.0,0.0,6.0,27.0,0.0,0.0,0.3333333333333333,0.0,-1.988888888888889,0.0,0.0,,0.3333333333333333
2026,2026-03-30,두산,박치국,1747365,,,1.0,45.9,0.1,3.0,2.0,0.0,0.0,1.0,0.0,0.0,180.0,6.0,4.011111111111111,0.0,0.0,6.0,27.0,0.0,0.0,0.3333333333333333,0.0,-1.988888888888889,0.0,0.0,,0.3333333333333333
2026,2026-03-31,두산,박치국,1747365,,,1.0,45.9,0.1,3.0,2.0,0.0,0.0,1.0,0.0,0.0,272.0,5.525735294117647,3.871323529411765,0.0,0.0,6.0,27.0,0.0,0.0,0.3333333333333333,0.0,-2.1286764705882355,0.0,0.0,,0.3333333333333333
2026,2026-04-01,두산,박치국,1747365,중계,,2.0,93.8,1.1,7.0,3.0,0.0,1.0,1.0,0.0,0.0,359.3333333333333,5.760667903525047,4.043599257884972,0.0,0.0,3.0,6.75,6.75,0.0,0.1428571428571428,0.1428571428571428,4.793599257884972,0.0,0.0,,1.3333333333333333
2026,2026-04-02,두산,박치국,1747365,,,2.0,93.8,1.1,7.0,3.0,0.0,1.0,1.0,0.0,0.0,445.3333333333333,5.719311377245509,4.077844311377246,0.0,0.0,3.0,6.75,6.75,0.0,0.1428571428571428,0.1428571428571428,4.827844311377246,0.0,0.0,,1.3333333333333333
2026,2026-04-03,두산,박치국,1747365,,,2.0,93.8,1.1,7.0,3.0,0.0,1.0,1.0,0.0,0.0,534.3333333333334,5.592014971927635,3.980661260137242,0.0,0.0,3.0,6.75,6.75,0.0,0.1428571428571428,0.1428571428571428,4.730661260137242,0.0,0.0,,1.3333333333333333
2026,2026-04-04,두산,박치국,1747365,중계,,3.0,140.7,1.2,9.0,3.0,0.0,2.0,1.0,0.0,0.0,624.3333333333334,5.477843032568073,3.8873465029364658,0.0,0.0,3.0,5.4,10.8,0.0,0.1111111111111111,0.2222222222222222,6.287346502936465,0.0,0.0,,1.6666666666666667
2026,2026-04-05,두산,박치국,1747365,중계,,4.0,185.6,2.0,12.0,4.0,0.0,3.0,1.0,0.0,0.0,711.3333333333334,5.200093720712277,3.7085285848172447,0.0,0.0,3.5,4.5,13.5,0.0,0.0833333333333333,0.25,7.208528584817245,0.0,0.0,,2.0
2026,2026-04-06,두산,박치국,1747365,,,4.0,185.6,2.0,12.0,4.0,0.0,3.0,1.0,0.0,0.0,711.3333333333334,5.200093720712277,3.7085285848172447,0.0,0.0,3.5,4.5,13.5,0.0,0.0833333333333333,0.25,7.208528584817245,0.0,0.0,,2.0
2026,2026-04-07,두산,박치국,1747365,,,4.0,185.6,2.0,12.0,4.0,0.0,3.0,1.0,0.0,0.0,801.3333333333334,5.031613976705491,3.697587354409318,0.0,0.0,3.5,4.5,13.5,0.0,0.0833333333333333,0.25,7.197587354409318,0.0,0.0,,2.0
2026,2026-04-08,두산,박치국,1747365,,,4.0,185.6,2.0,12.0,4.0,0.0,3.0,1.0,0.0,0.0,888.3333333333334,4.984615384615385,3.578611632270169,0.0,0.0,3.5,4.5,13.5,0.0,0.0833333333333333,0.25,7.078611632270169,0.0,0.0,,2.0
2026,2026-04-09,두산,박치국,1747365,,,4.0,185.6,2.0,12.0,4.0,0.0,3.0,1.0,0.0,0.0,888.3333333333334,4.984615384615385,3.578611632270169,0.0,0.0,3.5,4.5,13.5,0.0,0.0833333333333333,0.25,7.078611632270169,0.0,0.0,,2.0
2026,2026-04-10,두산,박치국,1747365,,,4.0,185.6,2.0,12.0,4.0,0.0,3.0,1.0,0.0,0.0,980.3333333333334,4.966678000680041,3.5651139068344104,0.0,0.0,3.5,4.5,13.5,0.0,0.0833333333333333,0.25,7.06511390683441,0.0,0.0,,2.0
2026,2026-04-11,두산,박치국,1747365,,,4.0,185.6,2.0,12.0,4.0,0.0,3.0,1.0,0.0,0.0,1069.3333333333333,4.864713216957607,3.6013092269326688,0.0,0.0,3.5,4.5,13.5,0.0,0.0833333333333333,0.25,7.101309226932669,0.0,0.0,,2.0
2026,2026-04-12,두산,박치국,1747365,,,4.0,185.6,2.0,12.0,4.0,0.0,3.0,1.0,0.0,0.0,1155.3333333333333,4.759665320253895,3.5600115406809003,0.0,0.0,3.5,4.5,13.5,0.0,0.0833333333333333,0.25,7.0600115406809,0.0,0.0,,2.0
2026,2026-03-29,두산,곽빈,1791887,선발,,1.0,36.400000000000006,4.0,19.0,5.0,2.0,2.0,5.0,4.0,4.0,180.0,6.0,4.011111111111111,9.0,9.0,1.75,11.25,4.5,4.5,0.2631578947368421,0.1052631578947368,9.511111111111113,63.56824817782487,157.31124085763932,,4.0
2026,2026-03-30,두산,곽빈,1791887,,,1.0,36.400000000000006,4.0,19.0,5.0,2.0,2.0,5.0,4.0,4.0,180.0,6.0,4.011111111111111,9.0,9.0,1.75,11.25,4.5,4.5,0.2631578947368421,0.1052631578947368,9.511111111111113,63.56824817782487,157.31124085763932,,4.0
2026,2026-03-31,두산,곽빈,1791887,,,1.0,36.400000000000006,4.0,19.0,5.0,2.0,2.0,5.0,4.0,4.0,272.0,5.525735294117647,3.871323529411765,9.0,9.0,1.75,11.25,4.5,4.5,0.2631578947368421,0.1052631578947368,9.371323529411764,58.54355209023944,170.81300404502156,,4.0
2026,2026-04-01,두산,곽빈,1791887,,,1.0,36.400000000000006,4.0,19.0,5.0,2.0,2.0,5.0,4.0,4.0,359.3333333333333,5.760667903525047,4.043599257884972,9.0,9.0,1.75,11.25,4.5,4.5,0.2631578947368421,0.1052631578947368,9.543599257884972,61.032594493551706,163.8468769512417,,4.0
2026,2026-04-02,두산,곽빈,1791887,,,1.0,36.400000000000006,4.0,19.0,5.0,2.0,2.0,5.0,4.0,4.0,445.3333333333333,5.719311377245509,4.077844311377246,9.0,9.0,1.75,11.25,4.5,4.5,0.2631578947368421,0.1052631578947368,9.577844311377245,60.59443417249998,165.03165903871704,,4.0
2026,2026-04-03,두산,곽빈,1791887,,,1.0,36.400000000000006,4.0,19.0,5.0,2.0,2.0,5.0,4.0,4.0,534.3333333333334,5.592014971927635,3.980661260137242,9.0,9.0,1.75,11.25,4.5,4.5,0.2631578947368421,0.1052631578947368,9.480661260137245,59.24576592493472,168.78843312904678,,4.0
2026,2026-04-04,두산,곽빈,1791887,선발,패,2.0,66.80000000000001,8.2,45.0,12.0,2.0,7.0,9.0,10.0,7.0,624.3333333333334,5.477843032568073,3.8873465029364658,7.26923076923077,10.384615384615383,2.1923076923076925,9.346153846153848,7.26923076923077,2.076923076923077,0.2,0.1555555555555555,7.233500349090312,71.8542779342052,139.1705586291842,,8.666666666666666
2026,2026-04-05,두산,곽빈,1791887,,,2.0,66.80000000000001,8.2,45.0,12.0,2.0,7.0,9.0,10.0,7.0,711.3333333333334,5.200093720712277,3.7085285848172447,7.26923076923077,10.384615384615383,2.1923076923076925,9.346153846153848,7.26923076923077,2.076923076923077,0.2,0.1555555555555555,7.054682430971091,68.2109686733401,146.60398751833657,,8.666666666666666
2026,2026-04-06,두산,곽빈,1791887,,,2.0,66.80000000000001,8.2,45.0,12.0,2.0,7.0,9.0,10.0,7.0,711.3333333333334,5.200093720712277,3.7085285848172447,7.26923076923077,10.384615384615383,2.1923076923076925,9.346153846153848,7.26923076923077,2.076923076923077,0.2,0.1555555555555555,7.054682430971091,68.2109686733401,146.60398751833657,,8.666666666666666
2026,2026-04-07,두산,곽빈,1791887,,,2.0,66.80000000000001,8.2,45.0,12.0,2.0,7.0,9.0,10.0,7.0,801.3333333333334,5.031613976705491,3.697587354409318,7.26923076923077,10.384615384615383,2.1923076923076925,9.346153846153848,7.26923076923077,2.076923076923077,0.2,0.1555555555555555,7.043741200563164,66.00097647747539,151.5129098644892,,8.666666666666666
2026,2026-04-08,두산,곽빈,1791887,,,2.0,66.80000000000001,8.2,45.0,12.0,2.0,7.0,9.0,10.0,7.0,888.3333333333334,4.984615384615385,3.578611632270169,7.26923076923077,10.384615384615383,2.1923076923076925,9.346153846153848,7.26923076923077,2.076923076923077,0.2,0.1555555555555555,6.924765478424016,65.38448384004842,152.94148416714935,,8.666666666666666
2026,2026-04-09,두산,곽빈,1791887,,,2.0,66.80000000000001,8.2,45.0,12.0,2.0,7.0,9.0,10.0,7.0,888.3333333333334,4.984615384615385,3.578611632270169,7.26923076923077,10.384615384615383,2.1923076923076925,9.346153846153848,7.26923076923077,2.076923076923077,0.2,0.1555555555555555,6.924765478424016,65.38448384004842,152.94148416714935,,8.666666666666666
2026,2026-04-10,두산,곽빈,1791887,선발,,3.0,140.20000000000002,14.2,68.0,13.0,2.0,11.0,18.0,10.0,7.0,980.3333333333334,4.966678000680041,3.5651139068344104,4.295454545454546,6.136363636363637,1.6363636363636365,11.045454545454549,6.75,1.2272727272727273,0.2647058823529412,0.1617647058823529,5.133295725016229,110.25248309308856,90.70090504498462,,14.666666666666666
2026,2026-04-11,두산,곽빈,1791887,,,3.0,140.20000000000002,14.2,68.0,13.0,2.0,11.0,18.0,10.0,7.0,1069.3333333333333,4.864713216957607,3.6013092269326688,4.295454545454546,6.136363636363637,1.6363636363636365,11.045454545454549,6.75,1.2272727272727273,0.2647058823529412,0.1617647058823529,5.169491045114487,107.98902438046238,92.6020033736801,,14.666666666666666
2026,2026-04-12,두산,곽빈,1791887,,,3.0,140.20000000000002,14.2,68.0,13.0,2.0,11.0,18.0,10.0,7.0,1155.3333333333333,4.759665320253895,3.5600115406809003,4.295454545454546,6.136363636363637,1.6363636363636365,11.045454545454549,6.75,1.2272727272727273,0.2647058823529412,0.1617647058823529,5.128193358862719,105.65712538203633,94.64577011575771,,14.666666666666666
2026,2026-04-12,키움,안우진,1791894,선발,,1.0,48.9,1.0,5.0,1.0,0.0,1.0,1.0,0.0,0.0,1155.3333333333333,4.759665320253895,3.5600115406809003,0.0,0.0,2.0,9.0,9.0,0.0,0.2,0.2,4.5600115406809,0.0,0.0,,1.0
2026,2026-03-28,SSG,김민,1797467,중계,승,1.0,44.9,1.0,6.0,2.0,0.0,1.0,2.0,1.0,1.0,92.0,5.869565217391305,4.445652173913044,9.0,9.0,3.0,18.0,9.0,0.0,0.3333333333333333,0.1666666666666666,3.445652173913044,67.0828247009633,149.0694532404865,,1.0
2026,2026-03-29,SSG,김민,1797467,,,1.0,44.9,1.0,6.0,2.0,0.0,1.0,2.0,1.0,1.0,180.0,6.0,4.011111111111111,9.0,9.0,3.0,18.0,9.0,0.0,0.3333333333333333,0.1666666666666666,3.011111111111111,68.57355413876247,145.82881295264986,,1.0
2026,2026-03-30,SSG,김민,1797467,,,1.0,44.9,1.0,6.0,2.0,0.0,1.0,2.0,1.0,1.0,180.0,6.0,4.011111111111111,9.0,9.0,3.0,18.0,9.0,0.0,0.3333333333333333,0.1666666666666666,3.011111111111111,68.57355413876247,145.82881295264986,,1.0
2026,2026-03-31,SSG,김민,1797467,중계,홀드,2.0,96.8,2.0,9.0,3.0,0.0,1.0,4.0,1.0,1.0,272.0,5.525735294117647,3.871323529411765,4.5,4.5,2.0,18.0,4.5,0.0,0.4444444444444444,0.1111111111111111,1.3713235294117645,126.30643611588236,79.17252918786579,,2.0
2026,2026-04-01,SSG,김민,1797467,,,2.0,96.8,2.0,9.0,3.0,0.0,1.0,4.0,1.0,1.0,359.3333333333333,5.760667903525047,4.043599257884972,4.5,4.5,2.0,18.0,4.5,0.0,0.4444444444444444,0.1111111111111111,1.5435992578849724,131.67649078593536,75.9437006584331,,2.0
2026,2026-04-02,SSG,김민,1797467,,,2.0,96.8,2.0,9.0,3.0,0.0,1.0,4.0,1.0,1.0,445.3333333333333,5.719311377245509,4.077844311377246,4.5,4.5,2.0,18.0,4.5,0.0,0.4444444444444444,0.1111111111111111,1.5778443113772456,130.73116945466168,76.49285202384775,,2.0
2026,2026-04-03,SSG,김민,1797467,,,2.0,96.8,2.0,9.0,3.0,0.0,1.0,4.0,1.0,1.0,534.3333333333334,5.592014971927635,3.980661260137242,4.5,4.5,2.0,18.0,4.5,0.0,0.4444444444444444,0.1111111111111111,1.480661260137242,127.82144714075,78.2341322500327,,2.0
2026,2026-04-04,SSG,김민,1797467,중계,,3.0,145.7,3.0,14.0,3.0,0.0,3.0,5.0,1.0,1.0,624.3333333333334,5.477843032568073,3.8873465029364658,3.0,3.0,2.0,15.0,9.0,0.0,0.3571428571428571,0.2142857142857142,3.5540131696031323,187.8175828787248,53.24315139577255,,3.0
2026,2026-04-05,SSG,김민,1797467,중계,승,4.0,195.6,4.0,18.0,4.0,0.0,3.0,5.0,1.0,1.0,711.3333333333334,5.200093720712277,3.7085285848172447,2.25,2.25,1.75,11.25,6.75,0.0,0.2777777777777778,0.1666666666666666,3.4585285848172447,237.72593885593477,42.06524558542238,,4.0
2026,2026-04-06,SSG,김민,1797467,,,4.0,195.6,4.0,18.0,4.0,0.0,3.0,5.0,1.0,1.0,711.3333333333334,5.200093720712277,3.7085285848172447,2.25,2.25,1.75,11.25,6.75,0.0,0.2777777777777778,0.1666666666666666,3.4585285848172447,237.72593885593477,42.06524558542238,,4.0
2026,2026-04-07,SSG,김민,1797467,,,4.0,195.6,4.0,18.0,4.0,0.0,3.0,5.0,1.0,1.0,801.3333333333334,5.031613976705491,3.697587354409318,2.25,2.25,1.75,11.25,6.75,0.0,0.2777777777777778,0.1666666666666666,3.447587354409318,230.02376895797863,43.473768147094525,,4.0
2026,2026-04-08,SSG,김민,1797467,중계,,5.0,251.5,5.2,23.0,4.0,0.0,3.0,6.0,1.0,1.0,888.3333333333334,4.984615384615385,3.578611632270169,1.588235294117647,1.588235294117647,1.2352941176470589,9.529411764705882,4.764705882352941,0.0,0.2608695652173913,0.1304347826086956,3.049199867564287,322.8231933301741,30.97670863373281,,5.666666666666667
2026,2026-04-09,SSG,김민,1797467,,,5.0,251.5,5.2,23.0,4.0,0.0,3.0,6.0,1.0,1.0,888.3333333333334,4.984615384615385,3.578611632270169,1.588235294117647,1.588235294117647,1.2352941176470589,9.529411764705882,4.764705882352941,0.0,0.2608695652173913,0.1304347826086956,3.049199867564287,322.8231933301741,30.97670863373281,,5.666666666666667
2026,2026-04-10,SSG,김민,1797467,,,5.0,251.5,5.2,23.0,4.0,0.0,3.0,6.0,1.0,1.0,980.3333333333334,4.966678000680041,3.5651139068344104,1.588235294117647,1.588235294117647,1.2352941176470589,9.529411764705882,4.764705882352941,0.0,0.2608695652173913,0.1304347826086956,3.035702142128528,321.6614981711315,31.08858242859941,,5.666666666666667
2026,2026-04-11,SSG,김민,1797467,중계,홀드,6.0,298.4,6.2,29.0,5.0,0.0,4.0,8.0,2.0,1.0,1069.3333333333333,4.864713216957607,3.6013092269326688,1.35,2.7,1.35,10.8,5.4,0.0,0.2758620689655172,0.1379310344827586,3.0013092269326687,370.6563057251065,26.979171392854703,,6.666666666666667
2026,2026-04-12,SSG,김민,1797467,,,6.0,298.4,6.2,29.0,5.0,0.0,4.0,8.0,2.0,1.0,1155.3333333333333,4.759665320253895,3.5600115406809003,1.35,2.7,1.35,10.8,5.4,0.0,0.2758620689655172,0.1379310344827586,2.9600115406809,362.6524083564675,27.57461351303242,,6.666666666666667
2026,2026-04-04,두산,김정우,1797508,중계,,1.0,48.9,1.0,5.0,1.0,0.0,1.0,1.0,0.0,0.0,624.3333333333334,5.477843032568073,3.8873465029364658,0.0,0.0,2.0,9.0,9.0,0.0,0.2,0.2,4.887346502936466,0.0,0.0,,1.0
2026,2026-04-05,두산,김정우,1797508,,,1.0,48.9,1.0,5.0,1.0,0.0,1.0,1.0,0.0,0.0,711.3333333333334,5.200093720712277,3.7085285848172447,0.0,0.0,2.0,9.0,9.0,0.0,0.2,0.2,4.708528584817245,0.0,0.0,,1.0
2026,2026-04-06,두산,김정우,1797508,,,1.0,48.9,1.0,5.0,1.0,0.0,1.0,1.0,0.0,0.0,711.3333333333334,5.200093720712277,3.7085285848172447,0.0,0.0,2.0,9.0,9.0,0.0,0.2,0.2,4.708528584817245,0.0,0.0,,1.0
2026,2026-04-07,두산,김정우,1797508,,,1.0,48.9,1.0,5.0,1.0,0.0,1.0,1.0,0.0,0.0,801.3333333333334,5.031613976705491,3.697587354409318,0.0,0.0,2.0,9.0,9.0,0.0,0.2,0.2,4.697587354409318,0.0,0.0,,1.0
2026,2026-04-08,두산,김정우,1797508,,,1.0,48.9,1.0,5.0,1.0,0.0,1.0,1.0,0.0,0.0,888.3333333333334,4.984615384615385,3.578611632270169,0.0,0.0,2.0,9.0,9.0,0.0,0.2,0.2,4.578611632270169,0.0,0.0,,1.0
2026,2026-04-09,두산,김정우,1797508,,,1.0,48.9,1.0,5.0,1.0,0.0,1.0,1.0,0.0,0.0,888.3333333333334,4.984615384615385,3.578611632270169,0.0,0.0,2.0,9.0,9.0,0.0,0.2,0.2,4.578611632270169,0.0,0.0,,1.0
2026,2026-04-10,두산,김정우,1797508,,,1.0,48.9,1.0,5.0,1.0,0.0,1.0,1.0,0.0,0.0,980.3333333333334,4.966678000680041,3.5651139068344104,0.0,0.0,2.0,9.0,9.0,0.0,0.2,0.2,4.56511390683441,0.0,0.0,,1.0
2026,2026-04-11,두산,김정우,1797508,중계,,2.0,99.8,2.0,10.0,2.0,0.0,2.0,4.0,0.0,0.0,1069.3333333333333,4.864713216957607,3.6013092269326688,0.0,0.0,2.0,18.0,9.0,0.0,0.4,0.2,2.6013092269326688,0.0,0.0,,2.0
2026,2026-04-12,두산,김정우,1797508,중계,,3.0,152.7,3.0,13.0,2.0,0.0,2.0,5.0,0.0,0.0,1155.3333333333333,4.759665320253895,3.5600115406809003,0.0,0.0,1.3333333333333333,15.0,6.0,0.0,0.3846153846153846,0.1538461538461538,2.2266782073475677,0.0,0.0,,3.0
2026,2026-03-28,NC,김진호,1798822,중계,,1.0,50.4,0.2,3.0,0.0,0.0,0.0,0.0,0.0,0.0,92.0,5.869565217391305,4.445652173913044,0.0,0.0,0.0,0.0,0.0,0.0,0.0,0.0,4.445652173913044,0.0,0.0,,0.6666666666666666
2026,2026-03-29,NC,김진호,1798822,중계,패,2.0,80.3,1.0,7.0,2.0,1.0,1.0,0.0,3.0,3.0,180.0,6.0,4.011111111111111,27.0,27.0,3.0,0.0,9.0,9.0,0.0,0.1428571428571428,20.011111111111116,22.447334892132385,445.4871835811974,,1.0
2026,2026-03-30,NC,김진호,1798822,,,2.0,80.3,1.0,7.0,2.0,1.0,1.0,0.0,3.0,3.0,180.0,6.0,4.011111111111111,27.0,27.0,3.0,0.0,9.0,9.0,0.0,0.1428571428571428,20.011111111111116,22.447334892132385,445.4871835811974,,1.0
2026,2026-03-31,NC,김진호,1798822,,,2.0,80.3,1.0,7.0,2.0,1.0,1.0,0.0,3.0,3.0,272.0,5.525735294117647,3.871323529411765,27.0,27.0,3.0,0.0,9.0,9.0,0.0,0.1428571428571428,19.871323529411764,20.673005112055744,483.7226105153122,,1.0
2026,2026-04-01,NC,김진호,1798822,중계,,3.0,128.7,1.2,10.0,3.0,1.0,1.0,0.0,3.0,3.0,359.3333333333333,5.760667903525047,4.043599257884972,16.2,16.2,2.4,0.0,5.4,5.4,0.0,0.1,13.643599257884972,35.91990045355137,278.39720805827875,,1.6666666666666667
2026,2026-04-02,NC,김진호,1798822,,,3.0,128.7,1.2,10.0,3.0,1.0,1.0,0.0,3.0,3.0,445.3333333333333,5.719311377245509,4.077844311377246,16.2,16.2,2.4,0.0,5.4,5.4,0.0,0.1,13.677844311377246,35.66202717705913,280.4103073095311,,1.6666666666666667
2026,2026-04-03,NC,김진호,1798822,중계,홀드,4.0,181.6,2.2,13.0,3.0,1.0,1.0,1.0,3.0,3.0,534.3333333333334,5.592014971927635,3.980661260137242,10.125,10.125,1.5,3.375,3.375,3.375,0.0769230769230769,0.0769230769230769,9.230661260137245,55.78925902074574,179.24597271100893,,2.6666666666666665
2026,2026-04-04,NC,김진호,1798822,,,4.0,181.6,2.2,13.0,3.0,1.0,1.0,1.0,3.0,3.0,624.3333333333334,5.477843032568073,3.8873465029364658,10.125,10.125,1.5,3.375,3.375,3.375,0.0769230769230769,0.0769230769230769,9.137346502936468,54.65021201715092,182.9819067648208,,2.6666666666666665
2026,2026-04-05,NC,김진호,1798822,,,4.0,181.6,2.2,13.0,3.0,1.0,1.0,1.0,3.0,3.0,711.3333333333334,5.200093720712277,3.7085285848172447,10.125,10.125,1.5,3.375,3.375,3.375,0.0769230769230769,0.0769230769230769,8.958528584817245,51.87922009746811,192.7554034392286,,2.6666666666666665
2026,2026-04-06,NC,김진호,1798822,,,4.0,181.6,2.2,13.0,3.0,1.0,1.0,1.0,3.0,3.0,711.3333333333334,5.200093720712277,3.7085285848172447,10.125,10.125,1.5,3.375,3.375,3.375,0.0769230769230769,0.0769230769230769,8.958528584817245,51.87922009746811,192.7554034392286,,2.6666666666666665
2026,2026-04-07,NC,김진호,1798822,,,4.0,181.6,2.2,13.0,3.0,1.0,1.0,1.0,3.0,3.0,801.3333333333334,5.031613976705491,3.697587354409318,10.125,10.125,1.5,3.375,3.375,3.375,0.0769230769230769,0.0769230769230769,8.947587354409318,50.19836621468541,199.20967063415156,,2.6666666666666665
2026,2026-04-08,NC,김진호,1798822,중계,,5.0,230.5,3.2,17.0,4.0,1.0,2.0,2.0,3.0,3.0,888.3333333333334,4.984615384615385,3.578611632270169,7.363636363636364,7.363636363636364,1.6363636363636365,4.909090909090909,4.909090909090909,2.4545454545454546,0.1176470588235294,0.1176470588235294,7.66952072317926,68.3780355175725,146.24579258978704,,3.6666666666666665
2026,2026-04-09,NC,김진호,1798822,,,5.0,230.5,3.2,17.0,4.0,1.0,2.0,2.0,3.0,3.0,888.3333333333334,4.984615384615385,3.578611632270169,7.363636363636364,7.363636363636364,1.6363636363636365,4.909090909090909,4.909090909090909,2.4545454545454546,0.1176470588235294,0.1176470588235294,7.66952072317926,68.3780355175725,146.24579258978704,,3.6666666666666665
2026,2026-04-10,NC,김진호,1798822,중계,,6.0,267.4,4.0,21.0,6.0,1.0,3.0,2.0,5.0,5.0,980.3333333333334,4.966678000680041,3.5651139068344104,11.25,11.25,2.25,4.5,6.75,2.25,0.0952380952380952,0.1428571428571428,8.06511390683441,44.59547375306057,224.23800351069724,,4.0
2026,2026-04-11,NC,김진호,1798822,,,6.0,267.4,4.0,21.0,6.0,1.0,3.0,2.0,5.0,5.0,1069.3333333333333,4.864713216957607,3.6013092269326688,11.25,11.25,2.25,4.5,6.75,2.25,0.0952380952380952,0.1428571428571428,8.101309226932669,43.67993869409204,228.93805025767037,,4.0
2026,2026-04-12,NC,김진호,1798822,,,6.0,267.4,4.0,21.0,6.0,1.0,3.0,2.0,5.0,5.0,1155.3333333333333,4.759665320253895,3.5600115406809003,11.25,11.25,2.25,4.5,6.75,2.25,0.0952380952380952,0.1428571428571428,8.0600115406809,42.7367205672831,233.99081322246923,,4.0
2026,2026-04-12,한화,이민우,1832521,중계,,1.0,53.4,1.1,4.0,0.0,0.0,0.0,0.0,0.0,0.0,1155.3333333333333,4.759665320253895,3.5600115406809003,0.0,0.0,0.0,0.0,0.0,0.0,0.0,0.0,3.5600115406809003,0.0,0.0,,1.3333333333333333
2026,2026-03-28,LG,백승현,1835342,중계,,1.0,34.9,1.0,6.0,3.0,1.0,0.0,2.0,3.0,3.0,92.0,5.869565217391305,4.445652173913044,27.0,27.0,3.0,18.0,0.0,9.0,0.3333333333333333,0.0,13.445652173913045,20.7287765797255,482.421138630094,,1.0
2026,2026-03-29,LG,백승현,1835342,,,1.0,34.9,1.0,6.0,3.0,1.0,0.0,2.0,3.0,3.0,180.0,6.0,4.011111111111111,27.0,27.0,3.0,18.0,0.0,9.0,0.3333333333333333,0.0,13.011111111111113,21.189416059274954,471.933722572918,,1.0
2026,2026-03-30,LG,백승현,1835342,,,1.0,34.9,1.0,6.0,3.0,1.0,0.0,2.0,3.0,3.0,180.0,6.0,4.011111111111111,27.0,27.0,3.0,18.0,0.0,9.0,0.3333333333333333,0.0,13.011111111111113,21.189416059274954,471.933722572918,,1.0
2026,2026-03-31,LG,백승현,1835342,중계,,2.0,86.8,2.0,10.0,3.0,1.0,1.0,4.0,3.0,3.0,272.0,5.525735294117647,3.871323529411765,13.5,13.5,2.0,18.0,4.5,4.5,0.4,0.1,7.871323529411764,39.029034726826296,256.21950606753234,,2.0
2026,2026-04-01,LG,백승현,1835342,,,2.0,86.8,2.0,10.0,3.0,1.0,1.0,4.0,3.0,3.0,359.3333333333333,5.760667903525047,4.043599257884972,13.5,13.5,2.0,18.0,4.5,4.5,0.4,0.1,8.043599257884972,40.68839632903447,245.7703154268626,,2.0
2026,2026-04-02,LG,백승현,1835342,,,2.0,86.8,2.0,10.0,3.0,1.0,1.0,4.0,3.0,3.0,445.3333333333333,5.719311377245509,4.077844311377246,13.5,13.5,2.0,18.0,4.5,4.5,0.4,0.1,8.077844311377245,40.39628944833332,247.54748855807557,,2.0
2026,2026-04-03,LG,백승현,1835342,중계,,3.0,140.7,3.0,13.0,3.0,1.0,1.0,6.0,3.0,3.0,534.3333333333334,5.592014971927635,3.980661260137242,9.0,9.0,1.3333333333333333,18.0,3.0,3.0,0.4615384615384615,0.0769230769230769,5.313994593470575,59.24576592493472,168.78843312904678,,3.0
2026,2026-04-04,LG,백승현,1835342,,,3.0,140.7,3.0,13.0,3.0,1.0,1.0,6.0,3.0,3.0,624.3333333333334,5.477843032568073,3.8873465029364658,9.0,9.0,1.3333333333333333,18.0,3.0,3.0,0.4615384615384615,0.0769230769230769,5.220679836269799,58.03614756224268,172.30640592184704,,3.0
2026,2026-04-05,LG,백승현,1835342,,,3.0,140.7,3.0,13.0,3.0,1.0,1.0,6.0,3.0,3.0,711.3333333333334,5.200093720712277,3.7085285848172447,9.0,9.0,1.3333333333333333,18.0,3.0,3.0,0.4615384615384615,0.0769230769230769,5.041861918150578,55.0934746976978,181.50969883222615,,3.0
2026,2026-04-06,LG,백승현,1835342,,,3.0,140.7,3.0,13.0,3.0,1.0,1.0,6.0,3.0,3.0,711.3333333333334,5.200093720712277,3.7085285848172447,9.0,9.0,1.3333333333333333,18.0,3.0,3.0,0.4615384615384615,0.0769230769230769,5.041861918150578,55.0934746976978,181.50969883222615,,3.0
2026,2026-04-07,LG,백승현,1835342,,,3.0,140.7,3.0,13.0,3.0,1.0,1.0,6.0,3.0,3.0,801.3333333333334,5.031613976705491,3.697587354409318,9.0,9.0,1.3333333333333333,18.0,3.0,3.0,0.4615384615384615,0.0769230769230769,5.030920687742651,53.30848100103782,187.58741221317703,,3.0
2026,2026-04-08,LG,백승현,1835342,,,3.0,140.7,3.0,13.0,3.0,1.0,1.0,6.0,3.0,3.0,888.3333333333334,4.984615384615385,3.578611632270169,9.0,9.0,1.3333333333333333,18.0,3.0,3.0,0.4615384615384615,0.0769230769230769,4.911944965603502,52.810544640039126,189.35612325456583,,3.0
2026,2026-04-09,LG,백승현,1835342,,,3.0,140.7,3.0,13.0,3.0,1.0,1.0,6.0,3.0,3.0,888.3333333333334,4.984615384615385,3.578611632270169,9.0,9.0,1.3333333333333333,18.0,3.0,3.0,0.4615384615384615,0.0769230769230769,4.911944965603502,52.810544640039126,189.35612325456583,,3.0
2026,2026-04-10,LG,백승현,1835342,,,3.0,140.7,3.0,13.0,3.0,1.0,1.0,6.0,3.0,3.0,980.3333333333334,4.966678000680041,3.5651139068344104,9.0,9.0,1.3333333333333333,18.0,3.0,3.0,0.4615384615384615,0.0769230769230769,4.898447240167744,52.62050329442864,190.0399915228249,,3.0
2026,2026-04-11,LG,백승현,1835342,,,3.0,140.7,3.0,13.0,3.0,1.0,1.0,6.0,3.0,3.0,1069.3333333333333,4.864713216957607,3.6013092269326688,9.0,9.0,1.3333333333333333,18.0,3.0,3.0,0.4615384615384615,0.0769230769230769,4.934642560266002,51.54021618158432,194.02324516390115,,3.0
2026,2026-04-12,LG,백승현,1835342,,,3.0,140.7,3.0,13.0,3.0,1.0,1.0,6.0,3.0,3.0,1155.3333333333333,4.759665320253895,3.5600115406809003,9.0,9.0,1.3333333333333333,18.0,3.0,3.0,0.4615384615384615,0.0769230769230769,4.893344874014233,50.427264386880985,198.3054230996828,,3.0
2026,2026-04-01,삼성,양창섭,1883147,선발,승,1.0,52.900000000000006,5.0,22.0,6.0,0.0,1.0,3.0,2.0,2.0,359.3333333333333,5.760667903525047,4.043599257884972,3.6,3.6,1.4,5.4,1.8,0.0,0.1363636363636363,0.0454545454545454,3.4435992578849723,166.79323599972318,59.95446961660122,,5.0
2026,2026-04-02,삼성,양창섭,1883147,,,1.0,52.900000000000006,5.0,22.0,6.0,0.0,1.0,3.0,2.0,2.0,445.3333333333333,5.719311377245509,4.077844311377246,3.6,3.6,1.4,5.4,1.8,0.0,0.1363636363636363,0.0454545454545454,3.477844311377245,165.5958073398189,60.38800233316908,,5.0
2026,2026-04-03,삼성,양창섭,1883147,,,1.0,52.900000000000006,5.0,22.0,6.0,0.0,1.0,3.0,2.0,2.0,534.3333333333334,5.592014971927635,3.980661260137242,3.6,3.6,1.4,5.4,1.8,0.0,0.1363636363636363,0.0454545454545454,3.380661260137242,161.91009246618276,61.7626724046782,,5.0
2026,2026-04-04,삼성,양창섭,1883147,,,1.0,52.900000000000006,5.0,22.0,6.0,0.0,1.0,3.0,2.0,2.0,624.3333333333334,5.477843032568073,3.8873465029364658,3.6,3.6,1.4,5.4,1.8,0.0,0.1363636363636363,0.0454545454545454,3.2873465029364657,158.60438077700644,63.04996085864574,,5.0
2026,2026-04-05,삼성,양창섭,1883147,,,1.0,52.900000000000006,5.0,22.0,6.0,0.0,1.0,3.0,2.0,2.0,711.3333333333334,5.200093720712277,3.7085285848172447,3.6,3.6,1.4,5.4,1.8,0.0,0.1363636363636363,0.0454545454545454,3.1085285848172446,150.56248228589982,66.41760847839383,,5.0
2026,2026-04-06,삼성,양창섭,1883147,,,1.0,52.900000000000006,5.0,22.0,6.0,0.0,1.0,3.0,2.0,2.0,711.3333333333334,5.200093720712277,3.7085285848172447,3.6,3.6,1.4,5.4,1.8,0.0,0.1363636363636363,0.0454545454545454,3.1085285848172446,150.56248228589982,66.41760847839383,,5.0
2026,2026-04-07,삼성,양창섭,1883147,선발,,2.0,103.8,10.0,44.0,11.0,0.0,4.0,9.0,5.0,5.0,801.3333333333334,5.031613976705491,3.697587354409318,4.5,4.5,1.5,8.1,3.6,0.0,0.2045454545454545,0.0909090909090909,3.0975873544093178,116.54748255320884,85.80193909752256,,10.0
2026,2026-04-08,삼성,양창섭,1883147,,,2.0,103.8,10.0,44.0,11.0,0.0,4.0,9.0,5.0,5.0,888.3333333333334,4.984615384615385,3.578611632270169,4.5,4.5,1.5,8.1,3.6,0.0,0.2045454545454545,0.0909090909090909,2.978611632270169,115.4588522216679,86.61094240570773,,10.0
2026,2026-04-09,삼성,양창섭,1883147,,,2.0,103.8,10.0,44.0,11.0,0.0,4.0,9.0,5.0,5.0,888.3333333333334,4.984615384615385,3.578611632270169,4.5,4.5,1.5,8.1,3.6,0.0,0.2045454545454545,0.0909090909090909,2.978611632270169,115.4588522216679,86.61094240570773,,10.0
2026,2026-04-10,삼성,양창섭,1883147,,,2.0,103.8,10.0,44.0,11.0,0.0,4.0,9.0,5.0,5.0,980.3333333333334,4.966678000680041,3.5651139068344104,4.5,4.5,1.5,8.1,3.6,0.0,0.2045454545454545,0.0909090909090909,2.9651139068344103,115.04336785602834,86.92374177114283,,10.0
2026,2026-04-11,삼성,양창섭,1883147,,,2.0,103.8,10.0,44.0,11.0,0.0,4.0,9.0,5.0,5.0,1069.3333333333333,4.864713216957607,3.6013092269326688,4.5,4.5,1.5,8.1,3.6,0.0,0.2045454545454545,0.0909090909090909,3.0013092269326687,112.68155335536323,88.74567045116116,,10.0
2026,2026-04-12,삼성,양창섭,1883147,,,2.0,103.8,10.0,44.0,11.0,0.0,4.0,9.0,5.0,5.0,1155.3333333333333,4.759665320253895,3.5600115406809003,4.5,4.5,1.5,8.1,3.6,0.0,0.2045454545454545,0.0909090909090909,2.9600115406809,110.2483245812546,90.70432623789992,,10.0
2026,2026-03-28,두산,최원준,1890246,중계,,1.0,50.9,1.0,3.0,0.0,0.0,1.0,1.0,0.0,0.0,92.0,5.869565217391305,4.445652173913044,0.0,0.0,1.0,9.0,9.0,0.0,0.3333333333333333,0.3333333333333333,5.445652173913044,0.0,0.0,,1.0
2026,2026-03-29,두산,최원준,1890246,,,1.0,50.9,1.0,3.0,0.0,0.0,1.0,1.0,0.0,0.0,180.0,6.0,4.011111111111111,0.0,0.0,1.0,9.0,9.0,0.0,0.3333333333333333,0.3333333333333333,5.011111111111111,0.0,0.0,,1.0
2026,2026-03-30,두산,최원준,1890246,,,1.0,50.9,1.0,3.0,0.0,0.0,1.0,1.0,0.0,0.0,180.0,6.0,4.011111111111111,0.0,0.0,1.0,9.0,9.0,0.0,0.3333333333333333,0.3333333333333333,5.011111111111111,0.0,0.0,,1.0
2026,2026-03-31,두산,최원준,1890246,,,1.0,50.9,1.0,3.0,0.0,0.0,1.0,1.0,0.0,0.0,272.0,5.525735294117647,3.871323529411765,0.0,0.0,1.0,9.0,9.0,0.0,0.3333333333333333,0.3333333333333333,4.8713235294117645,0.0,0.0,,1.0
2026,2026-04-01,두산,최원준,1890246,중계,,2.0,100.8,2.0,7.0,1.0,0.0,1.0,1.0,0.0,0.0,359.3333333333333,5.760667903525047,4.043599257884972,0.0,0.0,1.0,4.5,4.5,0.0,0.1428571428571428,0.1428571428571428,4.543599257884972,0.0,0.0,,2.0
2026,2026-04-02,두산,최원준,1890246,,,2.0,100.8,2.0,7.0,1.0,0.0,1.0,1.0,0.0,0.0,445.3333333333333,5.719311377245509,4.077844311377246,0.0,0.0,1.0,4.5,4.5,0.0,0.1428571428571428,0.1428571428571428,4.577844311377246,0.0,0.0,,2.0
2026,2026-04-03,두산,최원준,1890246,,,2.0,100.8,2.0,7.0,1.0,0.0,1.0,1.0,0.0,0.0,534.3333333333334,5.592014971927635,3.980661260137242,0.0,0.0,1.0,4.5,4.5,0.0,0.1428571428571428,0.1428571428571428,4.480661260137242,0.0,0.0,,2.0
2026,2026-04-04,두산,최원준,1890246,,,2.0,100.8,2.0,7.0,1.0,0.0,1.0,1.0,0.0,0.0,624.3333333333334,5.477843032568073,3.8873465029364658,0.0,0.0,1.0,4.5,4.5,0.0,0.1428571428571428,0.1428571428571428,4.387346502936466,0.0,0.0,,2.0
2026,2026-04-05,두산,최원준,1890246,,,2.0,100.8,2.0,7.0,1.0,0.0,1.0,1.0,0.0,0.0,711.3333333333334,5.200093720712277,3.7085285848172447,0.0,0.0,1.0,4.5,4.5,0.0,0.1428571428571428,0.1428571428571428,4.208528584817245,0.0,0.0,,2.0
2026,2026-04-06,두산,최원준,1890246,,,2.0,100.8,2.0,7.0,1.0,0.0,1.0,1.0,0.0,0.0,711.3333333333334,5.200093720712277,3.7085285848172447,0.0,0.0,1.0,4.5,4.5,0.0,0.1428571428571428,0.1428571428571428,4.208528584817245,0.0,0.0,,2.0
2026,2026-04-07,두산,최원준,1890246,,,2.0,100.8,2.0,7.0,1.0,0.0,1.0,1.0,0.0,0.0,801.3333333333334,5.031613976705491,3.697587354409318,0.0,0.0,1.0,4.5,4.5,0.0,0.1428571428571428,0.1428571428571428,4.197587354409318,0.0,0.0,,2.0
2026,2026-04-08,두산,최원준,1890246,,,2.0,100.8,2.0,7.0,1.0,0.0,1.0,1.0,0.0,0.0,888.3333333333334,4.984615384615385,3.578611632270169,0.0,0.0,1.0,4.5,4.5,0.0,0.1428571428571428,0.1428571428571428,4.078611632270169,0.0,0.0,,2.0
2026,2026-04-09,두산,최원준,1890246,,,2.0,100.8,2.0,7.0,1.0,0.0,1.0,1.0,0.0,0.0,888.3333333333334,4.984615384615385,3.578611632270169,0.0,0.0,1.0,4.5,4.5,0.0,0.1428571428571428,0.1428571428571428,4.078611632270169,0.0,0.0,,2.0
2026,2026-04-10,두산,최원준,1890246,,,2.0,100.8,2.0,7.0,1.0,0.0,1.0,1.0,0.0,0.0,980.3333333333334,4.966678000680041,3.5651139068344104,0.0,0.0,1.0,4.5,4.5,0.0,0.1428571428571428,0.1428571428571428,4.06511390683441,0.0,0.0,,2.0
2026,2026-04-11,두산,최원준,1890246,,,2.0,100.8,2.0,7.0,1.0,0.0,1.0,1.0,0.0,0.0,1069.3333333333333,4.864713216957607,3.6013092269326688,0.0,0.0,1.0,4.5,4.5,0.0,0.1428571428571428,0.1428571428571428,4.101309226932669,0.0,0.0,,2.0
2026,2026-04-12,두산,최원준,1890246,,,2.0,100.8,2.0,7.0,1.0,0.0,1.0,1.0,0.0,0.0,1155.3333333333333,4.759665320253895,3.5600115406809003,0.0,0.0,1.0,4.5,4.5,0.0,0.1428571428571428,0.1428571428571428,4.0600115406809,0.0,0.0,,2.0
2026,2026-03-31,LG,이우찬,1919174,중계,,1.0,49.9,1.0,5.0,1.0,0.0,1.0,2.0,0.0,0.0,272.0,5.525735294117647,3.871323529411765,0.0,0.0,2.0,18.0,9.0,0.0,0.4,0.2,2.8713235294117645,0.0,0.0,,1.0
2026,2026-04-01,LG,이우찬,1919174,,,1.0,49.9,1.0,5.0,1.0,0.0,1.0,2.0,0.0,0.0,359.3333333333333,5.760667903525047,4.043599257884972,0.0,0.0,2.0,18.0,9.0,0.0,0.4,0.2,3.0435992578849724,0.0,0.0,,1.0
2026,2026-04-02,LG,이우찬,1919174,,,1.0,49.9,1.0,5.0,1.0,0.0,1.0,2.0,0.0,0.0,445.3333333333333,5.719311377245509,4.077844311377246,0.0,0.0,2.0,18.0,9.0,0.0,0.4,0.2,3.0778443113772456,0.0,0.0,,1.0
2026,2026-04-03,LG,이우찬,1919174,중계,,2.0,96.8,1.1,7.0,2.0,0.0,1.0,2.0,0.0,0.0,534.3333333333334,5.592014971927635,3.980661260137242,0.0,0.0,2.25,13.5,6.75,0.0,0.2857142857142857,0.1428571428571428,3.230661260137242,0.0,0.0,,1.3333333333333333
2026,2026-04-04,LG,이우찬,1919174,중계,,3.0,145.2,2.0,10.0,3.0,0.0,1.0,2.0,0.0,0.0,624.3333333333334,5.477843032568073,3.8873465029364658,0.0,0.0,2.0,9.0,4.5,0.0,0.2,0.1,3.3873465029364658,0.0,0.0,,2.0
2026,2026-04-05,LG,이우찬,1919174,,,3.0,145.2,2.0,10.0,3.0,0.0,1.0,2.0,0.0,0.0,711.3333333333334,5.200093720712277,3.7085285848172447,0.0,0.0,2.0,9.0,4.5,0.0,0.2,0.1,3.2085285848172447,0.0,0.0,,2.0
2026,2026-04-06,LG,이우찬,1919174,,,3.0,145.2,2.0,10.0,3.0,0.0,1.0,2.0,0.0,0.0,711.3333333333334,5.200093720712277,3.7085285848172447,0.0,0.0,2.0,9.0,4.5,0.0,0.2,0.1,3.2085285848172447,0.0,0.0,,2.0
2026,2026-04-07,LG,이우찬,1919174,,,3.0,145.2,2.0,10.0,3.0,0.0,1.0,2.0,0.0,0.0,801.3333333333334,5.031613976705491,3.697587354409318,0.0,0.0,2.0,9.0,4.5,0.0,0.2,0.1,3.197587354409318,0.0,0.0,,2.0
2026,2026-04-08,LG,이우찬,1919174,,,3.0,145.2,2.0,10.0,3.0,0.0,1.0,2.0,0.0,0.0,888.3333333333334,4.984615384615385,3.578611632270169,0.0,0.0,2.0,9.0,4.5,0.0,0.2,0.1,3.078611632270169,0.0,0.0,,2.0
2026,2026-04-09,LG,이우찬,1919174,,,3.0,145.2,2.0,10.0,3.0,0.0,1.0,2.0,0.0,0.0,888.3333333333334,4.984615384615385,3.578611632270169,0.0,0.0,2.0,9.0,4.5,0.0,0.2,0.1,3.078611632270169,0.0,0.0,,2.0
2026,2026-04-10,LG,이우찬,1919174,,,3.0,145.2,2.0,10.0,3.0,0.0,1.0,2.0,0.0,0.0,980.3333333333334,4.966678000680041,3.5651139068344104,0.0,0.0,2.0,9.0,4.5,0.0,0.2,0.1,3.0651139068344104,0.0,0.0,,2.0
2026,2026-04-11,LG,이우찬,1919174,,,3.0,145.2,2.0,10.0,3.0,0.0,1.0,2.0,0.0,0.0,1069.3333333333333,4.864713216957607,3.6013092269326688,0.0,0.0,2.0,9.0,4.5,0.0,0.2,0.1,3.1013092269326688,0.0,0.0,,2.0
2026,2026-04-12,LG,이우찬,1919174,,,3.0,145.2,2.0,10.0,3.0,0.0,1.0,2.0,0.0,0.0,1155.3333333333333,4.759665320253895,3.5600115406809003,0.0,0.0,2.0,9.0,4.5,0.0,0.2,0.1,3.0600115406809003,0.0,0.0,,2.0
2026,2026-03-31,롯데,윤성빈,1940607,중계,,1.0,41.4,0.2,4.0,0.0,0.0,2.0,1.0,2.0,2.0,272.0,5.525735294117647,3.871323529411765,27.0,27.0,3.0,13.5,27.0,0.0,0.25,0.5,9.871323529411764,21.51565207051845,464.7779192201372,,0.6666666666666666
2026,2026-04-01,롯데,윤성빈,1940607,,,1.0,41.4,0.2,4.0,0.0,0.0,2.0,1.0,2.0,2.0,359.3333333333333,5.760667903525047,4.043599257884972,27.0,27.0,3.0,13.5,27.0,0.0,0.25,0.5,10.043599257884972,22.430413276942787,445.823261325258,,0.6666666666666666
2026,2026-04-02,롯데,윤성빈,1940607,,,1.0,41.4,0.2,4.0,0.0,0.0,2.0,1.0,2.0,2.0,445.3333333333333,5.719311377245509,4.077844311377246,27.0,27.0,3.0,13.5,27.0,0.0,0.25,0.5,10.077844311377245,22.26938264791084,449.04702380414346,,0.6666666666666666
2026,2026-04-03,롯데,윤성빈,1940607,중계,,2.0,76.3,1.2,11.0,3.0,0.0,3.0,1.0,5.0,5.0,534.3333333333334,5.592014971927635,3.980661260137242,27.0,27.0,3.6,5.4,16.2,0.0,0.0909090909090909,0.2727272727272727,8.180661260137242,21.77372641016766,459.2691123063945,,1.6666666666666667
2026,2026-04-04,롯데,윤성빈,1940607,,,2.0,76.3,1.2,11.0,3.0,0.0,3.0,1.0,5.0,5.0,624.3333333333334,5.477843032568073,3.8873465029364658,27.0,27.0,3.6,5.4,16.2,0.0,0.0909090909090909,0.2727272727272727,8.087346502936466,21.32917313486117,468.84142844035705,,1.6666666666666667
2026,2026-04-05,롯데,윤성빈,1940607,,,2.0,76.3,1.2,11.0,3.0,0.0,3.0,1.0,5.0,5.0,711.3333333333334,5.200093720712277,3.7085285848172447,27.0,27.0,3.6,5.4,16.2,0.0,0.0909090909090909,0.2727272727272727,7.908528584817245,20.24769578594132,493.88335866559936,,1.6666666666666667
2026,2026-04-06,롯데,윤성빈,1940607,,,2.0,76.3,1.2,11.0,3.0,0.0,3.0,1.0,5.0,5.0,711.3333333333334,5.200093720712277,3.7085285848172447,27.0,27.0,3.6,5.4,16.2,0.0,0.0909090909090909,0.2727272727272727,7.908528584817245,20.24769578594132,493.88335866559936,,1.6666666666666667
2026,2026-04-07,롯데,윤성빈,1940607,중계,,3.0,122.7,2.1,15.0,4.0,0.0,4.0,1.0,5.0,5.0,801.3333333333334,5.031613976705491,3.697587354409318,19.285714285714285,19.285714285714285,3.4285714285714284,3.8571428571428568,15.428571428571429,0.0,0.0666666666666666,0.2666666666666666,7.983301640123603,27.42835656779968,364.5861893067189,,2.333333333333333
2026,2026-04-08,롯데,윤성빈,1940607,,,3.0,122.7,2.1,15.0,4.0,0.0,4.0,1.0,5.0,5.0,888.3333333333334,4.984615384615385,3.578611632270169,19.285714285714285,19.285714285714285,3.4285714285714284,3.8571428571428568,15.428571428571429,0.0,0.0666666666666666,0.2666666666666666,7.864325917984455,27.172157632825726,368.0237740090007,,2.333333333333333
2026,2026-04-09,롯데,윤성빈,1940607,,,3.0,122.7,2.1,15.0,4.0,0.0,4.0,1.0,5.0,5.0,888.3333333333334,4.984615384615385,3.578611632270169,19.285714285714285,19.285714285714285,3.4285714285714284,3.8571428571428568,15.428571428571429,0.0,0.0666666666666666,0.2666666666666666,7.864325917984455,27.172157632825726,368.0237740090007,,2.333333333333333
2026,2026-04-10,롯데,윤성빈,1940607,,,3.0,122.7,2.1,15.0,4.0,0.0,4.0,1.0,5.0,5.0,980.3333333333334,4.966678000680041,3.5651139068344104,19.285714285714285,19.285714285714285,3.4285714285714284,3.8571428571428568,15.428571428571429,0.0,0.0666666666666666,0.2666666666666666,7.850828192548696,27.0743772854561,369.3529086400015,,2.333333333333333
2026,2026-04-11,롯데,윤성빈,1940607,,,3.0,122.7,2.1,15.0,4.0,0.0,4.0,1.0,5.0,5.0,1069.3333333333333,4.864713216957607,3.6013092269326688,19.285714285714285,19.285714285714285,3.4285714285714284,3.8571428571428568,15.428571428571429,0.0,0.0666666666666666,0.2666666666666666,7.887023512646954,26.518546401321245,377.0945755722781,,2.333333333333333
2026,2026-04-12,롯데,윤성빈,1940607,,,3.0,122.7,2.1,15.0,4.0,0.0,4.0,1.0,5.0,5.0,1155.3333333333333,4.759665320253895,3.5600115406809003,19.285714285714285,19.285714285714285,3.4285714285714284,3.8571428571428568,15.428571428571429,0.0,0.0666666666666666,0.2666666666666666,7.845725826395186,25.945908837941765,385.4172178920397,,2.333333333333333
2026,2026-03-28,두산,박신지,1953587,중계,,1.0,48.4,1.1,6.0,0.0,0.0,2.0,2.0,1.0,1.0,92.0,5.869565217391305,4.445652173913044,6.75,6.75,1.5,13.5,13.5,0.0,0.3333333333333333,0.3333333333333333,5.945652173913044,82.915106318902,120.6052846575235,,1.3333333333333333
2026,2026-03-29,두산,박신지,1953587,,,1.0,48.4,1.1,6.0,0.0,0.0,2.0,2.0,1.0,1.0,180.0,6.0,4.011111111111111,6.75,6.75,1.5,13.5,13.5,0.0,0.3333333333333333,0.3333333333333333,5.511111111111111,84.75766423709982,117.9834306432295,,1.3333333333333333
2026,2026-03-30,두산,박신지,1953587,,,1.0,48.4,1.1,6.0,0.0,0.0,2.0,2.0,1.0,1.0,180.0,6.0,4.011111111111111,6.75,6.75,1.5,13.5,13.5,0.0,0.3333333333333333,0.3333333333333333,5.511111111111111,84.75766423709982,117.9834306432295,,1.3333333333333333
2026,2026-03-31,두산,박신지,1953587,,,1.0,48.4,1.1,6.0,0.0,0.0,2.0,2.0,1.0,1.0,272.0,5.525735294117647,3.871323529411765,6.75,6.75,1.5,13.5,13.5,0.0,0.3333333333333333,0.3333333333333333,5.3713235294117645,78.05806945365259,128.10975303376617,,1.3333333333333333
2026,2026-04-01,두산,박신지,1953587,중계,,2.0,85.3,2.1,12.0,1.0,0.0,4.0,2.0,4.0,4.0,359.3333333333333,5.760667903525047,4.043599257884972,15.428571428571429,15.428571428571429,2.142857142857143,7.7142857142857135,15.428571428571429,0.0,0.1666666666666666,0.3333333333333333,7.472170686456401,35.60234678790516,280.8803604878429,,2.333333333333333
2026,2026-04-02,두산,박신지,1953587,,,2.0,85.3,2.1,12.0,1.0,0.0,4.0,2.0,4.0,4.0,445.3333333333333,5.719311377245509,4.077844311377246,15.428571428571429,15.428571428571429,2.142857142857143,7.7142857142857135,15.428571428571429,0.0,0.1666666666666666,0.3333333333333333,7.5064157399486735,35.34675326729165,282.91141549494347,,2.333333333333333
2026,2026-04-03,두산,박신지,1953587,중계,,3.0,122.2,5.1,26.0,5.0,1.0,6.0,3.0,7.0,7.0,534.3333333333334,5.592014971927635,3.980661260137242,11.8125,11.8125,2.0625,5.0625,10.125,1.6875,0.1153846153846153,0.2307692307692307,8.668161260137243,45.13963118090264,221.53481848187383,,5.333333333333333
2026,2026-04-04,두산,박신지,1953587,,,3.0,122.2,5.1,26.0,5.0,1.0,6.0,3.0,7.0,7.0,624.3333333333334,5.477843032568073,3.8873465029364658,11.8125,11.8125,2.0625,5.0625,10.125,1.6875,0.1153846153846153,0.2307692307692307,8.574846502936467,44.218017190280136,226.15215777242423,,5.333333333333333
2026,2026-04-05,두산,박신지,1953587,,,3.0,122.2,5.1,26.0,5.0,1.0,6.0,3.0,7.0,7.0,711.3333333333334,5.200093720712277,3.7085285848172447,11.8125,11.8125,2.0625,5.0625,10.125,1.6875,0.1153846153846153,0.2307692307692307,8.396028584817245,41.97598072205546,238.23147971729685,,5.333333333333333
2026,2026-04-06,두산,박신지,1953587,,,3.0,122.2,5.1,26.0,5.0,1.0,6.0,3.0,7.0,7.0,711.3333333333334,5.200093720712277,3.7085285848172447,11.8125,11.8125,2.0625,5.0625,10.125,1.6875,0.1153846153846153,0.2307692307692307,8.396028584817245,41.97598072205546,238.23147971729685,,5.333333333333333
2026,2026-04-07,두산,박신지,1953587,중계,,4.0,176.1,6.1,29.0,5.0,1.0,6.0,5.0,7.0,7.0,801.3333333333334,5.031613976705491,3.697587354409318,9.947368421052632,9.947368421052632,1.736842105263158,7.105263157894737,8.526315789473685,1.4210526315789471,0.1724137931034483,0.2068965517241379,7.013376828093529,48.23148281046279,207.33345560403785,,6.333333333333333
2026,2026-04-08,두산,박신지,1953587,중계,,5.0,211.5,7.2,36.0,8.0,2.0,6.0,6.0,10.0,10.0,888.3333333333334,4.984615384615385,3.578611632270169,11.739130434782608,11.739130434782608,1.826086956521739,7.0434782608695645,7.0434782608695645,2.347826086956521,0.1666666666666666,0.1666666666666666,7.75252467574843,40.48808422402999,246.9862477233468,,7.666666666666667
2026,2026-04-09,두산,박신지,1953587,,,5.0,211.5,7.2,36.0,8.0,2.0,6.0,6.0,10.0,10.0,888.3333333333334,4.984615384615385,3.578611632270169,11.739130434782608,11.739130434782608,1.826086956521739,7.0434782608695645,7.0434782608695645,2.347826086956521,0.1666666666666666,0.1666666666666666,7.75252467574843,40.48808422402999,246.9862477233468,,7.666666666666667
2026,2026-04-10,두산,박신지,1953587,중계,,6.0,243.9,8.1,43.0,11.0,2.0,8.0,7.0,13.0,13.0,980.3333333333334,4.966678000680041,3.5651139068344104,14.04,14.04,2.28,7.56,8.639999999999999,2.16,0.1627906976744186,0.1860465116279069,7.88511390683441,33.73109185540298,296.46238677560683,,8.333333333333334
2026,2026-04-11,두산,박신지,1953587,,,6.0,243.9,8.1,43.0,11.0,2.0,8.0,7.0,13.0,13.0,1069.3333333333333,4.864713216957607,3.6013092269326688,14.04,14.04,2.28,7.56,8.639999999999999,2.16,0.1627906976744186,0.1860465116279069,7.921309226932668,33.038600116400204,302.6762624556858,,8.333333333333334
2026,2026-04-12,두산,박신지,1953587,,,6.0,243.9,8.1,43.0,11.0,2.0,8.0,7.0,13.0,13.0,1155.3333333333333,4.759665320253895,3.5600115406809003,14.04,14.04,2.28,7.56,8.639999999999999,2.16,0.1627906976744186,0.1860465116279069,7.8800115406809,32.32516947876986,309.3564600355052,,8.333333333333334
2026,2026-04-07,롯데,최이준,1971721,중계,,1.0,50.9,1.0,4.0,1.0,0.0,0.0,1.0,0.0,0.0,801.3333333333334,5.031613976705491,3.697587354409318,0.0,0.0,1.0,9.0,0.0,0.0,0.25,0.0,1.697587354409318,0.0,0.0,,1.0
2026,2026-04-08,롯데,최이준,1971721,,,1.0,50.9,1.0,4.0,1.0,0.0,0.0,1.0,0.0,0.0,888.3333333333334,4.984615384615385,3.578611632270169,0.0,0.0,1.0,9.0,0.0,0.0,0.25,0.0,1.578611632270169,0.0,0.0,,1.0
2026,2026-04-09,롯데,최이준,1971721,,,1.0,50.9,1.0,4.0,1.0,0.0,0.0,1.0,0.0,0.0,888.3333333333334,4.984615384615385,3.578611632270169,0.0,0.0,1.0,9.0,0.0,0.0,0.25,0.0,1.578611632270169,0.0,0.0,,1.0
2026,2026-04-10,롯데,최이준,1971721,,,1.0,50.9,1.0,4.0,1.0,0.0,0.0,1.0,0.0,0.0,980.3333333333334,4.966678000680041,3.5651139068344104,0.0,0.0,1.0,9.0,0.0,0.0,0.25,0.0,1.5651139068344104,0.0,0.0,,1.0
2026,2026-04-11,롯데,최이준,1971721,중계,,2.0,106.3,2.1,8.0,1.0,0.0,0.0,3.0,0.0,0.0,1069.3333333333333,4.864713216957607,3.6013092269326688,0.0,0.0,0.4285714285714285,11.571428571428571,0.0,0.0,0.375,0.0,1.0298806555040976,0.0,0.0,,2.333333333333333
2026,2026-04-12,롯데,최이준,1971721,,,2.0,106.3,2.1,8.0,1.0,0.0,0.0,3.0,0.0,0.0,1155.3333333333333,4.759665320253895,3.5600115406809003,0.0,0.0,0.4285714285714285,11.571428571428571,0.0,0.0,0.375,0.0,0.9885829692523292,0.0,0.0,,2.333333333333333
2026,2026-04-02,SSG,최민준,2011758,선발,승,1.0,66.9,5.0,18.0,1.0,0.0,3.0,5.0,0.0,0.0,445.3333333333333,5.719311377245509,4.077844311377246,0.0,0.0,0.8,9.0,5.4,0.0,0.2777777777777778,0.1666666666666666,3.877844311377245,0.0,0.0,,5.0
2026,2026-04-03,SSG,최민준,2011758,,,1.0,66.9,5.0,18.0,1.0,0.0,3.0,5.0,0.0,0.0,534.3333333333334,5.592014971927635,3.980661260137242,0.0,0.0,0.8,9.0,5.4,0.0,0.2777777777777778,0.1666666666666666,3.780661260137242,0.0,0.0,,5.0
2026,2026-04-04,SSG,최민준,2011758,,,1.0,66.9,5.0,18.0,1.0,0.0,3.0,5.0,0.0,0.0,624.3333333333334,5.477843032568073,3.8873465029364658,0.0,0.0,0.8,9.0,5.4,0.0,0.2777777777777778,0.1666666666666666,3.6873465029364656,0.0,0.0,,5.0
2026,2026-04-05,SSG,최민준,2011758,,,1.0,66.9,5.0,18.0,1.0,0.0,3.0,5.0,0.0,0.0,711.3333333333334,5.200093720712277,3.7085285848172447,0.0,0.0,0.8,9.0,5.4,0.0,0.2777777777777778,0.1666666666666666,3.5085285848172445,0.0,0.0,,5.0
2026,2026-04-06,SSG,최민준,2011758,,,1.0,66.9,5.0,18.0,1.0,0.0,3.0,5.0,0.0,0.0,711.3333333333334,5.200093720712277,3.7085285848172447,0.0,0.0,0.8,9.0,5.4,0.0,0.2777777777777778,0.1666666666666666,3.5085285848172445,0.0,0.0,,5.0
2026,2026-04-07,SSG,최민준,2011758,,,1.0,66.9,5.0,18.0,1.0,0.0,3.0,5.0,0.0,0.0,801.3333333333334,5.031613976705491,3.697587354409318,0.0,0.0,0.8,9.0,5.4,0.0,0.2777777777777778,0.1666666666666666,3.4975873544093177,0.0,0.0,,5.0
2026,2026-04-08,SSG,최민준,2011758,선발,패,2.0,105.8,9.1,38.0,5.0,1.0,6.0,7.0,4.0,0.0,888.3333333333334,4.984615384615385,3.578611632270169,0.0,3.8571428571428568,1.1785714285714286,6.75,5.785714285714286,0.9642857142857142,0.1842105263157894,0.1578947368421052,5.40004020369874,0.0,0.0,,9.333333333333334
2026,2026-04-09,SSG,최민준,2011758,,,2.0,105.8,9.1,38.0,5.0,1.0,6.0,7.0,4.0,0.0,888.3333333333334,4.984615384615385,3.578611632270169,0.0,3.8571428571428568,1.1785714285714286,6.75,5.785714285714286,0.9642857142857142,0.1842105263157894,0.1578947368421052,5.40004020369874,0.0,0.0,,9.333333333333334
2026,2026-04-10,SSG,최민준,2011758,,,2.0,105.8,9.1,38.0,5.0,1.0,6.0,7.0,4.0,0.0,980.3333333333334,4.966678000680041,3.5651139068344104,0.0,3.8571428571428568,1.1785714285714286,6.75,5.785714285714286,0.9642857142857142,0.1842105263157894,0.1578947368421052,5.386542478262982,0.0,0.0,,9.333333333333334
2026,2026-04-11,SSG,최민준,2011758,,,2.0,105.8,9.1,38.0,5.0,1.0,6.0,7.0,4.0,0.0,1069.3333333333333,4.864713216957607,3.6013092269326688,0.0,3.8571428571428568,1.1785714285714286,6.75,5.785714285714286,0.9642857142857142,0.1842105263157894,0.1578947368421052,5.42273779836124,0.0,0.0,,9.333333333333334
2026,2026-04-12,SSG,최민준,2011758,,,2.0,105.8,9.1,38.0,5.0,1.0,6.0,7.0,4.0,0.0,1155.3333333333333,4.759665320253895,3.5600115406809003,0.0,3.8571428571428568,1.1785714285714286,6.75,5.785714285714286,0.9642857142857142,0.1842105263157894,0.1578947368421052,5.381440112109472,0.0,0.0,,9.333333333333334
2026,2026-04-02,한화,김종수,2094541,중계,,1.0,47.4,1.1,7.0,1.0,0.0,2.0,3.0,1.0,1.0,445.3333333333333,5.719311377245509,4.077844311377246,6.75,6.75,2.25,20.25,13.5,0.0,0.4285714285714285,0.2857142857142857,4.077844311377246,86.42132478554096,115.71218127951086,,1.3333333333333333
2026,2026-04-03,한화,김종수,2094541,,,1.0,47.4,1.1,7.0,1.0,0.0,2.0,3.0,1.0,1.0,534.3333333333334,5.592014971927635,3.980661260137242,6.75,6.75,2.25,20.25,13.5,0.0,0.4285714285714285,0.2857142857142857,3.980661260137242,84.49781979300353,118.34624874934354,,1.3333333333333333
2026,2026-04-04,한화,김종수,2094541,중계,,2.0,98.8,2.0,9.0,1.0,0.0,2.0,4.0,1.0,1.0,624.3333333333334,5.477843032568073,3.8873465029364658,4.5,4.5,1.5,18.0,9.0,0.0,0.4444444444444444,0.2222222222222222,2.8873465029364658,124.15894692984205,80.5419202343159,,2.0
2026,2026-04-05,한화,김종수,2094541,중계,,3.0,151.7,3.0,12.0,1.0,0.0,2.0,5.0,1.0,1.0,711.3333333333334,5.200093720712277,3.7085285848172447,3.0,3.0,1.0,15.0,6.0,0.0,0.4166666666666667,0.1666666666666666,2.375195251483912,176.79536173130495,56.562569866499565,,3.0
2026,2026-04-06,한화,김종수,2094541,,,3.0,151.7,3.0,12.0,1.0,0.0,2.0,5.0,1.0,1.0,711.3333333333334,5.200093720712277,3.7085285848172447,3.0,3.0,1.0,15.0,6.0,0.0,0.4166666666666667,0.1666666666666666,2.375195251483912,176.79536173130495,56.562569866499565,,3.0
2026,2026-04-07,한화,김종수,2094541,,,3.0,151.7,3.0,12.0,1.0,0.0,2.0,5.0,1.0,1.0,801.3333333333334,5.031613976705491,3.697587354409318,3.0,3.0,1.0,15.0,6.0,0.0,0.4166666666666667,0.1666666666666666,2.3642540210759844,171.06730395276216,58.45652423891219,,3.0
2026,2026-04-08,한화,김종수,2094541,중계,홀드,4.0,201.6,4.0,15.0,2.0,0.0,2.0,5.0,1.0,1.0,888.3333333333334,4.984615384615385,3.578611632270169,2.25,2.25,1.0,11.25,4.5,0.0,0.3333333333333333,0.1333333333333333,2.578611632270169,225.95923005628583,44.25577126240441,,4.0
2026,2026-04-09,한화,김종수,2094541,,,4.0,201.6,4.0,15.0,2.0,0.0,2.0,5.0,1.0,1.0,888.3333333333334,4.984615384615385,3.578611632270169,2.25,2.25,1.0,11.25,4.5,0.0,0.3333333333333333,0.1333333333333333,2.578611632270169,225.95923005628583,44.25577126240441,,4.0
2026,2026-04-10,한화,김종수,2094541,중계,,5.0,241.5,4.1,17.0,3.0,1.0,2.0,5.0,2.0,2.0,980.3333333333334,4.966678000680041,3.5651139068344104,4.153846153846154,4.153846153846154,1.153846153846154,10.384615384615383,4.153846153846154,2.076923076923077,0.2941176470588235,0.1176470588235294,5.642036983757487,121.95414001294058,81.99803630232559,,4.333333333333333
2026,2026-04-11,한화,김종수,2094541,,,5.0,241.5,4.1,17.0,3.0,1.0,2.0,5.0,2.0,2.0,1069.3333333333333,4.864713216957607,3.6013092269326688,4.153846153846154,4.153846153846154,1.153846153846154,10.384615384615383,4.153846153846154,2.076923076923077,0.2941176470588235,0.1176470588235294,5.678232303855745,119.45044891221444,83.71672179607394,,4.333333333333333
2026,2026-04-12,한화,김종수,2094541,중계,,6.0,292.4,5.1,21.0,4.0,1.0,2.0,6.0,2.0,2.0,1155.3333333333333,4.759665320253895,3.5600115406809003,3.375,3.375,1.125,10.125,3.375,1.6875,0.2857142857142857,0.0952380952380952,4.8725115406809,143.84129675074362,69.5210640191083,,5.333333333333333
2026,2026-04-10,LG,성동현,2259680,중계,,1.0,52.9,1.0,3.0,0.0,0.0,0.0,1.0,0.0,0.0,980.3333333333334,4.966678000680041,3.5651139068344104,0.0,0.0,0.0,9.0,0.0,0.0,0.3333333333333333,0.0,1.5651139068344104,0.0,0.0,,1.0
2026,2026-04-11,LG,성동현,2259680,,,1.0,52.9,1.0,3.0,0.0,0.0,0.0,1.0,0.0,0.0,1069.3333333333333,4.864713216957607,3.6013092269326688,0.0,0.0,0.0,9.0,0.0,0.0,0.3333333333333333,0.0,1.6013092269326688,0.0,0.0,,1.0
2026,2026-04-12,LG,성동현,2259680,,,1.0,52.9,1.0,3.0,0.0,0.0,0.0,1.0,0.0,0.0,1155.3333333333333,4.759665320253895,3.5600115406809003,0.0,0.0,0.0,9.0,0.0,0.0,0.3333333333333333,0.0,1.5600115406809003,0.0,0.0,,1.0
2026,2026-03-28,키움,알칸타라,2301546,선발,,1.0,45.400000000000006,5.1,24.0,8.0,1.0,1.0,5.0,3.0,3.0,92.0,5.869565217391305,4.445652173913044,5.0625,5.0625,1.6875,8.4375,1.6875,1.6875,0.2083333333333333,0.0416666666666666,5.570652173913044,112.20455297988896,89.12294318210381,,5.333333333333333
2026,2026-03-29,키움,알칸타라,2301546,,,1.0,45.400000000000006,5.1,24.0,8.0,1.0,1.0,5.0,3.0,3.0,180.0,6.0,4.011111111111111,5.0625,5.0625,1.6875,8.4375,1.6875,1.6875,0.2083333333333333,0.0416666666666666,5.136111111111111,114.69798749055316,87.18548789553634,,5.333333333333333
2026,2026-03-30,키움,알칸타라,2301546,,,1.0,45.400000000000006,5.1,24.0,8.0,1.0,1.0,5.0,3.0,3.0,180.0,6.0,4.011111111111111,5.0625,5.0625,1.6875,8.4375,1.6875,1.6875,0.2083333333333333,0.0416666666666666,5.136111111111111,114.69798749055316,87.18548789553634,,5.333333333333333
2026,2026-03-31,키움,알칸타라,2301546,,,1.0,45.400000000000006,5.1,24.0,8.0,1.0,1.0,5.0,3.0,3.0,272.0,5.525735294117647,3.871323529411765,5.0625,5.0625,1.6875,8.4375,1.6875,1.6875,0.2083333333333333,0.0416666666666666,4.9963235294117645,105.631786273469,94.66847388257838,,5.333333333333333
2026,2026-04-01,키움,알칸타라,2301546,,,1.0,45.400000000000006,5.1,24.0,8.0,1.0,1.0,5.0,3.0,3.0,359.3333333333333,5.760667903525047,4.043599257884972,5.0625,5.0625,1.6875,8.4375,1.6875,1.6875,0.2083333333333333,0.0416666666666666,5.168599257884972,110.12283585595782,90.80768690955378,,5.333333333333333
2026,2026-04-02,키움,알칸타라,2301546,,,1.0,45.400000000000006,5.1,24.0,8.0,1.0,1.0,5.0,3.0,3.0,445.3333333333333,5.719311377245509,4.077844311377246,5.0625,5.0625,1.6875,8.4375,1.6875,1.6875,0.2083333333333333,0.0416666666666666,5.202844311377246,109.33225080031394,91.46432024219595,,5.333333333333333
2026,2026-04-03,키움,알칸타라,2301546,선발,승,2.0,107.3,11.2,50.0,14.0,2.0,2.0,12.0,4.0,4.0,534.3333333333334,5.592014971927635,3.980661260137242,3.085714285714286,3.085714285714286,1.3714285714285714,9.257142857142858,1.542857142857143,1.542857142857143,0.24,0.04,4.666375545851528,175.3808610578122,57.01876441753596,,11.666666666666666
2026,2026-04-04,키움,알칸타라,2301546,,,2.0,107.3,11.2,50.0,14.0,2.0,2.0,12.0,4.0,4.0,624.3333333333334,5.477843032568073,3.8873465029364658,3.085714285714286,3.085714285714286,1.3714285714285714,9.257142857142858,1.542857142857143,1.542857142857143,0.24,0.04,4.573060788650752,171.8001172411307,58.20717797278603,,11.666666666666666
2026,2026-04-05,키움,알칸타라,2301546,,,2.0,107.3,11.2,50.0,14.0,2.0,2.0,12.0,4.0,4.0,711.3333333333334,5.200093720712277,3.7085285848172447,3.085714285714286,3.085714285714286,1.3714285714285714,9.257142857142858,1.542857142857143,1.542857142857143,0.24,0.04,4.394242870531531,163.08914030061425,61.31616109795838,,11.666666666666666
2026,2026-04-06,키움,알칸타라,2301546,,,2.0,107.3,11.2,50.0,14.0,2.0,2.0,12.0,4.0,4.0,711.3333333333334,5.200093720712277,3.7085285848172447,3.085714285714286,3.085714285714286,1.3714285714285714,9.257142857142858,1.542857142857143,1.542857142857143,0.24,0.04,4.394242870531531,163.08914030061425,61.31616109795838,,11.666666666666666
2026,2026-04-07,키움,알칸타라,2301546,,,2.0,107.3,11.2,50.0,14.0,2.0,2.0,12.0,4.0,4.0,801.3333333333334,5.031613976705491,3.697587354409318,3.085714285714286,3.085714285714286,1.3714285714285714,9.257142857142858,1.542857142857143,1.542857142857143,0.24,0.04,4.383301640123603,157.80515541805514,63.36928583548583,,11.666666666666666
2026,2026-04-08,키움,알칸타라,2301546,,,2.0,107.3,11.2,50.0,14.0,2.0,2.0,12.0,4.0,4.0,888.3333333333334,4.984615384615385,3.578611632270169,3.085714285714286,3.085714285714286,1.3714285714285714,9.257142857142858,1.542857142857143,1.542857142857143,0.24,0.04,4.264325917984455,156.33115121909526,63.9667777152436,,11.666666666666666
2026,2026-04-09,키움,알칸타라,2301546,,,2.0,107.3,11.2,50.0,14.0,2.0,2.0,12.0,4.0,4.0,888.3333333333334,4.984615384615385,3.578611632270169,3.085714285714286,3.085714285714286,1.3714285714285714,9.257142857142858,1.542857142857143,1.542857142857143,0.24,0.04,4.264325917984455,156.33115121909526,63.9667777152436,,11.666666666666666
2026,2026-04-10,키움,알칸타라,2301546,선발,패,3.0,159.70000000000002,17.2,77.0,24.0,3.0,2.0,23.0,7.0,7.0,980.3333333333334,4.966678000680041,3.5651139068344104,3.5660377358490565,3.5660377358490565,1.471698113207547,11.716981132075473,1.018867924528302,1.5283018867924527,0.2987012987012987,0.0259740259740259,3.508510133249505,134.7875110408708,74.19084989979346,,17.666666666666668
2026,2026-04-11,키움,알칸타라,2301546,,,3.0,159.70000000000002,17.2,77.0,24.0,3.0,2.0,23.0,7.0,7.0,1069.3333333333333,4.864713216957607,3.6013092269326688,3.5660377358490565,3.5660377358490565,1.471698113207547,11.716981132075473,1.018867924528302,1.5283018867924527,0.2987012987012987,0.0259740259740259,3.544705453347763,132.02035371561522,75.7458961331143,,17.666666666666668
2026,2026-04-12,키움,알칸타라,2301546,,,3.0,159.70000000000002,17.2,77.0,24.0,3.0,2.0,23.0,7.0,7.0,1155.3333333333333,4.759665320253895,3.5600115406809003,3.5660377358490565,3.5660377358490565,1.471698113207547,11.716981132075473,1.018867924528302,1.5283018867924527,0.2987012987012987,0.0259740259740259,3.5034077670959944,129.16952575075962,77.4176412112529,,17.666666666666668
2026,2026-03-29,KIA,김기훈,2459864,중계,,1.0,45.9,1.0,5.0,0.0,0.0,2.0,1.0,1.0,1.0,180.0,6.0,4.011111111111111,9.0,9.0,2.0,9.0,18.0,0.0,0.2,0.4,8.011111111111111,66.58278962721566,150.1889610812057,,1.0
2026,2026-03-30,KIA,김기훈,2459864,,,1.0,45.9,1.0,5.0,0.0,0.0,2.0,1.0,1.0,1.0,180.0,6.0,4.011111111111111,9.0,9.0,2.0,9.0,18.0,0.0,0.2,0.4,8.011111111111111,66.58278962721566,150.1889610812057,,1.0
2026,2026-03-31,KIA,김기훈,2459864,,,1.0,45.9,1.0,5.0,0.0,0.0,2.0,1.0,1.0,1.0,272.0,5.525735294117647,3.871323529411765,9.0,9.0,2.0,9.0,18.0,0.0,0.2,0.4,7.871323529411764,61.31981177065266,163.0794307947623,,1.0
2026,2026-04-01,KIA,김기훈,2459864,,,1.0,45.9,1.0,5.0,0.0,0.0,2.0,1.0,1.0,1.0,359.3333333333333,5.760667903525047,4.043599257884972,9.0,9.0,2.0,9.0,18.0,0.0,0.2,0.4,8.043599257884972,63.92688985544361,156.42869569617366,,1.0
2026,2026-04-02,KIA,김기훈,2459864,,,1.0,45.9,1.0,5.0,0.0,0.0,2.0,1.0,1.0,1.0,445.3333333333333,5.719311377245509,4.077844311377246,9.0,9.0,2.0,9.0,18.0,0.0,0.2,0.4,8.077844311377245,63.46795104061314,157.55983667411925,,1.0
2026,2026-04-03,KIA,김기훈,2459864,,,1.0,45.9,1.0,5.0,0.0,0.0,2.0,1.0,1.0,1.0,534.3333333333334,5.592014971927635,3.980661260137242,9.0,9.0,2.0,9.0,18.0,0.0,0.2,0.4,7.980661260137242,62.05532607801635,161.14652249877693,,1.0
2026,2026-04-04,KIA,김기훈,2459864,,,1.0,45.9,1.0,5.0,0.0,0.0,2.0,1.0,1.0,1.0,624.3333333333334,5.477843032568073,3.8873465029364658,9.0,9.0,2.0,9.0,18.0,0.0,0.2,0.4,7.887346502936466,60.78834504139819,164.50521877491127,,1.0
2026,2026-04-05,KIA,김기훈,2459864,,,1.0,45.9,1.0,5.0,0.0,0.0,2.0,1.0,1.0,1.0,711.3333333333334,5.200093720712277,3.7085285848172447,9.0,9.0,2.0,9.0,18.0,0.0,0.2,0.4,7.708528584817245,57.70612437466512,173.29183181794698,,1.0
2026,2026-04-06,KIA,김기훈,2459864,,,1.0,45.9,1.0,5.0,0.0,0.0,2.0,1.0,1.0,1.0,711.3333333333334,5.200093720712277,3.7085285848172447,9.0,9.0,2.0,9.0,18.0,0.0,0.2,0.4,7.708528584817245,57.70612437466512,173.29183181794698,,1.0
2026,2026-04-07,KIA,김기훈,2459864,,,1.0,45.9,1.0,5.0,0.0,0.0,2.0,1.0,1.0,1.0,801.3333333333334,5.031613976705491,3.697587354409318,9.0,9.0,2.0,9.0,18.0,0.0,0.2,0.4,7.697587354409318,55.83648248272329,179.0943762099298,,1.0
2026,2026-04-08,KIA,김기훈,2459864,,,1.0,45.9,1.0,5.0,0.0,0.0,2.0,1.0,1.0,1.0,888.3333333333334,4.984615384615385,3.578611632270169,9.0,9.0,2.0,9.0,18.0,0.0,0.2,0.4,7.578611632270169,55.31493292107148,180.78300870885872,,1.0
2026,2026-04-09,KIA,김기훈,2459864,,,1.0,45.9,1.0,5.0,0.0,0.0,2.0,1.0,1.0,1.0,888.3333333333334,4.984615384615385,3.578611632270169,9.0,9.0,2.0,9.0,18.0,0.0,0.2,0.4,7.578611632270169,55.31493292107148,180.78300870885872,,1.0
2026,2026-04-10,KIA,김기훈,2459864,,,1.0,45.9,1.0,5.0,0.0,0.0,2.0,1.0,1.0,1.0,980.3333333333334,4.966678000680041,3.5651139068344104,9.0,9.0,2.0,9.0,18.0,0.0,0.2,0.4,7.56511390683441,55.11587941089988,181.4359147832516,,1.0
2026,2026-04-11,KIA,김기훈,2459864,,,1.0,45.9,1.0,5.0,0.0,0.0,2.0,1.0,1.0,1.0,1069.3333333333333,4.864713216957607,3.6013092269326688,9.0,9.0,2.0,9.0,18.0,0.0,0.2,0.4,7.601309226932669,53.98436278690399,185.2388262777808,,1.0
2026,2026-04-12,KIA,김기훈,2459864,,,1.0,45.9,1.0,5.0,0.0,0.0,2.0,1.0,1.0,1.0,1155.3333333333333,4.759665320253895,3.5600115406809003,9.0,9.0,2.0,9.0,18.0,0.0,0.2,0.4,7.5600115406809,52.8186324524032,189.32712824421128,,1.0
2026,2026-03-29,KT,손동현,2484614,중계,,1.0,37.4,0.2,6.0,0.0,0.0,4.0,1.0,2.0,2.0,180.0,6.0,4.011111111111111,27.0,27.0,6.0,13.5,54.0,0.0,0.1666666666666666,0.6666666666666666,19.011111111111116,22.88045236566184,437.054295963468,,0.6666666666666666
2026,2026-03-30,KT,손동현,2484614,,,1.0,37.4,0.2,6.0,0.0,0.0,4.0,1.0,2.0,2.0,180.0,6.0,4.011111111111111,27.0,27.0,6.0,13.5,54.0,0.0,0.1666666666666666,0.6666666666666666,19.011111111111116,22.88045236566184,437.054295963468,,0.6666666666666666
2026,2026-03-31,KT,손동현,2484614,,,1.0,37.4,0.2,6.0,0.0,0.0,4.0,1.0,2.0,2.0,272.0,5.525735294117647,3.871323529411765,27.0,27.0,6.0,13.5,54.0,0.0,0.1666666666666666,0.6666666666666666,18.871323529411764,21.07188719705254,474.5659421240052,,0.6666666666666666
2026,2026-04-01,KT,손동현,2484614,중계,,2.0,88.3,1.2,10.0,1.0,0.0,4.0,2.0,2.0,2.0,359.3333333333333,5.760667903525047,4.043599257884972,10.8,10.8,3.0,10.8,21.6,0.0,0.2,0.4,8.843599257884971,54.91945315041745,182.08484291734047,,1.6666666666666667
2026,2026-04-02,KT,손동현,2484614,중계,,3.0,129.2,2.2,15.0,3.0,1.0,4.0,2.0,3.0,3.0,445.3333333333333,5.719311377245509,4.077844311377246,10.125,10.125,2.625,6.75,13.5,3.375,0.1333333333333333,0.2666666666666666,11.952844311377245,58.16019179175719,171.93891030836076,,2.6666666666666665
2026,2026-04-03,KT,손동현,2484614,,,3.0,129.2,2.2,15.0,3.0,1.0,4.0,2.0,3.0,3.0,534.3333333333334,5.592014971927635,3.980661260137242,10.125,10.125,2.625,6.75,13.5,3.375,0.1333333333333333,0.2666666666666666,11.855661260137245,56.86570319700359,175.8529207905219,,2.6666666666666665
2026,2026-04-04,KT,손동현,2484614,중계,,4.0,180.1,3.2,19.0,4.0,1.0,4.0,3.0,3.0,3.0,624.3333333333334,5.477843032568073,3.8873465029364658,7.363636363636364,7.363636363636364,2.181818181818182,7.363636363636364,9.818181818181818,2.4545454545454546,0.1578947368421052,0.2105263157894736,9.069164684754648,76.59393290587279,130.55864375431827,,3.6666666666666665
2026,2026-04-05,KT,손동현,2484614,,,4.0,180.1,3.2,19.0,4.0,1.0,4.0,3.0,3.0,3.0,711.3333333333334,5.200093720712277,3.7085285848172447,7.363636363636364,7.363636363636364,2.181818181818182,7.363636363636364,9.818181818181818,2.4545454545454546,0.1578947368421052,0.2105263157894736,8.890346766635426,72.71030352283775,137.53208988955848,,3.6666666666666665
2026,2026-04-06,KT,손동현,2484614,,,4.0,180.1,3.2,19.0,4.0,1.0,4.0,3.0,3.0,3.0,711.3333333333334,5.200093720712277,3.7085285848172447,7.363636363636364,7.363636363636364,2.181818181818182,7.363636363636364,9.818181818181818,2.4545454545454546,0.1578947368421052,0.2105263157894736,8.890346766635426,72.71030352283775,137.53208988955848,,3.6666666666666665
2026,2026-04-07,KT,손동현,2484614,,,4.0,180.1,3.2,19.0,4.0,1.0,4.0,3.0,3.0,3.0,801.3333333333334,5.031613976705491,3.697587354409318,7.363636363636364,7.363636363636364,2.181818181818182,7.363636363636364,9.818181818181818,2.4545454545454546,0.1578947368421052,0.2105263157894736,8.8794055362275,70.35453572669397,142.13724668508888,,3.6666666666666665
2026,2026-04-08,KT,손동현,2484614,중계,,5.0,214.0,4.2,26.0,7.0,2.0,5.0,3.0,5.0,5.0,888.3333333333334,4.984615384615385,3.578611632270169,9.642857142857142,9.642857142857142,2.571428571428571,5.785714285714286,9.642857142857142,3.8571428571428568,0.1153846153846153,0.1923076923076923,11.078611632270167,53.22345227212415,187.88709813244324,,4.666666666666667
2026,2026-04-09,KT,손동현,2484614,,,5.0,214.0,4.2,26.0,7.0,2.0,5.0,3.0,5.0,5.0,888.3333333333334,4.984615384615385,3.578611632270169,9.642857142857142,9.642857142857142,2.571428571428571,5.785714285714286,9.642857142857142,3.8571428571428568,0.1153846153846153,0.1923076923076923,11.078611632270167,53.22345227212415,187.88709813244324,,4.666666666666667
2026,2026-04-10,KT,손동현,2484614,중계,,6.0,267.9,5.2,29.0,7.0,2.0,5.0,5.0,5.0,5.0,980.3333333333334,4.966678000680041,3.5651139068344104,7.941176470588235,7.941176470588235,2.117647058823529,7.941176470588235,7.941176470588235,3.176470588235294,0.1724137931034483,0.1724137931034483,9.035702142128528,64.39590899907948,155.28936784078854,,5.666666666666667
2026,2026-04-11,KT,손동현,2484614,,,6.0,267.9,5.2,29.0,7.0,2.0,5.0,5.0,5.0,5.0,1069.3333333333333,4.864713216957607,3.6013092269326688,7.941176470588235,7.941176470588235,2.117647058823529,7.941176470588235,7.941176470588235,3.176470588235294,0.1724137931034483,0.1724137931034483,9.071897462226788,63.07387545214899,158.54424559002248,,5.666666666666667
2026,2026-04-12,KT,손동현,2484614,중계,,7.0,317.8,6.2,33.0,8.0,2.0,5.0,5.0,5.0,5.0,1155.3333333333333,4.759665320253895,3.5600115406809003,6.75,6.75,1.95,6.75,6.75,2.7,0.1515151515151515,0.1515151515151515,8.210011540680899,72.60219709104123,137.73687850603562,,6.666666666666667
2026,2026-04-12,삼성,원태인,2485589,선발,,1.0,54.900000000000006,3.2,16.0,4.0,0.0,2.0,3.0,0.0,0.0,1155.3333333333333,4.759665320253895,3.5600115406809003,0.0,0.0,1.6363636363636365,7.363636363636364,4.909090909090909,0.0,0.1875,0.125,3.5600115406809003,0.0,0.0,,3.6666666666666665
2026,2026-03-28,NC,김영규,2485776,중계,,1.0,48.9,0.1,1.0,0.0,0.0,0.0,0.0,0.0,0.0,92.0,5.869565217391305,4.445652173913044,0.0,0.0,0.0,0.0,0.0,0.0,0.0,0.0,4.445652173913044,0.0,0.0,,0.3333333333333333
2026,2026-03-29,NC,김영규,2485776,중계,,2.0,83.8,0.2,4.0,2.0,1.0,0.0,0.0,2.0,2.0,180.0,6.0,4.011111111111111,27.0,27.0,3.0,0.0,0.0,13.5,0.0,0.0,23.511111111111116,22.447334892132385,445.4871835811974,,0.6666666666666666
2026,2026-03-30,NC,김영규,2485776,,,2.0,83.8,0.2,4.0,2.0,1.0,0.0,0.0,2.0,2.0,180.0,6.0,4.011111111111111,27.0,27.0,3.0,0.0,0.0,13.5,0.0,0.0,23.511111111111116,22.447334892132385,445.4871835811974,,0.6666666666666666
2026,2026-03-31,NC,김영규,2485776,중계,,3.0,136.7,1.2,8.0,2.0,1.0,1.0,3.0,2.0,2.0,272.0,5.525735294117647,3.871323529411765,10.8,10.8,1.7999999999999998,16.2,5.4,5.4,0.375,0.125,9.871323529411764,51.68251278013937,193.48904420612487,,1.6666666666666667
2026,2026-04-01,NC,김영규,2485776,,,3.0,136.7,1.2,8.0,2.0,1.0,1.0,3.0,2.0,2.0,359.3333333333333,5.760667903525047,4.043599257884972,10.8,10.8,1.7999999999999998,16.2,5.4,5.4,0.375,0.125,10.043599257884972,53.879850680327046,185.59813870551915,,1.6666666666666667
2026,2026-04-02,NC,김영규,2485776,중계,,4.0,182.6,2.2,13.0,4.0,1.0,1.0,4.0,3.0,3.0,445.3333333333333,5.719311377245509,4.077844311377246,10.125,10.125,1.875,13.5,3.375,3.375,0.3076923076923077,0.0769230769230769,7.077844311377246,57.059243483294594,175.25644206845698,,2.6666666666666665
2026,2026-04-03,NC,김영규,2485776,중계,,5.0,219.0,3.1,17.0,6.0,2.0,1.0,4.0,5.0,5.0,534.3333333333334,5.592014971927635,3.980661260137242,13.5,13.5,2.1,10.8,2.7,5.4,0.2352941176470588,0.0588235294117647,10.280661260137242,41.841944265559306,238.9946302813452,,3.333333333333333
2026,2026-04-04,NC,김영규,2485776,,,5.0,219.0,3.1,17.0,6.0,2.0,1.0,4.0,5.0,5.0,624.3333333333334,5.477843032568073,3.8873465029364658,13.5,13.5,2.1,10.8,2.7,5.4,0.2352941176470588,0.0588235294117647,10.187346502936466,40.9876590128632,243.9758756864277,,3.333333333333333
2026,2026-04-05,NC,김영규,2485776,중계,,6.0,263.9,4.1,22.0,7.0,2.0,2.0,4.0,6.0,6.0,711.3333333333334,5.200093720712277,3.7085285848172447,12.461538461538462,12.461538461538462,2.076923076923077,8.307692307692308,4.153846153846154,4.153846153846154,0.1818181818181818,0.0909090909090909,9.246990123278785,42.15186632919284,237.23741961751213,,4.333333333333333
2026,2026-04-06,NC,김영규,2485776,,,6.0,263.9,4.1,22.0,7.0,2.0,2.0,4.0,6.0,6.0,711.3333333333334,5.200093720712277,3.7085285848172447,12.461538461538462,12.461538461538462,2.076923076923077,8.307692307692308,4.153846153846154,4.153846153846154,0.1818181818181818,0.0909090909090909,9.246990123278785,42.15186632919284,237.23741961751213,,4.333333333333333
2026,2026-04-07,NC,김영규,2485776,중계,,7.0,309.3,4.1,23.0,8.0,2.0,2.0,4.0,6.0,6.0,801.3333333333334,5.031613976705491,3.697587354409318,12.461538461538462,12.461538461538462,2.307692307692308,8.307692307692308,4.153846153846154,4.153846153846154,0.1739130434782608,0.0869565217391304,9.236048892870857,40.786172549431896,245.18113308818653,,4.333333333333333
2026,2026-04-08,NC,김영규,2485776,,,7.0,309.3,4.1,23.0,8.0,2.0,2.0,4.0,6.0,6.0,888.3333333333334,4.984615384615385,3.578611632270169,12.461538461538462,12.461538461538462,2.307692307692308,8.307692307692308,4.153846153846154,4.153846153846154,0.1739130434782608,0.0869565217391304,9.117073170731707,40.4052028058383,247.4928797673319,,4.333333333333333
2026,2026-04-09,NC,김영규,2485776,,,7.0,309.3,4.1,23.0,8.0,2.0,2.0,4.0,6.0,6.0,888.3333333333334,4.984615384615385,3.578611632270169,12.461538461538462,12.461538461538462,2.307692307692308,8.307692307692308,4.153846153846154,4.153846153846154,0.1739130434782608,0.0869565217391304,9.117073170731707,40.4052028058383,247.4928797673319,,4.333333333333333
2026,2026-04-10,NC,김영규,2485776,중계,,8.0,358.7,5.0,26.0,8.0,2.0,3.0,5.0,6.0,6.0,980.3333333333334,4.966678000680041,3.5651139068344104,10.8,10.8,2.2,9.0,5.4,3.6,0.1923076923076923,0.1153846153846153,8.56511390683441,46.45361849277142,215.2684833702693,,5.0
2026,2026-04-11,NC,김영규,2485776,중계,,9.0,407.6,6.0,31.0,8.0,2.0,5.0,6.0,6.0,6.0,1069.3333333333333,4.864713216957607,3.6013092269326688,9.0,9.0,2.1666666666666665,9.0,7.5,3.0,0.1935483870967742,0.1612903225806451,8.434642560266003,54.59992336761504,183.1504402061363,,6.0
2026,2026-04-12,NC,김영규,2485776,,,9.0,407.6,6.0,31.0,8.0,2.0,5.0,6.0,6.0,6.0,1155.3333333333333,4.759665320253895,3.5600115406809003,9.0,9.0,2.1666666666666665,9.0,7.5,3.0,0.1935483870967742,0.1612903225806451,8.393344874014232,53.42090070910387,187.19265057797543,,6.0
2026,2026-03-28,KT,전용주,2488113,중계,,1.0,52.9,1.0,3.0,0.0,0.0,0.0,1.0,0.0,0.0,92.0,5.869565217391305,4.445652173913044,0.0,0.0,0.0,9.0,0.0,0.0,0.3333333333333333,0.0,2.445652173913044,0.0,0.0,,1.0
2026,2026-03-29,KT,전용주,2488113,중계,승,2.0,105.8,2.0,6.0,0.0,0.0,0.0,2.0,0.0,0.0,180.0,6.0,4.011111111111111,0.0,0.0,0.0,9.0,0.0,0.0,0.3333333333333333,0.0,2.011111111111111,0.0,0.0,,2.0
2026,2026-03-30,KT,전용주,2488113,,,2.0,105.8,2.0,6.0,0.0,0.0,0.0,2.0,0.0,0.0,180.0,6.0,4.011111111111111,0.0,0.0,0.0,9.0,0.0,0.0,0.3333333333333333,0.0,2.011111111111111,0.0,0.0,,2.0
2026,2026-03-31,KT,전용주,2488113,중계,,3.0,153.2,2.2,10.0,0.0,0.0,2.0,3.0,0.0,0.0,272.0,5.525735294117647,3.871323529411765,0.0,0.0,0.75,10.125,6.75,0.0,0.3,0.2,3.871323529411765,0.0,0.0,,2.6666666666666665
2026,2026-04-01,KT,전용주,2488113,,,3.0,153.2,2.2,10.0,0.0,0.0,2.0,3.0,0.0,0.0,359.3333333333333,5.760667903525047,4.043599257884972,0.0,0.0,0.75,10.125,6.75,0.0,0.3,0.2,4.043599257884972,0.0,0.0,,2.6666666666666665
2026,2026-04-02,KT,전용주,2488113,,,3.0,153.2,2.2,10.0,0.0,0.0,2.0,3.0,0.0,0.0,445.3333333333333,5.719311377245509,4.077844311377246,0.0,0.0,0.75,10.125,6.75,0.0,0.3,0.2,4.077844311377246,0.0,0.0,,2.6666666666666665
2026,2026-04-03,KT,전용주,2488113,중계,,4.0,203.1,3.2,14.0,1.0,0.0,2.0,3.0,0.0,0.0,534.3333333333334,5.592014971927635,3.980661260137242,0.0,0.0,0.8181818181818182,7.363636363636364,4.909090909090909,0.0,0.2142857142857142,0.1428571428571428,3.980661260137242,0.0,0.0,,3.6666666666666665
2026,2026-04-04,KT,전용주,2488113,중계,패,5.0,248.0,4.2,19.0,3.0,0.0,2.0,3.0,1.0,1.0,624.3333333333334,5.477843032568073,3.8873465029364658,1.9285714285714284,1.9285714285714284,1.0714285714285714,5.785714285714286,3.8571428571428568,0.0,0.1578947368421052,0.1052631578947368,3.8873465029364658,292.4495620042416,34.19393050708335,,4.666666666666667
2026,2026-04-05,KT,전용주,2488113,,,5.0,248.0,4.2,19.0,3.0,0.0,2.0,3.0,1.0,1.0,711.3333333333334,5.200093720712277,3.7085285848172447,1.9285714285714284,1.9285714285714284,1.0714285714285714,5.785714285714286,3.8571428571428568,0.0,0.1578947368421052,0.1052631578947368,3.7085285848172447,277.6211589053805,36.02030925678911,,4.666666666666667
2026,2026-04-06,KT,전용주,2488113,,,5.0,248.0,4.2,19.0,3.0,0.0,2.0,3.0,1.0,1.0,711.3333333333334,5.200093720712277,3.7085285848172447,1.9285714285714284,1.9285714285714284,1.0714285714285714,5.785714285714286,3.8571428571428568,0.0,0.1578947368421052,0.1052631578947368,3.7085285848172447,277.6211589053805,36.02030925678911,,4.666666666666667
2026,2026-04-07,KT,전용주,2488113,,,5.0,248.0,4.2,19.0,3.0,0.0,2.0,3.0,1.0,1.0,801.3333333333334,5.031613976705491,3.697587354409318,1.9285714285714284,1.9285714285714284,1.0714285714285714,5.785714285714286,3.8571428571428568,0.0,0.1578947368421052,0.1052631578947368,3.697587354409318,268.62640913828614,37.22642175085661,,4.666666666666667
2026,2026-04-08,KT,전용주,2488113,,,5.0,248.0,4.2,19.0,3.0,0.0,2.0,3.0,1.0,1.0,888.3333333333334,4.984615384615385,3.578611632270169,1.9285714285714284,1.9285714285714284,1.0714285714285714,5.785714285714286,3.8571428571428568,0.0,0.1578947368421052,0.1052631578947368,3.578611632270169,266.11726136062083,37.57741962648865,,4.666666666666667
2026,2026-04-09,KT,전용주,2488113,,,5.0,248.0,4.2,19.0,3.0,0.0,2.0,3.0,1.0,1.0,888.3333333333334,4.984615384615385,3.578611632270169,1.9285714285714284,1.9285714285714284,1.0714285714285714,5.785714285714286,3.8571428571428568,0.0,0.1578947368421052,0.1052631578947368,3.578611632270169,266.11726136062083,37.57741962648865,,4.666666666666667
2026,2026-04-10,KT,전용주,2488113,중계,,6.0,292.4,5.1,23.0,4.0,0.0,3.0,4.0,2.0,2.0,980.3333333333334,4.966678000680041,3.5651139068344104,3.375,3.375,1.3125,6.75,5.0625,0.0,0.1739130434782608,0.1304347826086956,3.7526139068344095,151.519785880187,65.99798133233514,,5.333333333333333
2026,2026-04-11,KT,전용주,2488113,,,6.0,292.4,5.1,23.0,4.0,0.0,3.0,4.0,2.0,2.0,1069.3333333333333,4.864713216957607,3.6013092269326688,3.375,3.375,1.3125,6.75,5.0625,0.0,0.1739130434782608,0.1304347826086956,3.7888092269326688,148.40911871093877,67.38130437575957,,5.333333333333333
2026,2026-04-12,KT,전용주,2488113,,,6.0,292.4,5.1,23.0,4.0,0.0,3.0,4.0,2.0,2.0,1155.3333333333333,4.759665320253895,3.5600115406809003,3.375,3.375,1.3125,6.75,5.0625,0.0,0.1739130434782608,0.1304347826086956,3.7475115406809,145.20439418208247,68.86843925301781,,5.333333333333333
2026,2026-03-29,키움,오석주,2507796,중계,,1.0,41.9,1.2,9.0,2.0,0.0,1.0,2.0,3.0,2.0,180.0,6.0,4.011111111111111,10.8,16.2,1.7999999999999998,10.8,5.4,0.0,0.2222222222222222,0.1111111111111111,3.411111111111111,53.7646816361968,185.99570751047747,,1.6666666666666667
2026,2026-03-30,키움,오석주,2507796,,,1.0,41.9,1.2,9.0,2.0,0.0,1.0,2.0,3.0,2.0,180.0,6.0,4.011111111111111,10.8,16.2,1.7999999999999998,10.8,5.4,0.0,0.2222222222222222,0.1111111111111111,3.411111111111111,53.7646816361968,185.99570751047747,,1.6666666666666667
2026,2026-03-31,키움,오석주,2507796,,,1.0,41.9,1.2,9.0,2.0,0.0,1.0,2.0,3.0,2.0,272.0,5.525735294117647,3.871323529411765,10.8,16.2,1.7999999999999998,10.8,5.4,0.0,0.2222222222222222,0.1111111111111111,3.2713235294117644,49.514899815688594,201.95941094950047,,1.6666666666666667
2026,2026-04-01,키움,오석주,2507796,중계,,2.0,80.8,2.0,14.0,4.0,0.0,3.0,3.0,4.0,3.0,359.3333333333333,5.760667903525047,4.043599257884972,13.5,18.0,3.5,13.5,13.5,0.0,0.2142857142857142,0.2142857142857142,5.543599257884972,41.29606344598418,242.15383175881007,,2.0
2026,2026-04-02,키움,오석주,2507796,,,2.0,80.8,2.0,14.0,4.0,0.0,3.0,3.0,4.0,3.0,445.3333333333333,5.719311377245509,4.077844311377246,13.5,18.0,3.5,13.5,13.5,0.0,0.2142857142857142,0.2142857142857142,5.577844311377246,40.999594050117736,243.9048539791892,,2.0
2026,2026-04-03,키움,오석주,2507796,,,2.0,80.8,2.0,14.0,4.0,0.0,3.0,3.0,4.0,3.0,534.3333333333334,5.592014971927635,3.980661260137242,13.5,18.0,3.5,13.5,13.5,0.0,0.2142857142857142,0.2142857142857142,5.480661260137242,40.087053956071365,249.45709432671973,,2.0
2026,2026-04-04,키움,오석주,2507796,,,2.0,80.8,2.0,14.0,4.0,0.0,3.0,3.0,4.0,3.0,624.3333333333334,5.477843032568073,3.8873465029364658,13.5,18.0,3.5,13.5,13.5,0.0,0.2142857142857142,0.2142857142857142,5.387346502936466,39.26859822654416,254.65640363093885,,2.0
2026,2026-04-05,키움,오석주,2507796,중계,,3.0,131.7,3.0,18.0,4.0,0.0,4.0,4.0,4.0,3.0,711.3333333333334,5.200093720712277,3.7085285848172447,9.0,12.0,2.6666666666666665,12.0,12.0,0.0,0.2222222222222222,0.2222222222222222,5.041861918150578,55.91627667449632,178.8388032023786,,3.0
2026,2026-04-06,키움,오석주,2507796,,,3.0,131.7,3.0,18.0,4.0,0.0,4.0,4.0,4.0,3.0,711.3333333333334,5.200093720712277,3.7085285848172447,9.0,12.0,2.6666666666666665,12.0,12.0,0.0,0.2222222222222222,0.2222222222222222,5.041861918150578,55.91627667449632,178.8388032023786,,3.0
2026,2026-04-07,키움,오석주,2507796,,,3.0,131.7,3.0,18.0,4.0,0.0,4.0,4.0,4.0,3.0,801.3333333333334,5.031613976705491,3.697587354409318,9.0,12.0,2.6666666666666665,12.0,12.0,0.0,0.2222222222222222,0.2222222222222222,5.030920687742651,54.10462471476176,184.8270836868336,,3.0
2026,2026-04-08,키움,오석주,2507796,중계,,4.0,183.1,5.0,27.0,5.0,0.0,6.0,5.0,4.0,3.0,888.3333333333334,4.984615384615385,3.578611632270169,5.4,7.2,2.2,9.0,10.8,0.0,0.1851851851851851,0.2222222222222222,5.178611632270169,89.33208641091159,111.94186100167629,,5.0
2026,2026-04-09,키움,오석주,2507796,,,4.0,183.1,5.0,27.0,5.0,0.0,6.0,5.0,4.0,3.0,888.3333333333334,4.984615384615385,3.578611632270169,5.4,7.2,2.2,9.0,10.8,0.0,0.1851851851851851,0.2222222222222222,5.178611632270169,89.33208641091159,111.94186100167629,,5.0
2026,2026-04-10,키움,오석주,2507796,,,4.0,183.1,5.0,27.0,5.0,0.0,6.0,5.0,4.0,3.0,980.3333333333334,4.966678000680041,3.5651139068344104,5.4,7.2,2.2,9.0,10.8,0.0,0.1851851851851851,0.2222222222222222,5.16511390683441,89.01062049868825,112.34614413397296,,5.0
2026,2026-04-11,키움,오석주,2507796,,,4.0,183.1,5.0,27.0,5.0,0.0,6.0,5.0,4.0,3.0,1069.3333333333333,4.864713216957607,3.6013092269326688,5.4,7.2,2.2,9.0,10.8,0.0,0.1851851851851851,0.2222222222222222,5.201309226932668,87.18325245370814,114.70092843014454,,5.0
2026,2026-04-12,키움,오석주,2507796,,,4.0,183.1,5.0,27.0,5.0,0.0,6.0,5.0,4.0,3.0,1155.3333333333333,4.759665320253895,3.5600115406809003,5.4,7.2,2.2,9.0,10.8,0.0,0.1851851851851851,0.2222222222222222,5.1600115406809,85.30063021276577,117.23242811989726,,5.0
2026,2026-04-08,NC,전사민,2514541,중계,,1.0,52.9,1.0,3.0,0.0,0.0,0.0,1.0,0.0,0.0,888.3333333333334,4.984615384615385,3.578611632270169,0.0,0.0,0.0,9.0,0.0,0.0,0.3333333333333333,0.0,1.578611632270169,0.0,0.0,,1.0
2026,2026-04-09,NC,전사민,2514541,,,1.0,52.9,1.0,3.0,0.0,0.0,0.0,1.0,0.0,0.0,888.3333333333334,4.984615384615385,3.578611632270169,0.0,0.0,0.0,9.0,0.0,0.0,0.3333333333333333,0.0,1.578611632270169,0.0,0.0,,1.0
2026,2026-04-10,NC,전사민,2514541,중계,패,2.0,92.3,1.2,7.0,1.0,0.0,2.0,2.0,2.0,2.0,980.3333333333334,4.966678000680041,3.5651139068344104,10.8,10.8,1.7999999999999998,10.8,10.8,0.0,0.2857142857142857,0.2857142857142857,4.765113906834411,46.45361849277143,215.26848337026928,,1.6666666666666667
2026,2026-04-11,NC,전사민,2514541,,,2.0,92.3,1.2,7.0,1.0,0.0,2.0,2.0,2.0,2.0,1069.3333333333333,4.864713216957607,3.6013092269326688,10.8,10.8,1.7999999999999998,10.8,10.8,0.0,0.2857142857142857,0.2857142857142857,4.801309226932669,45.49993613967921,219.7805282473635,,1.6666666666666667
2026,2026-04-12,NC,전사민,2514541,중계,,3.0,136.2,2.2,13.0,3.0,0.0,3.0,3.0,3.0,3.0,1155.3333333333333,4.759665320253895,3.5600115406809003,10.125,10.125,2.25,10.125,10.125,0.0,0.2307692307692307,0.2307692307692307,4.6850115406809,47.485245074759,210.5917319002224,,2.6666666666666665
2026,2026-03-31,SSG,백승건,2514823,중계,,1.0,44.9,1.0,6.0,2.0,0.0,0.0,0.0,1.0,0.0,272.0,5.525735294117647,3.871323529411765,0.0,9.0,2.0,0.0,0.0,0.0,0.0,0.0,3.871323529411765,0.0,0.0,,1.0
2026,2026-04-01,SSG,백승건,2514823,,,1.0,44.9,1.0,6.0,2.0,0.0,0.0,0.0,1.0,0.0,359.3333333333333,5.760667903525047,4.043599257884972,0.0,9.0,2.0,0.0,0.0,0.0,0.0,0.0,4.043599257884972,0.0,0.0,,1.0
2026,2026-04-02,SSG,백승건,2514823,중계,,2.0,91.8,2.0,12.0,4.0,0.0,1.0,1.0,1.0,0.0,445.3333333333333,5.719311377245509,4.077844311377246,0.0,4.5,2.5,4.5,4.5,0.0,0.0833333333333333,0.0833333333333333,4.577844311377246,0.0,0.0,,2.0
2026,2026-04-03,SSG,백승건,2514823,,,2.0,91.8,2.0,12.0,4.0,0.0,1.0,1.0,1.0,0.0,534.3333333333334,5.592014971927635,3.980661260137242,0.0,4.5,2.5,4.5,4.5,0.0,0.0833333333333333,0.0833333333333333,4.480661260137242,0.0,0.0,,2.0
2026,2026-04-04,SSG,백승건,2514823,,,2.0,91.8,2.0,12.0,4.0,0.0,1.0,1.0,1.0,0.0,624.3333333333334,5.477843032568073,3.8873465029364658,0.0,4.5,2.5,4.5,4.5,0.0,0.0833333333333333,0.0833333333333333,4.387346502936466,0.0,0.0,,2.0
2026,2026-04-05,SSG,백승건,2514823,,,2.0,91.8,2.0,12.0,4.0,0.0,1.0,1.0,1.0,0.0,711.3333333333334,5.200093720712277,3.7085285848172447,0.0,4.5,2.5,4.5,4.5,0.0,0.0833333333333333,0.0833333333333333,4.208528584817245,0.0,0.0,,2.0
2026,2026-04-06,SSG,백승건,2514823,,,2.0,91.8,2.0,12.0,4.0,0.0,1.0,1.0,1.0,0.0,711.3333333333334,5.200093720712277,3.7085285848172447,0.0,4.5,2.5,4.5,4.5,0.0,0.0833333333333333,0.0833333333333333,4.208528584817245,0.0,0.0,,2.0
2026,2026-04-07,SSG,백승건,2514823,,,2.0,91.8,2.0,12.0,4.0,0.0,1.0,1.0,1.0,0.0,801.3333333333334,5.031613976705491,3.697587354409318,0.0,4.5,2.5,4.5,4.5,0.0,0.0833333333333333,0.0833333333333333,4.197587354409318,0.0,0.0,,2.0
2026,2026-04-08,SSG,백승건,2514823,,,2.0,91.8,2.0,12.0,4.0,0.0,1.0,1.0,1.0,0.0,888.3333333333334,4.984615384615385,3.578611632270169,0.0,4.5,2.5,4.5,4.5,0.0,0.0833333333333333,0.0833333333333333,4.078611632270169,0.0,0.0,,2.0
2026,2026-04-09,SSG,백승건,2514823,,,2.0,91.8,2.0,12.0,4.0,0.0,1.0,1.0,1.0,0.0,888.3333333333334,4.984615384615385,3.578611632270169,0.0,4.5,2.5,4.5,4.5,0.0,0.0833333333333333,0.0833333333333333,4.078611632270169,0.0,0.0,,2.0
2026,2026-04-10,SSG,백승건,2514823,,,2.0,91.8,2.0,12.0,4.0,0.0,1.0,1.0,1.0,0.0,980.3333333333334,4.966678000680041,3.5651139068344104,0.0,4.5,2.5,4.5,4.5,0.0,0.0833333333333333,0.0833333333333333,4.06511390683441,0.0,0.0,,2.0
2026,2026-04-11,SSG,백승건,2514823,,,2.0,91.8,2.0,12.0,4.0,0.0,1.0,1.0,1.0,0.0,1069.3333333333333,4.864713216957607,3.6013092269326688,0.0,4.5,2.5,4.5,4.5,0.0,0.0833333333333333,0.0833333333333333,4.101309226932669,0.0,0.0,,2.0
2026,2026-04-12,SSG,백승건,2514823,,,2.0,91.8,2.0,12.0,4.0,0.0,1.0,1.0,1.0,0.0,1155.3333333333333,4.759665320253895,3.5600115406809003,0.0,4.5,2.5,4.5,4.5,0.0,0.0833333333333333,0.0833333333333333,4.0600115406809,0.0,0.0,,2.0
2026,2026-04-10,한화,이상규,2559259,중계,,1.0,50.9,1.0,4.0,0.0,0.0,1.0,1.0,0.0,0.0,980.3333333333334,4.966678000680041,3.5651139068344104,0.0,0.0,1.0,9.0,9.0,0.0,0.25,0.25,4.56511390683441,0.0,0.0,,1.0
2026,2026-04-11,한화,이상규,2559259,,,1.0,50.9,1.0,4.0,0.0,0.0,1.0,1.0,0.0,0.0,1069.3333333333333,4.864713216957607,3.6013092269326688,0.0,0.0,1.0,9.0,9.0,0.0,0.25,0.25,4.601309226932669,0.0,0.0,,1.0
2026,2026-04-12,한화,이상규,2559259,중계,,2.0,98.8,2.0,9.0,1.0,0.0,1.0,2.0,1.0,0.0,1155.3333333333333,4.759665320253895,3.5600115406809003,0.0,4.5,1.0,9.0,4.5,0.0,0.2222222222222222,0.1111111111111111,3.0600115406809003,0.0,0.0,,2.0
2026,2026-03-28,두산,플렉센,2607969,선발,패,1.0,39.400000000000006,4.0,21.0,2.0,1.0,6.0,3.0,3.0,2.0,92.0,5.869565217391305,4.445652173913044,4.5,6.75,2.0,6.75,13.5,2.25,0.1428571428571428,0.2857142857142857,10.695652173913045,124.372659478353,80.40352310501565,,4.0
2026,2026-03-29,두산,플렉센,2607969,,,1.0,39.400000000000006,4.0,21.0,2.0,1.0,6.0,3.0,3.0,2.0,180.0,6.0,4.011111111111111,4.5,6.75,2.0,6.75,13.5,2.25,0.1428571428571428,0.2857142857142857,10.261111111111113,127.13649635564974,78.65562042881966,,4.0
2026,2026-03-30,두산,플렉센,2607969,,,1.0,39.400000000000006,4.0,21.0,2.0,1.0,6.0,3.0,3.0,2.0,180.0,6.0,4.011111111111111,4.5,6.75,2.0,6.75,13.5,2.25,0.1428571428571428,0.2857142857142857,10.261111111111113,127.13649635564974,78.65562042881966,,4.0
2026,2026-03-31,두산,플렉센,2607969,,,1.0,39.400000000000006,4.0,21.0,2.0,1.0,6.0,3.0,3.0,2.0,272.0,5.525735294117647,3.871323529411765,4.5,6.75,2.0,6.75,13.5,2.25,0.1428571428571428,0.2857142857142857,10.121323529411764,117.08710418047887,85.40650202251078,,4.0
2026,2026-04-01,두산,플렉센,2607969,,,1.0,39.400000000000006,4.0,21.0,2.0,1.0,6.0,3.0,3.0,2.0,359.3333333333333,5.760667903525047,4.043599257884972,4.5,6.75,2.0,6.75,13.5,2.25,0.1428571428571428,0.2857142857142857,10.293599257884972,122.0651889871034,81.92343847562086,,4.0
2026,2026-04-02,두산,플렉센,2607969,,,1.0,39.400000000000006,4.0,21.0,2.0,1.0,6.0,3.0,3.0,2.0,445.3333333333333,5.719311377245509,4.077844311377246,4.5,6.75,2.0,6.75,13.5,2.25,0.1428571428571428,0.2857142857142857,10.327844311377245,121.18886834499996,82.51582951935852,,4.0
2026,2026-04-03,두산,플렉센,2607969,선발,패,2.0,84.30000000000001,5.0,26.0,2.0,1.0,8.0,3.0,4.0,3.0,534.3333333333334,5.592014971927635,3.980661260137242,5.4,7.2,2.0,5.4,14.4,1.8,0.1153846153846153,0.3076923076923077,10.180661260137242,98.7429432082245,101.27305987742808,,5.0
2026,2026-04-04,두산,플렉센,2607969,,,2.0,84.30000000000001,5.0,26.0,2.0,1.0,8.0,3.0,4.0,3.0,624.3333333333334,5.477843032568073,3.8873465029364658,5.4,7.2,2.0,5.4,14.4,1.8,0.1153846153846153,0.3076923076923077,10.087346502936466,96.7269126037378,103.38384355310824,,5.0
2026,2026-04-05,두산,플렉센,2607969,,,2.0,84.30000000000001,5.0,26.0,2.0,1.0,8.0,3.0,4.0,3.0,711.3333333333334,5.200093720712277,3.7085285848172447,5.4,7.2,2.0,5.4,14.4,1.8,0.1153846153846153,0.3076923076923077,9.908528584817244,91.8224578294963,108.90581929933572,,5.0
2026,2026-04-06,두산,플렉센,2607969,,,2.0,84.30000000000001,5.0,26.0,2.0,1.0,8.0,3.0,4.0,3.0,711.3333333333334,5.200093720712277,3.7085285848172447,5.4,7.2,2.0,5.4,14.4,1.8,0.1153846153846153,0.3076923076923077,9.908528584817244,91.8224578294963,108.90581929933572,,5.0
2026,2026-04-07,두산,플렉센,2607969,,,2.0,84.30000000000001,5.0,26.0,2.0,1.0,8.0,3.0,4.0,3.0,801.3333333333334,5.031613976705491,3.697587354409318,5.4,7.2,2.0,5.4,14.4,1.8,0.1153846153846153,0.3076923076923077,9.897587354409318,88.84746833506303,112.55244732790624,,5.0
2026,2026-04-08,두산,플렉센,2607969,,,2.0,84.30000000000001,5.0,26.0,2.0,1.0,8.0,3.0,4.0,3.0,888.3333333333334,4.984615384615385,3.578611632270169,5.4,7.2,2.0,5.4,14.4,1.8,0.1153846153846153,0.3076923076923077,9.77861163227017,88.01757440006519,113.61367395273952,,5.0
2026,2026-04-09,두산,플렉센,2607969,,,2.0,84.30000000000001,5.0,26.0,2.0,1.0,8.0,3.0,4.0,3.0,888.3333333333334,4.984615384615385,3.578611632270169,5.4,7.2,2.0,5.4,14.4,1.8,0.1153846153846153,0.3076923076923077,9.77861163227017,88.01757440006519,113.61367395273952,,5.0
2026,2026-04-10,두산,플렉센,2607969,,,2.0,84.30000000000001,5.0,26.0,2.0,1.0,8.0,3.0,4.0,3.0,980.3333333333334,4.966678000680041,3.5651139068344104,5.4,7.2,2.0,5.4,14.4,1.8,0.1153846153846153,0.3076923076923077,9.765113906834411,87.70083882404774,114.02399491369496,,5.0
2026,2026-04-11,두산,플렉센,2607969,,,2.0,84.30000000000001,5.0,26.0,2.0,1.0,8.0,3.0,4.0,3.0,1069.3333333333333,4.864713216957607,3.6013092269326688,5.4,7.2,2.0,5.4,14.4,1.8,0.1153846153846153,0.3076923076923077,9.80130922693267,85.90036030264052,116.4139470983407,,5.0
2026,2026-04-12,두산,플렉센,2607969,,,2.0,84.30000000000001,5.0,26.0,2.0,1.0,8.0,3.0,4.0,3.0,1155.3333333333333,4.759665320253895,3.5600115406809003,5.4,7.2,2.0,5.4,14.4,1.8,0.1153846153846153,0.3076923076923077,9.7600115406809,84.04544064480163,118.98325385980972,,5.0
2026,2026-03-28,키움,김재웅,2697426,중계,홀드,1.0,41.9,1.0,6.0,1.0,0.0,2.0,2.0,2.0,2.0,92.0,5.869565217391305,4.445652173913044,18.0,18.0,3.0,18.0,18.0,0.0,0.3333333333333333,0.3333333333333333,6.445652173913044,31.557530525593773,316.8815757585913,,1.0
2026,2026-03-29,키움,김재웅,2697426,,,1.0,41.9,1.0,6.0,1.0,0.0,2.0,2.0,2.0,2.0,180.0,6.0,4.011111111111111,18.0,18.0,3.0,18.0,18.0,0.0,0.3333333333333333,0.3333333333333333,6.011111111111111,32.25880898171808,309.99284585079585,,1.0
2026,2026-03-30,키움,김재웅,2697426,,,1.0,41.9,1.0,6.0,1.0,0.0,2.0,2.0,2.0,2.0,180.0,6.0,4.011111111111111,18.0,18.0,3.0,18.0,18.0,0.0,0.3333333333333333,0.3333333333333333,6.011111111111111,32.25880898171808,309.99284585079585,,1.0
2026,2026-03-31,키움,김재웅,2697426,,,1.0,41.9,1.0,6.0,1.0,0.0,2.0,2.0,2.0,2.0,272.0,5.525735294117647,3.871323529411765,18.0,18.0,3.0,18.0,18.0,0.0,0.3333333333333333,0.3333333333333333,5.8713235294117645,29.70893988941316,336.5990182491676,,1.0
2026,2026-04-01,키움,김재웅,2697426,,,1.0,41.9,1.0,6.0,1.0,0.0,2.0,2.0,2.0,2.0,359.3333333333333,5.760667903525047,4.043599257884972,18.0,18.0,3.0,18.0,18.0,0.0,0.3333333333333333,0.3333333333333333,6.043599257884972,30.972047584488138,322.8717756784134,,1.0
2026,2026-04-02,키움,김재웅,2697426,,,1.0,41.9,1.0,6.0,1.0,0.0,2.0,2.0,2.0,2.0,445.3333333333333,5.719311377245509,4.077844311377246,18.0,18.0,3.0,18.0,18.0,0.0,0.3333333333333333,0.3333333333333333,6.077844311377246,30.749695537588305,325.2064719722523,,1.0
2026,2026-04-03,키움,김재웅,2697426,중계,세,2.0,94.8,2.0,9.0,1.0,0.0,2.0,3.0,2.0,2.0,534.3333333333334,5.592014971927635,3.980661260137242,9.0,9.0,1.5,13.5,9.0,0.0,0.3333333333333333,0.2222222222222222,3.980661260137242,60.13058093410704,166.3047295511465,,2.0
2026,2026-04-04,키움,김재웅,2697426,,,2.0,94.8,2.0,9.0,1.0,0.0,2.0,3.0,2.0,2.0,624.3333333333334,5.477843032568073,3.8873465029364658,9.0,9.0,1.5,13.5,9.0,0.0,0.3333333333333333,0.2222222222222222,3.8873465029364658,58.90289733981624,169.77093575395924,,2.0
2026,2026-04-05,키움,김재웅,2697426,,,2.0,94.8,2.0,9.0,1.0,0.0,2.0,3.0,2.0,2.0,711.3333333333334,5.200093720712277,3.7085285848172447,9.0,9.0,1.5,13.5,9.0,0.0,0.3333333333333333,0.2222222222222222,3.7085285848172447,55.91627667449632,178.8388032023786,,2.0
2026,2026-04-06,키움,김재웅,2697426,,,2.0,94.8,2.0,9.0,1.0,0.0,2.0,3.0,2.0,2.0,711.3333333333334,5.200093720712277,3.7085285848172447,9.0,9.0,1.5,13.5,9.0,0.0,0.3333333333333333,0.2222222222222222,3.7085285848172447,55.91627667449632,178.8388032023786,,2.0
2026,2026-04-07,키움,김재웅,2697426,중계,세,3.0,144.7,3.0,13.0,1.0,0.0,3.0,3.0,2.0,2.0,801.3333333333334,5.031613976705491,3.697587354409318,6.0,6.0,1.3333333333333333,9.0,9.0,0.0,0.2307692307692307,0.2307692307692307,4.697587354409318,81.15693707214264,123.21805579122244,,3.0
2026,2026-04-08,키움,김재웅,2697426,,,3.0,144.7,3.0,13.0,1.0,0.0,3.0,3.0,2.0,2.0,888.3333333333334,4.984615384615385,3.578611632270169,6.0,6.0,1.3333333333333333,9.0,9.0,0.0,0.2307692307692307,0.2307692307692307,4.578611632270169,80.39887776982043,124.37984555741808,,3.0
2026,2026-04-09,키움,김재웅,2697426,,,3.0,144.7,3.0,13.0,1.0,0.0,3.0,3.0,2.0,2.0,888.3333333333334,4.984615384615385,3.578611632270169,6.0,6.0,1.3333333333333333,9.0,9.0,0.0,0.2307692307692307,0.2307692307692307,4.578611632270169,80.39887776982043,124.37984555741808,,3.0
2026,2026-04-10,키움,김재웅,2697426,,,3.0,144.7,3.0,13.0,1.0,0.0,3.0,3.0,2.0,2.0,980.3333333333334,4.966678000680041,3.5651139068344104,6.0,6.0,1.3333333333333333,9.0,9.0,0.0,0.2307692307692307,0.2307692307692307,4.56511390683441,80.10955844881944,124.82904903774774,,3.0
2026,2026-04-11,키움,김재웅,2697426,중계,,4.0,189.6,4.0,18.0,3.0,0.0,3.0,3.0,3.0,3.0,1069.3333333333333,4.864713216957607,3.6013092269326688,6.75,6.75,1.5,6.75,6.75,0.0,0.1666666666666666,0.1666666666666666,4.351309226932669,69.74660196296652,143.37616053768062,,4.0
2026,2026-04-12,키움,김재웅,2697426,중계,세,5.0,239.5,5.0,22.0,4.0,0.0,3.0,3.0,3.0,3.0,1155.3333333333333,4.759665320253895,3.5600115406809003,5.4,5.4,1.4,5.4,5.4,0.0,0.1363636363636363,0.1363636363636363,4.1600115406809,85.30063021276577,117.23242811989726,,5.0
2026,2026-03-29,KT,소형준,2699592,선발,,1.0,34.9,3.0,17.0,7.0,0.0,2.0,1.0,3.0,3.0,180.0,6.0,4.011111111111111,9.0,9.0,3.0,3.0,6.0,0.0,0.0588235294117647,0.1176470588235294,5.344444444444444,68.64135709698552,145.684765321156,,3.0
2026,2026-03-30,KT,소형준,2699592,,,1.0,34.9,3.0,17.0,7.0,0.0,2.0,1.0,3.0,3.0,180.0,6.0,4.011111111111111,9.0,9.0,3.0,3.0,6.0,0.0,0.0588235294117647,0.1176470588235294,5.344444444444444,68.64135709698552,145.684765321156,,3.0
2026,2026-03-31,KT,소형준,2699592,,,1.0,34.9,3.0,17.0,7.0,0.0,2.0,1.0,3.0,3.0,272.0,5.525735294117647,3.871323529411765,9.0,9.0,3.0,3.0,6.0,0.0,0.0588235294117647,0.1176470588235294,5.2046568627450975,63.21566159115761,158.1886473746684,,3.0
2026,2026-04-01,KT,소형준,2699592,,,1.0,34.9,3.0,17.0,7.0,0.0,2.0,1.0,3.0,3.0,359.3333333333333,5.760667903525047,4.043599257884972,9.0,9.0,3.0,3.0,6.0,0.0,0.0588235294117647,0.1176470588235294,5.3769325912183055,65.90334378050093,151.73736909778373,,3.0
2026,2026-04-02,KT,소형준,2699592,,,1.0,34.9,3.0,17.0,7.0,0.0,2.0,1.0,3.0,3.0,445.3333333333333,5.719311377245509,4.077844311377246,9.0,9.0,3.0,3.0,6.0,0.0,0.0588235294117647,0.1176470588235294,5.411177644710579,65.43021576572684,152.83458694076515,,3.0
2026,2026-04-03,KT,소형준,2699592,,,1.0,34.9,3.0,17.0,7.0,0.0,2.0,1.0,3.0,3.0,534.3333333333334,5.592014971927635,3.980661260137242,9.0,9.0,3.0,3.0,6.0,0.0,0.0588235294117647,0.1176470588235294,5.313994593470575,63.97391609662903,156.31370736935278,,3.0
2026,2026-04-04,KT,소형준,2699592,선발,,2.0,70.30000000000001,9.0,45.0,16.0,2.0,3.0,8.0,9.0,9.0,624.3333333333334,5.477843032568073,3.8873465029364658,9.0,9.0,2.111111111111111,8.0,3.0,2.0,0.1777777777777777,0.0666666666666666,5.998457614047577,62.66776328662319,159.5716756997223,,9.0
2026,2026-04-05,KT,소형준,2699592,,,2.0,70.30000000000001,9.0,45.0,16.0,2.0,3.0,8.0,9.0,9.0,711.3333333333334,5.200093720712277,3.7085285848172447,9.0,9.0,2.111111111111111,8.0,3.0,2.0,0.1777777777777777,0.0666666666666666,5.819639695928355,59.490248336867246,168.09477653168256,,9.0
2026,2026-04-06,KT,소형준,2699592,,,2.0,70.30000000000001,9.0,45.0,16.0,2.0,3.0,8.0,9.0,9.0,711.3333333333334,5.200093720712277,3.7085285848172447,9.0,9.0,2.111111111111111,8.0,3.0,2.0,0.1777777777777777,0.0666666666666666,5.819639695928355,59.490248336867246,168.09477653168256,,9.0
2026,2026-04-07,KT,소형준,2699592,,,2.0,70.30000000000001,9.0,45.0,16.0,2.0,3.0,8.0,9.0,9.0,801.3333333333334,5.031613976705491,3.697587354409318,9.0,9.0,2.111111111111111,8.0,3.0,2.0,0.1777777777777777,0.0666666666666666,5.808698465520429,57.56280195820416,173.72330150399753,,9.0
2026,2026-04-08,KT,소형준,2699592,,,2.0,70.30000000000001,9.0,45.0,16.0,2.0,3.0,8.0,9.0,9.0,888.3333333333334,4.984615384615385,3.578611632270169,9.0,9.0,2.111111111111111,8.0,3.0,2.0,0.1777777777777777,0.0666666666666666,5.68972274338128,57.025127434418735,175.36129159028036,,9.0
2026,2026-04-09,KT,소형준,2699592,,,2.0,70.30000000000001,9.0,45.0,16.0,2.0,3.0,8.0,9.0,9.0,888.3333333333334,4.984615384615385,3.578611632270169,9.0,9.0,2.111111111111111,8.0,3.0,2.0,0.1777777777777777,0.0666666666666666,5.68972274338128,57.025127434418735,175.36129159028036,,9.0
2026,2026-04-10,KT,소형준,2699592,,,2.0,70.30000000000001,9.0,45.0,16.0,2.0,3.0,8.0,9.0,9.0,980.3333333333334,4.966678000680041,3.5651139068344104,9.0,9.0,2.111111111111111,8.0,3.0,2.0,0.1777777777777777,0.0666666666666666,5.676225017945521,56.81991970507012,175.99461688622705,,9.0
2026,2026-04-11,KT,소형준,2699592,선발,승,3.0,138.20000000000002,16.0,71.0,20.0,2.0,5.0,15.0,11.0,11.0,1069.3333333333333,4.864713216957607,3.6013092269326688,6.1875,6.1875,1.5625,8.4375,2.8125,1.125,0.2112676056338028,0.0704225352112676,4.288809226932669,80.9504283877848,123.5323913555592,,16.0
2026,2026-04-12,KT,소형준,2699592,,,3.0,138.20000000000002,16.0,71.0,20.0,2.0,5.0,15.0,11.0,11.0,1155.3333333333333,4.759665320253895,3.5600115406809003,6.1875,6.1875,1.5625,8.4375,2.8125,1.125,0.2112676056338028,0.0704225352112676,4.2475115406809,79.20239682659044,126.2588052971993,,16.0
2026,2026-03-28,한화,강재민,2723883,중계,,1.0,41.9,1.2,9.0,1.0,0.0,3.0,1.0,2.0,2.0,92.0,5.869565217391305,4.445652173913044,10.8,10.8,2.4,5.4,16.2,0.0,0.1111111111111111,0.3333333333333333,8.645652173913044,55.432329233312885,180.4001408259488,,1.6666666666666667
2026,2026-03-29,한화,강재민,2723883,,,1.0,41.9,1.2,9.0,1.0,0.0,3.0,1.0,2.0,2.0,180.0,6.0,4.011111111111111,10.8,10.8,2.4,5.4,16.2,0.0,0.1111111111111111,0.3333333333333333,8.211111111111112,56.66415877183094,176.47839863408032,,1.6666666666666667
2026,2026-03-30,한화,강재민,2723883,,,1.0,41.9,1.2,9.0,1.0,0.0,3.0,1.0,2.0,2.0,180.0,6.0,4.011111111111111,10.8,10.8,2.4,5.4,16.2,0.0,0.1111111111111111,0.3333333333333333,8.211111111111112,56.66415877183094,176.47839863408032,,1.6666666666666667
2026,2026-03-31,한화,강재민,2723883,중계,,2.0,86.3,2.1,14.0,2.0,0.0,5.0,1.0,2.0,2.0,272.0,5.525735294117647,3.871323529411765,7.7142857142857135,7.7142857142857135,3.0,3.8571428571428568,19.285714285714285,0.0,0.0714285714285714,0.3571428571428571,9.442752100840336,73.0592664752982,136.87517658531465,,2.333333333333333
2026,2026-04-01,한화,강재민,2723883,,,2.0,86.3,2.1,14.0,2.0,0.0,5.0,1.0,2.0,2.0,359.3333333333333,5.760667903525047,4.043599257884972,7.7142857142857135,7.7142857142857135,3.0,3.8571428571428568,19.285714285714285,0.0,0.0714285714285714,0.3571428571428571,9.615027829313544,76.1654601673312,131.2931081625525,,2.333333333333333
2026,2026-04-02,한화,강재민,2723883,,,2.0,86.3,2.1,14.0,2.0,0.0,5.0,1.0,2.0,2.0,445.3333333333333,5.719311377245509,4.077844311377246,7.7142857142857135,7.7142857142857135,3.0,3.8571428571428568,19.285714285714285,0.0,0.0714285714285714,0.3571428571428571,9.649272882805818,75.61865918734834,132.24249289086956,,2.333333333333333
2026,2026-04-03,한화,강재민,2723883,,,2.0,86.3,2.1,14.0,2.0,0.0,5.0,1.0,2.0,2.0,534.3333333333334,5.592014971927635,3.980661260137242,7.7142857142857135,7.7142857142857135,3.0,3.8571428571428568,19.285714285714285,0.0,0.0714285714285714,0.3571428571428571,9.552089831565812,73.9355923188781,135.25285571353547,,2.333333333333333
2026,2026-04-04,한화,강재민,2723883,,,2.0,86.3,2.1,14.0,2.0,0.0,5.0,1.0,2.0,2.0,624.3333333333334,5.477843032568073,3.8873465029364658,7.7142857142857135,7.7142857142857135,3.0,3.8571428571428568,19.285714285714285,0.0,0.0714285714285714,0.3571428571428571,9.458775074365036,72.42605237574121,138.07186325882725,,2.333333333333333
2026,2026-04-05,한화,강재민,2723883,,,2.0,86.3,2.1,14.0,2.0,0.0,5.0,1.0,2.0,2.0,711.3333333333334,5.200093720712277,3.7085285848172447,7.7142857142857135,7.7142857142857135,3.0,3.8571428571428568,19.285714285714285,0.0,0.0714285714285714,0.3571428571428571,9.279957156245816,68.75375178439637,145.44660822814174,,2.333333333333333
2026,2026-04-06,한화,강재민,2723883,,,2.0,86.3,2.1,14.0,2.0,0.0,5.0,1.0,2.0,2.0,711.3333333333334,5.200093720712277,3.7085285848172447,7.7142857142857135,7.7142857142857135,3.0,3.8571428571428568,19.285714285714285,0.0,0.0714285714285714,0.3571428571428571,9.279957156245816,68.75375178439637,145.44660822814174,,2.333333333333333
2026,2026-04-07,한화,강재민,2723883,,,2.0,86.3,2.1,14.0,2.0,0.0,5.0,1.0,2.0,2.0,801.3333333333334,5.031613976705491,3.697587354409318,7.7142857142857135,7.7142857142857135,3.0,3.8571428571428568,19.285714285714285,0.0,0.0714285714285714,0.3571428571428571,9.26901592583789,66.5261737594075,150.31677661434563,,2.333333333333333
2026,2026-04-08,한화,강재민,2723883,,,2.0,86.3,2.1,14.0,2.0,0.0,5.0,1.0,2.0,2.0,888.3333333333334,4.984615384615385,3.578611632270169,7.7142857142857135,7.7142857142857135,3.0,3.8571428571428568,19.285714285714285,0.0,0.0714285714285714,0.3571428571428571,9.15004020369874,65.90477543308337,151.7340728996722,,2.333333333333333
2026,2026-04-09,한화,강재민,2723883,,,2.0,86.3,2.1,14.0,2.0,0.0,5.0,1.0,2.0,2.0,888.3333333333334,4.984615384615385,3.578611632270169,7.7142857142857135,7.7142857142857135,3.0,3.8571428571428568,19.285714285714285,0.0,0.0714285714285714,0.3571428571428571,9.15004020369874,65.90477543308337,151.7340728996722,,2.333333333333333
2026,2026-04-10,한화,강재민,2723883,,,2.0,86.3,2.1,14.0,2.0,0.0,5.0,1.0,2.0,2.0,980.3333333333334,4.966678000680041,3.5651139068344104,7.7142857142857135,7.7142857142857135,3.0,3.8571428571428568,19.285714285714285,0.0,0.0714285714285714,0.3571428571428571,9.136542478262982,65.66761385312186,152.28206741860464,,2.333333333333333
2026,2026-04-11,한화,강재민,2723883,,,2.0,86.3,2.1,14.0,2.0,0.0,5.0,1.0,2.0,2.0,1069.3333333333333,4.864713216957607,3.6013092269326688,7.7142857142857135,7.7142857142857135,3.0,3.8571428571428568,19.285714285714285,0.0,0.0714285714285714,0.3571428571428571,9.17273779836124,64.3194724911924,155.47391190699443,,2.333333333333333
2026,2026-04-12,한화,강재민,2723883,,,2.0,86.3,2.1,14.0,2.0,0.0,5.0,1.0,2.0,2.0,1155.3333333333333,4.759665320253895,3.5600115406809003,7.7142857142857135,7.7142857142857135,3.0,3.8571428571428568,19.285714285714285,0.0,0.0714285714285714,0.3571428571428571,9.131440112109471,62.93056732845034,158.90528918653322,,2.333333333333333
2026,2026-03-29,삼성,이승민,2724622,중계,,1.0,55.4,1.1,4.0,0.0,0.0,0.0,2.0,0.0,0.0,180.0,6.0,4.011111111111111,0.0,0.0,0.0,13.5,0.0,0.0,0.5,0.0,1.011111111111111,0.0,0.0,,1.3333333333333333
2026,2026-03-30,삼성,이승민,2724622,,,1.0,55.4,1.1,4.0,0.0,0.0,0.0,2.0,0.0,0.0,180.0,6.0,4.011111111111111,0.0,0.0,0.0,13.5,0.0,0.0,0.5,0.0,1.011111111111111,0.0,0.0,,1.3333333333333333
2026,2026-03-31,삼성,이승민,2724622,,,1.0,55.4,1.1,4.0,0.0,0.0,0.0,2.0,0.0,0.0,272.0,5.525735294117647,3.871323529411765,0.0,0.0,0.0,13.5,0.0,0.0,0.5,0.0,0.8713235294117645,0.0,0.0,,1.3333333333333333
2026,2026-04-01,삼성,이승민,2724622,,,1.0,55.4,1.1,4.0,0.0,0.0,0.0,2.0,0.0,0.0,359.3333333333333,5.760667903525047,4.043599257884972,0.0,0.0,0.0,13.5,0.0,0.0,0.5,0.0,1.0435992578849724,0.0,0.0,,1.3333333333333333
2026,2026-04-02,삼성,이승민,2724622,중계,,2.0,108.3,2.1,7.0,0.0,0.0,0.0,3.0,0.0,0.0,445.3333333333333,5.719311377245509,4.077844311377246,0.0,0.0,0.0,11.571428571428571,0.0,0.0,0.4285714285714285,0.0,1.5064157399486744,0.0,0.0,,2.333333333333333
2026,2026-04-03,삼성,이승민,2724622,,,2.0,108.3,2.1,7.0,0.0,0.0,0.0,3.0,0.0,0.0,534.3333333333334,5.592014971927635,3.980661260137242,0.0,0.0,0.0,11.571428571428571,0.0,0.0,0.4285714285714285,0.0,1.4092326887086708,0.0,0.0,,2.333333333333333
2026,2026-04-04,삼성,이승민,2724622,중계,홀드,3.0,157.7,3.0,10.0,1.0,0.0,0.0,4.0,0.0,0.0,624.3333333333334,5.477843032568073,3.8873465029364658,0.0,0.0,0.3333333333333333,12.0,0.0,0.0,0.4,0.0,1.2206798362697993,0.0,0.0,,3.0
2026,2026-04-05,삼성,이승민,2724622,중계,,4.0,209.6,4.0,13.0,1.0,0.0,0.0,4.0,0.0,0.0,711.3333333333334,5.200093720712277,3.7085285848172447,0.0,0.0,0.25,9.0,0.0,0.0,0.3076923076923077,0.0,1.708528584817245,0.0,0.0,,4.0
2026,2026-04-06,삼성,이승민,2724622,,,4.0,209.6,4.0,13.0,1.0,0.0,0.0,4.0,0.0,0.0,711.3333333333334,5.200093720712277,3.7085285848172447,0.0,0.0,0.25,9.0,0.0,0.0,0.3076923076923077,0.0,1.708528584817245,0.0,0.0,,4.0
2026,2026-04-07,삼성,이승민,2724622,중계,,5.0,258.5,5.0,18.0,1.0,0.0,2.0,5.0,0.0,0.0,801.3333333333334,5.031613976705491,3.697587354409318,0.0,0.0,0.6,9.0,3.6,0.0,0.2777777777777778,0.1111111111111111,2.8975873544093176,0.0,0.0,,5.0
2026,2026-04-08,삼성,이승민,2724622,,,5.0,258.5,5.0,18.0,1.0,0.0,2.0,5.0,0.0,0.0,888.3333333333334,4.984615384615385,3.578611632270169,0.0,0.0,0.6,9.0,3.6,0.0,0.2777777777777778,0.1111111111111111,2.7786116322701693,0.0,0.0,,5.0
2026,2026-04-09,삼성,이승민,2724622,,,5.0,258.5,5.0,18.0,1.0,0.0,2.0,5.0,0.0,0.0,888.3333333333334,4.984615384615385,3.578611632270169,0.0,0.0,0.6,9.0,3.6,0.0,0.2777777777777778,0.1111111111111111,2.7786116322701693,0.0,0.0,,5.0
2026,2026-04-10,삼성,이승민,2724622,중계,홀드,6.0,305.4,5.1,20.0,1.0,0.0,3.0,5.0,0.0,0.0,980.3333333333334,4.966678000680041,3.5651139068344104,0.0,0.0,0.75,8.4375,5.0625,0.0,0.25,0.15,3.3776139068344104,0.0,0.0,,5.333333333333333
2026,2026-04-11,삼성,이승민,2724622,,,6.0,305.4,5.1,20.0,1.0,0.0,3.0,5.0,0.0,0.0,1069.3333333333333,4.864713216957607,3.6013092269326688,0.0,0.0,0.75,8.4375,5.0625,0.0,0.25,0.15,3.4138092269326688,0.0,0.0,,5.333333333333333
2026,2026-04-12,삼성,이승민,2724622,중계,,7.0,354.3,7.0,27.0,1.0,0.0,5.0,6.0,1.0,1.0,1155.3333333333333,4.759665320253895,3.5600115406809003,1.2857142857142858,1.2857142857142858,0.8571428571428571,7.714285714285714,6.428571428571429,0.0,0.2222222222222222,0.1851851851851851,3.9885829692523287,385.8691360343911,25.915521782257127,,7.0
2026,2026-03-28,KIA,정해영,2765633,중계,,1.0,34.9,0.1,4.0,2.0,0.0,1.0,1.0,3.0,3.0,92.0,5.869565217391305,4.445652173913044,81.0,81.0,9.0,27.0,27.0,0.0,0.25,0.25,7.445652173913044,7.23725974208866,1381.7384419470925,,0.3333333333333333
2026,2026-03-29,KIA,정해영,2765633,,,1.0,34.9,0.1,4.0,2.0,0.0,1.0,1.0,3.0,3.0,180.0,6.0,4.011111111111111,81.0,81.0,9.0,27.0,27.0,0.0,0.25,0.25,7.011111111111111,7.398087736357296,1351.7006497308512,,0.3333333333333333
2026,2026-03-30,KIA,정해영,2765633,,,1.0,34.9,0.1,4.0,2.0,0.0,1.0,1.0,3.0,3.0,180.0,6.0,4.011111111111111,81.0,81.0,9.0,27.0,27.0,0.0,0.25,0.25,7.011111111111111,7.398087736357296,1351.7006497308512,,0.3333333333333333
2026,2026-03-31,KIA,정해영,2765633,,,1.0,34.9,0.1,4.0,2.0,0.0,1.0,1.0,3.0,3.0,272.0,5.525735294117647,3.871323529411765,81.0,81.0,9.0,27.0,27.0,0.0,0.25,0.25,6.8713235294117645,6.813312418961407,1467.7148771528605,,0.3333333333333333
2026,2026-04-01,KIA,정해영,2765633,,,1.0,34.9,0.1,4.0,2.0,0.0,1.0,1.0,3.0,3.0,359.3333333333333,5.760667903525047,4.043599257884972,81.0,81.0,9.0,27.0,27.0,0.0,0.25,0.25,7.043599257884972,7.102987761715958,1407.8582612655628,,0.3333333333333333
2026,2026-04-02,KIA,정해영,2765633,중계,,2.0,82.8,1.1,9.0,2.0,0.0,3.0,1.0,3.0,3.0,445.3333333333333,5.719311377245509,4.077844311377246,20.25,20.25,3.75,6.75,20.25,0.0,0.1111111111111111,0.3333333333333333,9.327844311377245,28.207978240272507,354.5096325167682,,1.3333333333333333
2026,2026-04-03,KIA,정해영,2765633,,,2.0,82.8,1.1,9.0,2.0,0.0,3.0,1.0,3.0,3.0,534.3333333333334,5.592014971927635,3.980661260137242,20.25,20.25,3.75,6.75,20.25,0.0,0.1111111111111111,0.3333333333333333,9.230661260137245,27.58014492356282,362.57967562224815,,1.3333333333333333
2026,2026-04-04,KIA,정해영,2765633,,,2.0,82.8,1.1,9.0,2.0,0.0,3.0,1.0,3.0,3.0,624.3333333333334,5.477843032568073,3.8873465029364658,20.25,20.25,3.75,6.75,20.25,0.0,0.1111111111111111,0.3333333333333333,9.137346502936468,27.01704224062141,370.1367422435503,,1.3333333333333333
2026,2026-04-05,KIA,정해영,2765633,중계,세,3.0,134.7,2.1,12.0,2.0,0.0,3.0,1.0,3.0,3.0,711.3333333333334,5.200093720712277,3.7085285848172447,11.571428571428571,11.571428571428571,2.142857142857143,3.8571428571428568,11.571428571428571,0.0,0.0833333333333333,0.25,6.708528584817245,44.88254118029509,222.80378376593185,,2.333333333333333
2026,2026-04-06,KIA,정해영,2765633,,,3.0,134.7,2.1,12.0,2.0,0.0,3.0,1.0,3.0,3.0,711.3333333333334,5.200093720712277,3.7085285848172447,11.571428571428571,11.571428571428571,2.142857142857143,3.8571428571428568,11.571428571428571,0.0,0.0833333333333333,0.25,6.708528584817245,44.88254118029509,222.80378376593185,,2.333333333333333
2026,2026-04-07,KIA,정해영,2765633,,,3.0,134.7,2.1,12.0,2.0,0.0,3.0,1.0,3.0,3.0,801.3333333333334,5.031613976705491,3.697587354409318,11.571428571428571,11.571428571428571,2.142857142857143,3.8571428571428568,11.571428571428571,0.0,0.0833333333333333,0.25,6.697587354409318,43.42837526434033,230.26419798419545,,2.333333333333333
2026,2026-04-08,KIA,정해영,2765633,,,3.0,134.7,2.1,12.0,2.0,0.0,3.0,1.0,3.0,3.0,888.3333333333334,4.984615384615385,3.578611632270169,11.571428571428571,11.571428571428571,2.142857142857143,3.8571428571428568,11.571428571428571,0.0,0.0833333333333333,0.25,6.578611632270169,43.02272560527782,232.43529691138977,,2.333333333333333
2026,2026-04-09,KIA,정해영,2765633,,,3.0,134.7,2.1,12.0,2.0,0.0,3.0,1.0,3.0,3.0,888.3333333333334,4.984615384615385,3.578611632270169,11.571428571428571,11.571428571428571,2.142857142857143,3.8571428571428568,11.571428571428571,0.0,0.0833333333333333,0.25,6.578611632270169,43.02272560527782,232.43529691138977,,2.333333333333333
2026,2026-04-10,KIA,정해영,2765633,중계,,4.0,169.6,2.2,15.0,3.0,1.0,4.0,1.0,5.0,5.0,980.3333333333334,4.966678000680041,3.5651139068344104,16.875,16.875,2.625,3.375,13.5,3.375,0.0666666666666666,0.2666666666666666,12.19011390683441,29.395135685813266,340.19234021859666,,2.6666666666666665
2026,2026-04-11,KIA,정해영,2765633,,,4.0,169.6,2.2,15.0,3.0,1.0,4.0,1.0,5.0,5.0,1069.3333333333333,4.864713216957607,3.6013092269326688,16.875,16.875,2.625,3.375,13.5,3.375,0.0666666666666666,0.2666666666666666,12.226309226932669,28.791660153015457,347.3227992708389,,2.6666666666666665
2026,2026-04-12,KIA,정해영,2765633,,,4.0,169.6,2.2,15.0,3.0,1.0,4.0,1.0,5.0,5.0,1155.3333333333333,4.759665320253895,3.5600115406809003,16.875,16.875,2.625,3.375,13.5,3.375,0.0666666666666666,0.2666666666666666,12.1850115406809,28.169937307948373,354.9883654578961,,2.6666666666666665
2026,2026-03-28,롯데,최준용,2790445,중계,,1.0,48.9,1.0,5.0,0.0,0.0,2.0,1.0,0.0,0.0,92.0,5.869565217391305,4.445652173913044,0.0,0.0,2.0,9.0,18.0,0.0,0.2,0.4,8.445652173913043,0.0,0.0,,1.0
2026,2026-03-29,롯데,최준용,2790445,,,1.0,48.9,1.0,5.0,0.0,0.0,2.0,1.0,0.0,0.0,180.0,6.0,4.011111111111111,0.0,0.0,2.0,9.0,18.0,0.0,0.2,0.4,8.011111111111111,0.0,0.0,,1.0
2026,2026-03-30,롯데,최준용,2790445,,,1.0,48.9,1.0,5.0,0.0,0.0,2.0,1.0,0.0,0.0,180.0,6.0,4.011111111111111,0.0,0.0,2.0,9.0,18.0,0.0,0.2,0.4,8.011111111111111,0.0,0.0,,1.0
2026,2026-03-31,롯데,최준용,2790445,,,1.0,48.9,1.0,5.0,0.0,0.0,2.0,1.0,0.0,0.0,272.0,5.525735294117647,3.871323529411765,0.0,0.0,2.0,9.0,18.0,0.0,0.2,0.4,7.871323529411764,0.0,0.0,,1.0
2026,2026-04-01,롯데,최준용,2790445,중계,홀드,2.0,99.8,2.0,9.0,1.0,0.0,2.0,2.0,0.0,0.0,359.3333333333333,5.760667903525047,4.043599257884972,0.0,0.0,1.5,9.0,9.0,0.0,0.2222222222222222,0.2222222222222222,5.043599257884972,0.0,0.0,,2.0
2026,2026-04-02,롯데,최준용,2790445,,,2.0,99.8,2.0,9.0,1.0,0.0,2.0,2.0,0.0,0.0,445.3333333333333,5.719311377245509,4.077844311377246,0.0,0.0,1.5,9.0,9.0,0.0,0.2222222222222222,0.2222222222222222,5.077844311377246,0.0,0.0,,2.0
2026,2026-04-03,롯데,최준용,2790445,,,2.0,99.8,2.0,9.0,1.0,0.0,2.0,2.0,0.0,0.0,534.3333333333334,5.592014971927635,3.980661260137242,0.0,0.0,1.5,9.0,9.0,0.0,0.2222222222222222,0.2222222222222222,4.980661260137242,0.0,0.0,,2.0
2026,2026-04-04,롯데,최준용,2790445,중계,,3.0,152.7,3.0,12.0,1.0,0.0,2.0,3.0,0.0,0.0,624.3333333333334,5.477843032568073,3.8873465029364658,0.0,0.0,1.0,9.0,6.0,0.0,0.25,0.1666666666666666,3.8873465029364658,0.0,0.0,,3.0
2026,2026-04-05,롯데,최준용,2790445,중계,패,4.0,196.6,4.0,18.0,2.0,0.0,4.0,4.0,1.0,1.0,711.3333333333334,5.200093720712277,3.7085285848172447,2.25,2.25,1.5,9.0,9.0,0.0,0.2222222222222222,0.2222222222222222,4.708528584817245,242.97234943129575,41.15694655546662,,4.0
2026,2026-04-06,롯데,최준용,2790445,,,4.0,196.6,4.0,18.0,2.0,0.0,4.0,4.0,1.0,1.0,711.3333333333334,5.200093720712277,3.7085285848172447,2.25,2.25,1.5,9.0,9.0,0.0,0.2222222222222222,0.2222222222222222,4.708528584817245,242.97234943129575,41.15694655546662,,4.0
2026,2026-04-07,롯데,최준용,2790445,,,4.0,196.6,4.0,18.0,2.0,0.0,4.0,4.0,1.0,1.0,801.3333333333334,5.031613976705491,3.697587354409318,2.25,2.25,1.5,9.0,9.0,0.0,0.2222222222222222,0.2222222222222222,4.697587354409318,235.10019915256865,42.5350554191172,,4.0
2026,2026-04-08,롯데,최준용,2790445,중계,,5.0,249.5,5.0,21.0,2.0,0.0,4.0,5.0,1.0,1.0,888.3333333333334,4.984615384615385,3.578611632270169,1.8,1.8,1.2,9.0,7.2,0.0,0.238095238095238,0.1904761904761904,3.978611632270169,291.13026035170424,34.3488855741734,,5.0
2026,2026-04-09,롯데,최준용,2790445,,,5.0,249.5,5.0,21.0,2.0,0.0,4.0,5.0,1.0,1.0,888.3333333333334,4.984615384615385,3.578611632270169,1.8,1.8,1.2,9.0,7.2,0.0,0.238095238095238,0.1904761904761904,3.978611632270169,291.13026035170424,34.3488855741734,,5.0
2026,2026-04-10,롯데,최준용,2790445,중계,세,6.0,301.4,6.0,24.0,2.0,0.0,4.0,5.0,1.0,1.0,980.3333333333334,4.966678000680041,3.5651139068344104,1.5,1.5,1.0,7.5,6.0,0.0,0.2083333333333333,0.1666666666666666,3.898447240167744,348.09913652729267,28.7274484497779,,6.0
2026,2026-04-11,롯데,최준용,2790445,중계,세,7.0,355.3,7.0,27.0,2.0,0.0,4.0,7.0,1.0,1.0,1069.3333333333333,4.864713216957607,3.6013092269326688,1.2857142857142858,1.2857142857142858,0.8571428571428571,9.0,5.142857142857143,0.0,0.2592592592592592,0.1481481481481481,3.315594941218383,397.7781960198187,25.13963837148521,,7.0
2026,2026-04-12,롯데,최준용,2790445,,,7.0,355.3,7.0,27.0,2.0,0.0,4.0,7.0,1.0,1.0,1155.3333333333333,4.759665320253895,3.5600115406809003,1.2857142857142858,1.2857142857142858,0.8571428571428571,9.0,5.142857142857143,0.0,0.2592592592592592,0.1481481481481481,3.2742972549666147,389.18863256912647,25.694481192802648,,7.0
2026,2026-03-28,LG,이정용,2795411,중계,,1.0,40.9,1.0,7.0,2.0,0.0,2.0,0.0,1.0,1.0,92.0,5.869565217391305,4.445652173913044,9.0,9.0,4.0,0.0,18.0,0.0,0.0,0.2857142857142857,10.445652173913045,62.18632973917651,160.8070462100313,,1.0
2026,2026-03-29,LG,이정용,2795411,,,1.0,40.9,1.0,7.0,2.0,0.0,2.0,0.0,1.0,1.0,180.0,6.0,4.011111111111111,9.0,9.0,4.0,0.0,18.0,0.0,0.0,0.2857142857142857,10.011111111111113,63.56824817782487,157.31124085763932,,1.0
2026,2026-03-30,LG,이정용,2795411,,,1.0,40.9,1.0,7.0,2.0,0.0,2.0,0.0,1.0,1.0,180.0,6.0,4.011111111111111,9.0,9.0,4.0,0.0,18.0,0.0,0.0,0.2857142857142857,10.011111111111113,63.56824817782487,157.31124085763932,,1.0
2026,2026-03-31,LG,이정용,2795411,중계,,2.0,90.3,3.0,17.0,4.0,0.0,4.0,1.0,1.0,1.0,272.0,5.525735294117647,3.871323529411765,3.0,3.0,2.6666666666666665,3.0,12.0,0.0,0.0588235294117647,0.2352941176470588,7.204656862745098,175.63065627071833,56.93766801500718,,3.0
2026,2026-04-01,LG,이정용,2795411,,,2.0,90.3,3.0,17.0,4.0,0.0,4.0,1.0,1.0,1.0,359.3333333333333,5.760667903525047,4.043599257884972,3.0,3.0,2.6666666666666665,3.0,12.0,0.0,0.0588235294117647,0.2352941176470588,7.376932591218306,183.09778348065512,54.61562565041391,,3.0
2026,2026-04-02,LG,이정용,2795411,,,2.0,90.3,3.0,17.0,4.0,0.0,4.0,1.0,1.0,1.0,445.3333333333333,5.719311377245509,4.077844311377246,3.0,3.0,2.6666666666666665,3.0,12.0,0.0,0.0588235294117647,0.2352941176470588,7.411177644710579,181.78330251749992,55.01055301290568,,3.0
2026,2026-04-03,LG,이정용,2795411,중계,,3.0,136.7,3.2,20.0,5.0,0.0,4.0,2.0,2.0,2.0,534.3333333333334,5.592014971927635,3.980661260137242,4.909090909090909,4.909090909090909,2.4545454545454546,4.909090909090909,9.818181818181818,0.0,0.1,0.2,6.1624794419554245,108.61723752904696,92.06641807038916,,3.6666666666666665
2026,2026-04-04,LG,이정용,2795411,,,3.0,136.7,3.2,20.0,5.0,0.0,4.0,2.0,2.0,2.0,624.3333333333334,5.477843032568073,3.8873465029364658,4.909090909090909,4.909090909090909,2.4545454545454546,4.909090909090909,9.818181818181818,0.0,0.1,0.2,6.069164684754648,106.39960386411155,93.98531232100748,,3.6666666666666665
2026,2026-04-05,LG,이정용,2795411,,,3.0,136.7,3.2,20.0,5.0,0.0,4.0,2.0,2.0,2.0,711.3333333333334,5.200093720712277,3.7085285848172447,4.909090909090909,4.909090909090909,2.4545454545454546,4.909090909090909,9.818181818181818,0.0,0.1,0.2,5.890346766635426,101.00470361244597,99.00529027212336,,3.6666666666666665
2026,2026-04-06,LG,이정용,2795411,,,3.0,136.7,3.2,20.0,5.0,0.0,4.0,2.0,2.0,2.0,711.3333333333334,5.200093720712277,3.7085285848172447,4.909090909090909,4.909090909090909,2.4545454545454546,4.909090909090909,9.818181818181818,0.0,0.1,0.2,5.890346766635426,101.00470361244597,99.00529027212336,,3.6666666666666665
2026,2026-04-07,LG,이정용,2795411,,,3.0,136.7,3.2,20.0,5.0,0.0,4.0,2.0,2.0,2.0,801.3333333333334,5.031613976705491,3.697587354409318,4.909090909090909,4.909090909090909,2.4545454545454546,4.909090909090909,9.818181818181818,0.0,0.1,0.2,5.8794055362275,97.73221516856934,102.32040666173296,,3.6666666666666665
2026,2026-04-08,LG,이정용,2795411,,,3.0,136.7,3.2,20.0,5.0,0.0,4.0,2.0,2.0,2.0,888.3333333333334,4.984615384615385,3.578611632270169,4.909090909090909,4.909090909090909,2.4545454545454546,4.909090909090909,9.818181818181818,0.0,0.1,0.2,5.760429814088351,96.81933184007173,103.2851581388541,,3.6666666666666665
2026,2026-04-09,LG,이정용,2795411,,,3.0,136.7,3.2,20.0,5.0,0.0,4.0,2.0,2.0,2.0,888.3333333333334,4.984615384615385,3.578611632270169,4.909090909090909,4.909090909090909,2.4545454545454546,4.909090909090909,9.818181818181818,0.0,0.1,0.2,5.760429814088351,96.81933184007173,103.2851581388541,,3.6666666666666665
2026,2026-04-10,LG,이정용,2795411,중계,,4.0,191.1,5.0,25.0,5.0,0.0,4.0,3.0,2.0,2.0,980.3333333333334,4.966678000680041,3.5651139068344104,3.6,3.6,1.8,5.4,7.2,0.0,0.12,0.16,4.765113906834411,131.55125823607162,76.01599660912997,,5.0
2026,2026-04-11,LG,이정용,2795411,,,4.0,191.1,5.0,25.0,5.0,0.0,4.0,3.0,2.0,2.0,1069.3333333333333,4.864713216957607,3.6013092269326688,3.6,3.6,1.8,5.4,7.2,0.0,0.12,0.16,4.801309226932669,128.8505404539608,77.60929806556047,,5.0
2026,2026-04-12,LG,이정용,2795411,중계,,5.0,234.0,6.0,31.0,8.0,0.0,4.0,3.0,3.0,3.0,1155.3333333333333,4.759665320253895,3.5600115406809003,4.5,4.5,2.0,4.5,6.0,0.0,0.0967741935483871,0.1290322580645161,4.5600115406809,100.85452877376196,99.1527115498414,,6.0
2026,2026-04-01,NC,신민혁,2797886,선발,,1.0,46.900000000000006,5.0,22.0,5.0,1.0,3.0,3.0,2.0,2.0,359.3333333333333,5.760667903525047,4.043599257884972,3.6,3.6,1.6,5.4,5.4,1.8,0.1363636363636363,0.1363636363636363,7.243599257884973,161.63955204098113,61.86604623517306,,5.0
2026,2026-04-02,NC,신민혁,2797886,,,1.0,46.900000000000006,5.0,22.0,5.0,1.0,3.0,3.0,2.0,2.0,445.3333333333333,5.719311377245509,4.077844311377246,3.6,3.6,1.6,5.4,5.4,1.8,0.1363636363636363,0.1363636363636363,7.277844311377246,160.47912229676604,62.31340162434026,,5.0
2026,2026-04-03,NC,신민혁,2797886,,,1.0,46.900000000000006,5.0,22.0,5.0,1.0,3.0,3.0,2.0,2.0,534.3333333333334,5.592014971927635,3.980661260137242,3.6,3.6,1.6,5.4,5.4,1.8,0.1363636363636363,0.1363636363636363,7.180661260137242,156.9072909958474,63.73190140835874,,5.0
2026,2026-04-04,NC,신민혁,2797886,,,1.0,46.900000000000006,5.0,22.0,5.0,1.0,3.0,3.0,2.0,2.0,624.3333333333334,5.477843032568073,3.8873465029364658,3.6,3.6,1.6,5.4,5.4,1.8,0.1363636363636363,0.1363636363636363,7.087346502936466,153.703721298237,65.06023351638073,,5.0
2026,2026-04-05,NC,신민혁,2797886,,,1.0,46.900000000000006,5.0,22.0,5.0,1.0,3.0,3.0,2.0,2.0,711.3333333333334,5.200093720712277,3.7085285848172447,3.6,3.6,1.6,5.4,5.4,1.8,0.1363636363636363,0.1363636363636363,6.908528584817245,145.91030652412903,68.53525455617017,,5.0
2026,2026-04-06,NC,신민혁,2797886,,,1.0,46.900000000000006,5.0,22.0,5.0,1.0,3.0,3.0,2.0,2.0,711.3333333333334,5.200093720712277,3.7085285848172447,3.6,3.6,1.6,5.4,5.4,1.8,0.1363636363636363,0.1363636363636363,6.908528584817245,145.91030652412903,68.53525455617017,,5.0
2026,2026-04-07,NC,신민혁,2797886,,,1.0,46.900000000000006,5.0,22.0,5.0,1.0,3.0,3.0,2.0,2.0,801.3333333333334,5.031613976705491,3.697587354409318,3.6,3.6,1.6,5.4,5.4,1.8,0.1363636363636363,0.1363636363636363,6.897587354409318,141.18290497880267,70.830105114365,,5.0
2026,2026-04-08,NC,신민혁,2797886,선발,,2.0,108.8,10.0,42.0,10.0,1.0,4.0,7.0,2.0,2.0,888.3333333333334,4.984615384615385,3.578611632270169,1.8,1.8,1.4,6.3,3.6,0.9,0.1666666666666666,0.0952380952380952,4.678611632270169,279.728327117342,35.74897152194795,,10.0
2026,2026-04-09,NC,신민혁,2797886,,,2.0,108.8,10.0,42.0,10.0,1.0,4.0,7.0,2.0,2.0,888.3333333333334,4.984615384615385,3.578611632270169,1.8,1.8,1.4,6.3,3.6,0.9,0.1666666666666666,0.0952380952380952,4.678611632270169,279.728327117342,35.74897152194795,,10.0
2026,2026-04-10,NC,신민혁,2797886,,,2.0,108.8,10.0,42.0,10.0,1.0,4.0,7.0,2.0,2.0,980.3333333333334,4.966678000680041,3.5651139068344104,1.8,1.8,1.4,6.3,3.6,0.9,0.1666666666666666,0.0952380952380952,4.66511390683441,278.7217109566285,35.87808056171156,,10.0
2026,2026-04-11,NC,신민혁,2797886,,,2.0,108.8,10.0,42.0,10.0,1.0,4.0,7.0,2.0,2.0,1069.3333333333333,4.864713216957607,3.6013092269326688,1.8,1.8,1.4,6.3,3.6,0.9,0.1666666666666666,0.0952380952380952,4.701309226932668,272.9996168380752,36.63008804122725,,10.0
2026,2026-04-12,NC,신민혁,2797886,,,2.0,108.8,10.0,42.0,10.0,1.0,4.0,7.0,2.0,2.0,1155.3333333333333,4.759665320253895,3.5600115406809003,1.8,1.8,1.4,6.3,3.6,0.9,0.1666666666666666,0.0952380952380952,4.6600115406809,267.1045035455193,37.438530115595086,,10.0
2026,2026-04-02,롯데,김강현,2828124,중계,,1.0,42.9,1.2,8.0,2.0,0.0,2.0,2.0,2.0,2.0,445.3333333333333,5.719311377245509,4.077844311377246,10.8,10.8,2.4,10.8,10.8,0.0,0.25,0.25,5.277844311377246,55.67345661977711,179.6188095216574,,1.6666666666666667
2026,2026-04-03,롯데,김강현,2828124,,,1.0,42.9,1.2,8.0,2.0,0.0,2.0,2.0,2.0,2.0,534.3333333333334,5.592014971927635,3.980661260137242,10.8,10.8,2.4,10.8,10.8,0.0,0.25,0.25,5.180661260137242,54.43431602541916,183.7076449225578,,1.6666666666666667
2026,2026-04-04,롯데,김강현,2828124,,,1.0,42.9,1.2,8.0,2.0,0.0,2.0,2.0,2.0,2.0,624.3333333333334,5.477843032568073,3.8873465029364658,10.8,10.8,2.4,10.8,10.8,0.0,0.25,0.25,5.087346502936466,53.322932837152926,187.5365713761428,,1.6666666666666667
2026,2026-04-05,롯데,김강현,2828124,,,1.0,42.9,1.2,8.0,2.0,0.0,2.0,2.0,2.0,2.0,711.3333333333334,5.200093720712277,3.7085285848172447,10.8,10.8,2.4,10.8,10.8,0.0,0.25,0.25,4.908528584817245,50.619239464853294,197.5533434662397,,1.6666666666666667
2026,2026-04-06,롯데,김강현,2828124,,,1.0,42.9,1.2,8.0,2.0,0.0,2.0,2.0,2.0,2.0,711.3333333333334,5.200093720712277,3.7085285848172447,10.8,10.8,2.4,10.8,10.8,0.0,0.25,0.25,4.908528584817245,50.619239464853294,197.5533434662397,,1.6666666666666667
2026,2026-04-07,롯데,김강현,2828124,,,1.0,42.9,1.2,8.0,2.0,0.0,2.0,2.0,2.0,2.0,801.3333333333334,5.031613976705491,3.697587354409318,10.8,10.8,2.4,10.8,10.8,0.0,0.25,0.25,4.897587354409318,48.97920815678515,204.1682660117625,,1.6666666666666667
2026,2026-04-08,롯데,김강현,2828124,,,1.0,42.9,1.2,8.0,2.0,0.0,2.0,2.0,2.0,2.0,888.3333333333334,4.984615384615385,3.578611632270169,10.8,10.8,2.4,10.8,10.8,0.0,0.25,0.25,4.778611632270169,48.52171005861738,206.0933134450404,,1.6666666666666667
2026,2026-04-09,롯데,김강현,2828124,,,1.0,42.9,1.2,8.0,2.0,0.0,2.0,2.0,2.0,2.0,888.3333333333334,4.984615384615385,3.578611632270169,10.8,10.8,2.4,10.8,10.8,0.0,0.25,0.25,4.778611632270169,48.52171005861738,206.0933134450404,,1.6666666666666667
2026,2026-04-10,롯데,김강현,2828124,,,1.0,42.9,1.2,8.0,2.0,0.0,2.0,2.0,2.0,2.0,980.3333333333334,4.966678000680041,3.5651139068344104,10.8,10.8,2.4,10.8,10.8,0.0,0.25,0.25,4.765113906834411,48.347102295457326,206.83762883840083,,1.6666666666666667
2026,2026-04-11,롯데,김강현,2828124,,,1.0,42.9,1.2,8.0,2.0,0.0,2.0,2.0,2.0,2.0,1069.3333333333333,4.864713216957607,3.6013092269326688,10.8,10.8,2.4,10.8,10.8,0.0,0.25,0.25,4.801309226932669,47.35454714521652,211.17296232047576,,1.6666666666666667
2026,2026-04-12,롯데,김강현,2828124,,,1.0,42.9,1.2,8.0,2.0,0.0,2.0,2.0,2.0,2.0,1155.3333333333333,4.759665320253895,3.5600115406809003,10.8,10.8,2.4,10.8,10.8,0.0,0.25,0.25,4.7600115406809005,46.33198006775316,215.83364201954225,,1.6666666666666667
2026,2026-04-02,KT,오원석,2828629,선발,승,1.0,70.4,6.0,22.0,4.0,0.0,0.0,7.0,1.0,1.0,445.3333333333333,5.719311377245509,4.077844311377246,1.5,1.5,0.6666666666666666,10.5,0.0,0.0,0.3181818181818182,0.0,1.744510978043912,392.58129459436105,25.47243115679419,,6.0
2026,2026-04-03,KT,오원석,2828629,,,1.0,70.4,6.0,22.0,4.0,0.0,0.0,7.0,1.0,1.0,534.3333333333334,5.592014971927635,3.980661260137242,1.5,1.5,0.6666666666666666,10.5,0.0,0.0,0.3181818181818182,0.0,1.6473279268039085,383.84349657977424,26.0522845615588,,6.0
2026,2026-04-04,KT,오원석,2828629,,,1.0,70.4,6.0,22.0,4.0,0.0,0.0,7.0,1.0,1.0,624.3333333333334,5.477843032568073,3.8873465029364658,1.5,1.5,0.6666666666666666,10.5,0.0,0.0,0.3181818181818182,0.0,1.5540131696031323,376.0065797197392,26.59527928328705,,6.0
2026,2026-04-05,KT,오원석,2828629,,,1.0,70.4,6.0,22.0,4.0,0.0,0.0,7.0,1.0,1.0,711.3333333333334,5.200093720712277,3.7085285848172447,1.5,1.5,0.6666666666666666,10.5,0.0,0.0,0.3181818181818182,0.0,1.3751952514839112,356.94149002120355,28.01579608861376,,6.0
2026,2026-04-06,KT,오원석,2828629,,,1.0,70.4,6.0,22.0,4.0,0.0,0.0,7.0,1.0,1.0,711.3333333333334,5.200093720712277,3.7085285848172447,1.5,1.5,0.6666666666666666,10.5,0.0,0.0,0.3181818181818182,0.0,1.3751952514839112,356.94149002120355,28.01579608861376,,6.0
2026,2026-04-07,KT,오원석,2828629,,,1.0,70.4,6.0,22.0,4.0,0.0,0.0,7.0,1.0,1.0,801.3333333333334,5.031613976705491,3.697587354409318,1.5,1.5,0.6666666666666666,10.5,0.0,0.0,0.3181818181818182,0.0,1.3642540210759844,345.376811749225,28.953883583999584,,6.0
2026,2026-04-08,KT,오원석,2828629,선발,패,2.0,117.8,10.0,42.0,10.0,0.0,1.0,12.0,4.0,2.0,888.3333333333334,4.984615384615385,3.578611632270169,1.8,3.6,1.1,10.8,0.9,0.0,0.2857142857142857,0.0238095238095238,1.478611632270169,285.1256371720937,35.07225831805607,,10.0
2026,2026-04-09,KT,오원석,2828629,,,2.0,117.8,10.0,42.0,10.0,0.0,1.0,12.0,4.0,2.0,888.3333333333334,4.984615384615385,3.578611632270169,1.8,3.6,1.1,10.8,0.9,0.0,0.2857142857142857,0.0238095238095238,1.478611632270169,285.1256371720937,35.07225831805607,,10.0
2026,2026-04-10,KT,오원석,2828629,,,2.0,117.8,10.0,42.0,10.0,0.0,1.0,12.0,4.0,2.0,980.3333333333334,4.966678000680041,3.5651139068344104,1.8,3.6,1.1,10.8,0.9,0.0,0.2857142857142857,0.0238095238095238,1.4651139068344103,284.09959852535064,35.198923377245414,,10.0
2026,2026-04-11,KT,오원석,2828629,,,2.0,117.8,10.0,42.0,10.0,0.0,1.0,12.0,4.0,2.0,1069.3333333333333,4.864713216957607,3.6013092269326688,1.8,3.6,1.1,10.8,0.9,0.0,0.2857142857142857,0.0238095238095238,1.5013092269326689,278.2670975830102,35.93669566707177,,10.0
2026,2026-04-12,KT,오원석,2828629,,,2.0,117.8,10.0,42.0,10.0,0.0,1.0,12.0,4.0,2.0,1155.3333333333333,4.759665320253895,3.5600115406809003,1.8,3.6,1.1,10.8,0.9,0.0,0.2857142857142857,0.0238095238095238,1.4600115406809002,272.2582390914047,36.72983426827617,,10.0
2026,2026-03-29,SSG,김건우,2851319,선발,승,1.0,51.900000000000006,5.0,22.0,5.0,0.0,3.0,4.0,2.0,2.0,180.0,6.0,4.011111111111111,3.6,3.6,1.6,7.2,5.4,0.0,0.1818181818181818,0.1363636363636363,4.211111111111111,171.43388534690618,58.33152518105994,,5.0
2026,2026-03-30,SSG,김건우,2851319,,,1.0,51.900000000000006,5.0,22.0,5.0,0.0,3.0,4.0,2.0,2.0,180.0,6.0,4.011111111111111,3.6,3.6,1.6,7.2,5.4,0.0,0.1818181818181818,0.1363636363636363,4.211111111111111,171.43388534690618,58.33152518105994,,5.0
2026,2026-03-31,SSG,김건우,2851319,,,1.0,51.900000000000006,5.0,22.0,5.0,0.0,3.0,4.0,2.0,2.0,272.0,5.525735294117647,3.871323529411765,3.6,3.6,1.6,7.2,5.4,0.0,0.1818181818181818,0.1363636363636363,4.071323529411765,157.88304514485293,63.33802335029263,,5.0
2026,2026-04-01,SSG,김건우,2851319,,,1.0,51.900000000000006,5.0,22.0,5.0,0.0,3.0,4.0,2.0,2.0,359.3333333333333,5.760667903525047,4.043599257884972,3.6,3.6,1.6,7.2,5.4,0.0,0.1818181818181818,0.1363636363636363,4.243599257884973,164.5956134824192,60.75496052674648,,5.0
2026,2026-04-02,SSG,김건우,2851319,,,1.0,51.900000000000006,5.0,22.0,5.0,0.0,3.0,4.0,2.0,2.0,445.3333333333333,5.719311377245509,4.077844311377246,3.6,3.6,1.6,7.2,5.4,0.0,0.1818181818181818,0.1363636363636363,4.277844311377246,163.4139618183271,61.1942816190782,,5.0
2026,2026-04-03,SSG,김건우,2851319,,,1.0,51.900000000000006,5.0,22.0,5.0,0.0,3.0,4.0,2.0,2.0,534.3333333333334,5.592014971927635,3.980661260137242,3.6,3.6,1.6,7.2,5.4,0.0,0.1818181818181818,0.1363636363636363,4.180661260137242,159.7768089259375,62.58730580002616,,5.0
2026,2026-04-04,SSG,김건우,2851319,선발,,2.0,77.30000000000001,6.1,31.0,8.0,1.0,6.0,4.0,6.0,6.0,624.3333333333334,5.477843032568073,3.8873465029364658,8.526315789473685,8.526315789473685,2.210526315789474,5.684210526315789,8.526315789473685,1.4210526315789471,0.1290322580645161,0.1935483870967742,7.518925450304887,66.08396434621797,151.32264080903778,,6.333333333333333
2026,2026-04-05,SSG,김건우,2851319,,,2.0,77.30000000000001,6.1,31.0,8.0,1.0,6.0,4.0,6.0,6.0,711.3333333333334,5.200093720712277,3.7085285848172447,8.526315789473685,8.526315789473685,2.210526315789474,5.684210526315789,8.526315789473685,1.4210526315789471,0.1290322580645161,0.1935483870967742,7.340107532185666,62.73323386476055,159.40514116581113,,6.333333333333333
2026,2026-04-06,SSG,김건우,2851319,,,2.0,77.30000000000001,6.1,31.0,8.0,1.0,6.0,4.0,6.0,6.0,711.3333333333334,5.200093720712277,3.7085285848172447,8.526315789473685,8.526315789473685,2.210526315789474,5.684210526315789,8.526315789473685,1.4210526315789471,0.1290322580645161,0.1935483870967742,7.340107532185666,62.73323386476055,159.40514116581113,,6.333333333333333
2026,2026-04-07,SSG,김건우,2851319,,,2.0,77.30000000000001,6.1,31.0,8.0,1.0,6.0,4.0,6.0,6.0,801.3333333333334,5.031613976705491,3.697587354409318,8.526315789473685,8.526315789473685,2.210526315789474,5.684210526315789,8.526315789473685,1.4210526315789471,0.1290322580645161,0.1935483870967742,7.3291663017777395,60.70071680835546,164.74270034688453,,6.333333333333333
2026,2026-04-08,SSG,김건우,2851319,,,2.0,77.30000000000001,6.1,31.0,8.0,1.0,6.0,4.0,6.0,6.0,888.3333333333334,4.984615384615385,3.578611632270169,8.526315789473685,8.526315789473685,2.210526315789474,5.684210526315789,8.526315789473685,1.4210526315789471,0.1290322580645161,0.1935483870967742,7.21019057963859,60.13373209091478,166.29601477056562,,6.333333333333333
2026,2026-04-09,SSG,김건우,2851319,,,2.0,77.30000000000001,6.1,31.0,8.0,1.0,6.0,4.0,6.0,6.0,888.3333333333334,4.984615384615385,3.578611632270169,8.526315789473685,8.526315789473685,2.210526315789474,5.684210526315789,8.526315789473685,1.4210526315789471,0.1290322580645161,0.1935483870967742,7.21019057963859,60.13373209091478,166.29601477056562,,6.333333333333333
2026,2026-04-10,SSG,김건우,2851319,,,2.0,77.30000000000001,6.1,31.0,8.0,1.0,6.0,4.0,6.0,6.0,980.3333333333334,4.966678000680041,3.5651139068344104,8.526315789473685,8.526315789473685,2.210526315789474,5.684210526315789,8.526315789473685,1.4210526315789471,0.1290322580645161,0.1935483870967742,7.196692854202832,59.91733789462253,166.89660040616528,,6.333333333333333
2026,2026-04-11,SSG,김건우,2851319,선발,,3.0,139.70000000000002,12.1,55.0,12.0,1.0,9.0,9.0,7.0,7.0,1069.3333333333333,4.864713216957607,3.6013092269326688,5.108108108108108,5.108108108108108,1.7027027027027026,6.567567567567568,6.567567567567568,0.7297297297297297,0.1636363636363636,0.1636363636363636,5.385093010716453,97.95916651306383,102.083351216207,,12.333333333333334
2026,2026-04-12,SSG,김건우,2851319,,,3.0,139.70000000000002,12.1,55.0,12.0,1.0,9.0,9.0,7.0,7.0,1155.3333333333333,4.759665320253895,3.5600115406809003,5.108108108108108,5.108108108108108,1.7027027027027026,6.567567567567568,6.567567567567568,0.7297297297297297,0.1636363636363636,0.1636363636363636,5.3437953244646845,95.84385077992356,104.33637545471726,,12.333333333333334
2026,2026-03-29,KIA,이의리,2851449,선발,패,1.0,31.4,2.0,13.0,4.0,0.0,3.0,1.0,4.0,4.0,180.0,6.0,4.011111111111111,18.0,18.0,3.5,4.5,13.5,0.0,0.0769230769230769,0.2307692307692307,7.511111111111111,33.29139481360783,300.3779221624114,,2.0
2026,2026-03-30,KIA,이의리,2851449,,,1.0,31.4,2.0,13.0,4.0,0.0,3.0,1.0,4.0,4.0,180.0,6.0,4.011111111111111,18.0,18.0,3.5,4.5,13.5,0.0,0.0769230769230769,0.2307692307692307,7.511111111111111,33.29139481360783,300.3779221624114,,2.0
2026,2026-03-31,KIA,이의리,2851449,,,1.0,31.4,2.0,13.0,4.0,0.0,3.0,1.0,4.0,4.0,272.0,5.525735294117647,3.871323529411765,18.0,18.0,3.5,4.5,13.5,0.0,0.0769230769230769,0.2307692307692307,7.371323529411764,30.65990588532633,326.1588615895246,,2.0
2026,2026-04-01,KIA,이의리,2851449,,,1.0,31.4,2.0,13.0,4.0,0.0,3.0,1.0,4.0,4.0,359.3333333333333,5.760667903525047,4.043599257884972,18.0,18.0,3.5,4.5,13.5,0.0,0.0769230769230769,0.2307692307692307,7.543599257884972,31.96344492772181,312.8573913923473,,2.0
2026,2026-04-02,KIA,이의리,2851449,,,1.0,31.4,2.0,13.0,4.0,0.0,3.0,1.0,4.0,4.0,445.3333333333333,5.719311377245509,4.077844311377246,18.0,18.0,3.5,4.5,13.5,0.0,0.0769230769230769,0.2307692307692307,7.577844311377246,31.73397552030657,315.11967334823845,,2.0
2026,2026-04-03,KIA,이의리,2851449,,,1.0,31.4,2.0,13.0,4.0,0.0,3.0,1.0,4.0,4.0,534.3333333333334,5.592014971927635,3.980661260137242,18.0,18.0,3.5,4.5,13.5,0.0,0.0769230769230769,0.2307692307692307,7.480661260137242,31.02766303900817,322.29304499755386,,2.0
2026,2026-04-04,KIA,이의리,2851449,선발,패,2.0,58.80000000000001,4.2,31.0,8.0,2.0,9.0,6.0,7.0,7.0,624.3333333333334,5.477843032568073,3.8873465029364658,13.5,13.5,3.642857142857143,11.571428571428571,17.357142857142858,3.8571428571428568,0.1935483870967742,0.2903225806451613,12.673060788650751,40.525563360932125,246.75782816236688,,4.666666666666667
2026,2026-04-05,KIA,이의리,2851449,,,2.0,58.80000000000001,4.2,31.0,8.0,2.0,9.0,6.0,7.0,7.0,711.3333333333334,5.200093720712277,3.7085285848172447,13.5,13.5,3.642857142857143,11.571428571428571,17.357142857142858,3.8571428571428568,0.1935483870967742,0.2903225806451613,12.49424287053153,38.47074958311008,259.93774772692046,,4.666666666666667
2026,2026-04-06,KIA,이의리,2851449,,,2.0,58.80000000000001,4.2,31.0,8.0,2.0,9.0,6.0,7.0,7.0,711.3333333333334,5.200093720712277,3.7085285848172447,13.5,13.5,3.642857142857143,11.571428571428571,17.357142857142858,3.8571428571428568,0.1935483870967742,0.2903225806451613,12.49424287053153,38.47074958311008,259.93774772692046,,4.666666666666667
2026,2026-04-07,KIA,이의리,2851449,,,2.0,58.80000000000001,4.2,31.0,8.0,2.0,9.0,6.0,7.0,7.0,801.3333333333334,5.031613976705491,3.697587354409318,13.5,13.5,3.642857142857143,11.571428571428571,17.357142857142858,3.8571428571428568,0.1935483870967742,0.2903225806451613,12.483301640123605,37.22432165514886,268.64156431489465,,4.666666666666667
2026,2026-04-08,KIA,이의리,2851449,,,2.0,58.80000000000001,4.2,31.0,8.0,2.0,9.0,6.0,7.0,7.0,888.3333333333334,4.984615384615385,3.578611632270169,13.5,13.5,3.642857142857143,11.571428571428571,17.357142857142858,3.8571428571428568,0.1935483870967742,0.2903225806451613,12.364325917984454,36.87662194738099,271.17451306328803,,4.666666666666667
2026,2026-04-09,KIA,이의리,2851449,,,2.0,58.80000000000001,4.2,31.0,8.0,2.0,9.0,6.0,7.0,7.0,888.3333333333334,4.984615384615385,3.578611632270169,13.5,13.5,3.642857142857143,11.571428571428571,17.357142857142858,3.8571428571428568,0.1935483870967742,0.2903225806451613,12.364325917984454,36.87662194738099,271.17451306328803,,4.666666666666667
2026,2026-04-10,KIA,이의리,2851449,,,2.0,58.80000000000001,4.2,31.0,8.0,2.0,9.0,6.0,7.0,7.0,980.3333333333334,4.966678000680041,3.5651139068344104,13.5,13.5,3.642857142857143,11.571428571428571,17.357142857142858,3.8571428571428568,0.1935483870967742,0.2903225806451613,12.350828192548695,36.74391960726659,272.15387217487734,,4.666666666666667
2026,2026-04-11,KIA,이의리,2851449,선발,,3.0,98.20000000000002,8.2,49.0,13.0,3.0,10.0,8.0,11.0,11.0,1069.3333333333333,4.864713216957607,3.6013092269326688,11.423076923076923,11.423076923076923,2.653846153846154,8.307692307692308,10.384615384615383,3.1153846153846154,0.1632653061224489,0.2040816326530612,9.716693842317284,42.53313431695465,235.1108179679525,,8.666666666666666
2026,2026-04-12,KIA,이의리,2851449,,,3.0,98.20000000000002,8.2,49.0,13.0,3.0,10.0,8.0,11.0,11.0,1155.3333333333333,4.759665320253895,3.5600115406809003,11.423076923076923,11.423076923076923,2.653846153846154,8.307692307692308,10.384615384615383,3.1153846153846154,0.1632653061224489,0.2040816326530612,9.675396156065515,41.61468011401465,240.29981661765277,,8.666666666666666
2026,2026-04-02,삼성,이승현,2851752,선발,,1.0,61.900000000000006,5.0,20.0,2.0,0.0,3.0,5.0,1.0,1.0,445.3333333333333,5.719311377245509,4.077844311377246,1.8,1.8,1.0,9.0,5.4,0.0,0.25,0.15,3.877844311377245,331.1916146796378,30.19400116658454,,5.0
2026,2026-04-03,삼성,이승현,2851752,,,1.0,61.900000000000006,5.0,20.0,2.0,0.0,3.0,5.0,1.0,1.0,534.3333333333334,5.592014971927635,3.980661260137242,1.8,1.8,1.0,9.0,5.4,0.0,0.25,0.15,3.780661260137242,323.8201849323655,30.8813362023391,,5.0
2026,2026-04-04,삼성,이승현,2851752,,,1.0,61.900000000000006,5.0,20.0,2.0,0.0,3.0,5.0,1.0,1.0,624.3333333333334,5.477843032568073,3.8873465029364658,1.8,1.8,1.0,9.0,5.4,0.0,0.25,0.15,3.6873465029364656,317.2087615540129,31.52498042932287,,5.0
2026,2026-04-05,삼성,이승현,2851752,,,1.0,61.900000000000006,5.0,20.0,2.0,0.0,3.0,5.0,1.0,1.0,711.3333333333334,5.200093720712277,3.7085285848172447,1.8,1.8,1.0,9.0,5.4,0.0,0.25,0.15,3.5085285848172445,301.12496457179964,33.208804239196915,,5.0
2026,2026-04-06,삼성,이승현,2851752,,,1.0,61.900000000000006,5.0,20.0,2.0,0.0,3.0,5.0,1.0,1.0,711.3333333333334,5.200093720712277,3.7085285848172447,1.8,1.8,1.0,9.0,5.4,0.0,0.25,0.15,3.5085285848172445,301.12496457179964,33.208804239196915,,5.0
2026,2026-04-07,삼성,이승현,2851752,,,1.0,61.900000000000006,5.0,20.0,2.0,0.0,3.0,5.0,1.0,1.0,801.3333333333334,5.031613976705491,3.697587354409318,1.8,1.8,1.0,9.0,5.4,0.0,0.25,0.15,3.4975873544093177,291.36870638302213,34.32077563900902,,5.0
2026,2026-04-08,삼성,이승현,2851752,선발,패,2.0,39.3,7.2,47.0,13.0,2.0,11.0,5.0,13.0,13.0,888.3333333333334,4.984615384615385,3.578611632270169,15.26086956521739,15.26086956521739,3.130434782608696,5.869565217391304,12.91304347826087,2.347826086956521,0.1063829787234042,0.2340425531914893,9.969915980096255,34.04555898844054,293.7240655497914,,7.666666666666667
2026,2026-04-09,삼성,이승현,2851752,,,2.0,39.3,7.2,47.0,13.0,2.0,11.0,5.0,13.0,13.0,888.3333333333334,4.984615384615385,3.578611632270169,15.26086956521739,15.26086956521739,3.130434782608696,5.869565217391304,12.91304347826087,2.347826086956521,0.1063829787234042,0.2340425531914893,9.969915980096255,34.04555898844054,293.7240655497914,,7.666666666666667
2026,2026-04-10,삼성,이승현,2851752,,,2.0,39.3,7.2,47.0,13.0,2.0,11.0,5.0,13.0,13.0,980.3333333333334,4.966678000680041,3.5651139068344104,15.26086956521739,15.26086956521739,3.130434782608696,5.869565217391304,12.91304347826087,2.347826086956521,0.1063829787234042,0.2340425531914893,9.956418254660498,33.92304436780323,294.7848633977887,,7.666666666666667
2026,2026-04-11,삼성,이승현,2851752,,,2.0,39.3,7.2,47.0,13.0,2.0,11.0,5.0,13.0,13.0,1069.3333333333333,4.864713216957607,3.6013092269326688,15.26086956521739,15.26086956521739,3.130434782608696,5.869565217391304,12.91304347826087,2.347826086956521,0.1063829787234042,0.2340425531914893,9.992613574758757,33.22661188683789,300.96357805176393,,7.666666666666667
2026,2026-04-12,삼성,이승현,2851752,,,2.0,39.3,7.2,47.0,13.0,2.0,11.0,5.0,13.0,13.0,1155.3333333333333,4.759665320253895,3.5600115406809003,15.26086956521739,15.26086956521739,3.130434782608696,5.869565217391304,12.91304347826087,2.347826086956521,0.1063829787234042,0.2340425531914893,9.951315888506986,32.50912135088277,307.6059759372258,,7.666666666666667
2026,2026-04-02,롯데,김진욱,2865932,선발,,1.0,51.400000000000006,4.2,20.0,4.0,0.0,2.0,4.0,3.0,3.0,445.3333333333333,5.719311377245509,4.077844311377246,5.785714285714286,5.785714285714286,1.2857142857142856,7.7142857142857135,3.8571428571428568,0.0,0.2,0.1,3.649272882805817,103.9237856902506,96.22436224374503,,4.666666666666667
2026,2026-04-03,롯데,김진욱,2865932,,,1.0,51.400000000000006,4.2,20.0,4.0,0.0,2.0,4.0,3.0,3.0,534.3333333333334,5.592014971927635,3.980661260137242,5.785714285714286,5.785714285714286,1.2857142857142856,7.7142857142857135,3.8571428571428568,0.0,0.2,0.1,3.5520898315658136,101.61072324744907,98.41480977994168,,4.666666666666667
2026,2026-04-04,롯데,김진욱,2865932,,,1.0,51.400000000000006,4.2,20.0,4.0,0.0,2.0,4.0,3.0,3.0,624.3333333333334,5.477843032568073,3.8873465029364658,5.785714285714286,5.785714285714286,1.2857142857142856,7.7142857142857135,3.8571428571428568,0.0,0.2,0.1,3.4587750743650374,99.5361412960188,100.4660203800765,,4.666666666666667
2026,2026-04-05,롯데,김진욱,2865932,,,1.0,51.400000000000006,4.2,20.0,4.0,0.0,2.0,4.0,3.0,3.0,711.3333333333334,5.200093720712277,3.7085285848172447,5.785714285714286,5.785714285714286,1.2857142857142856,7.7142857142857135,3.8571428571428568,0.0,0.2,0.1,3.2799571562458163,94.48924700105948,105.83214828548556,,4.666666666666667
2026,2026-04-06,롯데,김진욱,2865932,,,1.0,51.400000000000006,4.2,20.0,4.0,0.0,2.0,4.0,3.0,3.0,711.3333333333334,5.200093720712277,3.7085285848172447,5.785714285714286,5.785714285714286,1.2857142857142856,7.7142857142857135,3.8571428571428568,0.0,0.2,0.1,3.2799571562458163,94.48924700105948,105.83214828548556,,4.666666666666667
2026,2026-04-07,롯데,김진욱,2865932,,,1.0,51.400000000000006,4.2,20.0,4.0,0.0,2.0,4.0,3.0,3.0,801.3333333333334,5.031613976705491,3.697587354409318,5.785714285714286,5.785714285714286,1.2857142857142856,7.7142857142857135,3.8571428571428568,0.0,0.2,0.1,3.269015925837889,91.42785522599894,109.37585679201564,,4.666666666666667
2026,2026-04-08,롯데,김진욱,2865932,선발,승,2.0,125.8,12.2,47.0,7.0,1.0,3.0,10.0,4.0,4.0,888.3333333333334,4.984615384615385,3.578611632270169,2.8421052631578947,2.8421052631578947,0.7894736842105263,7.105263157894737,2.131578947368421,0.7105263157894737,0.2127659574468085,0.0638297872340425,3.7365063691122735,184.382498222746,54.23508248553694,,12.666666666666666
2026,2026-04-09,롯데,김진욱,2865932,,,2.0,125.8,12.2,47.0,7.0,1.0,3.0,10.0,4.0,4.0,888.3333333333334,4.984615384615385,3.578611632270169,2.8421052631578947,2.8421052631578947,0.7894736842105263,7.105263157894737,2.131578947368421,0.7105263157894737,0.2127659574468085,0.0638297872340425,3.7365063691122735,184.382498222746,54.23508248553694,,12.666666666666666
2026,2026-04-10,롯데,김진욱,2865932,,,2.0,125.8,12.2,47.0,7.0,1.0,3.0,10.0,4.0,4.0,980.3333333333334,4.966678000680041,3.5651139068344104,2.8421052631578947,2.8421052631578947,0.7894736842105263,7.105263157894737,2.131578947368421,0.7105263157894737,0.2127659574468085,0.0638297872340425,3.723008643676516,183.71898872273783,54.43095495747391,,12.666666666666666
2026,2026-04-11,롯데,김진욱,2865932,,,2.0,125.8,12.2,47.0,7.0,1.0,3.0,10.0,4.0,4.0,1069.3333333333333,4.864713216957607,3.6013092269326688,2.8421052631578947,2.8421052631578947,0.7894736842105263,7.105263157894737,2.131578947368421,0.7105263157894737,0.2127659574468085,0.0638297872340425,3.759203963774774,179.94727915182276,55.57183218959888,,12.666666666666666
2026,2026-04-12,롯데,김진욱,2865932,,,2.0,125.8,12.2,47.0,7.0,1.0,3.0,10.0,4.0,4.0,1155.3333333333333,4.759665320253895,3.5600115406809003,2.8421052631578947,2.8421052631578947,0.7894736842105263,7.105263157894737,2.131578947368421,0.7105263157894737,0.2127659574468085,0.0638297872340425,3.7179062775230056,176.06152425746197,56.79832684724796,,12.666666666666666
2026,2026-03-28,키움,배동현,2963428,중계,,1.0,36.4,0.0,2.0,2.0,1.0,0.0,0.0,1.0,1.0,92.0,5.869565217391305,4.445652173913044,0.0,0.0,0.0,0.0,0.0,0.0,0.0,0.0,4.445652173913044,0.0,0.0,,0.0
2026,2026-03-29,키움,배동현,2963428,,,1.0,36.4,0.0,2.0,2.0,1.0,0.0,0.0,1.0,1.0,180.0,6.0,4.011111111111111,0.0,0.0,0.0,0.0,0.0,0.0,0.0,0.0,4.011111111111111,0.0,0.0,,0.0
2026,2026-03-30,키움,배동현,2963428,,,1.0,36.4,0.0,2.0,2.0,1.0,0.0,0.0,1.0,1.0,180.0,6.0,4.011111111111111,0.0,0.0,0.0,0.0,0.0,0.0,0.0,0.0,4.011111111111111,0.0,0.0,,0.0
2026,2026-03-31,키움,배동현,2963428,,,1.0,36.4,0.0,2.0,2.0,1.0,0.0,0.0,1.0,1.0,272.0,5.525735294117647,3.871323529411765,0.0,0.0,0.0,0.0,0.0,0.0,0.0,0.0,3.871323529411765,0.0,0.0,,0.0
2026,2026-04-01,키움,배동현,2963428,선발,승,2.0,98.3,5.0,23.0,7.0,1.0,1.0,4.0,1.0,1.0,359.3333333333333,5.760667903525047,4.043599257884972,1.8,1.8,1.6,7.2,1.8,1.8,0.1739130434782608,0.0434782608695652,5.643599257884972,309.7204758448813,32.28717756784135,,5.0
2026,2026-04-02,키움,배동현,2963428,,,2.0,98.3,5.0,23.0,7.0,1.0,1.0,4.0,1.0,1.0,445.3333333333333,5.719311377245509,4.077844311377246,1.8,1.8,1.6,7.2,1.8,1.8,0.1739130434782608,0.0434782608695652,5.677844311377246,307.496955375883,32.52064719722523,,5.0
2026,2026-04-03,키움,배동현,2963428,,,2.0,98.3,5.0,23.0,7.0,1.0,1.0,4.0,1.0,1.0,534.3333333333334,5.592014971927635,3.980661260137242,1.8,1.8,1.6,7.2,1.8,1.8,0.1739130434782608,0.0434782608695652,5.5806612601372425,300.65290467053524,33.2609459102293,,5.0
2026,2026-04-04,키움,배동현,2963428,,,2.0,98.3,5.0,23.0,7.0,1.0,1.0,4.0,1.0,1.0,624.3333333333334,5.477843032568073,3.8873465029364658,1.8,1.8,1.6,7.2,1.8,1.8,0.1739130434782608,0.0434782608695652,5.487346502936466,294.5144866990812,33.954187150791846,,5.0
2026,2026-04-05,키움,배동현,2963428,,,2.0,98.3,5.0,23.0,7.0,1.0,1.0,4.0,1.0,1.0,711.3333333333334,5.200093720712277,3.7085285848172447,1.8,1.8,1.6,7.2,1.8,1.8,0.1739130434782608,0.0434782608695652,5.308528584817244,279.58138337248164,35.767760640475714,,5.0
2026,2026-04-06,키움,배동현,2963428,,,2.0,98.3,5.0,23.0,7.0,1.0,1.0,4.0,1.0,1.0,711.3333333333334,5.200093720712277,3.7085285848172447,1.8,1.8,1.6,7.2,1.8,1.8,0.1739130434782608,0.0434782608695652,5.308528584817244,279.58138337248164,35.767760640475714,,5.0
2026,2026-04-07,키움,배동현,2963428,선발,승,3.0,153.70000000000002,10.1,46.0,12.0,1.0,3.0,8.0,3.0,3.0,801.3333333333334,5.031613976705491,3.697587354409318,2.6129032258064515,2.6129032258064515,1.4516129032258065,6.967741935483871,2.6129032258064515,0.8709677419354839,0.1739130434782608,0.0652173913043478,4.27823251569964,186.36037401751275,53.65947590908073,,10.333333333333334
2026,2026-04-08,키움,배동현,2963428,,,3.0,153.70000000000002,10.1,46.0,12.0,1.0,3.0,8.0,3.0,3.0,888.3333333333334,4.984615384615385,3.578611632270169,2.6129032258064515,2.6129032258064515,1.4516129032258065,6.967741935483871,2.6129032258064515,0.8709677419354839,0.1739130434782608,0.0652173913043478,4.159256793560491,184.6196452492173,54.16541661371432,,10.333333333333334
2026,2026-04-09,키움,배동현,2963428,,,3.0,153.70000000000002,10.1,46.0,12.0,1.0,3.0,8.0,3.0,3.0,888.3333333333334,4.984615384615385,3.578611632270169,2.6129032258064515,2.6129032258064515,1.4516129032258065,6.967741935483871,2.6129032258064515,0.8709677419354839,0.1739130434782608,0.0652173913043478,4.159256793560491,184.6196452492173,54.16541661371432,,10.333333333333334
2026,2026-04-10,키움,배동현,2963428,,,3.0,153.70000000000002,10.1,46.0,12.0,1.0,3.0,8.0,3.0,3.0,980.3333333333334,4.966678000680041,3.5651139068344104,2.6129032258064515,2.6129032258064515,1.4516129032258065,6.967741935483871,2.6129032258064515,0.8709677419354839,0.1739130434782608,0.0652173913043478,4.1457590681247325,183.95528236395572,54.361037484180464,,10.333333333333334
2026,2026-04-11,키움,배동현,2963428,,,3.0,153.70000000000002,10.1,46.0,12.0,1.0,3.0,8.0,3.0,3.0,1069.3333333333333,4.864713216957607,3.6013092269326688,2.6129032258064515,2.6129032258064515,1.4516129032258065,6.967741935483871,2.6129032258064515,0.8709677419354839,0.1739130434782608,0.0652173913043478,4.181954388222991,180.17872173766352,55.5004492403925,,10.333333333333334
2026,2026-04-12,키움,배동현,2963428,중계,승,4.0,227.1,16.1,66.0,15.0,1.0,3.0,13.0,3.0,3.0,1155.3333333333333,4.759665320253895,3.5600115406809003,1.653061224489796,1.653061224489796,1.1020408163265307,7.163265306122449,1.653061224489796,0.5510204081632654,0.1969696969696969,0.0454545454545454,3.315113581497227,278.6487253617015,35.88747799588692,,16.333333333333332
2026,2026-04-10,SSG,장지훈,2966331,중계,,1.0,52.9,1.0,3.0,0.0,0.0,0.0,1.0,0.0,0.0,980.3333333333334,4.966678000680041,3.5651139068344104,0.0,0.0,0.0,9.0,0.0,0.0,0.3333333333333333,0.0,1.5651139068344104,0.0,0.0,,1.0
2026,2026-04-11,SSG,장지훈,2966331,,,1.0,52.9,1.0,3.0,0.0,0.0,0.0,1.0,0.0,0.0,1069.3333333333333,4.864713216957607,3.6013092269326688,0.0,0.0,0.0,9.0,0.0,0.0,0.3333333333333333,0.0,1.6013092269326688,0.0,0.0,,1.0
2026,2026-04-12,SSG,장지훈,2966331,중계,,2.0,104.3,3.0,12.0,1.0,0.0,2.0,2.0,0.0,0.0,1155.3333333333333,4.759665320253895,3.5600115406809003,0.0,0.0,1.0,6.0,6.0,0.0,0.1666666666666666,0.1666666666666666,4.226678207347567,0.0,0.0,,3.0
2026,2026-03-28,키움,김성진,2966835,중계,홀드,1.0,46.4,1.1,5.0,1.0,0.0,1.0,0.0,1.0,1.0,92.0,5.869565217391305,4.445652173913044,6.75,6.75,1.5,0.0,6.75,0.0,0.0,0.2,6.695652173913044,84.15341473491674,118.83059090947172,,1.3333333333333333
2026,2026-03-29,키움,김성진,2966835,,,1.0,46.4,1.1,5.0,1.0,0.0,1.0,0.0,1.0,1.0,180.0,6.0,4.011111111111111,6.75,6.75,1.5,0.0,6.75,0.0,0.0,0.2,6.261111111111111,86.02349061791487,116.24731719404843,,1.3333333333333333
2026,2026-03-30,키움,김성진,2966835,,,1.0,46.4,1.1,5.0,1.0,0.0,1.0,0.0,1.0,1.0,180.0,6.0,4.011111111111111,6.75,6.75,1.5,0.0,6.75,0.0,0.0,0.2,6.261111111111111,86.02349061791487,116.24731719404843,,1.3333333333333333
2026,2026-03-31,키움,김성진,2966835,,,1.0,46.4,1.1,5.0,1.0,0.0,1.0,0.0,1.0,1.0,272.0,5.525735294117647,3.871323529411765,6.75,6.75,1.5,0.0,6.75,0.0,0.0,0.2,6.1213235294117645,79.22383970510174,126.22463184343783,,1.3333333333333333
2026,2026-04-01,키움,김성진,2966835,중계,,2.0,99.3,2.1,8.0,1.0,0.0,1.0,1.0,1.0,1.0,359.3333333333333,5.760667903525047,4.043599257884972,3.8571428571428568,3.8571428571428568,0.8571428571428571,3.8571428571428568,3.8571428571428568,0.0,0.125,0.125,4.472170686456401,144.53622206094462,69.18680907394574,,2.333333333333333
2026,2026-04-02,키움,김성진,2966835,,,2.0,99.3,2.1,8.0,1.0,0.0,1.0,1.0,1.0,1.0,445.3333333333333,5.719311377245509,4.077844311377246,3.8571428571428568,3.8571428571428568,0.8571428571428571,3.8571428571428568,3.8571428571428568,0.0,0.125,0.125,4.506415739948674,143.49857917541206,69.6871011369112,,2.333333333333333
2026,2026-04-03,키움,김성진,2966835,중계,홀드,3.0,149.2,3.1,13.0,2.0,0.0,2.0,3.0,1.0,1.0,534.3333333333334,5.592014971927635,3.980661260137242,2.7,2.7,1.2,8.1,5.4,0.0,0.2307692307692307,0.1538461538461538,3.980661260137242,200.4352697803569,49.89141886534394,,3.333333333333333
2026,2026-04-04,키움,김성진,2966835,중계,,4.0,187.6,4.0,17.0,3.0,0.0,4.0,3.0,3.0,3.0,624.3333333333334,5.477843032568073,3.8873465029364658,6.75,6.75,1.75,6.75,9.0,0.0,0.1764705882352941,0.2352941176470588,5.387346502936466,78.53719645308831,127.32820181546944,,4.0
2026,2026-04-05,키움,김성진,2966835,,,4.0,187.6,4.0,17.0,3.0,0.0,4.0,3.0,3.0,3.0,711.3333333333334,5.200093720712277,3.7085285848172447,6.75,6.75,1.75,6.75,9.0,0.0,0.1764705882352941,0.2352941176470588,5.208528584817245,74.5550355659951,134.12910240178394,,4.0
2026,2026-04-06,키움,김성진,2966835,,,4.0,187.6,4.0,17.0,3.0,0.0,4.0,3.0,3.0,3.0,711.3333333333334,5.200093720712277,3.7085285848172447,6.75,6.75,1.75,6.75,9.0,0.0,0.1764705882352941,0.2352941176470588,5.208528584817245,74.5550355659951,134.12910240178394,,4.0
2026,2026-04-07,키움,김성진,2966835,중계,홀드,5.0,238.5,5.0,21.0,4.0,0.0,4.0,4.0,3.0,3.0,801.3333333333334,5.031613976705491,3.697587354409318,5.4,5.4,1.6,7.2,7.2,0.0,0.1904761904761904,0.1904761904761904,4.497587354409318,90.17437452460292,110.89625021210018,,5.0
2026,2026-04-08,키움,김성진,2966835,,,5.0,238.5,5.0,21.0,4.0,0.0,4.0,4.0,3.0,3.0,888.3333333333334,4.984615384615385,3.578611632270169,5.4,5.4,1.6,7.2,7.2,0.0,0.1904761904761904,0.1904761904761904,4.378611632270169,89.33208641091159,111.94186100167629,,5.0
2026,2026-04-09,키움,김성진,2966835,,,5.0,238.5,5.0,21.0,4.0,0.0,4.0,4.0,3.0,3.0,888.3333333333334,4.984615384615385,3.578611632270169,5.4,5.4,1.6,7.2,7.2,0.0,0.1904761904761904,0.1904761904761904,4.378611632270169,89.33208641091159,111.94186100167629,,5.0
2026,2026-04-10,키움,김성진,2966835,,,5.0,238.5,5.0,21.0,4.0,0.0,4.0,4.0,3.0,3.0,980.3333333333334,4.966678000680041,3.5651139068344104,5.4,5.4,1.6,7.2,7.2,0.0,0.1904761904761904,0.1904761904761904,4.36511390683441,89.01062049868825,112.34614413397296,,5.0
2026,2026-04-11,키움,김성진,2966835,중계,패,6.0,277.4,5.1,25.0,6.0,0.0,4.0,4.0,5.0,5.0,1069.3333333333333,4.864713216957607,3.6013092269326688,8.4375,8.4375,1.875,6.75,6.75,0.0,0.16,0.16,4.351309226932669,55.797281570373215,179.22020067210082,,5.333333333333333
2026,2026-04-12,키움,김성진,2966835,,,6.0,277.4,5.1,25.0,6.0,0.0,4.0,4.0,5.0,5.0,1155.3333333333333,4.759665320253895,3.5600115406809003,8.4375,8.4375,1.875,6.75,6.75,0.0,0.16,0.16,4.3100115406809,54.5924033361701,183.17566893733945,,5.333333333333333
2026,2026-04-01,두산,최승용,2998539,선발,패,1.0,31.9,3.0,17.0,6.0,0.0,2.0,2.0,5.0,4.0,359.3333333333333,5.760667903525047,4.043599257884972,12.0,15.0,2.6666666666666665,6.0,6.0,0.0,0.1176470588235294,0.1176470588235294,4.710265924551639,45.77444587016378,218.46250260165564,,3.0
2026,2026-04-02,두산,최승용,2998539,,,1.0,31.9,3.0,17.0,6.0,0.0,2.0,2.0,5.0,4.0,445.3333333333333,5.719311377245509,4.077844311377246,12.0,15.0,2.6666666666666665,6.0,6.0,0.0,0.1176470588235294,0.1176470588235294,4.7445109780439125,45.44582562937498,220.0422120516227,,3.0
2026,2026-04-03,두산,최승용,2998539,,,1.0,31.9,3.0,17.0,6.0,0.0,2.0,2.0,5.0,4.0,534.3333333333334,5.592014971927635,3.980661260137242,12.0,15.0,2.6666666666666665,6.0,6.0,0.0,0.1176470588235294,0.1176470588235294,4.647327926803909,44.43432444370104,225.0512441720624,,3.0
2026,2026-04-04,두산,최승용,2998539,,,1.0,31.9,3.0,17.0,6.0,0.0,2.0,2.0,5.0,4.0,624.3333333333334,5.477843032568073,3.8873465029364658,12.0,15.0,2.6666666666666665,6.0,6.0,0.0,0.1176470588235294,0.1176470588235294,4.554013169603133,43.52711067168201,229.74187456246275,,3.0
2026,2026-04-05,두산,최승용,2998539,,,1.0,31.9,3.0,17.0,6.0,0.0,2.0,2.0,5.0,4.0,711.3333333333334,5.200093720712277,3.7085285848172447,12.0,15.0,2.6666666666666665,6.0,6.0,0.0,0.1176470588235294,0.1176470588235294,4.375195251483912,41.32010602327335,242.0129317763016,,3.0
2026,2026-04-06,두산,최승용,2998539,,,1.0,31.9,3.0,17.0,6.0,0.0,2.0,2.0,5.0,4.0,711.3333333333334,5.200093720712277,3.7085285848172447,12.0,15.0,2.6666666666666665,6.0,6.0,0.0,0.1176470588235294,0.1176470588235294,4.375195251483912,41.32010602327335,242.0129317763016,,3.0
2026,2026-04-07,두산,최승용,2998539,선발,,2.0,90.8,8.0,37.0,9.0,0.0,4.0,7.0,7.0,5.0,801.3333333333334,5.031613976705491,3.697587354409318,5.625,7.875,1.625,7.875,4.5,0.0,0.1891891891891892,0.1081081081081081,3.447587354409318,85.29356960166052,117.24213263323566,,8.0
2026,2026-04-08,두산,최승용,2998539,,,2.0,90.8,8.0,37.0,9.0,0.0,4.0,7.0,7.0,5.0,888.3333333333334,4.984615384615385,3.578611632270169,5.625,7.875,1.625,7.875,4.5,0.0,0.1891891891891892,0.1081081081081081,3.328611632270169,84.49687142406259,118.34757703410364,,8.0
2026,2026-04-09,두산,최승용,2998539,,,2.0,90.8,8.0,37.0,9.0,0.0,4.0,7.0,7.0,5.0,888.3333333333334,4.984615384615385,3.578611632270169,5.625,7.875,1.625,7.875,4.5,0.0,0.1891891891891892,0.1081081081081081,3.328611632270169,84.49687142406259,118.34757703410364,,8.0
2026,2026-04-10,두산,최승용,2998539,,,2.0,90.8,8.0,37.0,9.0,0.0,4.0,7.0,7.0,5.0,980.3333333333334,4.966678000680041,3.5651139068344104,5.625,7.875,1.625,7.875,4.5,0.0,0.1891891891891892,0.1081081081081081,3.3151139068344104,84.19280527108583,118.77499470176558,,8.0
2026,2026-04-11,두산,최승용,2998539,,,2.0,90.8,8.0,37.0,9.0,0.0,4.0,7.0,7.0,5.0,1069.3333333333333,4.864713216957607,3.6013092269326688,5.625,7.875,1.625,7.875,4.5,0.0,0.1891891891891892,0.1081081081081081,3.3513092269326688,82.46434589053491,121.26452822743823,,8.0
2026,2026-04-12,두산,최승용,2998539,선발,패,3.0,135.20000000000002,13.1,60.0,14.0,0.0,6.0,9.0,12.0,9.0,1155.3333333333333,4.759665320253895,3.5600115406809003,6.074999999999999,8.1,1.5,6.074999999999999,4.05,0.0,0.15,0.1,3.5600115406809003,74.7070583509348,133.8561605922859,,13.333333333333334
2026,2026-04-12,KT,문용익,3026295,중계,,1.0,40.4,0.0,2.0,1.0,0.0,1.0,0.0,1.0,1.0,1155.3333333333333,4.759665320253895,3.5600115406809003,0.0,0.0,0.0,0.0,0.0,0.0,0.0,0.5,3.5600115406809003,0.0,0.0,,0.0
2026,2026-03-29,SSG,조병현,3057021,중계,,1.0,50.9,1.0,4.0,0.0,0.0,1.0,1.0,0.0,0.0,180.0,6.0,4.011111111111111,0.0,0.0,1.0,9.0,9.0,0.0,0.25,0.25,5.011111111111111,0.0,0.0,,1.0
2026,2026-03-30,SSG,조병현,3057021,,,1.0,50.9,1.0,4.0,0.0,0.0,1.0,1.0,0.0,0.0,180.0,6.0,4.011111111111111,0.0,0.0,1.0,9.0,9.0,0.0,0.25,0.25,5.011111111111111,0.0,0.0,,1.0
2026,2026-03-31,SSG,조병현,3057021,,,1.0,50.9,1.0,4.0,0.0,0.0,1.0,1.0,0.0,0.0,272.0,5.525735294117647,3.871323529411765,0.0,0.0,1.0,9.0,9.0,0.0,0.25,0.25,4.8713235294117645,0.0,0.0,,1.0
2026,2026-04-01,SSG,조병현,3057021,,,1.0,50.9,1.0,4.0,0.0,0.0,1.0,1.0,0.0,0.0,359.3333333333333,5.760667903525047,4.043599257884972,0.0,0.0,1.0,9.0,9.0,0.0,0.25,0.25,5.043599257884972,0.0,0.0,,1.0
2026,2026-04-02,SSG,조병현,3057021,,,1.0,50.9,1.0,4.0,0.0,0.0,1.0,1.0,0.0,0.0,445.3333333333333,5.719311377245509,4.077844311377246,0.0,0.0,1.0,9.0,9.0,0.0,0.25,0.25,5.077844311377246,0.0,0.0,,1.0
2026,2026-04-03,SSG,조병현,3057021,,,1.0,50.9,1.0,4.0,0.0,0.0,1.0,1.0,0.0,0.0,534.3333333333334,5.592014971927635,3.980661260137242,0.0,0.0,1.0,9.0,9.0,0.0,0.25,0.25,4.980661260137242,0.0,0.0,,1.0
2026,2026-04-04,SSG,조병현,3057021,중계,세,2.0,99.8,2.0,9.0,1.0,0.0,2.0,2.0,0.0,0.0,624.3333333333334,5.477843032568073,3.8873465029364658,0.0,0.0,1.5,9.0,9.0,0.0,0.2222222222222222,0.2222222222222222,4.887346502936466,0.0,0.0,,2.0
2026,2026-04-05,SSG,조병현,3057021,중계,세,3.0,149.7,3.0,13.0,2.0,0.0,2.0,2.0,0.0,0.0,711.3333333333334,5.200093720712277,3.7085285848172447,0.0,0.0,1.3333333333333333,6.0,6.0,0.0,0.1538461538461538,0.1538461538461538,4.375195251483912,0.0,0.0,,3.0
2026,2026-04-06,SSG,조병현,3057021,,,3.0,149.7,3.0,13.0,2.0,0.0,2.0,2.0,0.0,0.0,711.3333333333334,5.200093720712277,3.7085285848172447,0.0,0.0,1.3333333333333333,6.0,6.0,0.0,0.1538461538461538,0.1538461538461538,4.375195251483912,0.0,0.0,,3.0
2026,2026-04-07,SSG,조병현,3057021,,,3.0,149.7,3.0,13.0,2.0,0.0,2.0,2.0,0.0,0.0,801.3333333333334,5.031613976705491,3.697587354409318,0.0,0.0,1.3333333333333333,6.0,6.0,0.0,0.1538461538461538,0.1538461538461538,4.364254021075984,0.0,0.0,,3.0
2026,2026-04-08,SSG,조병현,3057021,중계,,4.0,203.6,4.0,16.0,2.0,0.0,2.0,4.0,0.0,0.0,888.3333333333334,4.984615384615385,3.578611632270169,0.0,0.0,1.0,9.0,4.5,0.0,0.25,0.125,3.078611632270169,0.0,0.0,,4.0
2026,2026-04-09,SSG,조병현,3057021,,,4.0,203.6,4.0,16.0,2.0,0.0,2.0,4.0,0.0,0.0,888.3333333333334,4.984615384615385,3.578611632270169,0.0,0.0,1.0,9.0,4.5,0.0,0.25,0.125,3.078611632270169,0.0,0.0,,4.0
2026,2026-04-10,SSG,조병현,3057021,,,4.0,203.6,4.0,16.0,2.0,0.0,2.0,4.0,0.0,0.0,980.3333333333334,4.966678000680041,3.5651139068344104,0.0,0.0,1.0,9.0,4.5,0.0,0.25,0.125,3.0651139068344104,0.0,0.0,,4.0
2026,2026-04-11,SSG,조병현,3057021,,,4.0,203.6,4.0,16.0,2.0,0.0,2.0,4.0,0.0,0.0,1069.3333333333333,4.864713216957607,3.6013092269326688,0.0,0.0,1.0,9.0,4.5,0.0,0.25,0.125,3.1013092269326688,0.0,0.0,,4.0
2026,2026-04-12,SSG,조병현,3057021,,,4.0,203.6,4.0,16.0,2.0,0.0,2.0,4.0,0.0,0.0,1155.3333333333333,4.759665320253895,3.5600115406809003,0.0,0.0,1.0,9.0,4.5,0.0,0.25,0.125,3.0600115406809003,0.0,0.0,,4.0
2026,2026-04-02,한화,문동주,3057205,선발,패,1.0,31.40000000000001,4.0,21.0,7.0,1.0,2.0,3.0,5.0,5.0,445.3333333333333,5.719311377245509,4.077844311377246,11.25,11.25,2.25,6.75,4.5,2.25,0.1428571428571428,0.0952380952380952,7.327844311377246,51.85279487132458,192.85363546585145,,4.0
2026,2026-04-03,한화,문동주,3057205,,,1.0,31.40000000000001,4.0,21.0,7.0,1.0,2.0,3.0,5.0,5.0,534.3333333333334,5.592014971927635,3.980661260137242,11.25,11.25,2.25,6.75,4.5,2.25,0.1428571428571428,0.0952380952380952,7.230661260137242,50.698691875802126,197.24374791557256,,4.0
2026,2026-04-04,한화,문동주,3057205,,,1.0,31.40000000000001,4.0,21.0,7.0,1.0,2.0,3.0,5.0,5.0,624.3333333333334,5.477843032568073,3.8873465029364658,11.25,11.25,2.25,6.75,4.5,2.25,0.1428571428571428,0.0952380952380952,7.137346502936466,49.66357877193683,201.35480058578972,,4.0
2026,2026-04-05,한화,문동주,3057205,,,1.0,31.40000000000001,4.0,21.0,7.0,1.0,2.0,3.0,5.0,5.0,711.3333333333334,5.200093720712277,3.7085285848172447,11.25,11.25,2.25,6.75,4.5,2.25,0.1428571428571428,0.0952380952380952,6.958528584817245,47.14542979501466,212.1096369993734,,4.0
2026,2026-04-06,한화,문동주,3057205,,,1.0,31.40000000000001,4.0,21.0,7.0,1.0,2.0,3.0,5.0,5.0,711.3333333333334,5.200093720712277,3.7085285848172447,11.25,11.25,2.25,6.75,4.5,2.25,0.1428571428571428,0.0952380952380952,6.958528584817245,47.14542979501466,212.1096369993734,,4.0
2026,2026-04-07,한화,문동주,3057205,,,1.0,31.40000000000001,4.0,21.0,7.0,1.0,2.0,3.0,5.0,5.0,801.3333333333334,5.031613976705491,3.697587354409318,11.25,11.25,2.25,6.75,4.5,2.25,0.1428571428571428,0.0952380952380952,6.947587354409318,45.61794772073658,219.2119658959207,,4.0
2026,2026-04-08,한화,문동주,3057205,선발,승,2.0,81.30000000000001,9.0,43.0,12.0,2.0,4.0,7.0,7.0,7.0,888.3333333333334,4.984615384615385,3.578611632270169,7.0,7.0,1.7777777777777777,7.0,4.0,2.0,0.1627906976744186,0.0930232558139534,6.245278298936835,72.62975251809188,137.68462170525814,,9.0
2026,2026-04-09,한화,문동주,3057205,,,2.0,81.30000000000001,9.0,43.0,12.0,2.0,4.0,7.0,7.0,7.0,888.3333333333334,4.984615384615385,3.578611632270169,7.0,7.0,1.7777777777777777,7.0,4.0,2.0,0.1627906976744186,0.0930232558139534,6.245278298936835,72.62975251809188,137.68462170525814,,9.0
2026,2026-04-10,한화,문동주,3057205,,,2.0,81.30000000000001,9.0,43.0,12.0,2.0,4.0,7.0,7.0,7.0,980.3333333333334,4.966678000680041,3.5651139068344104,7.0,7.0,1.7777777777777777,7.0,4.0,2.0,0.1627906976744186,0.0930232558139534,6.2317805735010765,72.3683907769098,138.18187599095606,,9.0
2026,2026-04-11,한화,문동주,3057205,,,2.0,81.30000000000001,9.0,43.0,12.0,2.0,4.0,7.0,7.0,7.0,1069.3333333333333,4.864713216957607,3.6013092269326688,7.0,7.0,1.7777777777777777,7.0,4.0,2.0,0.1627906976744186,0.0930232558139534,6.267975893599335,70.88268396988549,141.07817932301347,,9.0
2026,2026-04-12,한화,문동주,3057205,,,2.0,81.30000000000001,9.0,43.0,12.0,2.0,4.0,7.0,7.0,7.0,1155.3333333333333,4.759665320253895,3.5600115406809003,7.0,7.0,1.7777777777777777,7.0,4.0,2.0,0.1627906976744186,0.0930232558139534,6.226678207347566,69.3520537905371,144.19183648407645,,9.0
2026,2026-03-28,한화,윤산흠,3069686,중계,,1.0,43.9,1.0,5.0,2.0,0.0,1.0,1.0,1.0,1.0,92.0,5.869565217391305,4.445652173913044,9.0,9.0,3.0,9.0,9.0,0.0,0.2,0.2,5.445652173913044,66.51879507997545,150.33345068829064,,1.0
2026,2026-03-29,한화,윤산흠,3069686,중계,,2.0,85.8,1.1,8.0,3.0,0.0,2.0,1.0,2.0,2.0,180.0,6.0,4.011111111111111,13.5,13.5,3.75,6.75,13.5,0.0,0.125,0.25,7.011111111111111,45.33132701746475,220.59799829260044,,1.3333333333333333
2026,2026-03-30,한화,윤산흠,3069686,,,2.0,85.8,1.1,8.0,3.0,0.0,2.0,1.0,2.0,2.0,180.0,6.0,4.011111111111111,13.5,13.5,3.75,6.75,13.5,0.0,0.125,0.25,7.011111111111111,45.33132701746475,220.59799829260044,,1.3333333333333333
2026,2026-03-31,한화,윤산흠,3069686,중계,,3.0,137.7,3.0,16.0,3.0,0.0,4.0,2.0,2.0,2.0,272.0,5.525735294117647,3.871323529411765,6.0,6.0,2.333333333333333,6.0,12.0,0.0,0.125,0.25,6.537990196078431,93.93334261109769,106.45847067746696,,3.0
2026,2026-04-01,한화,윤산흠,3069686,중계,,4.0,184.6,4.0,21.0,4.0,0.0,5.0,4.0,3.0,3.0,359.3333333333333,5.760667903525047,4.043599257884972,6.75,6.75,2.25,9.0,11.25,0.0,0.1904761904761904,0.238095238095238,5.793599257884972,87.04624019123565,114.88146964223344,,4.0
2026,2026-04-02,한화,윤산흠,3069686,,,4.0,184.6,4.0,21.0,4.0,0.0,5.0,4.0,3.0,3.0,445.3333333333333,5.719311377245509,4.077844311377246,6.75,6.75,2.25,9.0,11.25,0.0,0.1904761904761904,0.238095238095238,5.827844311377246,86.42132478554096,115.71218127951086,,4.0
2026,2026-04-03,한화,윤산흠,3069686,중계,,5.0,228.0,4.2,24.0,5.0,0.0,6.0,4.0,4.0,4.0,534.3333333333334,5.592014971927635,3.980661260137242,7.7142857142857135,7.7142857142857135,2.357142857142857,7.7142857142857135,11.571428571428571,0.0,0.1666666666666666,0.25,6.123518402994385,73.9355923188781,135.25285571353547,,4.666666666666667
2026,2026-04-04,한화,윤산흠,3069686,,,5.0,228.0,4.2,24.0,5.0,0.0,6.0,4.0,4.0,4.0,624.3333333333334,5.477843032568073,3.8873465029364658,7.7142857142857135,7.7142857142857135,2.357142857142857,7.7142857142857135,11.571428571428571,0.0,0.1666666666666666,0.25,6.030203645793609,72.42605237574121,138.07186325882725,,4.666666666666667
2026,2026-04-05,한화,윤산흠,3069686,중계,,6.0,269.4,5.1,27.0,6.0,1.0,6.0,4.0,5.0,5.0,711.3333333333334,5.200093720712277,3.7085285848172447,8.4375,8.4375,2.25,6.75,10.125,1.6875,0.1481481481481481,0.2222222222222222,8.021028584817245,62.86057306001953,159.08222774953003,,5.333333333333333
2026,2026-04-06,한화,윤산흠,3069686,,,6.0,269.4,5.1,27.0,6.0,1.0,6.0,4.0,5.0,5.0,711.3333333333334,5.200093720712277,3.7085285848172447,8.4375,8.4375,2.25,6.75,10.125,1.6875,0.1481481481481481,0.2222222222222222,8.021028584817245,62.86057306001953,159.08222774953003,,5.333333333333333
2026,2026-04-07,한화,윤산흠,3069686,,,6.0,269.4,5.1,27.0,6.0,1.0,6.0,4.0,5.0,5.0,801.3333333333334,5.031613976705491,3.697587354409318,8.4375,8.4375,2.25,6.75,10.125,1.6875,0.1481481481481481,0.2222222222222222,8.010087354409318,60.82393029431542,164.40897442194057,,5.333333333333333
2026,2026-04-08,한화,윤산흠,3069686,,,6.0,269.4,5.1,27.0,6.0,1.0,6.0,4.0,5.0,5.0,888.3333333333334,4.984615384615385,3.578611632270169,8.4375,8.4375,2.25,6.75,10.125,1.6875,0.1481481481481481,0.2222222222222222,7.891111632270169,60.25579468167621,165.95914223401653,,5.333333333333333
2026,2026-04-09,한화,윤산흠,3069686,,,6.0,269.4,5.1,27.0,6.0,1.0,6.0,4.0,5.0,5.0,888.3333333333334,4.984615384615385,3.578611632270169,8.4375,8.4375,2.25,6.75,10.125,1.6875,0.1481481481481481,0.2222222222222222,7.891111632270169,60.25579468167621,165.95914223401653,,5.333333333333333
2026,2026-04-10,한화,윤산흠,3069686,중계,,7.0,313.8,6.0,31.0,8.0,1.0,6.0,5.0,6.0,6.0,980.3333333333334,4.966678000680041,3.5651139068344104,9.0,9.0,2.333333333333333,7.5,9.0,1.5,0.1612903225806451,0.1935483870967742,7.06511390683441,56.28652615981873,177.66241198837213,,6.0
2026,2026-04-11,한화,윤산흠,3069686,,,7.0,313.8,6.0,31.0,8.0,1.0,6.0,5.0,6.0,6.0,1069.3333333333333,4.864713216957607,3.6013092269326688,9.0,9.0,2.333333333333333,7.5,9.0,1.5,0.1612903225806451,0.1935483870967742,7.101309226932669,55.13097642102205,181.3862305581602,,6.0
2026,2026-04-12,한화,윤산흠,3069686,,,7.0,313.8,6.0,31.0,8.0,1.0,6.0,5.0,6.0,6.0,1155.3333333333333,4.759665320253895,3.5600115406809003,9.0,9.0,2.333333333333333,7.5,9.0,1.5,0.1612903225806451,0.1935483870967742,7.0600115406809,53.940486281528855,185.38950405095545,,6.0
2026,2026-03-29,KIA,김시훈,3158359,중계,,1.0,52.9,1.0,3.0,0.0,0.0,0.0,1.0,0.0,0.0,180.0,6.0,4.011111111111111,0.0,0.0,0.0,9.0,0.0,0.0,0.3333333333333333,0.0,2.011111111111111,0.0,0.0,,1.0
2026,2026-03-30,KIA,김시훈,3158359,,,1.0,52.9,1.0,3.0,0.0,0.0,0.0,1.0,0.0,0.0,180.0,6.0,4.011111111111111,0.0,0.0,0.0,9.0,0.0,0.0,0.3333333333333333,0.0,2.011111111111111,0.0,0.0,,1.0
2026,2026-03-31,KIA,김시훈,3158359,,,1.0,52.9,1.0,3.0,0.0,0.0,0.0,1.0,0.0,0.0,272.0,5.525735294117647,3.871323529411765,0.0,0.0,0.0,9.0,0.0,0.0,0.3333333333333333,0.0,1.8713235294117645,0.0,0.0,,1.0
2026,2026-04-01,KIA,김시훈,3158359,중계,,2.0,86.8,2.0,12.0,2.0,0.0,3.0,2.0,3.0,3.0,359.3333333333333,5.760667903525047,4.043599257884972,13.5,13.5,2.5,9.0,13.5,0.0,0.1666666666666666,0.25,6.543599257884972,42.61792657029575,234.64304354426045,,2.0
2026,2026-04-02,KIA,김시훈,3158359,,,2.0,86.8,2.0,12.0,2.0,0.0,3.0,2.0,3.0,3.0,445.3333333333333,5.719311377245509,4.077844311377246,13.5,13.5,2.5,9.0,13.5,0.0,0.1666666666666666,0.25,6.577844311377246,42.311967360408765,236.3397550111788,,2.0
2026,2026-04-03,KIA,김시훈,3158359,,,2.0,86.8,2.0,12.0,2.0,0.0,3.0,2.0,3.0,3.0,534.3333333333334,5.592014971927635,3.980661260137242,13.5,13.5,2.5,9.0,13.5,0.0,0.1666666666666666,0.25,6.480661260137242,41.37021738534423,241.7197837481654,,2.0
2026,2026-04-04,KIA,김시훈,3158359,,,2.0,86.8,2.0,12.0,2.0,0.0,3.0,2.0,3.0,3.0,624.3333333333334,5.477843032568073,3.8873465029364658,13.5,13.5,2.5,9.0,13.5,0.0,0.1666666666666666,0.25,6.387346502936466,40.525563360932125,246.75782816236688,,2.0
2026,2026-04-05,KIA,김시훈,3158359,,,2.0,86.8,2.0,12.0,2.0,0.0,3.0,2.0,3.0,3.0,711.3333333333334,5.200093720712277,3.7085285848172447,13.5,13.5,2.5,9.0,13.5,0.0,0.1666666666666666,0.25,6.208528584817245,38.47074958311008,259.93774772692046,,2.0
2026,2026-04-06,KIA,김시훈,3158359,,,2.0,86.8,2.0,12.0,2.0,0.0,3.0,2.0,3.0,3.0,711.3333333333334,5.200093720712277,3.7085285848172447,13.5,13.5,2.5,9.0,13.5,0.0,0.1666666666666666,0.25,6.208528584817245,38.47074958311008,259.93774772692046,,2.0
2026,2026-04-07,KIA,김시훈,3158359,,,2.0,86.8,2.0,12.0,2.0,0.0,3.0,2.0,3.0,3.0,801.3333333333334,5.031613976705491,3.697587354409318,13.5,13.5,2.5,9.0,13.5,0.0,0.1666666666666666,0.25,6.197587354409318,37.22432165514886,268.64156431489465,,2.0
2026,2026-04-08,KIA,김시훈,3158359,,,2.0,86.8,2.0,12.0,2.0,0.0,3.0,2.0,3.0,3.0,888.3333333333334,4.984615384615385,3.578611632270169,13.5,13.5,2.5,9.0,13.5,0.0,0.1666666666666666,0.25,6.078611632270169,36.87662194738099,271.17451306328803,,2.0
2026,2026-04-09,KIA,김시훈,3158359,,,2.0,86.8,2.0,12.0,2.0,0.0,3.0,2.0,3.0,3.0,888.3333333333334,4.984615384615385,3.578611632270169,13.5,13.5,2.5,9.0,13.5,0.0,0.1666666666666666,0.25,6.078611632270169,36.87662194738099,271.17451306328803,,2.0
2026,2026-04-10,KIA,김시훈,3158359,,,2.0,86.8,2.0,12.0,2.0,0.0,3.0,2.0,3.0,3.0,980.3333333333334,4.966678000680041,3.5651139068344104,13.5,13.5,2.5,9.0,13.5,0.0,0.1666666666666666,0.25,6.06511390683441,36.74391960726659,272.15387217487734,,2.0
2026,2026-04-11,KIA,김시훈,3158359,,,2.0,86.8,2.0,12.0,2.0,0.0,3.0,2.0,3.0,3.0,1069.3333333333333,4.864713216957607,3.6013092269326688,13.5,13.5,2.5,9.0,13.5,0.0,0.1666666666666666,0.25,6.101309226932669,35.989575191269324,277.85823941667115,,2.0
2026,2026-04-12,KIA,김시훈,3158359,,,2.0,86.8,2.0,12.0,2.0,0.0,3.0,2.0,3.0,3.0,1155.3333333333333,4.759665320253895,3.5600115406809003,13.5,13.5,2.5,9.0,13.5,0.0,0.1666666666666666,0.25,6.0600115406809,35.21242163493547,283.99069236631686,,2.0
2026,2026-03-29,KIA,최지민,3196605,중계,,1.0,52.9,1.0,3.0,0.0,0.0,0.0,1.0,0.0,0.0,180.0,6.0,4.011111111111111,0.0,0.0,0.0,9.0,0.0,0.0,0.3333333333333333,0.0,2.011111111111111,0.0,0.0,,1.0
2026,2026-03-30,KIA,최지민,3196605,,,1.0,52.9,1.0,3.0,0.0,0.0,0.0,1.0,0.0,0.0,180.0,6.0,4.011111111111111,0.0,0.0,0.0,9.0,0.0,0.0,0.3333333333333333,0.0,2.011111111111111,0.0,0.0,,1.0
2026,2026-03-31,KIA,최지민,3196605,,,1.0,52.9,1.0,3.0,0.0,0.0,0.0,1.0,0.0,0.0,272.0,5.525735294117647,3.871323529411765,0.0,0.0,0.0,9.0,0.0,0.0,0.3333333333333333,0.0,1.8713235294117645,0.0,0.0,,1.0
2026,2026-04-01,KIA,최지민,3196605,중계,,2.0,96.3,1.0,5.0,1.0,0.0,1.0,1.0,0.0,0.0,359.3333333333333,5.760667903525047,4.043599257884972,0.0,0.0,2.0,9.0,9.0,0.0,0.2,0.2,5.043599257884972,0.0,0.0,,1.0
2026,2026-04-02,KIA,최지민,3196605,,,2.0,96.3,1.0,5.0,1.0,0.0,1.0,1.0,0.0,0.0,445.3333333333333,5.719311377245509,4.077844311377246,0.0,0.0,2.0,9.0,9.0,0.0,0.2,0.2,5.077844311377246,0.0,0.0,,1.0
2026,2026-04-03,KIA,최지민,3196605,중계,,3.0,147.2,2.0,9.0,1.0,0.0,2.0,2.0,0.0,0.0,534.3333333333334,5.592014971927635,3.980661260137242,0.0,0.0,1.5,9.0,9.0,0.0,0.2222222222222222,0.2222222222222222,4.980661260137242,0.0,0.0,,2.0
2026,2026-04-04,KIA,최지민,3196605,,,3.0,147.2,2.0,9.0,1.0,0.0,2.0,2.0,0.0,0.0,624.3333333333334,5.477843032568073,3.8873465029364658,0.0,0.0,1.5,9.0,9.0,0.0,0.2222222222222222,0.2222222222222222,4.887346502936466,0.0,0.0,,2.0
2026,2026-04-05,KIA,최지민,3196605,,,3.0,147.2,2.0,9.0,1.0,0.0,2.0,2.0,0.0,0.0,711.3333333333334,5.200093720712277,3.7085285848172447,0.0,0.0,1.5,9.0,9.0,0.0,0.2222222222222222,0.2222222222222222,4.708528584817245,0.0,0.0,,2.0
2026,2026-04-06,KIA,최지민,3196605,,,3.0,147.2,2.0,9.0,1.0,0.0,2.0,2.0,0.0,0.0,711.3333333333334,5.200093720712277,3.7085285848172447,0.0,0.0,1.5,9.0,9.0,0.0,0.2222222222222222,0.2222222222222222,4.708528584817245,0.0,0.0,,2.0
2026,2026-04-07,KIA,최지민,3196605,,,3.0,147.2,2.0,9.0,1.0,0.0,2.0,2.0,0.0,0.0,801.3333333333334,5.031613976705491,3.697587354409318,0.0,0.0,1.5,9.0,9.0,0.0,0.2222222222222222,0.2222222222222222,4.697587354409318,0.0,0.0,,2.0
2026,2026-04-08,KIA,최지민,3196605,중계,,4.0,190.1,2.1,13.0,2.0,0.0,4.0,2.0,0.0,0.0,888.3333333333334,4.984615384615385,3.578611632270169,0.0,0.0,2.571428571428571,7.7142857142857135,15.428571428571429,0.0,0.1538461538461538,0.3076923076923077,7.007183060841598,0.0,0.0,,2.333333333333333
2026,2026-04-09,KIA,최지민,3196605,,,4.0,190.1,2.1,13.0,2.0,0.0,4.0,2.0,0.0,0.0,888.3333333333334,4.984615384615385,3.578611632270169,0.0,0.0,2.571428571428571,7.7142857142857135,15.428571428571429,0.0,0.1538461538461538,0.3076923076923077,7.007183060841598,0.0,0.0,,2.333333333333333
2026,2026-04-10,KIA,최지민,3196605,,,4.0,190.1,2.1,13.0,2.0,0.0,4.0,2.0,0.0,0.0,980.3333333333334,4.966678000680041,3.5651139068344104,0.0,0.0,2.571428571428571,7.7142857142857135,15.428571428571429,0.0,0.1538461538461538,0.3076923076923077,6.993685335405839,0.0,0.0,,2.333333333333333
2026,2026-04-11,KIA,최지민,3196605,,,4.0,190.1,2.1,13.0,2.0,0.0,4.0,2.0,0.0,0.0,1069.3333333333333,4.864713216957607,3.6013092269326688,0.0,0.0,2.571428571428571,7.7142857142857135,15.428571428571429,0.0,0.1538461538461538,0.3076923076923077,7.029880655504098,0.0,0.0,,2.333333333333333
2026,2026-04-12,KIA,최지민,3196605,,,4.0,190.1,2.1,13.0,2.0,0.0,4.0,2.0,0.0,0.0,1155.3333333333333,4.759665320253895,3.5600115406809003,0.0,0.0,2.571428571428571,7.7142857142857135,15.428571428571429,0.0,0.1538461538461538,0.3076923076923077,6.988582969252329,0.0,0.0,,2.333333333333333
2026,2026-03-28,KT,박영현,3198300,중계,세,1.0,51.9,1.2,7.0,0.0,0.0,2.0,1.0,0.0,0.0,92.0,5.869565217391305,4.445652173913044,0.0,0.0,1.2,5.4,10.8,0.0,0.1428571428571428,0.2857142857142857,6.845652173913043,0.0,0.0,,1.6666666666666667
2026,2026-03-29,KT,박영현,3198300,중계,세,2.0,102.8,2.2,11.0,1.0,0.0,2.0,2.0,0.0,0.0,180.0,6.0,4.011111111111111,0.0,0.0,1.125,6.75,6.75,0.0,0.1818181818181818,0.1818181818181818,4.761111111111111,0.0,0.0,,2.6666666666666665
2026,2026-03-30,KT,박영현,3198300,,,2.0,102.8,2.2,11.0,1.0,0.0,2.0,2.0,0.0,0.0,180.0,6.0,4.011111111111111,0.0,0.0,1.125,6.75,6.75,0.0,0.1818181818181818,0.1818181818181818,4.761111111111111,0.0,0.0,,2.6666666666666665
2026,2026-03-31,KT,박영현,3198300,,,2.0,102.8,2.2,11.0,1.0,0.0,2.0,2.0,0.0,0.0,272.0,5.525735294117647,3.871323529411765,0.0,0.0,1.125,6.75,6.75,0.0,0.1818181818181818,0.1818181818181818,4.6213235294117645,0.0,0.0,,2.6666666666666665
2026,2026-04-01,KT,박영현,3198300,중계,승,3.0,149.7,3.0,13.0,1.0,0.0,3.0,2.0,0.0,0.0,359.3333333333333,5.760667903525047,4.043599257884972,0.0,0.0,1.3333333333333333,6.0,9.0,0.0,0.1538461538461538,0.2307692307692307,5.710265924551639,0.0,0.0,,3.0
2026,2026-04-02,KT,박영현,3198300,,,3.0,149.7,3.0,13.0,1.0,0.0,3.0,2.0,0.0,0.0,445.3333333333333,5.719311377245509,4.077844311377246,0.0,0.0,1.3333333333333333,6.0,9.0,0.0,0.1538461538461538,0.2307692307692307,5.7445109780439125,0.0,0.0,,3.0
2026,2026-04-03,KT,박영현,3198300,,,3.0,149.7,3.0,13.0,1.0,0.0,3.0,2.0,0.0,0.0,534.3333333333334,5.592014971927635,3.980661260137242,0.0,0.0,1.3333333333333333,6.0,9.0,0.0,0.1538461538461538,0.2307692307692307,5.647327926803909,0.0,0.0,,3.0
2026,2026-04-04,KT,박영현,3198300,,,3.0,149.7,3.0,13.0,1.0,0.0,3.0,2.0,0.0,0.0,624.3333333333334,5.477843032568073,3.8873465029364658,0.0,0.0,1.3333333333333333,6.0,9.0,0.0,0.1538461538461538,0.2307692307692307,5.554013169603133,0.0,0.0,,3.0
2026,2026-04-05,KT,박영현,3198300,중계,세,4.0,201.6,4.0,16.0,1.0,0.0,3.0,2.0,0.0,0.0,711.3333333333334,5.200093720712277,3.7085285848172447,0.0,0.0,1.0,4.5,6.75,0.0,0.125,0.1875,4.958528584817245,0.0,0.0,,4.0
2026,2026-04-06,KT,박영현,3198300,,,4.0,201.6,4.0,16.0,1.0,0.0,3.0,2.0,0.0,0.0,711.3333333333334,5.200093720712277,3.7085285848172447,0.0,0.0,1.0,4.5,6.75,0.0,0.125,0.1875,4.958528584817245,0.0,0.0,,4.0
2026,2026-04-07,KT,박영현,3198300,중계,세,5.0,245.0,5.1,23.0,4.0,0.0,3.0,4.0,2.0,2.0,801.3333333333334,5.031613976705491,3.697587354409318,3.375,3.375,1.3125,6.75,5.0625,0.0,0.1739130434782608,0.1304347826086956,3.885087354409318,153.50080522187776,65.14623806399908,,5.333333333333333
2026,2026-04-08,KT,박영현,3198300,,,5.0,245.0,5.1,23.0,4.0,0.0,3.0,4.0,2.0,2.0,888.3333333333334,4.984615384615385,3.578611632270169,3.375,3.375,1.3125,6.75,5.0625,0.0,0.1739130434782608,0.1304347826086956,3.766111632270169,152.0670064917833,65.76048434635513,,5.333333333333333
2026,2026-04-09,KT,박영현,3198300,,,5.0,245.0,5.1,23.0,4.0,0.0,3.0,4.0,2.0,2.0,888.3333333333334,4.984615384615385,3.578611632270169,3.375,3.375,1.3125,6.75,5.0625,0.0,0.1739130434782608,0.1304347826086956,3.766111632270169,152.0670064917833,65.76048434635513,,5.333333333333333
2026,2026-04-10,KT,박영현,3198300,중계,,6.0,296.9,6.1,27.0,5.0,0.0,3.0,6.0,2.0,2.0,980.3333333333334,4.966678000680041,3.5651139068344104,2.8421052631578947,2.8421052631578947,1.2631578947368425,8.526315789473685,4.2631578947368425,0.0,0.2222222222222222,0.1111111111111111,3.0914296963080945,179.92974573272207,55.57724743775592,,6.333333333333333
2026,2026-04-11,KT,박영현,3198300,중계,세,7.0,355.3,8.1,33.0,5.0,0.0,3.0,8.0,2.0,2.0,1069.3333333333333,4.864713216957607,3.6013092269326688,2.16,2.16,0.96,8.639999999999999,3.24,0.0,0.2424242424242424,0.0909090909090909,2.761309226932669,231.8892479858419,43.12403480048611,,8.333333333333334
2026,2026-04-12,KT,박영현,3198300,,,7.0,355.3,8.1,33.0,5.0,0.0,3.0,8.0,2.0,2.0,1155.3333333333333,4.759665320253895,3.5600115406809003,2.16,2.16,0.96,8.639999999999999,3.24,0.0,0.2424242424242424,0.0909090909090909,2.7200115406809005,226.8818659095039,44.07580112193139,,8.333333333333334
2026,2026-04-01,LG,송승기,3207349,선발,,1.0,53.900000000000006,4.1,17.0,4.0,1.0,1.0,4.0,1.0,1.0,359.3333333333333,5.760667903525047,4.043599257884972,2.076923076923077,2.076923076923077,1.153846153846154,8.307692307692308,2.076923076923077,2.076923076923077,0.2352941176470588,0.0588235294117647,5.889753104038819,264.47457613872405,37.81081775797887,,4.333333333333333
2026,2026-04-02,LG,송승기,3207349,,,1.0,53.900000000000006,4.1,17.0,4.0,1.0,1.0,4.0,1.0,1.0,445.3333333333333,5.719311377245509,4.077844311377246,2.076923076923077,2.076923076923077,1.153846153846154,8.307692307692308,2.076923076923077,2.076923076923077,0.2352941176470588,0.0588235294117647,5.923998157531091,262.5758814141665,38.08422900893471,,4.333333333333333
2026,2026-04-03,LG,송승기,3207349,,,1.0,53.900000000000006,4.1,17.0,4.0,1.0,1.0,4.0,1.0,1.0,534.3333333333334,5.592014971927635,3.980661260137242,2.076923076923077,2.076923076923077,1.153846153846154,8.307692307692308,2.076923076923077,2.076923076923077,0.2352941176470588,0.0588235294117647,5.826815106291088,256.7316523413837,38.95117687593388,,4.333333333333333
2026,2026-04-04,LG,송승기,3207349,,,1.0,53.900000000000006,4.1,17.0,4.0,1.0,1.0,4.0,1.0,1.0,624.3333333333334,5.477843032568073,3.8873465029364658,2.076923076923077,2.076923076923077,1.153846153846154,8.307692307692308,2.076923076923077,2.076923076923077,0.2352941176470588,0.0588235294117647,5.733500349090312,251.48997276971815,39.76301675119548,,4.333333333333333
2026,2026-04-05,LG,송승기,3207349,,,1.0,53.900000000000006,4.1,17.0,4.0,1.0,1.0,4.0,1.0,1.0,711.3333333333334,5.200093720712277,3.7085285848172447,2.076923076923077,2.076923076923077,1.153846153846154,8.307692307692308,2.076923076923077,2.076923076923077,0.2352941176470588,0.0588235294117647,5.554682430971091,238.7383903566904,41.88685357666759,,4.333333333333333
2026,2026-04-06,LG,송승기,3207349,,,1.0,53.900000000000006,4.1,17.0,4.0,1.0,1.0,4.0,1.0,1.0,711.3333333333334,5.200093720712277,3.7085285848172447,2.076923076923077,2.076923076923077,1.153846153846154,8.307692307692308,2.076923076923077,2.076923076923077,0.2352941176470588,0.0588235294117647,5.554682430971091,238.7383903566904,41.88685357666759,,4.333333333333333
2026,2026-04-07,LG,송승기,3207349,선발,승,2.0,115.8,9.1,38.0,8.0,1.0,3.0,8.0,1.0,1.0,801.3333333333334,5.031613976705491,3.697587354409318,0.9642857142857142,0.9642857142857142,1.1785714285714286,7.7142857142857135,2.892857142857143,0.9642857142857142,0.2105263157894736,0.0789473684210526,4.340444497266461,497.5458226763531,20.098651308554683,,9.333333333333334
2026,2026-04-08,LG,송승기,3207349,,,2.0,115.8,9.1,38.0,8.0,1.0,3.0,8.0,1.0,1.0,888.3333333333334,4.984615384615385,3.578611632270169,0.9642857142857142,0.9642857142857142,1.1785714285714286,7.7142857142857135,2.892857142857143,0.9642857142857142,0.2105263157894736,0.0789473684210526,4.221468775127312,492.8984166403652,20.288156062989195,,9.333333333333334
2026,2026-04-09,LG,송승기,3207349,,,2.0,115.8,9.1,38.0,8.0,1.0,3.0,8.0,1.0,1.0,888.3333333333334,4.984615384615385,3.578611632270169,0.9642857142857142,0.9642857142857142,1.1785714285714286,7.7142857142857135,2.892857142857143,0.9642857142857142,0.2105263157894736,0.0789473684210526,4.221468775127312,492.8984166403652,20.288156062989195,,9.333333333333334
2026,2026-04-10,LG,송승기,3207349,,,2.0,115.8,9.1,38.0,8.0,1.0,3.0,8.0,1.0,1.0,980.3333333333334,4.966678000680041,3.5651139068344104,0.9642857142857142,0.9642857142857142,1.1785714285714286,7.7142857142857135,2.892857142857143,0.9642857142857142,0.2105263157894736,0.0789473684210526,4.207971049691553,491.12469741466737,20.36142766315981,,9.333333333333334
2026,2026-04-11,LG,송승기,3207349,,,2.0,115.8,9.1,38.0,8.0,1.0,3.0,8.0,1.0,1.0,1069.3333333333333,4.864713216957607,3.6013092269326688,0.9642857142857142,0.9642857142857142,1.1785714285714286,7.7142857142857135,2.892857142857143,0.9642857142857142,0.2105263157894736,0.0789473684210526,4.244166369789811,481.04201769478703,20.788204838989408,,9.333333333333334
2026,2026-04-12,LG,송승기,3207349,,,2.0,115.8,9.1,38.0,8.0,1.0,3.0,8.0,1.0,1.0,1155.3333333333333,4.759665320253895,3.5600115406809003,0.9642857142857142,0.9642857142857142,1.1785714285714286,7.7142857142857135,2.892857142857143,0.9642857142857142,0.2105263157894736,0.0789473684210526,4.202868683538043,470.6544676108893,21.247009617823156,,9.333333333333334
2026,2026-04-02,SSG,한두솔,3213242,중계,,1.0,47.4,2.0,10.0,4.0,0.0,0.0,2.0,1.0,1.0,445.3333333333333,5.719311377245509,4.077844311377246,4.5,4.5,2.0,9.0,0.0,0.0,0.2,0.0,2.0778443113772456,130.73116945466168,76.49285202384775,,2.0
2026,2026-04-03,SSG,한두솔,3213242,,,1.0,47.4,2.0,10.0,4.0,0.0,0.0,2.0,1.0,1.0,534.3333333333334,5.592014971927635,3.980661260137242,4.5,4.5,2.0,9.0,0.0,0.0,0.2,0.0,1.980661260137242,127.82144714075,78.2341322500327,,2.0
2026,2026-04-04,SSG,한두솔,3213242,,,1.0,47.4,2.0,10.0,4.0,0.0,0.0,2.0,1.0,1.0,624.3333333333334,5.477843032568073,3.8873465029364658,4.5,4.5,2.0,9.0,0.0,0.0,0.2,0.0,1.8873465029364656,125.21172191914984,79.86472709365881,,2.0
2026,2026-04-05,SSG,한두솔,3213242,,,1.0,47.4,2.0,10.0,4.0,0.0,0.0,2.0,1.0,1.0,711.3333333333334,5.200093720712277,3.7085285848172447,4.5,4.5,2.0,9.0,0.0,0.0,0.2,0.0,1.708528584817245,118.86296942796736,84.13049117084476,,2.0
2026,2026-04-06,SSG,한두솔,3213242,,,1.0,47.4,2.0,10.0,4.0,0.0,0.0,2.0,1.0,1.0,711.3333333333334,5.200093720712277,3.7085285848172447,4.5,4.5,2.0,9.0,0.0,0.0,0.2,0.0,1.708528584817245,118.86296942796736,84.13049117084476,,2.0
2026,2026-04-07,SSG,한두솔,3213242,중계,,2.0,88.3,3.0,16.0,5.0,0.0,2.0,3.0,3.0,3.0,801.3333333333334,5.031613976705491,3.697587354409318,9.0,9.0,2.333333333333333,9.0,6.0,0.0,0.1875,0.125,3.697587354409318,57.50594223949466,173.8950725883781,,3.0
2026,2026-04-08,SSG,한두솔,3213242,,,2.0,88.3,3.0,16.0,5.0,0.0,2.0,3.0,3.0,3.0,888.3333333333334,4.984615384615385,3.578611632270169,9.0,9.0,2.333333333333333,9.0,6.0,0.0,0.1875,0.125,3.578611632270169,56.9687988229719,175.53468225781924,,3.0
2026,2026-04-09,SSG,한두솔,3213242,,,2.0,88.3,3.0,16.0,5.0,0.0,2.0,3.0,3.0,3.0,888.3333333333334,4.984615384615385,3.578611632270169,9.0,9.0,2.333333333333333,9.0,6.0,0.0,0.1875,0.125,3.578611632270169,56.9687988229719,175.53468225781924,,3.0
2026,2026-04-10,SSG,한두솔,3213242,중계,,3.0,136.7,5.0,26.0,7.0,0.0,3.0,4.0,4.0,3.0,980.3333333333334,4.966678000680041,3.5651139068344104,5.4,7.2,2.0,7.2,5.4,0.0,0.1538461538461538,0.1153846153846153,3.7651139068344106,94.60632299150924,105.701180257238,,5.0
2026,2026-04-11,SSG,한두솔,3213242,,,3.0,136.7,5.0,26.0,7.0,0.0,3.0,4.0,4.0,3.0,1069.3333333333333,4.864713216957607,3.6013092269326688,5.4,7.2,2.0,7.2,5.4,0.0,0.1538461538461538,0.1153846153846153,3.801309226932669,92.6640764312766,107.91668557141884,,5.0
2026,2026-04-12,SSG,한두솔,3213242,중계,,4.0,184.6,6.0,31.0,9.0,0.0,3.0,4.0,4.0,3.0,1155.3333333333333,4.759665320253895,3.5600115406809003,4.5,6.0,2.0,6.0,4.5,0.0,0.1290322580645161,0.0967741935483871,3.726678207347567,108.79572250694022,91.91537837677475,,6.0
2026,2026-03-28,롯데,정철원,3213352,중계,홀드,1.0,53.9,1.0,3.0,0.0,0.0,0.0,2.0,0.0,0.0,92.0,5.869565217391305,4.445652173913044,0.0,0.0,0.0,18.0,0.0,0.0,0.6666666666666666,0.0,0.4456521739130439,0.0,0.0,,1.0
2026,2026-03-29,롯데,정철원,3213352,중계,,2.0,97.8,2.0,9.0,2.0,0.0,1.0,3.0,1.0,1.0,180.0,6.0,4.011111111111111,4.5,4.5,1.5,13.5,4.5,0.0,0.3333333333333333,0.1111111111111111,2.511111111111111,140.17382905822794,71.33999311559091,,2.0
2026,2026-03-30,롯데,정철원,3213352,,,2.0,97.8,2.0,9.0,2.0,0.0,1.0,3.0,1.0,1.0,180.0,6.0,4.011111111111111,4.5,4.5,1.5,13.5,4.5,0.0,0.3333333333333333,0.1111111111111111,2.511111111111111,140.17382905822794,71.33999311559091,,2.0
2026,2026-03-31,롯데,정철원,3213352,,,2.0,97.8,2.0,9.0,2.0,0.0,1.0,3.0,1.0,1.0,272.0,5.525735294117647,3.871323529411765,4.5,4.5,1.5,13.5,4.5,0.0,0.3333333333333333,0.1111111111111111,2.3713235294117645,129.09391242311065,77.46298653668954,,2.0
2026,2026-04-01,롯데,정철원,3213352,중계,,3.0,135.7,3.0,14.0,4.0,1.0,1.0,3.0,3.0,3.0,359.3333333333333,5.760667903525047,4.043599257884972,9.0,9.0,1.6666666666666667,9.0,3.0,3.0,0.2142857142857142,0.0714285714285714,7.376932591218306,67.29123983082836,148.607753775086,,3.0
2026,2026-04-02,롯데,정철원,3213352,,,3.0,135.7,3.0,14.0,4.0,1.0,1.0,3.0,3.0,3.0,445.3333333333333,5.719311377245509,4.077844311377246,9.0,9.0,1.6666666666666667,9.0,3.0,3.0,0.2142857142857142,0.0714285714285714,7.411177644710579,66.80814794373252,149.68234126804785,,3.0
2026,2026-04-03,롯데,정철원,3213352,,,3.0,135.7,3.0,14.0,4.0,1.0,1.0,3.0,3.0,3.0,534.3333333333334,5.592014971927635,3.980661260137242,9.0,9.0,1.6666666666666667,9.0,3.0,3.0,0.2142857142857142,0.0714285714285714,7.313994593470575,65.32117923050298,153.08970410213152,,3.0
2026,2026-04-04,롯데,정철원,3213352,중계,패,4.0,179.6,4.0,20.0,7.0,1.0,1.0,4.0,4.0,4.0,624.3333333333334,5.477843032568073,3.8873465029364658,9.0,9.0,2.0,9.0,2.25,2.25,0.2,0.05,5.887346502936466,63.9875194045835,156.2804761467857,,4.0
2026,2026-04-05,롯데,정철원,3213352,중계,,5.0,229.5,5.0,23.0,7.0,1.0,2.0,4.0,4.0,4.0,711.3333333333334,5.200093720712277,3.7085285848172447,7.2,7.2,1.8,7.2,3.6,1.8,0.1739130434782608,0.0869565217391304,5.908528584817245,75.92885919727993,131.70222897749318,,5.0
2026,2026-04-06,롯데,정철원,3213352,,,5.0,229.5,5.0,23.0,7.0,1.0,2.0,4.0,4.0,4.0,711.3333333333334,5.200093720712277,3.7085285848172447,7.2,7.2,1.8,7.2,3.6,1.8,0.1739130434782608,0.0869565217391304,5.908528584817245,75.92885919727993,131.70222897749318,,5.0
2026,2026-04-07,롯데,정철원,3213352,,,5.0,229.5,5.0,23.0,7.0,1.0,2.0,4.0,4.0,4.0,801.3333333333334,5.031613976705491,3.697587354409318,7.2,7.2,1.8,7.2,3.6,1.8,0.1739130434782608,0.0869565217391304,5.897587354409318,73.46881223517772,136.11217734117506,,5.0
2026,2026-04-08,롯데,정철원,3213352,,,5.0,229.5,5.0,23.0,7.0,1.0,2.0,4.0,4.0,4.0,888.3333333333334,4.984615384615385,3.578611632270169,7.2,7.2,1.8,7.2,3.6,1.8,0.1739130434782608,0.0869565217391304,5.778611632270169,72.78256508792606,137.3955422966936,,5.0
2026,2026-04-09,롯데,정철원,3213352,,,5.0,229.5,5.0,23.0,7.0,1.0,2.0,4.0,4.0,4.0,888.3333333333334,4.984615384615385,3.578611632270169,7.2,7.2,1.8,7.2,3.6,1.8,0.1739130434782608,0.0869565217391304,5.778611632270169,72.78256508792606,137.3955422966936,,5.0
2026,2026-04-10,롯데,정철원,3213352,,,5.0,229.5,5.0,23.0,7.0,1.0,2.0,4.0,4.0,4.0,980.3333333333334,4.966678000680041,3.5651139068344104,7.2,7.2,1.8,7.2,3.6,1.8,0.1739130434782608,0.0869565217391304,5.765113906834411,72.52065344318598,137.89175255893392,,5.0
2026,2026-04-11,롯데,정철원,3213352,,,5.0,229.5,5.0,23.0,7.0,1.0,2.0,4.0,4.0,4.0,1069.3333333333333,4.864713216957607,3.6013092269326688,7.2,7.2,1.8,7.2,3.6,1.8,0.1739130434782608,0.0869565217391304,5.801309226932669,71.03182071782477,140.7819748803172,,5.0
2026,2026-04-12,롯데,정철원,3213352,중계,,6.0,280.4,6.0,27.0,7.0,1.0,3.0,5.0,4.0,4.0,1155.3333333333333,4.759665320253895,3.5600115406809003,6.0,6.0,1.6666666666666667,7.5,4.5,1.5,0.1851851851851851,0.1111111111111111,5.5600115406809,83.39756412195567,119.9075788997457,,6.0
2026,2026-04-07,KIA,한재승,3213928,중계,,1.0,51.9,1.0,3.0,0.0,0.0,0.0,0.0,0.0,0.0,801.3333333333334,5.031613976705491,3.697587354409318,0.0,0.0,0.0,0.0,0.0,0.0,0.0,0.0,3.697587354409318,0.0,0.0,,1.0
2026,2026-04-08,KIA,한재승,3213928,중계,,2.0,101.8,2.0,7.0,1.0,0.0,0.0,0.0,0.0,0.0,888.3333333333334,4.984615384615385,3.578611632270169,0.0,0.0,0.5,0.0,0.0,0.0,0.0,0.0,3.578611632270169,0.0,0.0,,2.0
2026,2026-04-09,KIA,한재승,3213928,,,2.0,101.8,2.0,7.0,1.0,0.0,0.0,0.0,0.0,0.0,888.3333333333334,4.984615384615385,3.578611632270169,0.0,0.0,0.5,0.0,0.0,0.0,0.0,0.0,3.578611632270169,0.0,0.0,,2.0
2026,2026-04-10,KIA,한재승,3213928,,,2.0,101.8,2.0,7.0,1.0,0.0,0.0,0.0,0.0,0.0,980.3333333333334,4.966678000680041,3.5651139068344104,0.0,0.0,0.5,0.0,0.0,0.0,0.0,0.0,3.5651139068344104,0.0,0.0,,2.0
2026,2026-04-11,KIA,한재승,3213928,,,2.0,101.8,2.0,7.0,1.0,0.0,0.0,0.0,0.0,0.0,1069.3333333333333,4.864713216957607,3.6013092269326688,0.0,0.0,0.5,0.0,0.0,0.0,0.0,0.0,3.6013092269326688,0.0,0.0,,2.0
2026,2026-04-12,KIA,한재승,3213928,중계,홀드,3.0,154.7,3.0,10.0,1.0,0.0,0.0,1.0,0.0,0.0,1155.3333333333333,4.759665320253895,3.5600115406809003,0.0,0.0,0.3333333333333333,3.0,0.0,0.0,0.1,0.0,2.893344874014234,0.0,0.0,,3.0
2026,2026-03-28,한화,박준영,3225253,중계,,1.0,49.4,0.2,3.0,0.0,0.0,1.0,1.0,0.0,0.0,92.0,5.869565217391305,4.445652173913044,0.0,0.0,1.5,13.5,13.5,0.0,0.3333333333333333,0.3333333333333333,5.945652173913044,0.0,0.0,,0.6666666666666666
2026,2026-03-29,한화,박준영,3225253,중계,,2.0,103.3,1.2,6.0,0.0,0.0,1.0,3.0,0.0,0.0,180.0,6.0,4.011111111111111,0.0,0.0,0.6,16.2,5.4,0.0,0.5,0.1666666666666666,2.2111111111111112,0.0,0.0,,1.6666666666666667
2026,2026-03-30,한화,박준영,3225253,,,2.0,103.3,1.2,6.0,0.0,0.0,1.0,3.0,0.0,0.0,180.0,6.0,4.011111111111111,0.0,0.0,0.6,16.2,5.4,0.0,0.5,0.1666666666666666,2.2111111111111112,0.0,0.0,,1.6666666666666667
2026,2026-03-31,한화,박준영,3225253,중계,,3.0,140.2,2.2,13.0,2.0,0.0,3.0,5.0,3.0,3.0,272.0,5.525735294117647,3.871323529411765,10.125,10.125,1.875,16.875,10.125,0.0,0.3846153846153846,0.2307692307692307,3.4963235294117645,55.66420302879862,179.6486692682255,,2.6666666666666665
2026,2026-04-01,한화,박준영,3225253,,,3.0,140.2,2.2,13.0,2.0,0.0,3.0,5.0,3.0,3.0,359.3333333333333,5.760667903525047,4.043599257884972,10.125,10.125,1.875,16.875,10.125,0.0,0.3846153846153846,0.2307692307692307,3.668599257884973,58.03082679415711,172.32220446335018,,2.6666666666666665
2026,2026-04-02,한화,박준영,3225253,,,3.0,140.2,2.2,13.0,2.0,0.0,3.0,5.0,3.0,3.0,445.3333333333333,5.719311377245509,4.077844311377246,10.125,10.125,1.875,16.875,10.125,0.0,0.3846153846153846,0.2307692307692307,3.7028443113772456,57.614216523693976,173.5682719192663,,2.6666666666666665
2026,2026-04-03,한화,박준영,3225253,중계,,4.0,180.1,3.0,17.0,4.0,0.0,4.0,5.0,4.0,3.0,534.3333333333334,5.592014971927635,3.980661260137242,9.0,12.0,2.6666666666666665,15.0,12.0,0.0,0.2941176470588235,0.2352941176470588,4.647327926803909,63.37336484475264,157.79499833245808,,3.0
2026,2026-04-04,한화,박준영,3225253,중계,,5.0,225.0,3.1,20.0,6.0,0.0,4.0,5.0,4.0,3.0,624.3333333333334,5.477843032568073,3.8873465029364658,8.1,10.8,3.0,13.5,10.8,0.0,0.25,0.2,4.487346502936465,68.97719273880114,144.97545642176863,,3.333333333333333
2026,2026-04-05,한화,박준영,3225253,,,5.0,225.0,3.1,20.0,6.0,0.0,4.0,5.0,4.0,3.0,711.3333333333334,5.200093720712277,3.7085285848172447,8.1,10.8,3.0,13.5,10.8,0.0,0.25,0.2,4.308528584817244,65.47976360418701,152.71893863954884,,3.333333333333333
2026,2026-04-06,한화,박준영,3225253,,,5.0,225.0,3.1,20.0,6.0,0.0,4.0,5.0,4.0,3.0,711.3333333333334,5.200093720712277,3.7085285848172447,8.1,10.8,3.0,13.5,10.8,0.0,0.25,0.2,4.308528584817244,65.47976360418701,152.71893863954884,,3.333333333333333
2026,2026-04-07,한화,박준영,3225253,,,5.0,225.0,3.1,20.0,6.0,0.0,4.0,5.0,4.0,3.0,801.3333333333334,5.031613976705491,3.697587354409318,8.1,10.8,3.0,13.5,10.8,0.0,0.25,0.2,4.297587354409318,63.35826072324524,157.83261544506294,,3.333333333333333
2026,2026-04-08,한화,박준영,3225253,,,5.0,225.0,3.1,20.0,6.0,0.0,4.0,5.0,4.0,3.0,888.3333333333334,4.984615384615385,3.578611632270169,8.1,10.8,3.0,13.5,10.8,0.0,0.25,0.2,4.178611632270169,62.76645279341273,159.32077654465587,,3.333333333333333
2026,2026-04-09,한화,박준영,3225253,,,5.0,225.0,3.1,20.0,6.0,0.0,4.0,5.0,4.0,3.0,888.3333333333334,4.984615384615385,3.578611632270169,8.1,10.8,3.0,13.5,10.8,0.0,0.25,0.2,4.178611632270169,62.76645279341273,159.32077654465587,,3.333333333333333
2026,2026-04-10,한화,박준영,3225253,중계,,6.0,271.9,3.2,21.0,6.0,0.0,5.0,5.0,4.0,3.0,980.3333333333334,4.966678000680041,3.5651139068344104,7.363636363636364,9.818181818181818,3.0,12.272727272727272,12.272727272727272,0.0,0.238095238095238,0.238095238095238,4.928750270470774,68.7946430842229,145.36015526321356,,3.6666666666666665
2026,2026-04-11,한화,박준영,3225253,,,6.0,271.9,3.2,21.0,6.0,0.0,5.0,5.0,4.0,3.0,1069.3333333333333,4.864713216957607,3.6013092269326688,7.363636363636364,9.818181818181818,3.0,12.272727272727272,12.272727272727272,0.0,0.238095238095238,0.238095238095238,4.964945590569032,67.3823045145825,148.40691591122203,,3.6666666666666665
2026,2026-04-12,한화,박준영,3225253,중계,,7.0,313.8,4.2,26.0,7.0,1.0,6.0,6.0,5.0,4.0,1155.3333333333333,4.759665320253895,3.5600115406809003,7.7142857142857135,9.642857142857142,2.7857142857142856,11.571428571428571,11.571428571428571,1.9285714285714284,0.2307692307692307,0.2307692307692307,7.631440112109471,62.93056732845034,158.90528918653322,,4.666666666666667
2026,2026-03-28,SSG,전영준,3226570,중계,,1.0,54.9,1.0,3.0,0.0,0.0,0.0,3.0,0.0,0.0,92.0,5.869565217391305,4.445652173913044,0.0,0.0,0.0,27.0,0.0,0.0,1.0,0.0,-1.554347826086956,0.0,0.0,,1.0
2026,2026-03-29,SSG,전영준,3226570,중계,,2.0,105.8,2.0,6.0,1.0,0.0,0.0,4.0,0.0,0.0,180.0,6.0,4.011111111111111,0.0,0.0,0.5,18.0,0.0,0.0,0.6666666666666666,0.0,0.011111111111111,0.0,0.0,,2.0
2026,2026-03-30,SSG,전영준,3226570,,,2.0,105.8,2.0,6.0,1.0,0.0,0.0,4.0,0.0,0.0,180.0,6.0,4.011111111111111,0.0,0.0,0.5,18.0,0.0,0.0,0.6666666666666666,0.0,0.011111111111111,0.0,0.0,,2.0
2026,2026-03-31,SSG,전영준,3226570,,,2.0,105.8,2.0,6.0,1.0,0.0,0.0,4.0,0.0,0.0,272.0,5.525735294117647,3.871323529411765,0.0,0.0,0.5,18.0,0.0,0.0,0.6666666666666666,0.0,-0.1286764705882355,0.0,0.0,,2.0
2026,2026-04-01,SSG,전영준,3226570,,,2.0,105.8,2.0,6.0,1.0,0.0,0.0,4.0,0.0,0.0,359.3333333333333,5.760667903525047,4.043599257884972,0.0,0.0,0.5,18.0,0.0,0.0,0.6666666666666666,0.0,0.0435992578849724,0.0,0.0,,2.0
2026,2026-04-02,SSG,전영준,3226570,중계,,3.0,156.7,3.0,9.0,1.0,0.0,1.0,5.0,0.0,0.0,445.3333333333333,5.719311377245509,4.077844311377246,0.0,0.0,0.6666666666666666,15.0,3.0,0.0,0.5555555555555556,0.1111111111111111,1.744510978043912,0.0,0.0,,3.0
2026,2026-04-03,SSG,전영준,3226570,,,3.0,156.7,3.0,9.0,1.0,0.0,1.0,5.0,0.0,0.0,534.3333333333334,5.592014971927635,3.980661260137242,0.0,0.0,0.6666666666666666,15.0,3.0,0.0,0.5555555555555556,0.1111111111111111,1.6473279268039085,0.0,0.0,,3.0
2026,2026-04-04,SSG,전영준,3226570,중계,,4.0,199.6,4.2,16.0,2.0,1.0,2.0,7.0,2.0,2.0,624.3333333333334,5.477843032568073,3.8873465029364658,3.8571428571428568,3.8571428571428568,0.8571428571428571,13.5,3.8571428571428568,1.9285714285714284,0.4375,0.125,4.958775074365037,146.08034223900816,68.45548036599325,,4.666666666666667
2026,2026-04-05,SSG,전영준,3226570,중계,,5.0,252.5,5.2,19.0,2.0,1.0,2.0,8.0,2.0,2.0,711.3333333333334,5.200093720712277,3.7085285848172447,3.176470588235294,3.176470588235294,0.7058823529411764,12.705882352941176,3.176470588235294,1.588235294117647,0.4210526315789473,0.1052631578947368,4.237940349523127,168.3892066896205,59.38622906177277,,5.666666666666667
2026,2026-04-06,SSG,전영준,3226570,,,5.0,252.5,5.2,19.0,2.0,1.0,2.0,8.0,2.0,2.0,711.3333333333334,5.200093720712277,3.7085285848172447,3.176470588235294,3.176470588235294,0.7058823529411764,12.705882352941176,3.176470588235294,1.588235294117647,0.4210526315789473,0.1052631578947368,4.237940349523127,168.3892066896205,59.38622906177277,,5.666666666666667
2026,2026-04-07,SSG,전영준,3226570,중계,,6.0,310.9,7.2,26.0,3.0,1.0,2.0,12.0,2.0,2.0,801.3333333333334,5.031613976705491,3.697587354409318,2.347826086956521,2.347826086956521,0.6521739130434783,14.086956521739127,2.347826086956521,1.1739130434782608,0.4615384615384615,0.0769230769230769,3.04541344136584,220.43944525139617,45.36393197957689,,7.666666666666667
2026,2026-04-08,SSG,전영준,3226570,,,6.0,310.9,7.2,26.0,3.0,1.0,2.0,12.0,2.0,2.0,888.3333333333334,4.984615384615385,3.578611632270169,2.347826086956521,2.347826086956521,0.6521739130434783,14.086956521739127,2.347826086956521,1.1739130434782608,0.4615384615384615,0.0769230769230769,2.9264377192266906,218.38039548805892,45.79165624117024,,7.666666666666667
2026,2026-04-09,SSG,전영준,3226570,,,6.0,310.9,7.2,26.0,3.0,1.0,2.0,12.0,2.0,2.0,888.3333333333334,4.984615384615385,3.578611632270169,2.347826086956521,2.347826086956521,0.6521739130434783,14.086956521739127,2.347826086956521,1.1739130434782608,0.4615384615384615,0.0769230769230769,2.9264377192266906,218.38039548805892,45.79165624117024,,7.666666666666667
2026,2026-04-10,SSG,전영준,3226570,중계,,7.0,338.3,7.2,30.0,3.0,1.0,6.0,12.0,6.0,6.0,980.3333333333334,4.966678000680041,3.5651139068344104,7.0434782608695645,7.0434782608695645,1.1739130434782608,14.086956521739127,7.0434782608695645,1.1739130434782608,0.4,0.2,4.47815738509528,72.53151429349045,137.8711046833539,,7.666666666666667
2026,2026-04-11,SSG,전영준,3226570,,,7.0,338.3,7.2,30.0,3.0,1.0,6.0,12.0,6.0,6.0,1069.3333333333333,4.864713216957607,3.6013092269326688,7.0434782608695645,7.0434782608695645,1.1739130434782608,14.086956521739127,7.0434782608695645,1.1739130434782608,0.4,0.2,4.514352705193538,71.04245859731208,140.76089422358976,,7.666666666666667
2026,2026-04-12,SSG,전영준,3226570,,,7.0,338.3,7.2,30.0,3.0,1.0,6.0,12.0,6.0,6.0,1155.3333333333333,4.759665320253895,3.5600115406809003,7.0434782608695645,7.0434782608695645,1.1739130434782608,14.086956521739127,7.0434782608695645,1.1739130434782608,0.4,0.2,4.4730550189417695,69.50837826832293,143.8675487636474,,7.666666666666667
2026,2026-03-28,SSG,박시후,3238123,중계,,1.0,53.9,1.0,3.0,0.0,0.0,0.0,2.0,0.0,0.0,92.0,5.869565217391305,4.445652173913044,0.0,0.0,0.0,18.0,0.0,0.0,0.6666666666666666,0.0,0.4456521739130439,0.0,0.0,,1.0
2026,2026-03-29,SSG,박시후,3238123,중계,,2.0,90.3,1.0,5.0,1.0,1.0,1.0,2.0,1.0,1.0,180.0,6.0,4.011111111111111,9.0,9.0,2.0,18.0,9.0,9.0,0.4,0.2,16.011111111111113,68.57355413876247,145.82881295264986,,1.0
2026,2026-03-30,SSG,박시후,3238123,,,2.0,90.3,1.0,5.0,1.0,1.0,1.0,2.0,1.0,1.0,180.0,6.0,4.011111111111111,9.0,9.0,2.0,18.0,9.0,9.0,0.4,0.2,16.011111111111113,68.57355413876247,145.82881295264986,,1.0
2026,2026-03-31,SSG,박시후,3238123,,,2.0,90.3,1.0,5.0,1.0,1.0,1.0,2.0,1.0,1.0,272.0,5.525735294117647,3.871323529411765,9.0,9.0,2.0,18.0,9.0,9.0,0.4,0.2,15.871323529411764,63.15321805794117,158.34505837573158,,1.0
2026,2026-04-01,SSG,박시후,3238123,중계,,3.0,133.7,2.1,13.0,3.0,1.0,2.0,4.0,3.0,1.0,359.3333333333333,5.760667903525047,4.043599257884972,3.8571428571428568,11.571428571428571,2.142857142857143,15.428571428571429,7.7142857142857135,3.8571428571428568,0.3076923076923077,0.1538461538461538,8.757884972170686,153.62257258359128,65.09460056437123,,2.333333333333333
2026,2026-04-02,SSG,박시후,3238123,,,3.0,133.7,2.1,13.0,3.0,1.0,2.0,4.0,3.0,1.0,445.3333333333333,5.719311377245509,4.077844311377246,3.8571428571428568,11.571428571428571,2.142857142857143,15.428571428571429,7.7142857142857135,3.8571428571428568,0.3076923076923077,0.1538461538461538,8.79213002566296,152.51969769710533,65.56530173472663,,2.333333333333333
2026,2026-04-03,SSG,박시후,3238123,중계,,4.0,187.1,4.1,21.0,4.0,1.0,3.0,5.0,3.0,1.0,534.3333333333334,5.592014971927635,3.980661260137242,2.076923076923077,6.230769230769231,1.6153846153846154,10.384615384615383,6.230769230769231,2.076923076923077,0.238095238095238,0.1428571428571428,6.749892029368011,276.9464688049584,36.10806103847664,,4.333333333333333
2026,2026-04-04,SSG,박시후,3238123,,,4.0,187.1,4.1,21.0,4.0,1.0,3.0,5.0,3.0,1.0,624.3333333333334,5.477843032568073,3.8873465029364658,2.076923076923077,6.230769230769231,1.6153846153846154,10.384615384615383,6.230769230769231,2.076923076923077,0.238095238095238,0.1428571428571428,6.656577272167235,271.292064158158,36.86064327399638,,4.333333333333333
2026,2026-04-05,SSG,박시후,3238123,,,4.0,187.1,4.1,21.0,4.0,1.0,3.0,5.0,3.0,1.0,711.3333333333334,5.200093720712277,3.7085285848172447,2.076923076923077,6.230769230769231,1.6153846153846154,10.384615384615383,6.230769230769231,2.076923076923077,0.238095238095238,0.1428571428571428,6.477759354048015,257.536433760596,38.82945746346682,,4.333333333333333
2026,2026-04-06,SSG,박시후,3238123,,,4.0,187.1,4.1,21.0,4.0,1.0,3.0,5.0,3.0,1.0,711.3333333333334,5.200093720712277,3.7085285848172447,2.076923076923077,6.230769230769231,1.6153846153846154,10.384615384615383,6.230769230769231,2.076923076923077,0.238095238095238,0.1428571428571428,6.477759354048015,257.536433760596,38.82945746346682,,4.333333333333333
2026,2026-04-07,SSG,박시후,3238123,중계,,5.0,241.0,6.0,27.0,5.0,1.0,3.0,6.0,3.0,1.0,801.3333333333334,5.031613976705491,3.697587354409318,1.5,4.5,1.3333333333333333,9.0,4.5,1.5,0.2222222222222222,0.1111111111111111,5.364254021075984,345.0356534369679,28.98251209806301,,6.0
2026,2026-04-08,SSG,박시후,3238123,,,5.0,241.0,6.0,27.0,5.0,1.0,3.0,6.0,3.0,1.0,888.3333333333334,4.984615384615385,3.578611632270169,1.5,4.5,1.3333333333333333,9.0,4.5,1.5,0.2222222222222222,0.1111111111111111,5.245278298936836,341.8127929378314,29.255780376303207,,6.0
2026,2026-04-09,SSG,박시후,3238123,,,5.0,241.0,6.0,27.0,5.0,1.0,3.0,6.0,3.0,1.0,888.3333333333334,4.984615384615385,3.578611632270169,1.5,4.5,1.3333333333333333,9.0,4.5,1.5,0.2222222222222222,0.1111111111111111,5.245278298936836,341.8127929378314,29.255780376303207,,6.0
2026,2026-04-10,SSG,박시후,3238123,중계,,6.0,293.4,7.1,31.0,5.0,1.0,4.0,7.0,3.0,1.0,980.3333333333334,4.966678000680041,3.5651139068344104,1.2272727272727273,3.681818181818182,1.2272727272727273,8.590909090909092,4.909090909090909,1.2272727272727273,0.2258064516129032,0.1290322580645161,5.06511390683441,416.26782116264064,24.02299551300864,,7.333333333333333
2026,2026-04-11,SSG,박시후,3238123,,,6.0,293.4,7.1,31.0,5.0,1.0,4.0,7.0,3.0,1.0,1069.3333333333333,4.864713216957607,3.6013092269326688,1.2272727272727273,3.681818181818182,1.2272727272727273,8.590909090909092,4.909090909090909,1.2272727272727273,0.2258064516129032,0.1290322580645161,5.101309226932669,407.72193629761705,24.526519448049736,,7.333333333333333
2026,2026-04-12,SSG,박시후,3238123,,,6.0,293.4,7.1,31.0,5.0,1.0,4.0,7.0,3.0,1.0,1155.3333333333333,4.759665320253895,3.5600115406809003,1.2272727272727273,3.681818181818182,1.2272727272727273,8.590909090909092,4.909090909090909,1.2272727272727273,0.2258064516129032,0.1290322580645161,5.0600115406809,398.9176491921141,25.067830466393115,,7.333333333333333
2026,2026-03-31,롯데,이민석,3246699,중계,,1.0,46.9,1.0,5.0,0.0,0.0,2.0,2.0,1.0,1.0,272.0,5.525735294117647,3.871323529411765,9.0,9.0,2.0,18.0,18.0,0.0,0.4,0.4,5.8713235294117645,64.54695621155533,154.92597307337908,,1.0
2026,2026-04-01,롯데,이민석,3246699,,,1.0,46.9,1.0,5.0,0.0,0.0,2.0,2.0,1.0,1.0,359.3333333333333,5.760667903525047,4.043599257884972,9.0,9.0,2.0,18.0,18.0,0.0,0.4,0.4,6.043599257884972,67.29123983082836,148.607753775086,,1.0
2026,2026-04-02,롯데,이민석,3246699,중계,,2.0,85.8,1.1,8.0,1.0,0.0,3.0,2.0,3.0,3.0,445.3333333333333,5.719311377245509,4.077844311377246,20.25,20.25,3.0,13.5,20.25,0.0,0.25,0.375,7.827844311377246,29.692510197214457,336.78526785310765,,1.3333333333333333
2026,2026-04-03,롯데,이민석,3246699,중계,,3.0,118.7,4.1,24.0,6.0,1.0,5.0,4.0,7.0,7.0,534.3333333333334,5.592014971927635,3.980661260137242,14.53846153846154,14.53846153846154,2.5384615384615388,8.307692307692308,10.384615384615383,2.076923076923077,0.1666666666666666,0.2083333333333333,8.596045875521858,40.43692047602565,247.29875278036636,,4.333333333333333
2026,2026-04-04,롯데,이민석,3246699,,,3.0,118.7,4.1,24.0,6.0,1.0,5.0,4.0,7.0,7.0,624.3333333333334,5.477843032568073,3.8873465029364658,14.53846153846154,14.53846153846154,2.5384615384615388,8.307692307692308,10.384615384615383,2.076923076923077,0.1666666666666666,0.2083333333333333,8.502731118321082,39.611321536170735,252.4530768525,,4.333333333333333
2026,2026-04-05,롯데,이민석,3246699,,,3.0,118.7,4.1,24.0,6.0,1.0,5.0,4.0,7.0,7.0,711.3333333333334,5.200093720712277,3.7085285848172447,14.53846153846154,14.53846153846154,2.5384615384615388,8.307692307692308,10.384615384615383,2.076923076923077,0.1666666666666666,0.2083333333333333,8.323913200201861,37.60286360246244,265.93719312763045,,4.333333333333333
2026,2026-04-06,롯데,이민석,3246699,,,3.0,118.7,4.1,24.0,6.0,1.0,5.0,4.0,7.0,7.0,711.3333333333334,5.200093720712277,3.7085285848172447,14.53846153846154,14.53846153846154,2.5384615384615388,8.307692307692308,10.384615384615383,2.076923076923077,0.1666666666666666,0.2083333333333333,8.323913200201861,37.60286360246244,265.93719312763045,,4.333333333333333
2026,2026-04-07,롯데,이민석,3246699,,,3.0,118.7,4.1,24.0,6.0,1.0,5.0,4.0,7.0,7.0,801.3333333333334,5.031613976705491,3.697587354409318,14.53846153846154,14.53846153846154,2.5384615384615388,8.307692307692308,10.384615384615383,2.076923076923077,0.1666666666666666,0.2083333333333333,8.312971969793933,36.38455463075467,274.84189655429583,,4.333333333333333
2026,2026-04-08,롯데,이민석,3246699,,,3.0,118.7,4.1,24.0,6.0,1.0,5.0,4.0,7.0,7.0,888.3333333333334,4.984615384615385,3.578611632270169,14.53846153846154,14.53846153846154,2.5384615384615388,8.307692307692308,10.384615384615383,2.076923076923077,0.1666666666666666,0.2083333333333333,8.193996247654784,36.04469890068718,277.43330656063137,,4.333333333333333
2026,2026-04-09,롯데,이민석,3246699,,,3.0,118.7,4.1,24.0,6.0,1.0,5.0,4.0,7.0,7.0,888.3333333333334,4.984615384615385,3.578611632270169,14.53846153846154,14.53846153846154,2.5384615384615388,8.307692307692308,10.384615384615383,2.076923076923077,0.1666666666666666,0.2083333333333333,8.193996247654784,36.04469890068718,277.43330656063137,,4.333333333333333
2026,2026-04-10,롯데,이민석,3246699,,,3.0,118.7,4.1,24.0,6.0,1.0,5.0,4.0,7.0,7.0,980.3333333333334,4.966678000680041,3.5651139068344104,14.53846153846154,14.53846153846154,2.5384615384615388,8.307692307692308,10.384615384615383,2.076923076923077,0.1666666666666666,0.2083333333333333,8.180498522219025,35.91499027662544,278.43526959015503,,4.333333333333333
2026,2026-04-11,롯데,이민석,3246699,,,3.0,118.7,4.1,24.0,6.0,1.0,5.0,4.0,7.0,7.0,1069.3333333333333,4.864713216957607,3.6013092269326688,14.53846153846154,14.53846153846154,2.5384615384615388,8.307692307692308,10.384615384615383,2.076923076923077,0.1666666666666666,0.2083333333333333,8.216693842317284,35.1776635935894,284.2712954314097,,4.333333333333333
2026,2026-04-12,롯데,이민석,3246699,,,3.0,118.7,4.1,24.0,6.0,1.0,5.0,4.0,7.0,7.0,1155.3333333333333,4.759665320253895,3.5600115406809003,14.53846153846154,14.53846153846154,2.5384615384615388,8.307692307692308,10.384615384615383,2.076923076923077,0.1666666666666666,0.2083333333333333,8.175396156065517,34.41804233604519,290.5452873339992,,4.333333333333333
2026,2026-03-29,두산,최지강,3272934,중계,,1.0,43.4,0.2,4.0,1.0,0.0,1.0,0.0,1.0,1.0,180.0,6.0,4.011111111111111,13.5,13.5,3.0,0.0,13.5,0.0,0.0,0.25,8.511111111111111,42.37883211854991,235.966861286459,,0.6666666666666666
2026,2026-03-30,두산,최지강,3272934,,,1.0,43.4,0.2,4.0,1.0,0.0,1.0,0.0,1.0,1.0,180.0,6.0,4.011111111111111,13.5,13.5,3.0,0.0,13.5,0.0,0.0,0.25,8.511111111111111,42.37883211854991,235.966861286459,,0.6666666666666666
2026,2026-03-31,두산,최지강,3272934,,,1.0,43.4,0.2,4.0,1.0,0.0,1.0,0.0,1.0,1.0,272.0,5.525735294117647,3.871323529411765,13.5,13.5,3.0,0.0,13.5,0.0,0.0,0.25,8.371323529411764,39.029034726826296,256.21950606753234,,0.6666666666666666
2026,2026-04-01,두산,최지강,3272934,중계,,2.0,82.3,1.2,11.0,3.0,0.0,2.0,2.0,4.0,1.0,359.3333333333333,5.760667903525047,4.043599257884972,5.4,21.6,3.0,10.8,10.8,0.0,0.1818181818181818,0.1818181818181818,5.243599257884973,101.7209908225862,98.30812617074504,,1.6666666666666667
2026,2026-04-02,두산,최지강,3272934,,,2.0,82.3,1.2,11.0,3.0,0.0,2.0,2.0,4.0,1.0,445.3333333333333,5.719311377245509,4.077844311377246,5.4,21.6,3.0,10.8,10.8,0.0,0.1818181818181818,0.1818181818181818,5.277844311377246,100.99072362083332,99.01899542323022,,1.6666666666666667
2026,2026-04-03,두산,최지강,3272934,중계,,3.0,109.2,2.0,17.0,8.0,0.0,2.0,2.0,8.0,5.0,534.3333333333334,5.592014971927635,3.980661260137242,22.5,36.0,5.0,9.0,9.0,0.0,0.1176470588235294,0.1176470588235294,4.980661260137242,23.698306369973885,421.97108282261695,,2.0
2026,2026-04-04,두산,최지강,3272934,,,3.0,109.2,2.0,17.0,8.0,0.0,2.0,2.0,8.0,5.0,624.3333333333334,5.477843032568073,3.8873465029364658,22.5,36.0,5.0,9.0,9.0,0.0,0.1176470588235294,0.1176470588235294,4.887346502936466,23.214459024897067,430.76601480461767,,2.0
2026,2026-04-05,두산,최지강,3272934,,,3.0,109.2,2.0,17.0,8.0,0.0,2.0,2.0,8.0,5.0,711.3333333333334,5.200093720712277,3.7085285848172447,22.5,36.0,5.0,9.0,9.0,0.0,0.1176470588235294,0.1176470588235294,4.708528584817245,22.03738987907912,453.7742470805655,,2.0
2026,2026-04-06,두산,최지강,3272934,,,3.0,109.2,2.0,17.0,8.0,0.0,2.0,2.0,8.0,5.0,711.3333333333334,5.200093720712277,3.7085285848172447,22.5,36.0,5.0,9.0,9.0,0.0,0.1176470588235294,0.1176470588235294,4.708528584817245,22.03738987907912,453.7742470805655,,2.0
2026,2026-04-07,두산,최지강,3272934,,,3.0,109.2,2.0,17.0,8.0,0.0,2.0,2.0,8.0,5.0,801.3333333333334,5.031613976705491,3.697587354409318,22.5,36.0,5.0,9.0,9.0,0.0,0.1176470588235294,0.1176470588235294,4.697587354409318,21.32339240041513,468.9685305329426,,2.0
2026,2026-04-08,두산,최지강,3272934,,,3.0,109.2,2.0,17.0,8.0,0.0,2.0,2.0,8.0,5.0,888.3333333333334,4.984615384615385,3.578611632270169,22.5,36.0,5.0,9.0,9.0,0.0,0.1176470588235294,0.1176470588235294,4.578611632270169,21.124217856015647,473.3903081364146,,2.0
2026,2026-04-09,두산,최지강,3272934,,,3.0,109.2,2.0,17.0,8.0,0.0,2.0,2.0,8.0,5.0,888.3333333333334,4.984615384615385,3.578611632270169,22.5,36.0,5.0,9.0,9.0,0.0,0.1176470588235294,0.1176470588235294,4.578611632270169,21.124217856015647,473.3903081364146,,2.0
2026,2026-04-10,두산,최지강,3272934,,,3.0,109.2,2.0,17.0,8.0,0.0,2.0,2.0,8.0,5.0,980.3333333333334,4.966678000680041,3.5651139068344104,22.5,36.0,5.0,9.0,9.0,0.0,0.1176470588235294,0.1176470588235294,4.56511390683441,21.048201317771458,475.0999788070623,,2.0
2026,2026-04-11,두산,최지강,3272934,,,3.0,109.2,2.0,17.0,8.0,0.0,2.0,2.0,8.0,5.0,1069.3333333333333,4.864713216957607,3.6013092269326688,22.5,36.0,5.0,9.0,9.0,0.0,0.1176470588235294,0.1176470588235294,4.601309226932669,20.61608647263373,485.05811290975294,,2.0
2026,2026-04-12,두산,최지강,3272934,,,3.0,109.2,2.0,17.0,8.0,0.0,2.0,2.0,8.0,5.0,1155.3333333333333,4.759665320253895,3.5600115406809003,22.5,36.0,5.0,9.0,9.0,0.0,0.1176470588235294,0.1176470588235294,4.5600115406809,20.170905754752397,495.763557749207,,2.0
2026,2026-03-28,두산,이병헌,3280803,중계,,1.0,40.9,0.1,3.0,1.0,0.0,0.0,0.0,2.0,0.0,92.0,5.869565217391305,4.445652173913044,0.0,54.0,3.0,0.0,0.0,0.0,0.0,0.0,4.445652173913044,0.0,0.0,,0.3333333333333333
2026,2026-03-29,두산,이병헌,3280803,중계,,2.0,92.3,1.0,5.0,1.0,0.0,0.0,1.0,2.0,0.0,180.0,6.0,4.011111111111111,0.0,18.0,1.0,9.0,0.0,0.0,0.2,0.0,2.011111111111111,0.0,0.0,,1.0
2026,2026-03-30,두산,이병헌,3280803,,,2.0,92.3,1.0,5.0,1.0,0.0,0.0,1.0,2.0,0.0,180.0,6.0,4.011111111111111,0.0,18.0,1.0,9.0,0.0,0.0,0.2,0.0,2.011111111111111,0.0,0.0,,1.0
2026,2026-03-31,두산,이병헌,3280803,중계,,3.0,125.7,1.2,10.0,4.0,1.0,0.0,3.0,5.0,3.0,272.0,5.525735294117647,3.871323529411765,16.2,27.0,2.4,16.2,0.0,5.4,0.3,0.0,8.071323529411764,32.524195605688575,307.4634072810388,,1.6666666666666667
2026,2026-04-01,두산,이병헌,3280803,,,3.0,125.7,1.2,10.0,4.0,1.0,0.0,3.0,5.0,3.0,359.3333333333333,5.760667903525047,4.043599257884972,16.2,27.0,2.4,16.2,0.0,5.4,0.3,0.0,8.243599257884973,33.90699694086206,294.92437851223514,,1.6666666666666667
2026,2026-04-02,두산,이병헌,3280803,중계,,4.0,178.6,2.2,13.0,4.0,1.0,0.0,4.0,5.0,3.0,445.3333333333333,5.719311377245509,4.077844311377246,10.125,16.875,1.5,13.5,0.0,3.375,0.3076923076923077,0.0,5.952844311377246,53.86171926444442,185.66061641855669,,2.6666666666666665
2026,2026-04-03,두산,이병헌,3280803,,,4.0,178.6,2.2,13.0,4.0,1.0,0.0,4.0,5.0,3.0,534.3333333333334,5.592014971927635,3.980661260137242,10.125,16.875,1.5,13.5,0.0,3.375,0.3076923076923077,0.0,5.855661260137242,52.66290304438641,189.88698727017763,,2.6666666666666665
2026,2026-04-04,두산,이병헌,3280803,,,4.0,178.6,2.2,13.0,4.0,1.0,0.0,4.0,5.0,3.0,624.3333333333334,5.477843032568073,3.8873465029364658,10.125,16.875,1.5,13.5,0.0,3.375,0.3076923076923077,0.0,5.762346502936466,51.587686721993485,193.84470666207795,,2.6666666666666665
2026,2026-04-05,두산,이병헌,3280803,중계,홀드,5.0,234.5,4.1,18.0,4.0,1.0,0.0,5.0,5.0,3.0,711.3333333333334,5.200093720712277,3.7085285848172447,6.230769230769231,10.384615384615383,0.9230769230769232,10.384615384615383,0.0,2.076923076923077,0.2777777777777778,0.0,4.400836277124937,79.57946345223014,125.66056073000276,,4.333333333333333
2026,2026-04-06,두산,이병헌,3280803,,,5.0,234.5,4.1,18.0,4.0,1.0,0.0,5.0,5.0,3.0,711.3333333333334,5.200093720712277,3.7085285848172447,6.230769230769231,10.384615384615383,0.9230769230769232,10.384615384615383,0.0,2.076923076923077,0.2777777777777778,0.0,4.400836277124937,79.57946345223014,125.66056073000276,,4.333333333333333
2026,2026-04-07,두산,이병헌,3280803,중계,,6.0,283.4,5.1,23.0,5.0,1.0,1.0,6.0,5.0,3.0,801.3333333333334,5.031613976705491,3.697587354409318,5.0625,8.4375,1.125,10.125,1.6875,1.6875,0.2608695652173913,0.0434782608695652,4.447587354409318,94.7706328907339,105.51791936991212,,5.333333333333333
2026,2026-04-08,두산,이병헌,3280803,중계,,7.0,334.3,6.1,27.0,5.0,1.0,2.0,7.0,5.0,3.0,888.3333333333334,4.984615384615385,3.578611632270169,4.2631578947368425,7.105263157894737,1.105263157894737,9.947368421052632,2.8421052631578947,1.4210526315789471,0.2592592592592592,0.074074074074074,4.368085316480696,111.4889275734159,89.69500575216279,,6.333333333333333
2026,2026-04-09,두산,이병헌,3280803,,,7.0,334.3,6.1,27.0,5.0,1.0,2.0,7.0,5.0,3.0,888.3333333333334,4.984615384615385,3.578611632270169,4.2631578947368425,7.105263157894737,1.105263157894737,9.947368421052632,2.8421052631578947,1.4210526315789471,0.2592592592592592,0.074074074074074,4.368085316480696,111.4889275734159,89.69500575216279,,6.333333333333333
2026,2026-04-10,두산,이병헌,3280803,중계,,8.0,375.2,6.2,31.0,7.0,1.0,3.0,8.0,6.0,4.0,980.3333333333334,4.966678000680041,3.5651139068344104,5.4,8.1,1.5,10.8,4.05,1.35,0.2580645161290322,0.0967741935483871,4.465113906834411,87.70083882404775,114.02399491369496,,6.666666666666667
2026,2026-04-11,두산,이병헌,3280803,,,8.0,375.2,6.2,31.0,7.0,1.0,3.0,8.0,6.0,4.0,1069.3333333333333,4.864713216957607,3.6013092269326688,5.4,8.1,1.5,10.8,4.05,1.35,0.2580645161290322,0.0967741935483871,4.501309226932669,85.90036030264055,116.41394709834069,,6.666666666666667
2026,2026-04-12,두산,이병헌,3280803,,,8.0,375.2,6.2,31.0,7.0,1.0,3.0,8.0,6.0,4.0,1155.3333333333333,4.759665320253895,3.5600115406809003,5.4,8.1,1.5,10.8,4.05,1.35,0.2580645161290322,0.0967741935483871,4.460011540680901,84.04544064480164,118.98325385980968,,6.666666666666667
2026,2026-03-28,삼성,후라도,3323118,선발,패,1.0,49.400000000000006,6.0,25.0,7.0,1.0,0.0,2.0,3.0,3.0,92.0,5.869565217391305,4.445652173913044,4.5,4.5,1.1666666666666667,3.0,0.0,1.5,0.08,0.0,5.945652173913044,135.95698178276112,73.55267724300103,,6.0
2026,2026-03-29,삼성,후라도,3323118,,,1.0,49.400000000000006,6.0,25.0,7.0,1.0,0.0,2.0,3.0,3.0,180.0,6.0,4.011111111111111,4.5,4.5,1.1666666666666667,3.0,0.0,1.5,0.08,0.0,5.511111111111111,138.97824804460026,71.95370599858796,,6.0
2026,2026-03-30,삼성,후라도,3323118,,,1.0,49.400000000000006,6.0,25.0,7.0,1.0,0.0,2.0,3.0,3.0,180.0,6.0,4.011111111111111,4.5,4.5,1.1666666666666667,3.0,0.0,1.5,0.08,0.0,5.511111111111111,138.97824804460026,71.95370599858796,,6.0
2026,2026-03-31,삼성,후라도,3323118,,,1.0,49.400000000000006,6.0,25.0,7.0,1.0,0.0,2.0,3.0,3.0,272.0,5.525735294117647,3.871323529411765,4.5,4.5,1.1666666666666667,3.0,0.0,1.5,0.08,0.0,5.3713235294117645,127.99283505578074,78.1293733797043,,6.0
2026,2026-04-01,삼성,후라도,3323118,,,1.0,49.400000000000006,6.0,25.0,7.0,1.0,0.0,2.0,3.0,3.0,359.3333333333333,5.760667903525047,4.043599257884972,4.5,4.5,1.1666666666666667,3.0,0.0,1.5,0.08,0.0,5.543599257884972,133.43458879977854,74.94308702075152,,6.0
2026,2026-04-02,삼성,후라도,3323118,,,1.0,49.400000000000006,6.0,25.0,7.0,1.0,0.0,2.0,3.0,3.0,445.3333333333333,5.719311377245509,4.077844311377246,4.5,4.5,1.1666666666666667,3.0,0.0,1.5,0.08,0.0,5.577844311377246,132.4766458718551,75.48500291646135,,6.0
2026,2026-04-03,삼성,후라도,3323118,선발,승,2.0,108.8,12.0,49.0,12.0,2.0,1.0,6.0,4.0,4.0,534.3333333333334,5.592014971927635,3.980661260137242,3.0,3.0,1.0833333333333333,4.5,0.75,1.5,0.1224489795918367,0.0204081632653061,5.397327926803909,194.2921109594193,51.468893670565166,,12.0
2026,2026-04-04,삼성,후라도,3323118,,,2.0,108.8,12.0,49.0,12.0,2.0,1.0,6.0,4.0,4.0,624.3333333333334,5.477843032568073,3.8873465029364658,3.0,3.0,1.0833333333333333,4.5,0.75,1.5,0.1224489795918367,0.0204081632653061,5.304013169603133,190.3252569324077,52.54163404887144,,12.0
2026,2026-04-05,삼성,후라도,3323118,,,2.0,108.8,12.0,49.0,12.0,2.0,1.0,6.0,4.0,4.0,711.3333333333334,5.200093720712277,3.7085285848172447,3.0,3.0,1.0833333333333333,4.5,0.75,1.5,0.1224489795918367,0.0204081632653061,5.125195251483912,180.67497874307975,55.34800706532819,,12.0
2026,2026-04-06,삼성,후라도,3323118,,,2.0,108.8,12.0,49.0,12.0,2.0,1.0,6.0,4.0,4.0,711.3333333333334,5.200093720712277,3.7085285848172447,3.0,3.0,1.0833333333333333,4.5,0.75,1.5,0.1224489795918367,0.0204081632653061,5.125195251483912,180.67497874307975,55.34800706532819,,12.0
2026,2026-04-07,삼성,후라도,3323118,,,2.0,108.8,12.0,49.0,12.0,2.0,1.0,6.0,4.0,4.0,801.3333333333334,5.031613976705491,3.697587354409318,3.0,3.0,1.0833333333333333,4.5,0.75,1.5,0.1224489795918367,0.0204081632653061,5.114254021075984,174.82122382981328,57.2012927316817,,12.0
2026,2026-04-08,삼성,후라도,3323118,,,2.0,108.8,12.0,49.0,12.0,2.0,1.0,6.0,4.0,4.0,888.3333333333334,4.984615384615385,3.578611632270169,3.0,3.0,1.0833333333333333,4.5,0.75,1.5,0.1224489795918367,0.0204081632653061,4.995278298936836,173.18827833250185,57.74062827047183,,12.0
2026,2026-04-09,삼성,후라도,3323118,,,2.0,108.8,12.0,49.0,12.0,2.0,1.0,6.0,4.0,4.0,888.3333333333334,4.984615384615385,3.578611632270169,3.0,3.0,1.0833333333333333,4.5,0.75,1.5,0.1224489795918367,0.0204081632653061,4.995278298936836,173.18827833250185,57.74062827047183,,12.0
2026,2026-04-10,삼성,후라도,3323118,선발,,3.0,161.20000000000002,18.0,75.0,18.0,3.0,3.0,10.0,6.0,5.0,980.3333333333334,4.966678000680041,3.5651139068344104,2.5,3.0,1.1666666666666667,5.0,1.5,1.5,0.1333333333333333,0.04,5.120669462389966,207.07806214085105,48.2909676506349,,18.0
2026,2026-04-11,삼성,후라도,3323118,,,3.0,161.20000000000002,18.0,75.0,18.0,3.0,3.0,10.0,6.0,5.0,1069.3333333333333,4.864713216957607,3.6013092269326688,2.5,3.0,1.1666666666666667,5.0,1.5,1.5,0.1333333333333333,0.04,5.156864782488224,202.82679603965389,49.30315025064508,,18.0
2026,2026-04-12,삼성,후라도,3323118,,,3.0,161.20000000000002,18.0,75.0,18.0,3.0,3.0,10.0,6.0,5.0,1155.3333333333333,4.759665320253895,3.5600115406809003,2.5,3.0,1.1666666666666667,5.0,1.5,1.5,0.1333333333333333,0.04,5.115567096236456,198.4469842462583,50.39129235438885,,18.0
2026,2026-03-29,LG,유영찬,3611491,중계,패,1.0,45.4,1.1,7.0,2.0,0.0,1.0,1.0,1.0,1.0,180.0,6.0,4.011111111111111,6.75,6.75,2.25,6.75,6.75,0.0,0.1428571428571428,0.1428571428571428,4.761111111111111,84.75766423709982,117.9834306432295,,1.3333333333333333
2026,2026-03-30,LG,유영찬,3611491,,,1.0,45.4,1.1,7.0,2.0,0.0,1.0,1.0,1.0,1.0,180.0,6.0,4.011111111111111,6.75,6.75,2.25,6.75,6.75,0.0,0.1428571428571428,0.1428571428571428,4.761111111111111,84.75766423709982,117.9834306432295,,1.3333333333333333
2026,2026-03-31,LG,유영찬,3611491,,,1.0,45.4,1.1,7.0,2.0,0.0,1.0,1.0,1.0,1.0,272.0,5.525735294117647,3.871323529411765,6.75,6.75,2.25,6.75,6.75,0.0,0.1428571428571428,0.1428571428571428,4.6213235294117645,78.05806945365259,128.10975303376617,,1.3333333333333333
2026,2026-04-01,LG,유영찬,3611491,중계,세,2.0,94.3,1.2,8.0,2.0,0.0,1.0,1.0,1.0,1.0,359.3333333333333,5.760667903525047,4.043599257884972,5.4,5.4,1.7999999999999998,5.4,5.4,0.0,0.125,0.125,4.643599257884972,101.7209908225862,98.30812617074504,,1.6666666666666667
2026,2026-04-02,LG,유영찬,3611491,중계,세,3.0,143.2,2.2,13.0,2.0,0.0,3.0,2.0,1.0,1.0,445.3333333333333,5.719311377245509,4.077844311377246,3.375,3.375,1.875,6.75,10.125,0.0,0.1538461538461538,0.2307692307692307,5.952844311377246,161.58515779333328,61.886872139518886,,2.6666666666666665
2026,2026-04-03,LG,유영찬,3611491,,,3.0,143.2,2.2,13.0,2.0,0.0,3.0,2.0,1.0,1.0,534.3333333333334,5.592014971927635,3.980661260137242,3.375,3.375,1.875,6.75,10.125,0.0,0.1538461538461538,0.2307692307692307,5.855661260137242,157.98870913315923,63.29566242339254,,2.6666666666666665
2026,2026-04-04,LG,유영찬,3611491,중계,세,4.0,195.1,3.2,16.0,2.0,0.0,3.0,2.0,1.0,1.0,624.3333333333334,5.477843032568073,3.8873465029364658,2.4545454545454546,2.4545454545454546,1.3636363636363638,4.909090909090909,7.363636363636364,0.0,0.125,0.1875,5.25098286657283,212.7992077282231,46.99265616050374,,3.6666666666666665
2026,2026-04-05,LG,유영찬,3611491,중계,세,5.0,244.0,4.2,20.0,2.0,0.0,5.0,3.0,1.0,1.0,711.3333333333334,5.200093720712277,3.7085285848172447,1.9285714285714284,1.9285714285714284,1.5,5.785714285714286,9.642857142857142,0.0,0.15,0.25,5.6371000133886735,257.10288192258975,38.89493546404847,,4.666666666666667
2026,2026-04-06,LG,유영찬,3611491,,,5.0,244.0,4.2,20.0,2.0,0.0,5.0,3.0,1.0,1.0,711.3333333333334,5.200093720712277,3.7085285848172447,1.9285714285714284,1.9285714285714284,1.5,5.785714285714286,9.642857142857142,0.0,0.15,0.25,5.6371000133886735,257.10288192258975,38.89493546404847,,4.666666666666667
2026,2026-04-07,LG,유영찬,3611491,중계,세,6.0,293.9,5.2,24.0,3.0,0.0,5.0,3.0,1.0,1.0,801.3333333333334,5.031613976705491,3.697587354409318,1.588235294117647,1.588235294117647,1.4117647058823528,4.764705882352941,7.941176470588235,0.0,0.125,0.2083333333333333,5.285822648526965,302.08139233921435,33.10366097879595,,5.666666666666667
2026,2026-04-08,LG,유영찬,3611491,중계,세,7.0,346.8,6.2,27.0,3.0,0.0,5.0,4.0,1.0,1.0,888.3333333333334,4.984615384615385,3.578611632270169,1.35,1.35,1.2,5.4,6.75,0.0,0.1481481481481481,0.1851851851851851,4.628611632270169,352.07029760026086,28.40341848818488,,6.666666666666667
2026,2026-04-09,LG,유영찬,3611491,,,7.0,346.8,6.2,27.0,3.0,0.0,5.0,4.0,1.0,1.0,888.3333333333334,4.984615384615385,3.578611632270169,1.35,1.35,1.2,5.4,6.75,0.0,0.1481481481481481,0.1851851851851851,4.628611632270169,352.07029760026086,28.40341848818488,,6.666666666666667
2026,2026-04-10,LG,유영찬,3611491,,,7.0,346.8,6.2,27.0,3.0,0.0,5.0,4.0,1.0,1.0,980.3333333333334,4.966678000680041,3.5651139068344104,1.35,1.35,1.2,5.4,6.75,0.0,0.1481481481481481,0.1851851851851851,4.61511390683441,350.803355296191,28.505998728423737,,6.666666666666667
2026,2026-04-11,LG,유영찬,3611491,중계,세,8.0,399.7,7.2,30.0,3.0,0.0,5.0,5.0,1.0,1.0,1069.3333333333333,4.864713216957607,3.6013092269326688,1.1739130434782608,1.1739130434782608,1.0434782608695652,5.869565217391304,5.869565217391304,0.0,0.1666666666666666,0.1666666666666666,4.253483139976147,395.1416573921464,25.307379803987107,,7.666666666666667
2026,2026-04-12,LG,유영찬,3611491,,,8.0,399.7,7.2,30.0,3.0,0.0,5.0,5.0,1.0,1.0,1155.3333333333333,4.759665320253895,3.5600115406809003,1.1739130434782608,1.1739130434782608,1.0434782608695652,5.869565217391304,5.869565217391304,0.0,0.1666666666666666,0.1666666666666666,4.212185453724379,386.6090269660875,25.865924752132543,,7.666666666666667
2026,2026-03-28,SSG,이로운,3611909,중계,,1.0,48.9,1.0,5.0,1.0,0.0,1.0,1.0,0.0,0.0,92.0,5.869565217391305,4.445652173913044,0.0,0.0,2.0,9.0,9.0,0.0,0.2,0.2,5.445652173913044,0.0,0.0,,1.0
2026,2026-03-29,SSG,이로운,3611909,,,1.0,48.9,1.0,5.0,1.0,0.0,1.0,1.0,0.0,0.0,180.0,6.0,4.011111111111111,0.0,0.0,2.0,9.0,9.0,0.0,0.2,0.2,5.011111111111111,0.0,0.0,,1.0
2026,2026-03-30,SSG,이로운,3611909,,,1.0,48.9,1.0,5.0,1.0,0.0,1.0,1.0,0.0,0.0,180.0,6.0,4.011111111111111,0.0,0.0,2.0,9.0,9.0,0.0,0.2,0.2,5.011111111111111,0.0,0.0,,1.0
2026,2026-03-31,SSG,이로운,3611909,중계,승,2.0,100.3,1.2,7.0,1.0,0.0,1.0,2.0,0.0,0.0,272.0,5.525735294117647,3.871323529411765,0.0,0.0,1.2,10.8,5.4,0.0,0.2857142857142857,0.1428571428571428,3.2713235294117644,0.0,0.0,,1.6666666666666667
2026,2026-04-01,SSG,이로운,3611909,,,2.0,100.3,1.2,7.0,1.0,0.0,1.0,2.0,0.0,0.0,359.3333333333333,5.760667903525047,4.043599257884972,0.0,0.0,1.2,10.8,5.4,0.0,0.2857142857142857,0.1428571428571428,3.4435992578849723,0.0,0.0,,1.6666666666666667
2026,2026-04-02,SSG,이로운,3611909,,,2.0,100.3,1.2,7.0,1.0,0.0,1.0,2.0,0.0,0.0,445.3333333333333,5.719311377245509,4.077844311377246,0.0,0.0,1.2,10.8,5.4,0.0,0.2857142857142857,0.1428571428571428,3.477844311377245,0.0,0.0,,1.6666666666666667
2026,2026-04-03,SSG,이로운,3611909,,,2.0,100.3,1.2,7.0,1.0,0.0,1.0,2.0,0.0,0.0,534.3333333333334,5.592014971927635,3.980661260137242,0.0,0.0,1.2,10.8,5.4,0.0,0.2857142857142857,0.1428571428571428,3.380661260137242,0.0,0.0,,1.6666666666666667
2026,2026-04-04,SSG,이로운,3611909,중계,홀드,3.0,152.2,2.2,10.0,1.0,0.0,1.0,2.0,0.0,0.0,624.3333333333334,5.477843032568073,3.8873465029364658,0.0,0.0,0.75,6.75,3.375,0.0,0.2,0.1,3.5123465029364658,0.0,0.0,,2.6666666666666665
2026,2026-04-05,SSG,이로운,3611909,중계,,4.0,202.1,3.2,14.0,1.0,0.0,2.0,2.0,0.0,0.0,711.3333333333334,5.200093720712277,3.7085285848172447,0.0,0.0,0.8181818181818182,4.909090909090909,4.909090909090909,0.0,0.1428571428571428,0.1428571428571428,4.253983130271791,0.0,0.0,,3.6666666666666665
2026,2026-04-06,SSG,이로운,3611909,,,4.0,202.1,3.2,14.0,1.0,0.0,2.0,2.0,0.0,0.0,711.3333333333334,5.200093720712277,3.7085285848172447,0.0,0.0,0.8181818181818182,4.909090909090909,4.909090909090909,0.0,0.1428571428571428,0.1428571428571428,4.253983130271791,0.0,0.0,,3.6666666666666665
2026,2026-04-07,SSG,이로운,3611909,,,4.0,202.1,3.2,14.0,1.0,0.0,2.0,2.0,0.0,0.0,801.3333333333334,5.031613976705491,3.697587354409318,0.0,0.0,0.8181818181818182,4.909090909090909,4.909090909090909,0.0,0.1428571428571428,0.1428571428571428,4.243041899863863,0.0,0.0,,3.6666666666666665
2026,2026-04-08,SSG,이로운,3611909,중계,,5.0,254.0,4.2,18.0,2.0,0.0,2.0,4.0,0.0,0.0,888.3333333333334,4.984615384615385,3.578611632270169,0.0,0.0,0.8571428571428571,7.7142857142857135,3.8571428571428568,0.0,0.2222222222222222,0.1111111111111111,3.1500402036987407,0.0,0.0,,4.666666666666667
2026,2026-04-09,SSG,이로운,3611909,,,5.0,254.0,4.2,18.0,2.0,0.0,2.0,4.0,0.0,0.0,888.3333333333334,4.984615384615385,3.578611632270169,0.0,0.0,0.8571428571428571,7.7142857142857135,3.8571428571428568,0.0,0.2222222222222222,0.1111111111111111,3.1500402036987407,0.0,0.0,,4.666666666666667
2026,2026-04-10,SSG,이로운,3611909,,,5.0,254.0,4.2,18.0,2.0,0.0,2.0,4.0,0.0,0.0,980.3333333333334,4.966678000680041,3.5651139068344104,0.0,0.0,0.8571428571428571,7.7142857142857135,3.8571428571428568,0.0,0.2222222222222222,0.1111111111111111,3.136542478262982,0.0,0.0,,4.666666666666667
2026,2026-04-11,SSG,이로운,3611909,,,5.0,254.0,4.2,18.0,2.0,0.0,2.0,4.0,0.0,0.0,1069.3333333333333,4.864713216957607,3.6013092269326688,0.0,0.0,0.8571428571428571,7.7142857142857135,3.8571428571428568,0.0,0.2222222222222222,0.1111111111111111,3.1727377983612404,0.0,0.0,,4.666666666666667
2026,2026-04-12,SSG,이로운,3611909,,,5.0,254.0,4.2,18.0,2.0,0.0,2.0,4.0,0.0,0.0,1155.3333333333333,4.759665320253895,3.5600115406809003,0.0,0.0,0.8571428571428571,7.7142857142857135,3.8571428571428568,0.0,0.2222222222222222,0.1111111111111111,3.131440112109472,0.0,0.0,,4.666666666666667
2026,2026-03-28,한화,김서현,3618453,중계,,1.0,50.9,1.0,4.0,0.0,0.0,1.0,1.0,0.0,0.0,92.0,5.869565217391305,4.445652173913044,0.0,0.0,1.0,9.0,9.0,0.0,0.25,0.25,5.445652173913044,0.0,0.0,,1.0
2026,2026-03-29,한화,김서현,3618453,,,1.0,50.9,1.0,4.0,0.0,0.0,1.0,1.0,0.0,0.0,180.0,6.0,4.011111111111111,0.0,0.0,1.0,9.0,9.0,0.0,0.25,0.25,5.011111111111111,0.0,0.0,,1.0
2026,2026-03-30,한화,김서현,3618453,,,1.0,50.9,1.0,4.0,0.0,0.0,1.0,1.0,0.0,0.0,180.0,6.0,4.011111111111111,0.0,0.0,1.0,9.0,9.0,0.0,0.25,0.25,5.011111111111111,0.0,0.0,,1.0
2026,2026-03-31,한화,김서현,3618453,,,1.0,50.9,1.0,4.0,0.0,0.0,1.0,1.0,0.0,0.0,272.0,5.525735294117647,3.871323529411765,0.0,0.0,1.0,9.0,9.0,0.0,0.25,0.25,4.8713235294117645,0.0,0.0,,1.0
2026,2026-04-01,한화,김서현,3618453,중계,,2.0,81.3,1.0,8.0,3.0,0.0,2.0,1.0,3.0,3.0,359.3333333333333,5.760667903525047,4.043599257884972,27.0,27.0,5.0,9.0,18.0,0.0,0.125,0.25,8.043599257884972,21.761560047808917,459.52587856893376,,1.0
2026,2026-04-02,한화,김서현,3618453,,,2.0,81.3,1.0,8.0,3.0,0.0,2.0,1.0,3.0,3.0,445.3333333333333,5.719311377245509,4.077844311377246,27.0,27.0,5.0,9.0,18.0,0.0,0.125,0.25,8.077844311377245,21.60533119638524,462.8487251180434,,1.0
2026,2026-04-03,한화,김서현,3618453,중계,,3.0,130.2,2.0,13.0,3.0,0.0,4.0,2.0,3.0,3.0,534.3333333333334,5.592014971927635,3.980661260137242,13.5,13.5,3.5,9.0,18.0,0.0,0.1538461538461538,0.3076923076923077,7.980661260137242,42.248909896501765,236.6924974986871,,2.0
2026,2026-04-04,한화,김서현,3618453,,,3.0,130.2,2.0,13.0,3.0,0.0,4.0,2.0,3.0,3.0,624.3333333333334,5.477843032568073,3.8873465029364658,13.5,13.5,3.5,9.0,18.0,0.0,0.1538461538461538,0.3076923076923077,7.887346502936466,41.38631564328069,241.62576070294767,,2.0
2026,2026-04-05,한화,김서현,3618453,,,3.0,130.2,2.0,13.0,3.0,0.0,4.0,2.0,3.0,3.0,711.3333333333334,5.200093720712277,3.7085285848172447,13.5,13.5,3.5,9.0,18.0,0.0,0.1538461538461538,0.3076923076923077,7.708528584817245,39.28785816251221,254.53156439924803,,2.0
2026,2026-04-06,한화,김서현,3618453,,,3.0,130.2,2.0,13.0,3.0,0.0,4.0,2.0,3.0,3.0,711.3333333333334,5.200093720712277,3.7085285848172447,13.5,13.5,3.5,9.0,18.0,0.0,0.1538461538461538,0.3076923076923077,7.708528584817245,39.28785816251221,254.53156439924803,,2.0
2026,2026-04-07,한화,김서현,3618453,중계,,4.0,181.1,3.0,17.0,3.0,0.0,5.0,3.0,3.0,3.0,801.3333333333334,5.031613976705491,3.697587354409318,9.0,9.0,2.6666666666666665,9.0,15.0,0.0,0.1764705882352941,0.2941176470588235,6.697587354409318,57.02243465092072,175.3695727167366,,3.0
2026,2026-04-08,한화,김서현,3618453,중계,세,5.0,228.0,4.0,23.0,4.0,0.0,7.0,4.0,3.0,3.0,888.3333333333334,4.984615384615385,3.578611632270169,6.75,6.75,2.75,9.0,15.75,0.0,0.1739130434782608,0.3043478260869565,6.828611632270169,75.31974335209529,132.7673137872132,,4.0
2026,2026-04-09,한화,김서현,3618453,,,5.0,228.0,4.0,23.0,4.0,0.0,7.0,4.0,3.0,3.0,888.3333333333334,4.984615384615385,3.578611632270169,6.75,6.75,2.75,9.0,15.75,0.0,0.1739130434782608,0.3043478260869565,6.828611632270169,75.31974335209529,132.7673137872132,,4.0
2026,2026-04-10,한화,김서현,3618453,,,5.0,228.0,4.0,23.0,4.0,0.0,7.0,4.0,3.0,3.0,980.3333333333334,4.966678000680041,3.5651139068344104,6.75,6.75,2.75,9.0,15.75,0.0,0.1739130434782608,0.3043478260869565,6.81511390683441,75.04870154642498,133.24680899127907,,4.0
2026,2026-04-11,한화,김서현,3618453,중계,,6.0,280.9,5.0,26.0,4.0,0.0,7.0,5.0,3.0,3.0,1069.3333333333333,4.864713216957607,3.6013092269326688,5.4,5.4,2.2,9.0,12.6,0.0,0.1923076923076923,0.2692307692307692,5.801309226932669,91.8849607017034,108.83173833489614,,5.0
2026,2026-04-12,한화,김서현,3618453,,,6.0,280.9,5.0,26.0,4.0,0.0,7.0,5.0,3.0,3.0,1155.3333333333333,4.759665320253895,3.5600115406809003,5.4,5.4,2.2,9.0,12.6,0.0,0.1923076923076923,0.2692307692307692,5.7600115406809005,89.90081046921475,111.23370243057326,,5.0
2026,2026-03-28,NC,임지민,3637847,중계,,1.0,51.9,1.0,3.0,0.0,0.0,0.0,0.0,0.0,0.0,92.0,5.869565217391305,4.445652173913044,0.0,0.0,0.0,0.0,0.0,0.0,0.0,0.0,4.445652173913044,0.0,0.0,,1.0
2026,2026-03-29,NC,임지민,3637847,중계,홀드,2.0,104.8,2.0,5.0,0.0,0.0,0.0,1.0,0.0,0.0,180.0,6.0,4.011111111111111,0.0,0.0,0.0,4.5,0.0,0.0,0.2,0.0,3.011111111111111,0.0,0.0,,2.0
2026,2026-03-30,NC,임지민,3637847,,,2.0,104.8,2.0,5.0,0.0,0.0,0.0,1.0,0.0,0.0,180.0,6.0,4.011111111111111,0.0,0.0,0.0,4.5,0.0,0.0,0.2,0.0,3.011111111111111,0.0,0.0,,2.0
2026,2026-03-31,NC,임지민,3637847,,,2.0,104.8,2.0,5.0,0.0,0.0,0.0,1.0,0.0,0.0,272.0,5.525735294117647,3.871323529411765,0.0,0.0,0.0,4.5,0.0,0.0,0.2,0.0,2.8713235294117645,0.0,0.0,,2.0
2026,2026-04-01,NC,임지민,3637847,중계,,3.0,145.2,2.2,8.0,2.0,1.0,0.0,2.0,1.0,1.0,359.3333333333333,5.760667903525047,4.043599257884972,3.375,3.375,0.75,6.75,0.0,3.375,0.25,0.0,7.418599257884972,172.41552217704654,57.99941834547474,,2.6666666666666665
2026,2026-04-02,NC,임지민,3637847,,,3.0,145.2,2.2,8.0,2.0,1.0,0.0,2.0,1.0,1.0,445.3333333333333,5.719311377245509,4.077844311377246,3.375,3.375,0.75,6.75,0.0,3.375,0.25,0.0,7.452844311377246,171.1777304498838,58.418814022818985,,2.6666666666666665
2026,2026-04-03,NC,임지민,3637847,중계,세,4.0,198.6,4.0,13.0,2.0,1.0,1.0,4.0,1.0,1.0,534.3333333333334,5.592014971927635,3.980661260137242,2.25,2.25,0.75,9.0,2.25,2.25,0.3076923076923077,0.0769230769230769,5.980661260137242,251.0516655933558,39.83243838022421,,4.0
2026,2026-04-04,NC,임지민,3637847,중계,,5.0,249.0,4.2,15.0,2.0,1.0,1.0,4.0,1.0,1.0,624.3333333333334,5.477843032568073,3.8873465029364658,1.9285714285714284,1.9285714285714284,0.6428571428571428,7.7142857142857135,1.9285714285714284,1.9285714285714284,0.2666666666666666,0.0666666666666666,5.60163221722218,286.9136130900424,34.853696526632525,,4.666666666666667
2026,2026-04-05,NC,임지민,3637847,,,5.0,249.0,4.2,15.0,2.0,1.0,1.0,4.0,1.0,1.0,711.3333333333334,5.200093720712277,3.7085285848172447,1.9285714285714284,1.9285714285714284,0.6428571428571428,7.7142857142857135,1.9285714285714284,1.9285714285714284,0.2666666666666666,0.0666666666666666,5.422814299102959,272.3659055117076,36.71531494080544,,4.666666666666667
2026,2026-04-06,NC,임지민,3637847,,,5.0,249.0,4.2,15.0,2.0,1.0,1.0,4.0,1.0,1.0,711.3333333333334,5.200093720712277,3.7085285848172447,1.9285714285714284,1.9285714285714284,0.6428571428571428,7.7142857142857135,1.9285714285714284,1.9285714285714284,0.2666666666666666,0.0666666666666666,5.422814299102959,272.3659055117076,36.71531494080544,,4.666666666666667
2026,2026-04-07,NC,임지민,3637847,중계,,6.0,300.9,5.2,19.0,3.0,1.0,1.0,6.0,1.0,1.0,801.3333333333334,5.031613976705491,3.697587354409318,1.588235294117647,1.588235294117647,0.7058823529411764,9.529411764705882,1.588235294117647,1.588235294117647,0.3157894736842105,0.0526315789473684,4.403469707350494,320.0145846186195,31.24857578574926,,5.666666666666667
2026,2026-04-08,NC,임지민,3637847,중계,,7.0,337.3,6.1,23.0,4.0,2.0,2.0,6.0,3.0,3.0,888.3333333333334,4.984615384615385,3.578611632270169,4.2631578947368425,4.2631578947368425,0.9473684210526316,8.526315789473685,2.8421052631578947,2.8421052631578947,0.2608695652173913,0.0869565217391304,6.736506369112274,118.10751589398888,84.6686167625083,,6.333333333333333
2026,2026-04-09,NC,임지민,3637847,,,7.0,337.3,6.1,23.0,4.0,2.0,2.0,6.0,3.0,3.0,888.3333333333334,4.984615384615385,3.578611632270169,4.2631578947368425,4.2631578947368425,0.9473684210526316,8.526315789473685,2.8421052631578947,2.8421052631578947,0.2608695652173913,0.0869565217391304,6.736506369112274,118.10751589398888,84.6686167625083,,6.333333333333333
2026,2026-04-10,NC,임지민,3637847,,,7.0,337.3,6.1,23.0,4.0,2.0,2.0,6.0,3.0,3.0,980.3333333333334,4.966678000680041,3.5651139068344104,4.2631578947368425,4.2631578947368425,0.9473684210526316,8.526315789473685,2.8421052631578947,2.8421052631578947,0.2608695652173913,0.0869565217391304,6.723008643676516,117.6825001816876,84.97440133036947,,6.333333333333333
2026,2026-04-11,NC,임지민,3637847,중계,,8.0,388.7,7.0,25.0,4.0,2.0,2.0,7.0,3.0,3.0,1069.3333333333333,4.864713216957607,3.6013092269326688,3.857142857142857,3.857142857142857,0.8571428571428571,9.0,2.571428571428572,2.571428571428572,0.28,0.08,6.17273779836124,127.39982119110176,78.49304580262982,,7.0
2026,2026-04-12,NC,임지민,3637847,,,8.0,388.7,7.0,25.0,4.0,2.0,2.0,7.0,3.0,3.0,1155.3333333333333,4.759665320253895,3.5600115406809003,3.857142857142857,3.857142857142857,0.8571428571428571,9.0,2.571428571428572,2.571428571428572,0.28,0.08,6.131440112109472,124.64876832124236,80.22542167627518,,7.0
2026,2026-03-29,KIA,황동하,3639918,중계,,1.0,11.4,1.1,11.0,4.0,3.0,3.0,2.0,6.0,6.0,180.0,6.0,4.011111111111111,40.5,40.5,5.25,13.5,20.25,20.25,0.1818181818181818,0.2727272727272727,37.01111111111111,14.796175472714593,675.8503248654256,,1.3333333333333333
2026,2026-03-30,KIA,황동하,3639918,,,1.0,11.4,1.1,11.0,4.0,3.0,3.0,2.0,6.0,6.0,180.0,6.0,4.011111111111111,40.5,40.5,5.25,13.5,20.25,20.25,0.1818181818181818,0.2727272727272727,37.01111111111111,14.796175472714593,675.8503248654256,,1.3333333333333333
2026,2026-03-31,KIA,황동하,3639918,,,1.0,11.4,1.1,11.0,4.0,3.0,3.0,2.0,6.0,6.0,272.0,5.525735294117647,3.871323529411765,40.5,40.5,5.25,13.5,20.25,20.25,0.1818181818181818,0.2727272727272727,36.87132352941177,13.626624837922812,733.8574385764302,,1.3333333333333333
2026,2026-04-01,KIA,황동하,3639918,중계,,2.0,55.8,2.2,18.0,5.0,3.0,5.0,2.0,7.0,7.0,359.3333333333333,5.760667903525047,4.043599257884972,23.625,23.625,3.75,6.75,16.875,10.125,0.1111111111111111,0.2777777777777778,22.79359925788497,24.35310089731185,410.6253262024558,,2.6666666666666665
2026,2026-04-02,KIA,황동하,3639918,,,2.0,55.8,2.2,18.0,5.0,3.0,5.0,2.0,7.0,7.0,445.3333333333333,5.719311377245509,4.077844311377246,23.625,23.625,3.75,6.75,16.875,10.125,0.1111111111111111,0.2777777777777778,22.827844311377245,24.17826706309072,413.5945712695629,,2.6666666666666665
2026,2026-04-03,KIA,황동하,3639918,,,2.0,55.8,2.2,18.0,5.0,3.0,5.0,2.0,7.0,7.0,534.3333333333334,5.592014971927635,3.980661260137242,23.625,23.625,3.75,6.75,16.875,10.125,0.1111111111111111,0.2777777777777778,22.730661260137243,23.6401242201967,423.0096215592896,,2.6666666666666665
2026,2026-04-04,KIA,황동하,3639918,중계,,3.0,103.2,6.0,32.0,9.0,4.0,5.0,5.0,9.0,9.0,624.3333333333334,5.477843032568073,3.8873465029364658,13.5,13.5,2.333333333333333,7.5,7.5,6.0,0.15625,0.15625,13.387346502936468,40.525563360932125,246.75782816236688,,6.0
2026,2026-04-05,KIA,황동하,3639918,,,3.0,103.2,6.0,32.0,9.0,4.0,5.0,5.0,9.0,9.0,711.3333333333334,5.200093720712277,3.7085285848172447,13.5,13.5,2.333333333333333,7.5,7.5,6.0,0.15625,0.15625,13.208528584817245,38.47074958311008,259.93774772692046,,6.0
2026,2026-04-06,KIA,황동하,3639918,,,3.0,103.2,6.0,32.0,9.0,4.0,5.0,5.0,9.0,9.0,711.3333333333334,5.200093720712277,3.7085285848172447,13.5,13.5,2.333333333333333,7.5,7.5,6.0,0.15625,0.15625,13.208528584817245,38.47074958311008,259.93774772692046,,6.0
2026,2026-04-07,KIA,황동하,3639918,,,3.0,103.2,6.0,32.0,9.0,4.0,5.0,5.0,9.0,9.0,801.3333333333334,5.031613976705491,3.697587354409318,13.5,13.5,2.333333333333333,7.5,7.5,6.0,0.15625,0.15625,13.197587354409318,37.22432165514886,268.64156431489465,,6.0
2026,2026-04-08,KIA,황동하,3639918,,,3.0,103.2,6.0,32.0,9.0,4.0,5.0,5.0,9.0,9.0,888.3333333333334,4.984615384615385,3.578611632270169,13.5,13.5,2.333333333333333,7.5,7.5,6.0,0.15625,0.15625,13.078611632270167,36.87662194738099,271.17451306328803,,6.0
2026,2026-04-09,KIA,황동하,3639918,,,3.0,103.2,6.0,32.0,9.0,4.0,5.0,5.0,9.0,9.0,888.3333333333334,4.984615384615385,3.578611632270169,13.5,13.5,2.333333333333333,7.5,7.5,6.0,0.15625,0.15625,13.078611632270167,36.87662194738099,271.17451306328803,,6.0
2026,2026-04-10,KIA,황동하,3639918,,,3.0,103.2,6.0,32.0,9.0,4.0,5.0,5.0,9.0,9.0,980.3333333333334,4.966678000680041,3.5651139068344104,13.5,13.5,2.333333333333333,7.5,7.5,6.0,0.15625,0.15625,13.06511390683441,36.74391960726659,272.15387217487734,,6.0
2026,2026-04-11,KIA,황동하,3639918,중계,승,4.0,160.1,9.0,43.0,11.0,4.0,6.0,7.0,9.0,9.0,1069.3333333333333,4.864713216957607,3.6013092269326688,9.0,9.0,1.8888888888888888,7.0,6.0,4.0,0.1627906976744186,0.1395348837209302,9.823531449154892,53.98436278690399,185.2388262777808,,9.0
2026,2026-04-12,KIA,황동하,3639918,,,4.0,160.1,9.0,43.0,11.0,4.0,6.0,7.0,9.0,9.0,1155.3333333333333,4.759665320253895,3.5600115406809003,9.0,9.0,1.8888888888888888,7.0,6.0,4.0,0.1627906976744186,0.1395348837209302,9.782233762903122,52.8186324524032,189.32712824421128,,9.0
2026,2026-03-31,SSG,이기순,3654508,중계,,1.0,50.9,1.0,4.0,0.0,0.0,1.0,1.0,0.0,0.0,272.0,5.525735294117647,3.871323529411765,0.0,0.0,1.0,9.0,9.0,0.0,0.25,0.25,4.8713235294117645,0.0,0.0,,1.0
2026,2026-04-01,SSG,이기순,3654508,중계,,2.0,80.3,3.0,18.0,4.0,0.0,5.0,2.0,4.0,4.0,359.3333333333333,5.760667903525047,4.043599257884972,12.0,12.0,3.0,6.0,15.0,0.0,0.1111111111111111,0.2777777777777778,7.7102659245516385,49.37868404472576,202.51653508915496,,3.0
2026,2026-04-02,SSG,이기순,3654508,,,2.0,80.3,3.0,18.0,4.0,0.0,5.0,2.0,4.0,4.0,445.3333333333333,5.719311377245509,4.077844311377246,12.0,12.0,3.0,6.0,15.0,0.0,0.1111111111111111,0.2777777777777778,7.744510978043912,49.02418854549813,203.98093873026065,,3.0
2026,2026-04-03,SSG,이기순,3654508,,,2.0,80.3,3.0,18.0,4.0,0.0,5.0,2.0,4.0,4.0,534.3333333333334,5.592014971927635,3.980661260137242,12.0,12.0,3.0,6.0,15.0,0.0,0.1111111111111111,0.2777777777777778,7.647327926803909,47.933042677781245,208.6243526667539,,3.0
2026,2026-04-04,SSG,이기순,3654508,,,2.0,80.3,3.0,18.0,4.0,0.0,5.0,2.0,4.0,4.0,624.3333333333334,5.477843032568073,3.8873465029364658,12.0,12.0,3.0,6.0,15.0,0.0,0.1111111111111111,0.2777777777777778,7.554013169603133,46.9543957196812,212.9726055830902,,3.0
2026,2026-04-05,SSG,이기순,3654508,,,2.0,80.3,3.0,18.0,4.0,0.0,5.0,2.0,4.0,4.0,711.3333333333334,5.200093720712277,3.7085285848172447,12.0,12.0,3.0,6.0,15.0,0.0,0.1111111111111111,0.2777777777777778,7.375195251483911,44.573613535487766,224.347976455586,,3.0
2026,2026-04-06,SSG,이기순,3654508,,,2.0,80.3,3.0,18.0,4.0,0.0,5.0,2.0,4.0,4.0,711.3333333333334,5.200093720712277,3.7085285848172447,12.0,12.0,3.0,6.0,15.0,0.0,0.1111111111111111,0.2777777777777778,7.375195251483911,44.573613535487766,224.347976455586,,3.0
2026,2026-04-07,SSG,이기순,3654508,,,2.0,80.3,3.0,18.0,4.0,0.0,5.0,2.0,4.0,4.0,801.3333333333334,5.031613976705491,3.697587354409318,12.0,12.0,3.0,6.0,15.0,0.0,0.1111111111111111,0.2777777777777778,7.364254021075984,43.129456679620986,231.8600967845041,,3.0
2026,2026-04-08,SSG,이기순,3654508,,,2.0,80.3,3.0,18.0,4.0,0.0,5.0,2.0,4.0,4.0,888.3333333333334,4.984615384615385,3.578611632270169,12.0,12.0,3.0,6.0,15.0,0.0,0.1111111111111111,0.2777777777777778,7.245278298936835,42.72659911722892,234.04624301042568,,3.0
2026,2026-04-09,SSG,이기순,3654508,,,2.0,80.3,3.0,18.0,4.0,0.0,5.0,2.0,4.0,4.0,888.3333333333334,4.984615384615385,3.578611632270169,12.0,12.0,3.0,6.0,15.0,0.0,0.1111111111111111,0.2777777777777778,7.245278298936835,42.72659911722892,234.04624301042568,,3.0
2026,2026-04-10,SSG,이기순,3654508,,,2.0,80.3,3.0,18.0,4.0,0.0,5.0,2.0,4.0,4.0,980.3333333333334,4.966678000680041,3.5651139068344104,12.0,12.0,3.0,6.0,15.0,0.0,0.1111111111111111,0.2777777777777778,7.231780573501076,42.572845346179164,234.89151168275112,,3.0
2026,2026-04-11,SSG,이기순,3654508,,,2.0,80.3,3.0,18.0,4.0,0.0,5.0,2.0,4.0,4.0,1069.3333333333333,4.864713216957607,3.6013092269326688,12.0,12.0,3.0,6.0,15.0,0.0,0.1111111111111111,0.2777777777777778,7.267975893599335,41.69883439407448,239.8148568253752,,3.0
2026,2026-04-12,SSG,이기순,3654508,,,2.0,80.3,3.0,18.0,4.0,0.0,5.0,2.0,4.0,4.0,1155.3333333333333,4.759665320253895,3.5600115406809003,12.0,12.0,3.0,6.0,15.0,0.0,0.1111111111111111,0.2777777777777778,7.226678207347566,40.79839594010259,245.1076756713993,,3.0
2026,2026-03-29,키움,윤석원,3663047,중계,,1.0,55.4,2.0,7.0,1.0,0.0,0.0,1.0,0.0,0.0,180.0,6.0,4.011111111111111,0.0,0.0,0.5,4.5,0.0,0.0,0.1428571428571428,0.0,3.011111111111111,0.0,0.0,,2.0
2026,2026-03-30,키움,윤석원,3663047,,,1.0,55.4,2.0,7.0,1.0,0.0,0.0,1.0,0.0,0.0,180.0,6.0,4.011111111111111,0.0,0.0,0.5,4.5,0.0,0.0,0.1428571428571428,0.0,3.011111111111111,0.0,0.0,,2.0
2026,2026-03-31,키움,윤석원,3663047,중계,,2.0,75.3,2.1,13.0,6.0,1.0,0.0,1.0,5.0,5.0,272.0,5.525735294117647,3.871323529411765,19.285714285714285,19.285714285714285,2.571428571428571,3.8571428571428568,0.0,3.8571428571428568,0.0769230769230769,0.0,8.58560924369748,27.728343896785606,360.64180526696526,,2.333333333333333
2026,2026-04-01,키움,윤석원,3663047,,,2.0,75.3,2.1,13.0,6.0,1.0,0.0,1.0,5.0,5.0,359.3333333333333,5.760667903525047,4.043599257884972,19.285714285714285,19.285714285714285,2.571428571428571,3.8571428571428568,0.0,3.8571428571428568,0.0769230769230769,0.0,8.757884972170686,28.907244412188927,345.93404536972866,,2.333333333333333
2026,2026-04-02,키움,윤석원,3663047,,,2.0,75.3,2.1,13.0,6.0,1.0,0.0,1.0,5.0,5.0,445.3333333333333,5.719311377245509,4.077844311377246,19.285714285714285,19.285714285714285,2.571428571428571,3.8571428571428568,0.0,3.8571428571428568,0.0769230769230769,0.0,8.79213002566296,28.69971583508241,348.435505684556,,2.333333333333333
2026,2026-04-03,키움,윤석원,3663047,,,2.0,75.3,2.1,13.0,6.0,1.0,0.0,1.0,5.0,5.0,534.3333333333334,5.592014971927635,3.980661260137242,19.285714285714285,19.285714285714285,2.571428571428571,3.8571428571428568,0.0,3.8571428571428568,0.0769230769230769,0.0,8.694946974422956,28.060937769249957,356.3672776095997,,2.333333333333333
2026,2026-04-04,키움,윤석원,3663047,,,2.0,75.3,2.1,13.0,6.0,1.0,0.0,1.0,5.0,5.0,624.3333333333334,5.477843032568073,3.8873465029364658,19.285714285714285,19.285714285714285,2.571428571428571,3.8571428571428568,0.0,3.8571428571428568,0.0769230769230769,0.0,8.60163221722218,27.488018758580917,363.7948623299127,,2.333333333333333
2026,2026-04-05,키움,윤석원,3663047,,,2.0,75.3,2.1,13.0,6.0,1.0,0.0,1.0,5.0,5.0,711.3333333333334,5.200093720712277,3.7085285848172447,19.285714285714285,19.285714285714285,2.571428571428571,3.8571428571428568,0.0,3.8571428571428568,0.0769230769230769,0.0,8.42281429910296,26.094262448098288,383.22600686223984,,2.333333333333333
2026,2026-04-06,키움,윤석원,3663047,,,2.0,75.3,2.1,13.0,6.0,1.0,0.0,1.0,5.0,5.0,711.3333333333334,5.200093720712277,3.7085285848172447,19.285714285714285,19.285714285714285,2.571428571428571,3.8571428571428568,0.0,3.8571428571428568,0.0769230769230769,0.0,8.42281429910296,26.094262448098288,383.22600686223984,,2.333333333333333
2026,2026-04-07,키움,윤석원,3663047,,,2.0,75.3,2.1,13.0,6.0,1.0,0.0,1.0,5.0,5.0,801.3333333333334,5.031613976705491,3.697587354409318,19.285714285714285,19.285714285714285,2.571428571428571,3.8571428571428568,0.0,3.8571428571428568,0.0769230769230769,0.0,8.411873068695032,25.248824866888825,396.0580364717864,,2.333333333333333
2026,2026-04-08,키움,윤석원,3663047,,,2.0,75.3,2.1,13.0,6.0,1.0,0.0,1.0,5.0,5.0,888.3333333333334,4.984615384615385,3.578611632270169,19.285714285714285,19.285714285714285,2.571428571428571,3.8571428571428568,0.0,3.8571428571428568,0.0769230769230769,0.0,8.292897346555883,25.01298419505525,399.7923607202724,,2.333333333333333
2026,2026-04-09,키움,윤석원,3663047,,,2.0,75.3,2.1,13.0,6.0,1.0,0.0,1.0,5.0,5.0,888.3333333333334,4.984615384615385,3.578611632270169,19.285714285714285,19.285714285714285,2.571428571428571,3.8571428571428568,0.0,3.8571428571428568,0.0769230769230769,0.0,8.292897346555883,25.01298419505525,399.7923607202724,,2.333333333333333
2026,2026-04-10,키움,윤석원,3663047,,,2.0,75.3,2.1,13.0,6.0,1.0,0.0,1.0,5.0,5.0,980.3333333333334,4.966678000680041,3.5651139068344104,19.285714285714285,19.285714285714285,2.571428571428571,3.8571428571428568,0.0,3.8571428571428568,0.0769230769230769,0.0,8.279399621120124,24.922973739632717,401.2362290499034,,2.333333333333333
2026,2026-04-11,키움,윤석원,3663047,,,2.0,75.3,2.1,13.0,6.0,1.0,0.0,1.0,5.0,5.0,1069.3333333333333,4.864713216957607,3.6013092269326688,19.285714285714285,19.285714285714285,2.571428571428571,3.8571428571428568,0.0,3.8571428571428568,0.0769230769230769,0.0,8.315594941218382,24.41131068703828,409.6461729648018,,2.333333333333333
2026,2026-04-12,키움,윤석원,3663047,,,2.0,75.3,2.1,13.0,6.0,1.0,0.0,1.0,5.0,5.0,1155.3333333333333,4.759665320253895,3.5600115406809003,19.285714285714285,19.285714285714285,2.571428571428571,3.8571428571428568,0.0,3.8571428571428568,0.0769230769230769,0.0,8.274297254966616,23.88417645957442,418.68724328534734,,2.333333333333333
2026,2026-03-28,LG,우강훈,3697147,중계,,1.0,53.9,1.0,3.0,0.0,0.0,0.0,2.0,0.0,0.0,92.0,5.869565217391305,4.445652173913044,0.0,0.0,0.0,18.0,0.0,0.0,0.6666666666666666,0.0,0.4456521739130439,0.0,0.0,,1.0
2026,2026-03-29,LG,우강훈,3697147,,,1.0,53.9,1.0,3.0,0.0,0.0,0.0,2.0,0.0,0.0,180.0,6.0,4.011111111111111,0.0,0.0,0.0,18.0,0.0,0.0,0.6666666666666666,0.0,0.011111111111111,0.0,0.0,,1.0
2026,2026-03-30,LG,우강훈,3697147,,,1.0,53.9,1.0,3.0,0.0,0.0,0.0,2.0,0.0,0.0,180.0,6.0,4.011111111111111,0.0,0.0,0.0,18.0,0.0,0.0,0.6666666666666666,0.0,0.011111111111111,0.0,0.0,,1.0
2026,2026-03-31,LG,우강훈,3697147,,,1.0,53.9,1.0,3.0,0.0,0.0,0.0,2.0,0.0,0.0,272.0,5.525735294117647,3.871323529411765,0.0,0.0,0.0,18.0,0.0,0.0,0.6666666666666666,0.0,-0.1286764705882355,0.0,0.0,,1.0
2026,2026-04-01,LG,우강훈,3697147,중계,홀드,2.0,106.8,2.0,6.0,0.0,0.0,0.0,3.0,0.0,0.0,359.3333333333333,5.760667903525047,4.043599257884972,0.0,0.0,0.0,13.5,0.0,0.0,0.5,0.0,1.0435992578849724,0.0,0.0,,2.0
2026,2026-04-02,LG,우강훈,3697147,중계,홀드,3.0,159.7,3.0,9.0,0.0,0.0,0.0,4.0,0.0,0.0,445.3333333333333,5.719311377245509,4.077844311377246,0.0,0.0,0.0,12.0,0.0,0.0,0.4444444444444444,0.0,1.411177644710579,0.0,0.0,,3.0
2026,2026-04-03,LG,우강훈,3697147,,,3.0,159.7,3.0,9.0,0.0,0.0,0.0,4.0,0.0,0.0,534.3333333333334,5.592014971927635,3.980661260137242,0.0,0.0,0.0,12.0,0.0,0.0,0.4444444444444444,0.0,1.3139945934705757,0.0,0.0,,3.0
2026,2026-04-04,LG,우강훈,3697147,중계,홀드,4.0,212.6,4.0,13.0,0.0,0.0,1.0,7.0,0.0,0.0,624.3333333333334,5.477843032568073,3.8873465029364658,0.0,0.0,0.25,15.75,2.25,0.0,0.5384615384615384,0.0769230769230769,1.1373465029364658,0.0,0.0,,4.0
2026,2026-04-05,LG,우강훈,3697147,,,4.0,212.6,4.0,13.0,0.0,0.0,1.0,7.0,0.0,0.0,711.3333333333334,5.200093720712277,3.7085285848172447,0.0,0.0,0.25,15.75,2.25,0.0,0.5384615384615384,0.0769230769230769,0.9585285848172448,0.0,0.0,,4.0
2026,2026-04-06,LG,우강훈,3697147,,,4.0,212.6,4.0,13.0,0.0,0.0,1.0,7.0,0.0,0.0,711.3333333333334,5.200093720712277,3.7085285848172447,0.0,0.0,0.25,15.75,2.25,0.0,0.5384615384615384,0.0769230769230769,0.9585285848172448,0.0,0.0,,4.0
2026,2026-04-07,LG,우강훈,3697147,중계,홀드,5.0,262.5,5.0,18.0,1.0,0.0,2.0,9.0,0.0,0.0,801.3333333333334,5.031613976705491,3.697587354409318,0.0,0.0,0.6,16.2,3.6,0.0,0.5,0.1111111111111111,1.297587354409318,0.0,0.0,,5.0
2026,2026-04-08,LG,우강훈,3697147,,,5.0,262.5,5.0,18.0,1.0,0.0,2.0,9.0,0.0,0.0,888.3333333333334,4.984615384615385,3.578611632270169,0.0,0.0,0.6,16.2,3.6,0.0,0.5,0.1111111111111111,1.1786116322701692,0.0,0.0,,5.0
2026,2026-04-09,LG,우강훈,3697147,,,5.0,262.5,5.0,18.0,1.0,0.0,2.0,9.0,0.0,0.0,888.3333333333334,4.984615384615385,3.578611632270169,0.0,0.0,0.6,16.2,3.6,0.0,0.5,0.1111111111111111,1.1786116322701692,0.0,0.0,,5.0
2026,2026-04-10,LG,우강훈,3697147,,,5.0,262.5,5.0,18.0,1.0,0.0,2.0,9.0,0.0,0.0,980.3333333333334,4.966678000680041,3.5651139068344104,0.0,0.0,0.6,16.2,3.6,0.0,0.5,0.1111111111111111,1.1651139068344103,0.0,0.0,,5.0
2026,2026-04-11,LG,우강훈,3697147,중계,,6.0,305.4,6.0,23.0,3.0,1.0,2.0,11.0,1.0,1.0,1069.3333333333333,4.864713216957607,3.6013092269326688,1.5,1.5,0.8333333333333334,16.5,3.0,1.5,0.4782608695652174,0.0869565217391304,3.1013092269326688,309.241297089506,32.337207527316856,,6.0
2026,2026-04-12,LG,우강훈,3697147,,,6.0,305.4,6.0,23.0,3.0,1.0,2.0,11.0,1.0,1.0,1155.3333333333333,4.759665320253895,3.5600115406809003,1.5,1.5,0.8333333333333334,16.5,3.0,1.5,0.4782608695652174,0.0869565217391304,3.0600115406809003,302.5635863212859,33.05090384994713,,6.0
2026,2026-03-28,KIA,네일,3751352,선발,,1.0,73.4,6.0,21.0,2.0,0.0,1.0,5.0,0.0,0.0,92.0,5.869565217391305,4.445652173913044,0.0,0.0,0.5,7.5,1.5,0.0,0.238095238095238,0.0476190476190476,3.278985507246377,0.0,0.0,,6.0
2026,2026-03-29,KIA,네일,3751352,,,1.0,73.4,6.0,21.0,2.0,0.0,1.0,5.0,0.0,0.0,180.0,6.0,4.011111111111111,0.0,0.0,0.5,7.5,1.5,0.0,0.238095238095238,0.0476190476190476,2.844444444444444,0.0,0.0,,6.0
2026,2026-03-30,KIA,네일,3751352,,,1.0,73.4,6.0,21.0,2.0,0.0,1.0,5.0,0.0,0.0,180.0,6.0,4.011111111111111,0.0,0.0,0.5,7.5,1.5,0.0,0.238095238095238,0.0476190476190476,2.844444444444444,0.0,0.0,,6.0
2026,2026-03-31,KIA,네일,3751352,,,1.0,73.4,6.0,21.0,2.0,0.0,1.0,5.0,0.0,0.0,272.0,5.525735294117647,3.871323529411765,0.0,0.0,0.5,7.5,1.5,0.0,0.238095238095238,0.0476190476190476,2.704656862745097,0.0,0.0,,6.0
2026,2026-04-01,KIA,네일,3751352,,,1.0,73.4,6.0,21.0,2.0,0.0,1.0,5.0,0.0,0.0,359.3333333333333,5.760667903525047,4.043599257884972,0.0,0.0,0.5,7.5,1.5,0.0,0.238095238095238,0.0476190476190476,2.876932591218305,0.0,0.0,,6.0
2026,2026-04-02,KIA,네일,3751352,,,1.0,73.4,6.0,21.0,2.0,0.0,1.0,5.0,0.0,0.0,445.3333333333333,5.719311377245509,4.077844311377246,0.0,0.0,0.5,7.5,1.5,0.0,0.238095238095238,0.0476190476190476,2.9111776447105786,0.0,0.0,,6.0
2026,2026-04-03,KIA,네일,3751352,선발,패,2.0,126.3,11.0,42.0,5.0,0.0,6.0,10.0,2.0,2.0,534.3333333333334,5.592014971927635,3.980661260137242,1.6363636363636365,1.6363636363636365,1.0,8.181818181818182,4.909090909090909,0.0,0.238095238095238,0.1428571428571428,3.79884307831906,341.30429342908985,29.299367727050356,,11.0
2026,2026-04-04,KIA,네일,3751352,,,2.0,126.3,11.0,42.0,5.0,0.0,6.0,10.0,2.0,2.0,624.3333333333334,5.477843032568073,3.8873465029364658,1.6363636363636365,1.6363636363636365,1.0,8.181818181818182,4.909090909090909,0.0,0.238095238095238,0.1428571428571428,3.705528321118284,334.33589772769,29.910039777256596,,11.0
2026,2026-04-05,KIA,네일,3751352,,,2.0,126.3,11.0,42.0,5.0,0.0,6.0,10.0,2.0,2.0,711.3333333333334,5.200093720712277,3.7085285848172447,1.6363636363636365,1.6363636363636365,1.0,8.181818181818182,4.909090909090909,0.0,0.238095238095238,0.1428571428571428,3.526710402999063,317.3836840606582,31.50760578508127,,11.0
2026,2026-04-06,KIA,네일,3751352,,,2.0,126.3,11.0,42.0,5.0,0.0,6.0,10.0,2.0,2.0,711.3333333333334,5.200093720712277,3.7085285848172447,1.6363636363636365,1.6363636363636365,1.0,8.181818181818182,4.909090909090909,0.0,0.238095238095238,0.1428571428571428,3.526710402999063,317.3836840606582,31.50760578508127,,11.0
2026,2026-04-07,KIA,네일,3751352,,,2.0,126.3,11.0,42.0,5.0,0.0,6.0,10.0,2.0,2.0,801.3333333333334,5.031613976705491,3.697587354409318,1.6363636363636365,1.6363636363636365,1.0,8.181818181818182,4.909090909090909,0.0,0.238095238095238,0.1428571428571428,3.515769172591136,307.10065365497815,32.56261385635087,,11.0
2026,2026-04-08,KIA,네일,3751352,,,2.0,126.3,11.0,42.0,5.0,0.0,6.0,10.0,2.0,2.0,888.3333333333334,4.984615384615385,3.578611632270169,1.6363636363636365,1.6363636363636365,1.0,8.181818181818182,4.909090909090909,0.0,0.238095238095238,0.1428571428571428,3.3967934504519874,304.2321310658932,32.869637947065215,,11.0
2026,2026-04-09,KIA,네일,3751352,,,2.0,126.3,11.0,42.0,5.0,0.0,6.0,10.0,2.0,2.0,888.3333333333334,4.984615384615385,3.578611632270169,1.6363636363636365,1.6363636363636365,1.0,8.181818181818182,4.909090909090909,0.0,0.238095238095238,0.1428571428571428,3.3967934504519874,304.2321310658932,32.869637947065215,,11.0
2026,2026-04-10,KIA,네일,3751352,선발,승,3.0,184.2,18.0,68.0,11.0,1.0,6.0,14.0,5.0,5.0,980.3333333333334,4.966678000680041,3.5651139068344104,2.5,2.5,0.9444444444444444,7.0,3.0,0.5,0.2058823529411764,0.088235294117647,3.731780573501077,198.4171658792396,50.39886521756988,,18.0
2026,2026-04-11,KIA,네일,3751352,,,3.0,184.2,18.0,68.0,11.0,1.0,6.0,14.0,5.0,5.0,1069.3333333333333,4.864713216957607,3.6013092269326688,2.5,2.5,0.9444444444444444,7.0,3.0,0.5,0.2058823529411764,0.088235294117647,3.7679758935993353,194.34370603285436,51.45522952160577,,18.0
2026,2026-04-12,KIA,네일,3751352,,,3.0,184.2,18.0,68.0,11.0,1.0,6.0,14.0,5.0,5.0,1155.3333333333333,4.759665320253895,3.5600115406809003,2.5,2.5,0.9444444444444444,7.0,3.0,0.5,0.2058823529411764,0.088235294117647,3.726678207347567,190.14707682865156,52.59086895672536,,18.0
2026,2026-03-29,두산,김택연,3780705,중계,세,1.0,55.4,1.1,4.0,0.0,0.0,0.0,2.0,0.0,0.0,180.0,6.0,4.011111111111111,0.0,0.0,0.0,13.5,0.0,0.0,0.5,0.0,1.011111111111111,0.0,0.0,,1.3333333333333333
2026,2026-03-30,두산,김택연,3780705,,,1.0,55.4,1.1,4.0,0.0,0.0,0.0,2.0,0.0,0.0,180.0,6.0,4.011111111111111,0.0,0.0,0.0,13.5,0.0,0.0,0.5,0.0,1.011111111111111,0.0,0.0,,1.3333333333333333
2026,2026-03-31,두산,김택연,3780705,중계,,2.0,105.3,2.1,8.0,1.0,0.0,0.0,2.0,0.0,0.0,272.0,5.525735294117647,3.871323529411765,0.0,0.0,0.4285714285714285,7.7142857142857135,0.0,0.0,0.25,0.0,2.15703781512605,0.0,0.0,,2.333333333333333
2026,2026-04-01,두산,김택연,3780705,,,2.0,105.3,2.1,8.0,1.0,0.0,0.0,2.0,0.0,0.0,359.3333333333333,5.760667903525047,4.043599257884972,0.0,0.0,0.4285714285714285,7.7142857142857135,0.0,0.0,0.25,0.0,2.329313543599258,0.0,0.0,,2.333333333333333
2026,2026-04-02,두산,김택연,3780705,,,2.0,105.3,2.1,8.0,1.0,0.0,0.0,2.0,0.0,0.0,445.3333333333333,5.719311377245509,4.077844311377246,0.0,0.0,0.4285714285714285,7.7142857142857135,0.0,0.0,0.25,0.0,2.363558597091531,0.0,0.0,,2.333333333333333
2026,2026-04-03,두산,김택연,3780705,,,2.0,105.3,2.1,8.0,1.0,0.0,0.0,2.0,0.0,0.0,534.3333333333334,5.592014971927635,3.980661260137242,0.0,0.0,0.4285714285714285,7.7142857142857135,0.0,0.0,0.25,0.0,2.266375545851528,0.0,0.0,,2.333333333333333
2026,2026-04-04,두산,김택연,3780705,,,2.0,105.3,2.1,8.0,1.0,0.0,0.0,2.0,0.0,0.0,624.3333333333334,5.477843032568073,3.8873465029364658,0.0,0.0,0.4285714285714285,7.7142857142857135,0.0,0.0,0.25,0.0,2.173060788650752,0.0,0.0,,2.333333333333333
2026,2026-04-05,두산,김택연,3780705,중계,,3.0,156.2,3.1,12.0,1.0,0.0,1.0,3.0,0.0,0.0,711.3333333333334,5.200093720712277,3.7085285848172447,0.0,0.0,0.6,8.1,2.7,0.0,0.25,0.0833333333333333,2.8085285848172448,0.0,0.0,,3.333333333333333
2026,2026-04-06,두산,김택연,3780705,,,3.0,156.2,3.1,12.0,1.0,0.0,1.0,3.0,0.0,0.0,711.3333333333334,5.200093720712277,3.7085285848172447,0.0,0.0,0.6,8.1,2.7,0.0,0.25,0.0833333333333333,2.8085285848172448,0.0,0.0,,3.333333333333333
2026,2026-04-07,두산,김택연,3780705,,,3.0,156.2,3.1,12.0,1.0,0.0,1.0,3.0,0.0,0.0,801.3333333333334,5.031613976705491,3.697587354409318,0.0,0.0,0.6,8.1,2.7,0.0,0.25,0.0833333333333333,2.797587354409318,0.0,0.0,,3.333333333333333
2026,2026-04-08,두산,김택연,3780705,중계,,4.0,204.1,4.1,18.0,2.0,0.0,3.0,5.0,0.0,0.0,888.3333333333334,4.984615384615385,3.578611632270169,0.0,0.0,1.153846153846154,10.384615384615383,6.230769230769231,0.0,0.2777777777777778,0.1666666666666666,3.3478424015009383,0.0,0.0,,4.333333333333333
2026,2026-04-09,두산,김택연,3780705,,,4.0,204.1,4.1,18.0,2.0,0.0,3.0,5.0,0.0,0.0,888.3333333333334,4.984615384615385,3.578611632270169,0.0,0.0,1.153846153846154,10.384615384615383,6.230769230769231,0.0,0.2777777777777778,0.1666666666666666,3.3478424015009383,0.0,0.0,,4.333333333333333
2026,2026-04-10,두산,김택연,3780705,중계,,5.0,257.0,5.1,21.0,2.0,0.0,3.0,6.0,0.0,0.0,980.3333333333334,4.966678000680041,3.5651139068344104,0.0,0.0,0.9375,10.125,5.0625,0.0,0.2857142857142857,0.1428571428571428,3.0026139068344104,0.0,0.0,,5.333333333333333
2026,2026-04-11,두산,김택연,3780705,,,5.0,257.0,5.1,21.0,2.0,0.0,3.0,6.0,0.0,0.0,1069.3333333333333,4.864713216957607,3.6013092269326688,0.0,0.0,0.9375,10.125,5.0625,0.0,0.2857142857142857,0.1428571428571428,3.0388092269326688,0.0,0.0,,5.333333333333333
2026,2026-04-12,두산,김택연,3780705,,,5.0,257.0,5.1,21.0,2.0,0.0,3.0,6.0,0.0,0.0,1155.3333333333333,4.759665320253895,3.5600115406809003,0.0,0.0,0.9375,10.125,5.0625,0.0,0.2857142857142857,0.1428571428571428,2.9975115406809003,0.0,0.0,,5.333333333333333
2026,2026-03-29,키움,전준표,3780707,중계,,1.0,48.9,1.0,5.0,2.0,0.0,0.0,1.0,0.0,0.0,180.0,6.0,4.011111111111111,0.0,0.0,2.0,9.0,0.0,0.0,0.2,0.0,2.011111111111111,0.0,0.0,,1.0
2026,2026-03-30,키움,전준표,3780707,,,1.0,48.9,1.0,5.0,2.0,0.0,0.0,1.0,0.0,0.0,180.0,6.0,4.011111111111111,0.0,0.0,2.0,9.0,0.0,0.0,0.2,0.0,2.011111111111111,0.0,0.0,,1.0
2026,2026-03-31,키움,전준표,3780707,중계,,2.0,86.8,1.1,10.0,2.0,0.0,4.0,1.0,1.0,1.0,272.0,5.525735294117647,3.871323529411765,6.75,6.75,4.5,6.75,27.0,0.0,0.1,0.4,11.371323529411764,79.22383970510174,126.22463184343783,,1.3333333333333333
2026,2026-04-01,키움,전준표,3780707,,,2.0,86.8,1.1,10.0,2.0,0.0,4.0,1.0,1.0,1.0,359.3333333333333,5.760667903525047,4.043599257884972,6.75,6.75,4.5,6.75,27.0,0.0,0.1,0.4,11.543599257884972,82.59212689196836,121.07691587940504,,1.3333333333333333
2026,2026-04-02,키움,전준표,3780707,,,2.0,86.8,1.1,10.0,2.0,0.0,4.0,1.0,1.0,1.0,445.3333333333333,5.719311377245509,4.077844311377246,6.75,6.75,4.5,6.75,27.0,0.0,0.1,0.4,11.577844311377245,81.99918810023547,121.95242698959458,,1.3333333333333333
2026,2026-04-03,키움,전준표,3780707,,,2.0,86.8,1.1,10.0,2.0,0.0,4.0,1.0,1.0,1.0,534.3333333333334,5.592014971927635,3.980661260137242,6.75,6.75,4.5,6.75,27.0,0.0,0.1,0.4,11.480661260137245,80.17410791214273,124.72854716335988,,1.3333333333333333
2026,2026-04-04,키움,전준표,3780707,,,2.0,86.8,1.1,10.0,2.0,0.0,4.0,1.0,1.0,1.0,624.3333333333334,5.477843032568073,3.8873465029364658,6.75,6.75,4.5,6.75,27.0,0.0,0.1,0.4,11.387346502936468,78.53719645308831,127.32820181546944,,1.3333333333333333
2026,2026-04-05,키움,전준표,3780707,중계,,3.0,137.7,2.1,14.0,3.0,0.0,4.0,2.0,1.0,1.0,711.3333333333334,5.200093720712277,3.7085285848172447,3.8571428571428568,3.8571428571428568,3.0,7.7142857142857135,15.428571428571429,0.0,0.1428571428571428,0.2857142857142857,7.1371000133886735,130.47131224049144,76.64520137244796,,2.333333333333333
2026,2026-04-06,키움,전준표,3780707,,,3.0,137.7,2.1,14.0,3.0,0.0,4.0,2.0,1.0,1.0,711.3333333333334,5.200093720712277,3.7085285848172447,3.8571428571428568,3.8571428571428568,3.0,7.7142857142857135,15.428571428571429,0.0,0.1428571428571428,0.2857142857142857,7.1371000133886735,130.47131224049144,76.64520137244796,,2.333333333333333
2026,2026-04-07,키움,전준표,3780707,,,3.0,137.7,2.1,14.0,3.0,0.0,4.0,2.0,1.0,1.0,801.3333333333334,5.031613976705491,3.697587354409318,3.8571428571428568,3.8571428571428568,3.0,7.7142857142857135,15.428571428571429,0.0,0.1428571428571428,0.2857142857142857,7.126158782980746,126.24412433444412,79.21160729435726,,2.333333333333333
2026,2026-04-08,키움,전준표,3780707,중계,,4.0,171.1,2.1,18.0,5.0,0.0,6.0,2.0,3.0,3.0,888.3333333333334,4.984615384615385,3.578611632270169,11.571428571428571,11.571428571428571,4.714285714285714,7.7142857142857135,23.142857142857142,0.0,0.1111111111111111,0.3333333333333333,9.578611632270167,41.68830699175874,239.87541643216343,,2.333333333333333
2026,2026-04-09,키움,전준표,3780707,,,4.0,171.1,2.1,18.0,5.0,0.0,6.0,2.0,3.0,3.0,888.3333333333334,4.984615384615385,3.578611632270169,11.571428571428571,11.571428571428571,4.714285714285714,7.7142857142857135,23.142857142857142,0.0,0.1111111111111111,0.3333333333333333,9.578611632270167,41.68830699175874,239.87541643216343,,2.333333333333333
2026,2026-04-10,키움,전준표,3780707,,,4.0,171.1,2.1,18.0,5.0,0.0,6.0,2.0,3.0,3.0,980.3333333333334,4.966678000680041,3.5651139068344104,11.571428571428571,11.571428571428571,4.714285714285714,7.7142857142857135,23.142857142857142,0.0,0.1111111111111111,0.3333333333333333,9.56511390683441,41.53828956605452,240.74173742994205,,2.333333333333333
2026,2026-04-11,키움,전준표,3780707,,,4.0,171.1,2.1,18.0,5.0,0.0,6.0,2.0,3.0,3.0,1069.3333333333333,4.864713216957607,3.6013092269326688,11.571428571428571,11.571428571428571,4.714285714285714,7.7142857142857135,23.142857142857142,0.0,0.1111111111111111,0.3333333333333333,9.601309226932669,40.68551781173047,245.7877037788811,,2.333333333333333
2026,2026-04-12,키움,전준표,3780707,,,4.0,171.1,2.1,18.0,5.0,0.0,6.0,2.0,3.0,3.0,1155.3333333333333,4.759665320253895,3.5600115406809003,11.571428571428571,11.571428571428571,4.714285714285714,7.7142857142857135,23.142857142857142,0.0,0.1111111111111111,0.3333333333333333,9.5600115406809,39.80696076595736,251.2123459712084,,2.333333333333333
2026,2026-04-05,한화,황준서,3784562,선발,패,1.0,57.900000000000006,4.1,18.0,3.0,0.0,2.0,7.0,2.0,2.0,711.3333333333334,5.200093720712277,3.7085285848172447,4.153846153846154,4.153846153846154,1.153846153846154,14.53846153846154,4.153846153846154,0.0,0.3888888888888889,0.1111111111111111,1.8623747386633984,127.68553902816468,78.31740443053788,,4.333333333333333
2026,2026-04-06,한화,황준서,3784562,,,1.0,57.900000000000006,4.1,18.0,3.0,0.0,2.0,7.0,2.0,2.0,711.3333333333334,5.200093720712277,3.7085285848172447,4.153846153846154,4.153846153846154,1.153846153846154,14.53846153846154,4.153846153846154,0.0,0.3888888888888889,0.1111111111111111,1.8623747386633984,127.68553902816468,78.31740443053788,,4.333333333333333
2026,2026-04-07,한화,황준서,3784562,,,1.0,57.900000000000006,4.1,18.0,3.0,0.0,2.0,7.0,2.0,2.0,801.3333333333334,5.031613976705491,3.697587354409318,4.153846153846154,4.153846153846154,1.153846153846154,14.53846153846154,4.153846153846154,0.0,0.3888888888888889,0.1111111111111111,1.851433508255472,123.5486084103282,80.93980279233996,,4.333333333333333
2026,2026-04-08,한화,황준서,3784562,,,1.0,57.900000000000006,4.1,18.0,3.0,0.0,2.0,7.0,2.0,2.0,888.3333333333334,4.984615384615385,3.578611632270169,4.153846153846154,4.153846153846154,1.153846153846154,14.53846153846154,4.153846153846154,0.0,0.3888888888888889,0.1111111111111111,1.7324577861163228,122.39458294715482,81.70296233059275,,4.333333333333333
2026,2026-04-09,한화,황준서,3784562,,,1.0,57.900000000000006,4.1,18.0,3.0,0.0,2.0,7.0,2.0,2.0,888.3333333333334,4.984615384615385,3.578611632270169,4.153846153846154,4.153846153846154,1.153846153846154,14.53846153846154,4.153846153846154,0.0,0.3888888888888889,0.1111111111111111,1.7324577861163228,122.39458294715482,81.70296233059275,,4.333333333333333
2026,2026-04-10,한화,황준서,3784562,,,1.0,57.900000000000006,4.1,18.0,3.0,0.0,2.0,7.0,2.0,2.0,980.3333333333334,4.966678000680041,3.5651139068344104,4.153846153846154,4.153846153846154,1.153846153846154,14.53846153846154,4.153846153846154,0.0,0.3888888888888889,0.1111111111111111,1.7189600606805642,121.95414001294058,81.99803630232559,,4.333333333333333
2026,2026-04-11,한화,황준서,3784562,,,1.0,57.900000000000006,4.1,18.0,3.0,0.0,2.0,7.0,2.0,2.0,1069.3333333333333,4.864713216957607,3.6013092269326688,4.153846153846154,4.153846153846154,1.153846153846154,14.53846153846154,4.153846153846154,0.0,0.3888888888888889,0.1111111111111111,1.7551553807788225,119.45044891221444,83.71672179607394,,4.333333333333333
2026,2026-04-12,한화,황준서,3784562,중계,,2.0,99.8,4.2,21.0,5.0,0.0,2.0,7.0,3.0,3.0,1155.3333333333333,4.759665320253895,3.5600115406809003,5.785714285714286,5.785714285714286,1.5,13.5,3.8571428571428568,0.0,0.3333333333333333,0.0952380952380952,1.845725826395186,83.90742310460044,119.17896688989993,,4.666666666666667
2026,2026-04-07,롯데,정현수,3795035,중계,,1.0,49.9,0.1,1.0,0.0,0.0,0.0,1.0,0.0,0.0,801.3333333333334,5.031613976705491,3.697587354409318,0.0,0.0,0.0,27.0,0.0,0.0,1.0,0.0,-2.302412645590682,0.0,0.0,,0.3333333333333333
2026,2026-04-08,롯데,정현수,3795035,,,1.0,49.9,0.1,1.0,0.0,0.0,0.0,1.0,0.0,0.0,888.3333333333334,4.984615384615385,3.578611632270169,0.0,0.0,0.0,27.0,0.0,0.0,1.0,0.0,-2.421388367729831,0.0,0.0,,0.3333333333333333
2026,2026-04-09,롯데,정현수,3795035,,,1.0,49.9,0.1,1.0,0.0,0.0,0.0,1.0,0.0,0.0,888.3333333333334,4.984615384615385,3.578611632270169,0.0,0.0,0.0,27.0,0.0,0.0,1.0,0.0,-2.421388367729831,0.0,0.0,,0.3333333333333333
2026,2026-04-10,롯데,정현수,3795035,,,1.0,49.9,0.1,1.0,0.0,0.0,0.0,1.0,0.0,0.0,980.3333333333334,4.966678000680041,3.5651139068344104,0.0,0.0,0.0,27.0,0.0,0.0,1.0,0.0,-2.4348860931655896,0.0,0.0,,0.3333333333333333
2026,2026-04-11,롯데,정현수,3795035,,,1.0,49.9,0.1,1.0,0.0,0.0,0.0,1.0,0.0,0.0,1069.3333333333333,4.864713216957607,3.6013092269326688,0.0,0.0,0.0,27.0,0.0,0.0,1.0,0.0,-2.3986907730673312,0.0,0.0,,0.3333333333333333
2026,2026-04-12,롯데,정현수,3795035,,,1.0,49.9,0.1,1.0,0.0,0.0,0.0,1.0,0.0,0.0,1155.3333333333333,4.759665320253895,3.5600115406809003,0.0,0.0,0.0,27.0,0.0,0.0,1.0,0.0,-2.4399884593191,0.0,0.0,,0.3333333333333333
2026,2026-03-28,삼성,육선엽,3805547,중계,,1.0,39.9,1.0,5.0,1.0,1.0,1.0,2.0,2.0,2.0,92.0,5.869565217391305,4.445652173913044,18.0,18.0,2.0,18.0,9.0,9.0,0.4,0.2,16.445652173913043,33.98924544569028,294.2107089720041,,1.0
2026,2026-03-29,삼성,육선엽,3805547,,,1.0,39.9,1.0,5.0,1.0,1.0,1.0,2.0,2.0,2.0,180.0,6.0,4.011111111111111,18.0,18.0,2.0,18.0,9.0,9.0,0.4,0.2,16.011111111111113,34.744562011150066,287.81482399435185,,1.0
2026,2026-03-30,삼성,육선엽,3805547,,,1.0,39.9,1.0,5.0,1.0,1.0,1.0,2.0,2.0,2.0,180.0,6.0,4.011111111111111,18.0,18.0,2.0,18.0,9.0,9.0,0.4,0.2,16.011111111111113,34.744562011150066,287.81482399435185,,1.0
2026,2026-03-31,삼성,육선엽,3805547,중계,,2.0,83.3,2.1,13.0,2.0,1.0,4.0,3.0,3.0,3.0,272.0,5.525735294117647,3.871323529411765,11.571428571428571,11.571428571428571,2.571428571428571,11.571428571428571,15.428571428571429,3.8571428571428568,0.2307692307692307,0.3076923076923077,12.014180672268909,49.77499141058141,200.9041029763825,,2.333333333333333
2026,2026-04-01,삼성,육선엽,3805547,,,2.0,83.3,2.1,13.0,2.0,1.0,4.0,3.0,3.0,3.0,359.3333333333333,5.760667903525047,4.043599257884972,11.571428571428571,11.571428571428571,2.571428571428571,11.571428571428571,15.428571428571429,3.8571428571428568,0.2307692307692307,0.3076923076923077,12.186456400742117,51.89122897769166,192.71079519621816,,2.333333333333333
2026,2026-04-02,삼성,육선엽,3805547,,,2.0,83.3,2.1,13.0,2.0,1.0,4.0,3.0,3.0,3.0,445.3333333333333,5.719311377245509,4.077844311377246,11.571428571428571,11.571428571428571,2.571428571428571,11.571428571428571,15.428571428571429,3.8571428571428568,0.2307692307692307,0.3076923076923077,12.220701454234389,51.51869561683255,194.10429321375773,,2.333333333333333
2026,2026-04-03,삼성,육선엽,3805547,,,2.0,83.3,2.1,13.0,2.0,1.0,4.0,3.0,3.0,3.0,534.3333333333334,5.592014971927635,3.980661260137242,11.571428571428571,11.571428571428571,2.571428571428571,11.571428571428571,15.428571428571429,3.8571428571428568,0.2307692307692307,0.3076923076923077,12.123518402994383,50.37202876725686,198.5228755864656,,2.333333333333333
2026,2026-04-04,삼성,육선엽,3805547,,,2.0,83.3,2.1,13.0,2.0,1.0,4.0,3.0,3.0,3.0,624.3333333333334,5.477843032568073,3.8873465029364658,11.571428571428571,11.571428571428571,2.571428571428571,11.571428571428571,15.428571428571429,3.8571428571428568,0.2307692307692307,0.3076923076923077,12.030203645793607,49.34358513062423,202.66058847421843,,2.333333333333333
2026,2026-04-05,삼성,육선엽,3805547,,,2.0,83.3,2.1,13.0,2.0,1.0,4.0,3.0,3.0,3.0,711.3333333333334,5.200093720712277,3.7085285848172447,11.571428571428571,11.571428571428571,2.571428571428571,11.571428571428571,15.428571428571429,3.8571428571428568,0.2307692307692307,0.3076923076923077,11.851385727674389,46.84166115561328,213.48517010912295,,2.333333333333333
2026,2026-04-06,삼성,육선엽,3805547,,,2.0,83.3,2.1,13.0,2.0,1.0,4.0,3.0,3.0,3.0,711.3333333333334,5.200093720712277,3.7085285848172447,11.571428571428571,11.571428571428571,2.571428571428571,11.571428571428571,15.428571428571429,3.8571428571428568,0.2307692307692307,0.3076923076923077,11.851385727674389,46.84166115561328,213.48517010912295,,2.333333333333333
2026,2026-04-07,삼성,육선엽,3805547,,,2.0,83.3,2.1,13.0,2.0,1.0,4.0,3.0,3.0,3.0,801.3333333333334,5.031613976705491,3.697587354409318,11.571428571428571,11.571428571428571,2.571428571428571,11.571428571428571,15.428571428571429,3.8571428571428568,0.2307692307692307,0.3076923076923077,11.84044449726646,45.32402099291456,220.6335576793437,,2.333333333333333
2026,2026-04-08,삼성,육선엽,3805547,,,2.0,83.3,2.1,13.0,2.0,1.0,4.0,3.0,3.0,3.0,888.3333333333334,4.984615384615385,3.578611632270169,11.571428571428571,11.571428571428571,2.571428571428571,11.571428571428571,15.428571428571429,3.8571428571428568,0.2307692307692307,0.3076923076923077,11.721468775127311,44.90066475287085,222.7138519003913,,2.333333333333333
2026,2026-04-09,삼성,육선엽,3805547,,,2.0,83.3,2.1,13.0,2.0,1.0,4.0,3.0,3.0,3.0,888.3333333333334,4.984615384615385,3.578611632270169,11.571428571428571,11.571428571428571,2.571428571428571,11.571428571428571,15.428571428571429,3.8571428571428568,0.2307692307692307,0.3076923076923077,11.721468775127311,44.90066475287085,222.7138519003913,,2.333333333333333
2026,2026-04-10,삼성,육선엽,3805547,,,2.0,83.3,2.1,13.0,2.0,1.0,4.0,3.0,3.0,3.0,980.3333333333334,4.966678000680041,3.5651139068344104,11.571428571428571,11.571428571428571,2.571428571428571,11.571428571428571,15.428571428571429,3.8571428571428568,0.2307692307692307,0.3076923076923077,11.707971049691553,44.73908749956658,223.51819312579585,,2.333333333333333
2026,2026-04-11,삼성,육선엽,3805547,,,2.0,83.3,2.1,13.0,2.0,1.0,4.0,3.0,3.0,3.0,1069.3333333333333,4.864713216957607,3.6013092269326688,11.571428571428571,11.571428571428571,2.571428571428571,11.571428571428571,15.428571428571429,3.8571428571428568,0.2307692307692307,0.3076923076923077,11.744166369789813,43.82060408264127,228.2031525887001,,2.333333333333333
2026,2026-04-12,삼성,육선엽,3805547,,,2.0,83.3,2.1,13.0,2.0,1.0,4.0,3.0,3.0,3.0,1155.3333333333333,4.759665320253895,3.5600115406809003,11.571428571428571,11.571428571428571,2.571428571428571,11.571428571428571,15.428571428571429,3.8571428571428568,0.2307692307692307,0.3076923076923077,11.702868683538044,42.87434844826568,233.23969604031413,,2.333333333333333
2026,2026-03-28,한화,조동욱,3814441,중계,,1.0,48.4,0.2,2.0,1.0,0.0,0.0,0.0,0.0,0.0,92.0,5.869565217391305,4.445652173913044,0.0,0.0,1.5,0.0,0.0,0.0,0.0,0.0,4.445652173913044,0.0,0.0,,0.6666666666666666
2026,2026-03-29,한화,조동욱,3814441,중계,,2.0,93.3,1.0,5.0,2.0,0.0,1.0,0.0,0.0,0.0,180.0,6.0,4.011111111111111,0.0,0.0,3.0,0.0,9.0,0.0,0.0,0.2,7.011111111111111,0.0,0.0,,1.0
2026,2026-03-30,한화,조동욱,3814441,,,2.0,93.3,1.0,5.0,2.0,0.0,1.0,0.0,0.0,0.0,180.0,6.0,4.011111111111111,0.0,0.0,3.0,0.0,9.0,0.0,0.0,0.2,7.011111111111111,0.0,0.0,,1.0
2026,2026-03-31,한화,조동욱,3814441,중계,,3.0,146.2,2.0,8.0,2.0,0.0,1.0,1.0,0.0,0.0,272.0,5.525735294117647,3.871323529411765,0.0,0.0,1.5,4.5,4.5,0.0,0.125,0.125,4.3713235294117645,0.0,0.0,,2.0
2026,2026-04-01,한화,조동욱,3814441,중계,홀드,4.0,196.6,2.2,10.0,2.0,0.0,1.0,1.0,0.0,0.0,359.3333333333333,5.760667903525047,4.043599257884972,0.0,0.0,1.125,3.375,3.375,0.0,0.1,0.1,4.418599257884972,0.0,0.0,,2.6666666666666665
2026,2026-04-02,한화,조동욱,3814441,,,4.0,196.6,2.2,10.0,2.0,0.0,1.0,1.0,0.0,0.0,445.3333333333333,5.719311377245509,4.077844311377246,0.0,0.0,1.125,3.375,3.375,0.0,0.1,0.1,4.452844311377246,0.0,0.0,,2.6666666666666665
2026,2026-04-03,한화,조동욱,3814441,중계,홀드,5.0,243.5,3.0,12.0,3.0,0.0,1.0,1.0,0.0,0.0,534.3333333333334,5.592014971927635,3.980661260137242,0.0,0.0,1.3333333333333333,3.0,3.0,0.0,0.0833333333333333,0.0833333333333333,4.313994593470575,0.0,0.0,,3.0
2026,2026-04-04,한화,조동욱,3814441,중계,,6.0,294.9,3.2,14.0,3.0,0.0,1.0,2.0,0.0,0.0,624.3333333333334,5.477843032568073,3.8873465029364658,0.0,0.0,1.090909090909091,4.909090909090909,2.4545454545454546,0.0,0.1428571428571428,0.0714285714285714,3.614619230209193,0.0,0.0,,3.6666666666666665
2026,2026-04-05,한화,조동욱,3814441,,,6.0,294.9,3.2,14.0,3.0,0.0,1.0,2.0,0.0,0.0,711.3333333333334,5.200093720712277,3.7085285848172447,0.0,0.0,1.090909090909091,4.909090909090909,2.4545454545454546,0.0,0.1428571428571428,0.0714285714285714,3.435801312089972,0.0,0.0,,3.6666666666666665
2026,2026-04-06,한화,조동욱,3814441,,,6.0,294.9,3.2,14.0,3.0,0.0,1.0,2.0,0.0,0.0,711.3333333333334,5.200093720712277,3.7085285848172447,0.0,0.0,1.090909090909091,4.909090909090909,2.4545454545454546,0.0,0.1428571428571428,0.0714285714285714,3.435801312089972,0.0,0.0,,3.6666666666666665
2026,2026-04-07,한화,조동욱,3814441,,,6.0,294.9,3.2,14.0,3.0,0.0,1.0,2.0,0.0,0.0,801.3333333333334,5.031613976705491,3.697587354409318,0.0,0.0,1.090909090909091,4.909090909090909,2.4545454545454546,0.0,0.1428571428571428,0.0714285714285714,3.424860081682045,0.0,0.0,,3.6666666666666665
2026,2026-04-08,한화,조동욱,3814441,,,6.0,294.9,3.2,14.0,3.0,0.0,1.0,2.0,0.0,0.0,888.3333333333334,4.984615384615385,3.578611632270169,0.0,0.0,1.090909090909091,4.909090909090909,2.4545454545454546,0.0,0.1428571428571428,0.0714285714285714,3.305884359542896,0.0,0.0,,3.6666666666666665
2026,2026-04-09,한화,조동욱,3814441,,,6.0,294.9,3.2,14.0,3.0,0.0,1.0,2.0,0.0,0.0,888.3333333333334,4.984615384615385,3.578611632270169,0.0,0.0,1.090909090909091,4.909090909090909,2.4545454545454546,0.0,0.1428571428571428,0.0714285714285714,3.305884359542896,0.0,0.0,,3.6666666666666665
2026,2026-04-10,한화,조동욱,3814441,중계,,7.0,347.8,4.2,17.0,3.0,0.0,1.0,3.0,0.0,0.0,980.3333333333334,4.966678000680041,3.5651139068344104,0.0,0.0,0.8571428571428571,5.785714285714286,1.9285714285714284,0.0,0.1764705882352941,0.0588235294117647,2.922256763977268,0.0,0.0,,4.666666666666667
2026,2026-04-11,한화,조동욱,3814441,중계,홀드,8.0,399.7,5.2,21.0,3.0,0.0,2.0,5.0,0.0,0.0,1069.3333333333333,4.864713216957607,3.6013092269326688,0.0,0.0,0.8823529411764706,7.941176470588235,3.176470588235294,0.0,0.238095238095238,0.0952380952380952,2.895426873991492,0.0,0.0,,5.666666666666667
2026,2026-04-12,한화,조동욱,3814441,,,8.0,399.7,5.2,21.0,3.0,0.0,2.0,5.0,0.0,0.0,1155.3333333333333,4.759665320253895,3.5600115406809003,0.0,0.0,0.8823529411764706,7.941176470588235,3.176470588235294,0.0,0.238095238095238,0.0952380952380952,2.854129187739724,0.0,0.0,,5.666666666666667
2026,2026-03-28,한화,김도빈,3891266,중계,,1.0,49.9,0.1,1.0,0.0,0.0,0.0,1.0,0.0,0.0,92.0,5.869565217391305,4.445652173913044,0.0,0.0,0.0,27.0,0.0,0.0,1.0,0.0,-1.554347826086956,0.0,0.0,,0.3333333333333333
2026,2026-03-29,한화,김도빈,3891266,중계,홀드,2.0,100.3,1.0,3.0,0.0,0.0,0.0,1.0,0.0,0.0,180.0,6.0,4.011111111111111,0.0,0.0,0.0,9.0,0.0,0.0,0.3333333333333333,0.0,2.011111111111111,0.0,0.0,,1.0
2026,2026-03-30,한화,김도빈,3891266,,,2.0,100.3,1.0,3.0,0.0,0.0,0.0,1.0,0.0,0.0,180.0,6.0,4.011111111111111,0.0,0.0,0.0,9.0,0.0,0.0,0.3333333333333333,0.0,2.011111111111111,0.0,0.0,,1.0
2026,2026-03-31,한화,김도빈,3891266,중계,,3.0,137.2,2.0,10.0,1.0,0.0,3.0,3.0,3.0,3.0,272.0,5.525735294117647,3.871323529411765,13.5,13.5,2.0,13.5,13.5,0.0,0.3,0.3,5.3713235294117645,41.74815227159897,239.53155902430063,,2.0
2026,2026-04-01,한화,김도빈,3891266,중계,패,4.0,173.1,3.0,17.0,2.0,0.0,6.0,4.0,6.0,6.0,359.3333333333333,5.760667903525047,4.043599257884972,18.0,18.0,2.6666666666666665,12.0,18.0,0.0,0.2352941176470588,0.3529411764705882,7.376932591218306,32.64234007171336,306.35058571262255,,3.0
2026,2026-04-02,한화,김도빈,3891266,,,4.0,173.1,3.0,17.0,2.0,0.0,6.0,4.0,6.0,6.0,445.3333333333333,5.719311377245509,4.077844311377246,18.0,18.0,2.6666666666666665,12.0,18.0,0.0,0.2352941176470588,0.3529411764705882,7.411177644710579,32.407996794577855,308.5658167453623,,3.0
2026,2026-04-03,한화,김도빈,3891266,,,4.0,173.1,3.0,17.0,2.0,0.0,6.0,4.0,6.0,6.0,534.3333333333334,5.592014971927635,3.980661260137242,18.0,18.0,2.6666666666666665,12.0,18.0,0.0,0.2352941176470588,0.3529411764705882,7.313994593470575,31.68668242237632,315.58999666491616,,3.0
2026,2026-04-04,한화,김도빈,3891266,,,4.0,173.1,3.0,17.0,2.0,0.0,6.0,4.0,6.0,6.0,624.3333333333334,5.477843032568073,3.8873465029364658,18.0,18.0,2.6666666666666665,12.0,18.0,0.0,0.2352941176470588,0.3529411764705882,7.220679836269799,31.03973673246051,322.1676809372636,,3.0
2026,2026-04-05,한화,김도빈,3891266,중계,,5.0,205.0,4.0,25.0,3.0,0.0,10.0,6.0,10.0,10.0,711.3333333333334,5.200093720712277,3.7085285848172447,22.5,22.5,3.25,13.5,22.5,0.0,0.24,0.4,8.208528584817245,23.57271489750733,424.2192739987468,,4.0
2026,2026-04-06,한화,김도빈,3891266,,,5.0,205.0,4.0,25.0,3.0,0.0,10.0,6.0,10.0,10.0,711.3333333333334,5.200093720712277,3.7085285848172447,22.5,22.5,3.25,13.5,22.5,0.0,0.24,0.4,8.208528584817245,23.57271489750733,424.2192739987468,,4.0
2026,2026-04-07,한화,김도빈,3891266,,,5.0,205.0,4.0,25.0,3.0,0.0,10.0,6.0,10.0,10.0,801.3333333333334,5.031613976705491,3.697587354409318,22.5,22.5,3.25,13.5,22.5,0.0,0.24,0.4,8.197587354409318,22.80897386036829,438.4239317918414,,4.0
2026,2026-04-08,한화,김도빈,3891266,,,5.0,205.0,4.0,25.0,3.0,0.0,10.0,6.0,10.0,10.0,888.3333333333334,4.984615384615385,3.578611632270169,22.5,22.5,3.25,13.5,22.5,0.0,0.24,0.4,8.078611632270169,22.595923005628585,442.557712624044,,4.0
2026,2026-04-09,한화,김도빈,3891266,,,5.0,205.0,4.0,25.0,3.0,0.0,10.0,6.0,10.0,10.0,888.3333333333334,4.984615384615385,3.578611632270169,22.5,22.5,3.25,13.5,22.5,0.0,0.24,0.4,8.078611632270169,22.595923005628585,442.557712624044,,4.0
2026,2026-04-10,한화,김도빈,3891266,,,5.0,205.0,4.0,25.0,3.0,0.0,10.0,6.0,10.0,10.0,980.3333333333334,4.966678000680041,3.5651139068344104,22.5,22.5,3.25,13.5,22.5,0.0,0.24,0.4,8.06511390683441,22.514610463927497,444.1560299709303,,4.0
2026,2026-04-11,한화,김도빈,3891266,,,5.0,205.0,4.0,25.0,3.0,0.0,10.0,6.0,10.0,10.0,1069.3333333333333,4.864713216957607,3.6013092269326688,22.5,22.5,3.25,13.5,22.5,0.0,0.24,0.4,8.101309226932669,22.05239056840882,453.4655763954005,,4.0
2026,2026-04-12,한화,김도빈,3891266,,,5.0,205.0,4.0,25.0,3.0,0.0,10.0,6.0,10.0,10.0,1155.3333333333333,4.759665320253895,3.5600115406809003,22.5,22.5,3.25,13.5,22.5,0.0,0.24,0.4,8.0600115406809,21.576194512611544,463.4737601273885,,4.0
2026,2026-03-31,NC,신영우,3892639,중계,,1.0,53.9,1.0,3.0,0.0,0.0,0.0,2.0,0.0,0.0,272.0,5.525735294117647,3.871323529411765,0.0,0.0,0.0,18.0,0.0,0.0,0.6666666666666666,0.0,-0.1286764705882355,0.0,0.0,,1.0
2026,2026-04-01,NC,신영우,3892639,,,1.0,53.9,1.0,3.0,0.0,0.0,0.0,2.0,0.0,0.0,359.3333333333333,5.760667903525047,4.043599257884972,0.0,0.0,0.0,18.0,0.0,0.0,0.6666666666666666,0.0,0.0435992578849724,0.0,0.0,,1.0
2026,2026-04-02,NC,신영우,3892639,중계,승,2.0,94.3,3.0,11.0,1.0,1.0,2.0,2.0,2.0,2.0,445.3333333333333,5.719311377245509,4.077844311377246,6.0,6.0,1.0,6.0,6.0,3.0,0.1818181818181818,0.1818181818181818,9.077844311377245,96.28747337805964,103.8556693739004,,3.0
2026,2026-04-03,NC,신영우,3892639,,,2.0,94.3,3.0,11.0,1.0,1.0,2.0,2.0,2.0,2.0,534.3333333333334,5.592014971927635,3.980661260137242,6.0,6.0,1.0,6.0,6.0,3.0,0.1818181818181818,0.1818181818181818,8.980661260137243,94.14437459750845,106.2198356805979,,3.0
2026,2026-04-04,NC,신영우,3892639,중계,,3.0,148.2,4.0,14.0,1.0,1.0,2.0,4.0,2.0,2.0,624.3333333333334,5.477843032568073,3.8873465029364658,4.5,4.5,0.75,9.0,4.5,2.25,0.2857142857142857,0.1428571428571428,6.637346502936466,122.9629770385896,81.32529189547591,,4.0
2026,2026-04-05,NC,신영우,3892639,,,3.0,148.2,4.0,14.0,1.0,1.0,2.0,4.0,2.0,2.0,711.3333333333334,5.200093720712277,3.7085285848172447,4.5,4.5,0.75,9.0,4.5,2.25,0.2857142857142857,0.1428571428571428,6.458528584817245,116.72824521930325,85.66906819521272,,4.0
2026,2026-04-06,NC,신영우,3892639,,,3.0,148.2,4.0,14.0,1.0,1.0,2.0,4.0,2.0,2.0,711.3333333333334,5.200093720712277,3.7085285848172447,4.5,4.5,0.75,9.0,4.5,2.25,0.2857142857142857,0.1428571428571428,6.458528584817245,116.72824521930325,85.66906819521272,,4.0
2026,2026-04-07,NC,신영우,3892639,중계,패,4.0,185.6,4.0,16.0,1.0,1.0,4.0,4.0,4.0,4.0,801.3333333333334,5.031613976705491,3.697587354409318,9.0,9.0,1.25,9.0,9.0,2.25,0.25,0.25,7.947587354409318,56.47316199152107,177.0752627859125,,4.0
2026,2026-04-08,NC,신영우,3892639,,,4.0,185.6,4.0,16.0,1.0,1.0,4.0,4.0,4.0,4.0,888.3333333333334,4.984615384615385,3.578611632270169,9.0,9.0,1.25,9.0,9.0,2.25,0.25,0.25,7.828611632270169,55.945665423468405,178.74485760973974,,4.0
2026,2026-04-09,NC,신영우,3892639,,,4.0,185.6,4.0,16.0,1.0,1.0,4.0,4.0,4.0,4.0,888.3333333333334,4.984615384615385,3.578611632270169,9.0,9.0,1.25,9.0,9.0,2.25,0.25,0.25,7.828611632270169,55.945665423468405,178.74485760973974,,4.0
2026,2026-04-10,NC,신영우,3892639,,,4.0,185.6,4.0,16.0,1.0,1.0,4.0,4.0,4.0,4.0,980.3333333333334,4.966678000680041,3.5651139068344104,9.0,9.0,1.25,9.0,9.0,2.25,0.25,0.25,7.81511390683441,55.7443421913257,179.3904028085578,,4.0
2026,2026-04-11,NC,신영우,3892639,,,4.0,185.6,4.0,16.0,1.0,1.0,4.0,4.0,4.0,4.0,1069.3333333333333,4.864713216957607,3.6013092269326688,9.0,9.0,1.25,9.0,9.0,2.25,0.25,0.25,7.851309226932669,54.59992336761504,183.1504402061363,,4.0
2026,2026-04-12,NC,신영우,3892639,,,4.0,185.6,4.0,16.0,1.0,1.0,4.0,4.0,4.0,4.0,1155.3333333333333,4.759665320253895,3.5600115406809003,9.0,9.0,1.25,9.0,9.0,2.25,0.25,0.25,7.8100115406809,53.42090070910387,187.19265057797543,,4.0
2026,2026-04-04,NC,목지훈,3892643,중계,,1.0,49.9,1.0,4.0,1.0,0.0,0.0,0.0,0.0,0.0,624.3333333333334,5.477843032568073,3.8873465029364658,0.0,0.0,1.0,0.0,0.0,0.0,0.0,0.0,3.8873465029364658,0.0,0.0,,1.0
2026,2026-04-05,NC,목지훈,3892643,,,1.0,49.9,1.0,4.0,1.0,0.0,0.0,0.0,0.0,0.0,711.3333333333334,5.200093720712277,3.7085285848172447,0.0,0.0,1.0,0.0,0.0,0.0,0.0,0.0,3.7085285848172447,0.0,0.0,,1.0
2026,2026-04-06,NC,목지훈,3892643,,,1.0,49.9,1.0,4.0,1.0,0.0,0.0,0.0,0.0,0.0,711.3333333333334,5.200093720712277,3.7085285848172447,0.0,0.0,1.0,0.0,0.0,0.0,0.0,0.0,3.7085285848172447,0.0,0.0,,1.0
2026,2026-04-07,NC,목지훈,3892643,중계,,2.0,104.8,2.0,7.0,1.0,0.0,0.0,3.0,0.0,0.0,801.3333333333334,5.031613976705491,3.697587354409318,0.0,0.0,0.5,13.5,0.0,0.0,0.4285714285714285,0.0,0.6975873544093179,0.0,0.0,,2.0
2026,2026-04-08,NC,목지훈,3892643,,,2.0,104.8,2.0,7.0,1.0,0.0,0.0,3.0,0.0,0.0,888.3333333333334,4.984615384615385,3.578611632270169,0.0,0.0,0.5,13.5,0.0,0.0,0.4285714285714285,0.0,0.5786116322701691,0.0,0.0,,2.0
2026,2026-04-09,NC,목지훈,3892643,,,2.0,104.8,2.0,7.0,1.0,0.0,0.0,3.0,0.0,0.0,888.3333333333334,4.984615384615385,3.578611632270169,0.0,0.0,0.5,13.5,0.0,0.0,0.4285714285714285,0.0,0.5786116322701691,0.0,0.0,,2.0
2026,2026-04-10,NC,목지훈,3892643,,,2.0,104.8,2.0,7.0,1.0,0.0,0.0,3.0,0.0,0.0,980.3333333333334,4.966678000680041,3.5651139068344104,0.0,0.0,0.5,13.5,0.0,0.0,0.4285714285714285,0.0,0.5651139068344104,0.0,0.0,,2.0
2026,2026-04-11,NC,목지훈,3892643,,,2.0,104.8,2.0,7.0,1.0,0.0,0.0,3.0,0.0,0.0,1069.3333333333333,4.864713216957607,3.6013092269326688,0.0,0.0,0.5,13.5,0.0,0.0,0.4285714285714285,0.0,0.6013092269326688,0.0,0.0,,2.0
2026,2026-04-12,NC,목지훈,3892643,중계,,3.0,143.7,3.2,16.0,3.0,0.0,3.0,3.0,2.0,2.0,1155.3333333333333,4.759665320253895,3.5600115406809003,4.909090909090909,4.909090909090909,1.6363636363636365,7.363636363636364,7.363636363636364,0.0,0.1875,0.1875,4.378193358862719,97.93831796669042,102.10508213344114,,3.6666666666666665
2026,2026-03-28,SSG,화이트,3920646,선발,,1.0,32.400000000000006,4.0,23.0,9.0,0.0,2.0,4.0,5.0,5.0,92.0,5.869565217391305,4.445652173913044,11.25,11.25,2.75,9.0,4.5,0.0,0.1739130434782608,0.0869565217391304,3.945652173913044,53.66625976077063,186.33681655060812,,4.0
2026,2026-03-29,SSG,화이트,3920646,,,1.0,32.400000000000006,4.0,23.0,9.0,0.0,2.0,4.0,5.0,5.0,180.0,6.0,4.011111111111111,11.25,11.25,2.75,9.0,4.5,0.0,0.1739130434782608,0.0869565217391304,3.511111111111111,54.85884331100998,182.28601619081232,,4.0
2026,2026-03-30,SSG,화이트,3920646,,,1.0,32.400000000000006,4.0,23.0,9.0,0.0,2.0,4.0,5.0,5.0,180.0,6.0,4.011111111111111,11.25,11.25,2.75,9.0,4.5,0.0,0.1739130434782608,0.0869565217391304,3.511111111111111,54.85884331100998,182.28601619081232,,4.0
2026,2026-03-31,SSG,화이트,3920646,,,1.0,32.400000000000006,4.0,23.0,9.0,0.0,2.0,4.0,5.0,5.0,272.0,5.525735294117647,3.871323529411765,11.25,11.25,2.75,9.0,4.5,0.0,0.1739130434782608,0.0869565217391304,3.3713235294117645,50.52257444635293,197.93132296966448,,4.0
2026,2026-04-01,SSG,화이트,3920646,,,1.0,32.400000000000006,4.0,23.0,9.0,0.0,2.0,4.0,5.0,5.0,359.3333333333333,5.760667903525047,4.043599257884972,11.25,11.25,2.75,9.0,4.5,0.0,0.1739130434782608,0.0869565217391304,3.5435992578849724,52.67059631437414,189.8592516460828,,4.0
2026,2026-04-02,SSG,화이트,3920646,,,1.0,32.400000000000006,4.0,23.0,9.0,0.0,2.0,4.0,5.0,5.0,445.3333333333333,5.719311377245509,4.077844311377246,11.25,11.25,2.75,9.0,4.5,0.0,0.1739130434782608,0.0869565217391304,3.5778443113772456,52.29246778186467,191.23213005961932,,4.0
2026,2026-04-03,SSG,화이트,3920646,선발,승,2.0,89.30000000000001,11.0,53.0,15.0,0.0,6.0,8.0,7.0,7.0,534.3333333333334,5.592014971927635,3.980661260137242,5.727272727272728,5.727272727272728,1.9090909090909087,6.545454545454546,4.909090909090909,0.0,0.1509433962264151,0.1132075471698113,4.162479441955424,100.43113703916072,99.5707137727689,,11.0
2026,2026-04-04,SSG,화이트,3920646,,,2.0,89.30000000000001,11.0,53.0,15.0,0.0,6.0,8.0,7.0,7.0,624.3333333333334,5.477843032568073,3.8873465029364658,5.727272727272728,5.727272727272728,1.9090909090909087,6.545454545454546,4.909090909090909,0.0,0.1509433962264151,0.1132075471698113,4.069164684754647,98.3806386507606,101.64601630102032,,11.0
2026,2026-04-05,SSG,화이트,3920646,,,2.0,89.30000000000001,11.0,53.0,15.0,0.0,6.0,8.0,7.0,7.0,711.3333333333334,5.200093720712277,3.7085285848172447,5.727272727272728,5.727272727272728,1.9090909090909087,6.545454545454546,4.909090909090909,0.0,0.1509433962264151,0.1132075471698113,3.8903467666354254,93.39233312197436,107.07517058107516,,11.0
2026,2026-04-06,SSG,화이트,3920646,,,2.0,89.30000000000001,11.0,53.0,15.0,0.0,6.0,8.0,7.0,7.0,711.3333333333334,5.200093720712277,3.7085285848172447,5.727272727272728,5.727272727272728,1.9090909090909087,6.545454545454546,4.909090909090909,0.0,0.1509433962264151,0.1132075471698113,3.8903467666354254,93.39233312197436,107.07517058107516,,11.0
2026,2026-04-07,SSG,화이트,3920646,,,2.0,89.30000000000001,11.0,53.0,15.0,0.0,6.0,8.0,7.0,7.0,801.3333333333334,5.031613976705491,3.697587354409318,5.727272727272728,5.727272727272728,1.9090909090909087,6.545454545454546,4.909090909090909,0.0,0.1509433962264151,0.1132075471698113,3.8794055362275,90.36648066206304,110.6605007380588,,11.0
2026,2026-04-08,SSG,화이트,3920646,,,2.0,89.30000000000001,11.0,53.0,15.0,0.0,6.0,8.0,7.0,7.0,888.3333333333334,4.984615384615385,3.578611632270169,5.727272727272728,5.727272727272728,1.9090909090909087,6.545454545454546,4.909090909090909,0.0,0.1509433962264151,0.1132075471698113,3.760429814088351,89.5223981503844,111.70388870952137,,11.0
2026,2026-04-09,SSG,화이트,3920646,,,2.0,89.30000000000001,11.0,53.0,15.0,0.0,6.0,8.0,7.0,7.0,888.3333333333334,4.984615384615385,3.578611632270169,5.727272727272728,5.727272727272728,1.9090909090909087,6.545454545454546,4.909090909090909,0.0,0.1509433962264151,0.1132075471698113,3.760429814088351,89.5223981503844,111.70388870952137,,11.0
2026,2026-04-10,SSG,화이트,3920646,선발,패,3.0,115.20000000000002,14.2,76.0,23.0,1.0,10.0,13.0,12.0,12.0,980.3333333333334,4.966678000680041,3.5651139068344104,7.363636363636364,7.363636363636364,2.25,7.977272727272727,6.136363636363637,0.6136363636363636,0.1710526315789473,0.131578947368421,4.72420481592532,69.37797019377345,144.13797307805183,,14.666666666666666
2026,2026-04-11,SSG,화이트,3920646,,,3.0,115.20000000000002,14.2,76.0,23.0,1.0,10.0,13.0,12.0,12.0,1069.3333333333333,4.864713216957607,3.6013092269326688,7.363636363636364,7.363636363636364,2.25,7.977272727272727,6.136363636363637,0.6136363636363636,0.1710526315789473,0.131578947368421,4.760400136023578,67.95365604960284,147.1591166882984,,14.666666666666666
2026,2026-04-12,SSG,화이트,3920646,,,3.0,115.20000000000002,14.2,76.0,23.0,1.0,10.0,13.0,12.0,12.0,1155.3333333333333,4.759665320253895,3.5600115406809003,7.363636363636364,7.363636363636364,2.25,7.977272727272727,6.136363636363637,0.6136363636363636,0.1710526315789473,0.131578947368421,4.7191024497718095,66.48627486535237,150.40698279835863,,14.666666666666666
2026,2026-03-28,LG,치리노스,3925530,선발,패,1.0,19.9,1.0,10.0,6.0,0.0,1.0,0.0,6.0,6.0,92.0,5.869565217391305,4.445652173913044,54.0,54.0,7.0,0.0,9.0,0.0,0.0,0.1,7.445652173913044,10.36438828986275,964.842277260188,,1.0
2026,2026-03-29,LG,치리노스,3925530,,,1.0,19.9,1.0,10.0,6.0,0.0,1.0,0.0,6.0,6.0,180.0,6.0,4.011111111111111,54.0,54.0,7.0,0.0,9.0,0.0,0.0,0.1,7.011111111111111,10.594708029637475,943.867445145836,,1.0
2026,2026-03-30,LG,치리노스,3925530,,,1.0,19.9,1.0,10.0,6.0,0.0,1.0,0.0,6.0,6.0,180.0,6.0,4.011111111111111,54.0,54.0,7.0,0.0,9.0,0.0,0.0,0.1,7.011111111111111,10.594708029637475,943.867445145836,,1.0
2026,2026-03-31,LG,치리노스,3925530,,,1.0,19.9,1.0,10.0,6.0,0.0,1.0,0.0,6.0,6.0,272.0,5.525735294117647,3.871323529411765,54.0,54.0,7.0,0.0,9.0,0.0,0.0,0.1,6.8713235294117645,9.757258681706574,1024.8780242701291,,1.0
2026,2026-04-01,LG,치리노스,3925530,,,1.0,19.9,1.0,10.0,6.0,0.0,1.0,0.0,6.0,6.0,359.3333333333333,5.760667903525047,4.043599257884972,54.0,54.0,7.0,0.0,9.0,0.0,0.0,0.1,7.043599257884972,10.172099082258615,983.0812617074504,,1.0
2026,2026-04-02,LG,치리노스,3925530,,,1.0,19.9,1.0,10.0,6.0,0.0,1.0,0.0,6.0,6.0,445.3333333333333,5.719311377245509,4.077844311377246,54.0,54.0,7.0,0.0,9.0,0.0,0.0,0.1,7.077844311377246,10.09907236208333,990.1899542323022,,1.0
2026,2026-04-03,LG,치리노스,3925530,선발,패,2.0,63.8,6.0,34.0,15.0,0.0,2.0,6.0,10.0,10.0,534.3333333333334,5.592014971927635,3.980661260137242,15.0,15.0,2.833333333333333,9.0,3.0,0.0,0.1764705882352941,0.0588235294117647,2.980661260137242,35.547459554960824,281.314055215078,,6.0
2026,2026-04-04,LG,치리노스,3925530,,,2.0,63.8,6.0,34.0,15.0,0.0,2.0,6.0,10.0,10.0,624.3333333333334,5.477843032568073,3.8873465029364658,15.0,15.0,2.833333333333333,9.0,3.0,0.0,0.1764705882352941,0.0588235294117647,2.8873465029364658,34.8216885373456,287.17734320307846,,6.0
2026,2026-04-05,LG,치리노스,3925530,,,2.0,63.8,6.0,34.0,15.0,0.0,2.0,6.0,10.0,10.0,711.3333333333334,5.200093720712277,3.7085285848172447,15.0,15.0,2.833333333333333,9.0,3.0,0.0,0.1764705882352941,0.0588235294117647,2.7085285848172447,33.05608481861867,302.516164720377,,6.0
2026,2026-04-06,LG,치리노스,3925530,,,2.0,63.8,6.0,34.0,15.0,0.0,2.0,6.0,10.0,10.0,711.3333333333334,5.200093720712277,3.7085285848172447,15.0,15.0,2.833333333333333,9.0,3.0,0.0,0.1764705882352941,0.0588235294117647,2.7085285848172447,33.05608481861867,302.516164720377,,6.0
2026,2026-04-07,LG,치리노스,3925530,,,2.0,63.8,6.0,34.0,15.0,0.0,2.0,6.0,10.0,10.0,801.3333333333334,5.031613976705491,3.697587354409318,15.0,15.0,2.833333333333333,9.0,3.0,0.0,0.1764705882352941,0.0588235294117647,2.697587354409318,31.98508860062269,312.6456870219618,,6.0
2026,2026-04-08,LG,치리노스,3925530,,,2.0,63.8,6.0,34.0,15.0,0.0,2.0,6.0,10.0,10.0,888.3333333333334,4.984615384615385,3.578611632270169,15.0,15.0,2.833333333333333,9.0,3.0,0.0,0.1764705882352941,0.0588235294117647,2.578611632270169,31.68632678402347,315.5935387576098,,6.0
2026,2026-04-09,LG,치리노스,3925530,,,2.0,63.8,6.0,34.0,15.0,0.0,2.0,6.0,10.0,10.0,888.3333333333334,4.984615384615385,3.578611632270169,15.0,15.0,2.833333333333333,9.0,3.0,0.0,0.1764705882352941,0.0588235294117647,2.578611632270169,31.68632678402347,315.5935387576098,,6.0
2026,2026-04-10,LG,치리노스,3925530,선발,승,3.0,112.70000000000002,11.0,58.0,22.0,0.0,5.0,8.0,11.0,11.0,980.3333333333334,4.966678000680041,3.5651139068344104,9.0,9.0,2.4545454545454546,6.545454545454546,4.090909090909091,0.0,0.1379310344827586,0.0862068965517241,3.47420481592532,52.62050329442864,190.0399915228249,,11.0
2026,2026-04-11,LG,치리노스,3925530,,,3.0,112.70000000000002,11.0,58.0,22.0,0.0,5.0,8.0,11.0,11.0,1069.3333333333333,4.864713216957607,3.6013092269326688,9.0,9.0,2.4545454545454546,6.545454545454546,4.090909090909091,0.0,0.1379310344827586,0.0862068965517241,3.510400136023578,51.54021618158432,194.02324516390115,,11.0
2026,2026-04-12,LG,치리노스,3925530,,,3.0,112.70000000000002,11.0,58.0,22.0,0.0,5.0,8.0,11.0,11.0,1155.3333333333333,4.759665320253895,3.5600115406809003,9.0,9.0,2.4545454545454546,6.545454545454546,4.090909090909091,0.0,0.1379310344827586,0.0862068965517241,3.469102449771809,50.427264386880985,198.3054230996828,,11.0
2026,2026-03-31,KIA,올러,3933076,선발,승,1.0,69.4,6.0,21.0,3.0,0.0,1.0,3.0,0.0,0.0,272.0,5.525735294117647,3.871323529411765,0.0,0.0,0.6666666666666666,4.5,1.5,0.0,0.1428571428571428,0.0476190476190476,3.3713235294117645,0.0,0.0,,6.0
2026,2026-04-01,KIA,올러,3933076,,,1.0,69.4,6.0,21.0,3.0,0.0,1.0,3.0,0.0,0.0,359.3333333333333,5.760667903525047,4.043599257884972,0.0,0.0,0.6666666666666666,4.5,1.5,0.0,0.1428571428571428,0.0476190476190476,3.5435992578849724,0.0,0.0,,6.0
2026,2026-04-02,KIA,올러,3933076,,,1.0,69.4,6.0,21.0,3.0,0.0,1.0,3.0,0.0,0.0,445.3333333333333,5.719311377245509,4.077844311377246,0.0,0.0,0.6666666666666666,4.5,1.5,0.0,0.1428571428571428,0.0476190476190476,3.5778443113772456,0.0,0.0,,6.0
2026,2026-04-03,KIA,올러,3933076,,,1.0,69.4,6.0,21.0,3.0,0.0,1.0,3.0,0.0,0.0,534.3333333333334,5.592014971927635,3.980661260137242,0.0,0.0,0.6666666666666666,4.5,1.5,0.0,0.1428571428571428,0.0476190476190476,3.480661260137242,0.0,0.0,,6.0
2026,2026-04-04,KIA,올러,3933076,,,1.0,69.4,6.0,21.0,3.0,0.0,1.0,3.0,0.0,0.0,624.3333333333334,5.477843032568073,3.8873465029364658,0.0,0.0,0.6666666666666666,4.5,1.5,0.0,0.1428571428571428,0.0476190476190476,3.3873465029364658,0.0,0.0,,6.0
2026,2026-04-05,KIA,올러,3933076,선발,승,2.0,147.3,13.0,46.0,6.0,0.0,1.0,8.0,0.0,0.0,711.3333333333334,5.200093720712277,3.7085285848172447,0.0,0.0,0.5384615384615384,5.538461538461538,0.6923076923076923,0.0,0.1739130434782608,0.0217391304347826,2.7085285848172447,0.0,0.0,,13.0
2026,2026-04-06,KIA,올러,3933076,,,2.0,147.3,13.0,46.0,6.0,0.0,1.0,8.0,0.0,0.0,711.3333333333334,5.200093720712277,3.7085285848172447,0.0,0.0,0.5384615384615384,5.538461538461538,0.6923076923076923,0.0,0.1739130434782608,0.0217391304347826,2.7085285848172447,0.0,0.0,,13.0
2026,2026-04-07,KIA,올러,3933076,,,2.0,147.3,13.0,46.0,6.0,0.0,1.0,8.0,0.0,0.0,801.3333333333334,5.031613976705491,3.697587354409318,0.0,0.0,0.5384615384615384,5.538461538461538,0.6923076923076923,0.0,0.1739130434782608,0.0217391304347826,2.697587354409318,0.0,0.0,,13.0
2026,2026-04-08,KIA,올러,3933076,,,2.0,147.3,13.0,46.0,6.0,0.0,1.0,8.0,0.0,0.0,888.3333333333334,4.984615384615385,3.578611632270169,0.0,0.0,0.5384615384615384,5.538461538461538,0.6923076923076923,0.0,0.1739130434782608,0.0217391304347826,2.578611632270169,0.0,0.0,,13.0
2026,2026-04-09,KIA,올러,3933076,,,2.0,147.3,13.0,46.0,6.0,0.0,1.0,8.0,0.0,0.0,888.3333333333334,4.984615384615385,3.578611632270169,0.0,0.0,0.5384615384615384,5.538461538461538,0.6923076923076923,0.0,0.1739130434782608,0.0217391304347826,2.578611632270169,0.0,0.0,,13.0
2026,2026-04-10,KIA,올러,3933076,,,2.0,147.3,13.0,46.0,6.0,0.0,1.0,8.0,0.0,0.0,980.3333333333334,4.966678000680041,3.5651139068344104,0.0,0.0,0.5384615384615384,5.538461538461538,0.6923076923076923,0.0,0.1739130434782608,0.0217391304347826,2.5651139068344104,0.0,0.0,,13.0
2026,2026-04-11,KIA,올러,3933076,,,2.0,147.3,13.0,46.0,6.0,0.0,1.0,8.0,0.0,0.0,1069.3333333333333,4.864713216957607,3.6013092269326688,0.0,0.0,0.5384615384615384,5.538461538461538,0.6923076923076923,0.0,0.1739130434782608,0.0217391304347826,2.6013092269326688,0.0,0.0,,13.0
2026,2026-04-12,KIA,올러,3933076,선발,승,3.0,200.2,18.0,69.0,11.0,0.0,5.0,15.0,2.0,2.0,1155.3333333333333,4.759665320253895,3.5600115406809003,1.0,1.0,0.8888888888888888,7.5,2.5,0.0,0.217391304347826,0.072463768115942,2.726678207347567,475.3676920716289,21.03634758269014,,18.0
2026,2026-03-31,두산,잭로그,3935293,선발,,1.0,63.900000000000006,7.0,26.0,4.0,1.0,1.0,5.0,2.0,2.0,272.0,5.525735294117647,3.871323529411765,2.571428571428572,2.571428571428572,0.7142857142857143,6.428571428571429,1.2857142857142858,1.2857142857142858,0.1923076923076923,0.0384615384615384,4.728466386554621,204.902432315838,48.80371544143473,,7.0
2026,2026-04-01,두산,잭로그,3935293,,,1.0,63.900000000000006,7.0,26.0,4.0,1.0,1.0,5.0,2.0,2.0,359.3333333333333,5.760667903525047,4.043599257884972,2.571428571428572,2.571428571428572,0.7142857142857143,6.428571428571429,1.2857142857142858,1.2857142857142858,0.1923076923076923,0.0384615384615384,4.900742115027829,213.61408072743092,46.8133934146405,,7.0
2026,2026-04-02,두산,잭로그,3935293,,,1.0,63.900000000000006,7.0,26.0,4.0,1.0,1.0,5.0,2.0,2.0,445.3333333333333,5.719311377245509,4.077844311377246,2.571428571428572,2.571428571428572,0.7142857142857143,6.428571428571429,1.2857142857142858,1.2857142857142858,0.1923076923076923,0.0384615384615384,4.934987168520102,212.0805196037499,47.15190258249059,,7.0
2026,2026-04-03,두산,잭로그,3935293,,,1.0,63.900000000000006,7.0,26.0,4.0,1.0,1.0,5.0,2.0,2.0,534.3333333333334,5.592014971927635,3.980661260137242,2.571428571428572,2.571428571428572,0.7142857142857143,6.428571428571429,1.2857142857142858,1.2857142857142858,0.1923076923076923,0.0384615384615384,4.837804117280099,207.36018073727143,48.22526660829908,,7.0
2026,2026-04-04,두산,잭로그,3935293,,,1.0,63.900000000000006,7.0,26.0,4.0,1.0,1.0,5.0,2.0,2.0,624.3333333333334,5.477843032568073,3.8873465029364658,2.571428571428572,2.571428571428572,0.7142857142857143,6.428571428571429,1.2857142857142858,1.2857142857142858,0.1923076923076923,0.0384615384615384,4.7444893600793225,203.12651646784929,49.23040169195631,,7.0
2026,2026-04-05,두산,잭로그,3935293,선발,승,2.0,132.3,13.0,50.0,8.0,1.0,3.0,11.0,2.0,2.0,711.3333333333334,5.200093720712277,3.7085285848172447,1.3846153846153846,1.3846153846153846,0.8461538461538461,7.615384615384615,2.076923076923077,0.6923076923076923,0.22,0.06,3.7085285848172447,358.10758553503564,27.92456905111172,,13.0
2026,2026-04-06,두산,잭로그,3935293,,,2.0,132.3,13.0,50.0,8.0,1.0,3.0,11.0,2.0,2.0,711.3333333333334,5.200093720712277,3.7085285848172447,1.3846153846153846,1.3846153846153846,0.8461538461538461,7.615384615384615,2.076923076923077,0.6923076923076923,0.22,0.06,3.7085285848172447,358.10758553503564,27.92456905111172,,13.0
2026,2026-04-07,두산,잭로그,3935293,,,2.0,132.3,13.0,50.0,8.0,1.0,3.0,11.0,2.0,2.0,801.3333333333334,5.031613976705491,3.697587354409318,1.3846153846153846,1.3846153846153846,0.8461538461538461,7.615384615384615,2.076923076923077,0.6923076923076923,0.22,0.06,3.697587354409318,346.50512650674585,28.859601878950315,,13.0
2026,2026-04-08,두산,잭로그,3935293,,,2.0,132.3,13.0,50.0,8.0,1.0,3.0,11.0,2.0,2.0,888.3333333333334,4.984615384615385,3.578611632270169,1.3846153846153846,1.3846153846153846,0.8461538461538461,7.615384615384615,2.076923076923077,0.6923076923076923,0.22,0.06,3.578611632270169,343.2685401602543,29.13171126993321,,13.0
2026,2026-04-09,두산,잭로그,3935293,,,2.0,132.3,13.0,50.0,8.0,1.0,3.0,11.0,2.0,2.0,888.3333333333334,4.984615384615385,3.578611632270169,1.3846153846153846,1.3846153846153846,0.8461538461538461,7.615384615384615,2.076923076923077,0.6923076923076923,0.22,0.06,3.578611632270169,343.2685401602543,29.13171126993321,,13.0
2026,2026-04-10,두산,잭로그,3935293,,,2.0,132.3,13.0,50.0,8.0,1.0,3.0,11.0,2.0,2.0,980.3333333333334,4.966678000680041,3.5651139068344104,1.3846153846153846,1.3846153846153846,0.8461538461538461,7.615384615384615,2.076923076923077,0.6923076923076923,0.22,0.06,3.5651139068344104,342.03327141378617,29.23692177274229,,13.0
2026,2026-04-11,두산,잭로그,3935293,선발,패,3.0,174.70000000000002,19.0,78.0,17.0,2.0,3.0,16.0,7.0,5.0,1069.3333333333333,4.864713216957607,3.6013092269326688,2.3684210526315788,3.3157894736842106,1.0526315789473684,7.578947368421052,1.4210526315789471,0.9473684210526316,0.2051282051282051,0.0384615384615384,3.759203963774774,195.85282149002043,51.058748727342405,,19.0
2026,2026-04-12,두산,잭로그,3935293,,,3.0,174.70000000000002,19.0,78.0,17.0,2.0,3.0,16.0,7.0,5.0,1155.3333333333333,4.759665320253895,3.5600115406809003,2.3684210526315788,3.3157894736842106,1.0526315789473684,7.578947368421052,1.4210526315789471,0.9473684210526316,0.2051282051282051,0.0384615384615384,3.7179062775230056,191.62360467014776,52.185637657811256,,19.0
2026,2026-03-28,키움,박윤성,3971571,중계,,1.0,52.9,1.0,3.0,0.0,0.0,0.0,1.0,0.0,0.0,92.0,5.869565217391305,4.445652173913044,0.0,0.0,0.0,9.0,0.0,0.0,0.3333333333333333,0.0,2.445652173913044,0.0,0.0,,1.0
2026,2026-03-29,키움,박윤성,3971571,,,1.0,52.9,1.0,3.0,0.0,0.0,0.0,1.0,0.0,0.0,180.0,6.0,4.011111111111111,0.0,0.0,0.0,9.0,0.0,0.0,0.3333333333333333,0.0,2.011111111111111,0.0,0.0,,1.0
2026,2026-03-30,키움,박윤성,3971571,,,1.0,52.9,1.0,3.0,0.0,0.0,0.0,1.0,0.0,0.0,180.0,6.0,4.011111111111111,0.0,0.0,0.0,9.0,0.0,0.0,0.3333333333333333,0.0,2.011111111111111,0.0,0.0,,1.0
2026,2026-03-31,키움,박윤성,3971571,,,1.0,52.9,1.0,3.0,0.0,0.0,0.0,1.0,0.0,0.0,272.0,5.525735294117647,3.871323529411765,0.0,0.0,0.0,9.0,0.0,0.0,0.3333333333333333,0.0,1.8713235294117645,0.0,0.0,,1.0
2026,2026-04-01,키움,박윤성,3971571,중계,,2.0,104.8,2.0,5.0,0.0,0.0,0.0,1.0,0.0,0.0,359.3333333333333,5.760667903525047,4.043599257884972,0.0,0.0,0.0,4.5,0.0,0.0,0.2,0.0,3.0435992578849724,0.0,0.0,,2.0
2026,2026-04-02,키움,박윤성,3971571,,,2.0,104.8,2.0,5.0,0.0,0.0,0.0,1.0,0.0,0.0,445.3333333333333,5.719311377245509,4.077844311377246,0.0,0.0,0.0,4.5,0.0,0.0,0.2,0.0,3.0778443113772456,0.0,0.0,,2.0
2026,2026-04-03,키움,박윤성,3971571,중계,홀드,3.0,153.7,2.1,6.0,0.0,0.0,0.0,1.0,0.0,0.0,534.3333333333334,5.592014971927635,3.980661260137242,0.0,0.0,0.0,3.8571428571428568,0.0,0.0,0.1666666666666666,0.0,3.1235184029943848,0.0,0.0,,2.333333333333333
2026,2026-04-04,키움,박윤성,3971571,중계,패,4.0,187.1,2.1,10.0,2.0,0.0,2.0,1.0,2.0,2.0,624.3333333333334,5.477843032568073,3.8873465029364658,7.7142857142857135,7.7142857142857135,1.7142857142857142,3.8571428571428568,7.7142857142857135,0.0,0.1,0.2,5.60163221722218,68.72004689645227,145.51794493196505,,2.333333333333333
2026,2026-04-05,키움,박윤성,3971571,,,4.0,187.1,2.1,10.0,2.0,0.0,2.0,1.0,2.0,2.0,711.3333333333334,5.200093720712277,3.7085285848172447,7.7142857142857135,7.7142857142857135,1.7142857142857142,3.8571428571428568,7.7142857142857135,0.0,0.1,0.2,5.422814299102959,65.23565612024572,153.2904027448959,,2.333333333333333
2026,2026-04-06,키움,박윤성,3971571,,,4.0,187.1,2.1,10.0,2.0,0.0,2.0,1.0,2.0,2.0,711.3333333333334,5.200093720712277,3.7085285848172447,7.7142857142857135,7.7142857142857135,1.7142857142857142,3.8571428571428568,7.7142857142857135,0.0,0.1,0.2,5.422814299102959,65.23565612024572,153.2904027448959,,2.333333333333333
2026,2026-04-07,키움,박윤성,3971571,,,4.0,187.1,2.1,10.0,2.0,0.0,2.0,1.0,2.0,2.0,801.3333333333334,5.031613976705491,3.697587354409318,7.7142857142857135,7.7142857142857135,1.7142857142857142,3.8571428571428568,7.7142857142857135,0.0,0.1,0.2,5.411873068695032,63.12206216722206,158.42321458871453,,2.333333333333333
2026,2026-04-08,키움,박윤성,3971571,,,4.0,187.1,2.1,10.0,2.0,0.0,2.0,1.0,2.0,2.0,888.3333333333334,4.984615384615385,3.578611632270169,7.7142857142857135,7.7142857142857135,1.7142857142857142,3.8571428571428568,7.7142857142857135,0.0,0.1,0.2,5.292897346555884,62.53246048763812,159.91694428810897,,2.333333333333333
2026,2026-04-09,키움,박윤성,3971571,,,4.0,187.1,2.1,10.0,2.0,0.0,2.0,1.0,2.0,2.0,888.3333333333334,4.984615384615385,3.578611632270169,7.7142857142857135,7.7142857142857135,1.7142857142857142,3.8571428571428568,7.7142857142857135,0.0,0.1,0.2,5.292897346555884,62.53246048763812,159.91694428810897,,2.333333333333333
2026,2026-04-10,키움,박윤성,3971571,,,4.0,187.1,2.1,10.0,2.0,0.0,2.0,1.0,2.0,2.0,980.3333333333334,4.966678000680041,3.5651139068344104,7.7142857142857135,7.7142857142857135,1.7142857142857142,3.8571428571428568,7.7142857142857135,0.0,0.1,0.2,5.279399621120125,62.30743434908179,160.49449161996137,,2.333333333333333
2026,2026-04-11,키움,박윤성,3971571,,,4.0,187.1,2.1,10.0,2.0,0.0,2.0,1.0,2.0,2.0,1069.3333333333333,4.864713216957607,3.6013092269326688,7.7142857142857135,7.7142857142857135,1.7142857142857142,3.8571428571428568,7.7142857142857135,0.0,0.1,0.2,5.315594941218383,61.02827671759571,163.85846918592074,,2.333333333333333
2026,2026-04-12,키움,박윤성,3971571,,,4.0,187.1,2.1,10.0,2.0,0.0,2.0,1.0,2.0,2.0,1155.3333333333333,4.759665320253895,3.5600115406809003,7.7142857142857135,7.7142857142857135,1.7142857142857142,3.8571428571428568,7.7142857142857135,0.0,0.1,0.2,5.274297254966615,59.71044114893604,167.47489731413893,,2.333333333333333
2026,2026-03-28,한화,정우주,3976071,중계,,1.0,35.4,0.2,7.0,3.0,0.0,2.0,1.0,2.0,2.0,92.0,5.869565217391305,4.445652173913044,27.0,27.0,7.5,13.5,27.0,0.0,0.1428571428571428,0.2857142857142857,10.445652173913045,22.17293169332515,451.0003520648719,,0.6666666666666666
2026,2026-03-29,한화,정우주,3976071,중계,,2.0,89.8,2.0,11.0,3.0,0.0,2.0,2.0,2.0,2.0,180.0,6.0,4.011111111111111,9.0,9.0,2.5,9.0,9.0,0.0,0.1818181818181818,0.1818181818181818,5.011111111111111,67.99699052619712,147.06533219506696,,2.0
2026,2026-03-30,한화,정우주,3976071,,,2.0,89.8,2.0,11.0,3.0,0.0,2.0,2.0,2.0,2.0,180.0,6.0,4.011111111111111,9.0,9.0,2.5,9.0,9.0,0.0,0.1818181818181818,0.1818181818181818,5.011111111111111,67.99699052619712,147.06533219506696,,2.0
2026,2026-03-31,한화,정우주,3976071,,,2.0,89.8,2.0,11.0,3.0,0.0,2.0,2.0,2.0,2.0,272.0,5.525735294117647,3.871323529411765,9.0,9.0,2.5,9.0,9.0,0.0,0.1818181818181818,0.1818181818181818,4.8713235294117645,62.62222840739845,159.68770601620045,,2.0
2026,2026-04-01,한화,정우주,3976071,중계,,3.0,128.2,2.0,14.0,5.0,0.0,3.0,2.0,3.0,3.0,359.3333333333333,5.760667903525047,4.043599257884972,13.5,13.5,4.0,9.0,13.5,0.0,0.1428571428571428,0.2142857142857142,6.543599257884972,43.52312009561783,229.76293928446688,,2.0
2026,2026-04-02,한화,정우주,3976071,,,3.0,128.2,2.0,14.0,5.0,0.0,3.0,2.0,3.0,3.0,445.3333333333333,5.719311377245509,4.077844311377246,13.5,13.5,4.0,9.0,13.5,0.0,0.1428571428571428,0.2142857142857142,6.577844311377246,43.21066239277048,231.4243625590217,,2.0
2026,2026-04-03,한화,정우주,3976071,중계,,4.0,181.1,3.0,18.0,5.0,0.0,4.0,5.0,3.0,3.0,534.3333333333334,5.592014971927635,3.980661260137242,9.0,9.0,3.0,15.0,12.0,0.0,0.2777777777777778,0.2222222222222222,4.647327926803909,63.37336484475264,157.79499833245808,,3.0
2026,2026-04-04,한화,정우주,3976071,,,4.0,181.1,3.0,18.0,5.0,0.0,4.0,5.0,3.0,3.0,624.3333333333334,5.477843032568073,3.8873465029364658,9.0,9.0,3.0,15.0,12.0,0.0,0.2777777777777778,0.2222222222222222,4.554013169603133,62.07947346492102,161.0838404686318,,3.0
2026,2026-04-05,한화,정우주,3976071,중계,,5.0,226.0,3.1,21.0,6.0,0.0,5.0,5.0,3.0,3.0,711.3333333333334,5.200093720712277,3.7085285848172447,8.1,8.1,3.3,13.5,13.5,0.0,0.238095238095238,0.238095238095238,5.208528584817245,65.47976360418701,152.71893863954884,,3.333333333333333
2026,2026-04-06,한화,정우주,3976071,,,5.0,226.0,3.1,21.0,6.0,0.0,5.0,5.0,3.0,3.0,711.3333333333334,5.200093720712277,3.7085285848172447,8.1,8.1,3.3,13.5,13.5,0.0,0.238095238095238,0.238095238095238,5.208528584817245,65.47976360418701,152.71893863954884,,3.333333333333333
2026,2026-04-07,한화,정우주,3976071,중계,홀드,6.0,278.9,4.1,24.0,6.0,0.0,5.0,6.0,3.0,3.0,801.3333333333334,5.031613976705491,3.697587354409318,6.230769230769231,6.230769230769231,2.5384615384615388,12.461538461538462,10.384615384615383,0.0,0.25,0.2083333333333333,4.38989504671701,82.36573894021882,121.40970418850992,,4.333333333333333
2026,2026-04-08,한화,정우주,3976071,중계,홀드,7.0,322.8,5.1,31.0,8.0,0.0,7.0,9.0,4.0,4.0,888.3333333333334,4.984615384615385,3.578611632270169,6.75,6.75,2.8125,15.1875,11.8125,0.0,0.2903225806451613,0.2258064516129032,4.141111632270169,75.31974335209529,132.7673137872132,,5.333333333333333
2026,2026-04-09,한화,정우주,3976071,,,7.0,322.8,5.1,31.0,8.0,0.0,7.0,9.0,4.0,4.0,888.3333333333334,4.984615384615385,3.578611632270169,6.75,6.75,2.8125,15.1875,11.8125,0.0,0.2903225806451613,0.2258064516129032,4.141111632270169,75.31974335209529,132.7673137872132,,5.333333333333333
2026,2026-04-10,한화,정우주,3976071,,,7.0,322.8,5.1,31.0,8.0,0.0,7.0,9.0,4.0,4.0,980.3333333333334,4.966678000680041,3.5651139068344104,6.75,6.75,2.8125,15.1875,11.8125,0.0,0.2903225806451613,0.2258064516129032,4.12761390683441,75.04870154642498,133.24680899127907,,5.333333333333333
2026,2026-04-11,한화,정우주,3976071,중계,,8.0,355.2,5.1,34.0,10.0,0.0,8.0,9.0,7.0,7.0,1069.3333333333333,4.864713216957607,3.6013092269326688,11.8125,11.8125,3.375,15.1875,13.5,0.0,0.2647058823529412,0.2352941176470588,4.726309226932669,42.00455346363584,238.06942760758528,,5.333333333333333
2026,2026-04-12,한화,정우주,3976071,중계,,9.0,405.1,5.2,35.0,10.0,0.0,8.0,10.0,7.0,7.0,1155.3333333333333,4.759665320253895,3.5600115406809003,11.117647058823527,11.117647058823527,3.176470588235294,15.88235294117647,12.705882352941176,0.0,0.2857142857142857,0.2285714285714285,4.265893893622077,43.66610794219002,229.01056382765088,,5.666666666666667
2026,2026-03-29,삼성,배찬승,3976074,중계,,1.0,29.4,0.0,2.0,2.0,2.0,0.0,0.0,2.0,2.0,180.0,6.0,4.011111111111111,0.0,0.0,0.0,0.0,0.0,0.0,0.0,0.0,4.011111111111111,0.0,0.0,,0.0
2026,2026-03-30,삼성,배찬승,3976074,,,1.0,29.4,0.0,2.0,2.0,2.0,0.0,0.0,2.0,2.0,180.0,6.0,4.011111111111111,0.0,0.0,0.0,0.0,0.0,0.0,0.0,0.0,4.011111111111111,0.0,0.0,,0.0
2026,2026-03-31,삼성,배찬승,3976074,,,1.0,29.4,0.0,2.0,2.0,2.0,0.0,0.0,2.0,2.0,272.0,5.525735294117647,3.871323529411765,0.0,0.0,0.0,0.0,0.0,0.0,0.0,0.0,3.871323529411765,0.0,0.0,,0.0
2026,2026-04-01,삼성,배찬승,3976074,중계,,2.0,81.3,1.0,5.0,2.0,2.0,0.0,0.0,2.0,2.0,359.3333333333333,5.760667903525047,4.043599257884972,18.0,18.0,2.0,0.0,0.0,18.0,0.0,0.0,30.04359925788497,33.358647199944635,299.7723480830061,,1.0
2026,2026-04-02,삼성,배찬승,3976074,,,2.0,81.3,1.0,5.0,2.0,2.0,0.0,0.0,2.0,2.0,445.3333333333333,5.719311377245509,4.077844311377246,18.0,18.0,2.0,0.0,0.0,18.0,0.0,0.0,30.077844311377245,33.11916146796378,301.9400116658454,,1.0
2026,2026-04-03,삼성,배찬승,3976074,중계,홀드,3.0,130.2,2.0,9.0,4.0,2.0,0.0,1.0,2.0,2.0,534.3333333333334,5.592014971927635,3.980661260137242,9.0,9.0,2.0,4.5,0.0,9.0,0.1111111111111111,0.0,15.980661260137245,64.7640369864731,154.40668101169547,,2.0
2026,2026-04-04,삼성,배찬승,3976074,,,3.0,130.2,2.0,9.0,4.0,2.0,0.0,1.0,2.0,2.0,624.3333333333334,5.477843032568073,3.8873465029364658,9.0,9.0,2.0,4.5,0.0,9.0,0.1111111111111111,0.0,15.887346502936468,63.44175231080257,157.62490214661435,,2.0
2026,2026-04-05,삼성,배찬승,3976074,중계,,4.0,177.1,2.1,11.0,4.0,2.0,1.0,1.0,2.0,2.0,711.3333333333334,5.200093720712277,3.7085285848172447,7.7142857142857135,7.7142857142857135,2.142857142857143,3.8571428571428568,3.8571428571428568,7.7142857142857135,0.0909090909090909,0.0909090909090909,15.279957156245816,70.26249173341994,142.32344673941532,,2.333333333333333
2026,2026-04-06,삼성,배찬승,3976074,,,4.0,177.1,2.1,11.0,4.0,2.0,1.0,1.0,2.0,2.0,711.3333333333334,5.200093720712277,3.7085285848172447,7.7142857142857135,7.7142857142857135,2.142857142857143,3.8571428571428568,3.8571428571428568,7.7142857142857135,0.0909090909090909,0.0909090909090909,15.279957156245816,70.26249173341994,142.32344673941532,,2.333333333333333
2026,2026-04-07,삼성,배찬승,3976074,중계,승,5.0,227.5,3.0,13.0,4.0,2.0,1.0,1.0,2.0,2.0,801.3333333333334,5.031613976705491,3.697587354409318,6.0,6.0,1.6666666666666667,3.0,3.0,6.0,0.0769230769230769,0.0769230769230769,12.697587354409318,87.41061191490664,114.4025854633634,,3.0
2026,2026-04-08,삼성,배찬승,3976074,,,5.0,227.5,3.0,13.0,4.0,2.0,1.0,1.0,2.0,2.0,888.3333333333334,4.984615384615385,3.578611632270169,6.0,6.0,1.6666666666666667,3.0,3.0,6.0,0.0769230769230769,0.0769230769230769,12.578611632270167,86.59413916625093,115.48125654094366,,3.0
2026,2026-04-09,삼성,배찬승,3976074,,,5.0,227.5,3.0,13.0,4.0,2.0,1.0,1.0,2.0,2.0,888.3333333333334,4.984615384615385,3.578611632270169,6.0,6.0,1.6666666666666667,3.0,3.0,6.0,0.0769230769230769,0.0769230769230769,12.578611632270167,86.59413916625093,115.48125654094366,,3.0
2026,2026-04-10,삼성,배찬승,3976074,,,5.0,227.5,3.0,13.0,4.0,2.0,1.0,1.0,2.0,2.0,980.3333333333334,4.966678000680041,3.5651139068344104,6.0,6.0,1.6666666666666667,3.0,3.0,6.0,0.0769230769230769,0.0769230769230769,12.56511390683441,86.28252589202124,115.89832236152378,,3.0
2026,2026-04-11,삼성,배찬승,3976074,중계,홀드,6.0,275.4,4.0,18.0,5.0,2.0,2.0,1.0,2.0,2.0,1069.3333333333333,4.864713216957607,3.6013092269326688,4.5,4.5,1.75,2.25,4.5,4.5,0.0555555555555555,0.1111111111111111,11.101309226932669,112.68155335536323,88.74567045116116,,4.0
2026,2026-04-12,삼성,배찬승,3976074,중계,,7.0,324.8,4.2,22.0,5.0,2.0,3.0,2.0,2.0,2.0,1155.3333333333333,4.759665320253895,3.5600115406809003,3.8571428571428568,3.8571428571428568,1.7142857142857142,3.8571428571428568,5.785714285714286,3.8571428571428568,0.0909090909090909,0.1363636363636363,10.202868683538044,128.62304534479705,77.74656534677136,,4.666666666666667
2026,2026-04-02,키움,정현우,3977517,선발,패,1.0,34.900000000000006,5.0,22.0,5.0,1.0,3.0,3.0,6.0,6.0,445.3333333333333,5.719311377245509,4.077844311377246,10.8,10.8,1.6,5.4,5.4,1.8,0.1363636363636363,0.1363636363636363,7.277844311377246,51.24949256264716,195.12388318335135,,5.0
2026,2026-04-03,키움,정현우,3977517,,,1.0,34.900000000000006,5.0,22.0,5.0,1.0,3.0,3.0,6.0,6.0,534.3333333333334,5.592014971927635,3.980661260137242,10.8,10.8,1.6,5.4,5.4,1.8,0.1363636363636363,0.1363636363636363,7.180661260137242,50.1088174450892,199.56567546137583,,5.0
2026,2026-04-04,키움,정현우,3977517,,,1.0,34.900000000000006,5.0,22.0,5.0,1.0,3.0,3.0,6.0,6.0,624.3333333333334,5.477843032568073,3.8873465029364658,10.8,10.8,1.6,5.4,5.4,1.8,0.1363636363636363,0.1363636363636363,7.087346502936466,49.0857477831802,203.72512290475112,,5.0
2026,2026-04-05,키움,정현우,3977517,,,1.0,34.900000000000006,5.0,22.0,5.0,1.0,3.0,3.0,6.0,6.0,711.3333333333334,5.200093720712277,3.7085285848172447,10.8,10.8,1.6,5.4,5.4,1.8,0.1363636363636363,0.1363636363636363,6.908528584817245,46.59689722874693,214.60656384285437,,5.0
2026,2026-04-06,키움,정현우,3977517,,,1.0,34.900000000000006,5.0,22.0,5.0,1.0,3.0,3.0,6.0,6.0,711.3333333333334,5.200093720712277,3.7085285848172447,10.8,10.8,1.6,5.4,5.4,1.8,0.1363636363636363,0.1363636363636363,6.908528584817245,46.59689722874693,214.60656384285437,,5.0
2026,2026-04-07,키움,정현우,3977517,,,1.0,34.900000000000006,5.0,22.0,5.0,1.0,3.0,3.0,6.0,6.0,801.3333333333334,5.031613976705491,3.697587354409318,10.8,10.8,1.6,5.4,5.4,1.8,0.1363636363636363,0.1363636363636363,6.897587354409318,45.08718726230146,221.7925004242004,,5.0
2026,2026-04-08,키움,정현우,3977517,,,1.0,34.900000000000006,5.0,22.0,5.0,1.0,3.0,3.0,6.0,6.0,888.3333333333334,4.984615384615385,3.578611632270169,10.8,10.8,1.6,5.4,5.4,1.8,0.1363636363636363,0.1363636363636363,6.778611632270169,44.66604320545579,223.88372200335257,,5.0
2026,2026-04-09,키움,정현우,3977517,,,1.0,34.900000000000006,5.0,22.0,5.0,1.0,3.0,3.0,6.0,6.0,888.3333333333334,4.984615384615385,3.578611632270169,10.8,10.8,1.6,5.4,5.4,1.8,0.1363636363636363,0.1363636363636363,6.778611632270169,44.66604320545579,223.88372200335257,,5.0
2026,2026-04-10,키움,정현우,3977517,,,1.0,34.900000000000006,5.0,22.0,5.0,1.0,3.0,3.0,6.0,6.0,980.3333333333334,4.966678000680041,3.5651139068344104,10.8,10.8,1.6,5.4,5.4,1.8,0.1363636363636363,0.1363636363636363,6.765113906834411,44.50531024934413,224.69228826794597,,5.0
2026,2026-04-11,키움,정현우,3977517,,,1.0,34.900000000000006,5.0,22.0,5.0,1.0,3.0,3.0,6.0,6.0,1069.3333333333333,4.864713216957607,3.6013092269326688,10.8,10.8,1.6,5.4,5.4,1.8,0.1363636363636363,0.1363636363636363,6.801309226932669,43.59162622685407,229.4018568602891,,5.0
2026,2026-04-12,키움,정현우,3977517,,,1.0,34.900000000000006,5.0,22.0,5.0,1.0,3.0,3.0,6.0,6.0,1155.3333333333333,4.759665320253895,3.5600115406809003,10.8,10.8,1.6,5.4,5.4,1.8,0.1363636363636363,0.1363636363636363,6.7600115406809005,42.65031510638288,234.46485623979453,,5.0
2026,2026-03-28,LG,김영우,3977599,중계,,1.0,42.9,1.0,6.0,3.0,0.0,0.0,0.0,1.0,1.0,92.0,5.869565217391305,4.445652173913044,9.0,9.0,3.0,0.0,0.0,0.0,0.0,0.0,4.445652173913044,62.18632973917651,160.8070462100313,,1.0
2026,2026-03-29,LG,김영우,3977599,,,1.0,42.9,1.0,6.0,3.0,0.0,0.0,0.0,1.0,1.0,180.0,6.0,4.011111111111111,9.0,9.0,3.0,0.0,0.0,0.0,0.0,0.0,4.011111111111111,63.56824817782487,157.31124085763932,,1.0
2026,2026-03-30,LG,김영우,3977599,,,1.0,42.9,1.0,6.0,3.0,0.0,0.0,0.0,1.0,1.0,180.0,6.0,4.011111111111111,9.0,9.0,3.0,0.0,0.0,0.0,0.0,0.0,4.011111111111111,63.56824817782487,157.31124085763932,,1.0
2026,2026-03-31,LG,김영우,3977599,중계,,2.0,94.8,2.0,10.0,3.0,0.0,1.0,2.0,1.0,1.0,272.0,5.525735294117647,3.871323529411765,4.5,4.5,2.0,9.0,4.5,0.0,0.2,0.1,3.3713235294117645,117.08710418047887,85.40650202251078,,2.0
2026,2026-04-01,LG,김영우,3977599,,,2.0,94.8,2.0,10.0,3.0,0.0,1.0,2.0,1.0,1.0,359.3333333333333,5.760667903525047,4.043599257884972,4.5,4.5,2.0,9.0,4.5,0.0,0.2,0.1,3.5435992578849724,122.0651889871034,81.92343847562086,,2.0
2026,2026-04-02,LG,김영우,3977599,,,2.0,94.8,2.0,10.0,3.0,0.0,1.0,2.0,1.0,1.0,445.3333333333333,5.719311377245509,4.077844311377246,4.5,4.5,2.0,9.0,4.5,0.0,0.2,0.1,3.5778443113772456,121.18886834499996,82.51582951935852,,2.0
2026,2026-04-03,LG,김영우,3977599,,,2.0,94.8,2.0,10.0,3.0,0.0,1.0,2.0,1.0,1.0,534.3333333333334,5.592014971927635,3.980661260137242,4.5,4.5,2.0,9.0,4.5,0.0,0.2,0.1,3.480661260137242,118.49153184986945,84.39421656452339,,2.0
2026,2026-04-04,LG,김영우,3977599,중계,,3.0,148.7,3.0,13.0,3.0,0.0,1.0,4.0,1.0,1.0,624.3333333333334,5.477843032568073,3.8873465029364658,3.0,3.0,1.3333333333333333,12.0,3.0,0.0,0.3076923076923077,0.0769230769230769,2.220679836269799,174.10844268672804,57.43546864061568,,3.0
2026,2026-04-05,LG,김영우,3977599,,,3.0,148.7,3.0,13.0,3.0,0.0,1.0,4.0,1.0,1.0,711.3333333333334,5.200093720712277,3.7085285848172447,3.0,3.0,1.3333333333333333,12.0,3.0,0.0,0.3076923076923077,0.0769230769230769,2.0418619181505777,165.2804240930934,60.50323294407539,,3.0
2026,2026-04-06,LG,김영우,3977599,,,3.0,148.7,3.0,13.0,3.0,0.0,1.0,4.0,1.0,1.0,711.3333333333334,5.200093720712277,3.7085285848172447,3.0,3.0,1.3333333333333333,12.0,3.0,0.0,0.3076923076923077,0.0769230769230769,2.0418619181505777,165.2804240930934,60.50323294407539,,3.0
2026,2026-04-07,LG,김영우,3977599,,,3.0,148.7,3.0,13.0,3.0,0.0,1.0,4.0,1.0,1.0,801.3333333333334,5.031613976705491,3.697587354409318,3.0,3.0,1.3333333333333333,12.0,3.0,0.0,0.3076923076923077,0.0769230769230769,2.0309206877426518,159.9254430031135,62.52913740439235,,3.0
2026,2026-04-08,LG,김영우,3977599,,,3.0,148.7,3.0,13.0,3.0,0.0,1.0,4.0,1.0,1.0,888.3333333333334,4.984615384615385,3.578611632270169,3.0,3.0,1.3333333333333333,12.0,3.0,0.0,0.3076923076923077,0.0769230769230769,1.9119449656035024,158.43163392011738,63.11870775152195,,3.0
2026,2026-04-09,LG,김영우,3977599,,,3.0,148.7,3.0,13.0,3.0,0.0,1.0,4.0,1.0,1.0,888.3333333333334,4.984615384615385,3.578611632270169,3.0,3.0,1.3333333333333333,12.0,3.0,0.0,0.3076923076923077,0.0769230769230769,1.9119449656035024,158.43163392011738,63.11870775152195,,3.0
2026,2026-04-10,LG,김영우,3977599,중계,,4.0,202.6,4.0,16.0,3.0,0.0,1.0,6.0,1.0,1.0,980.3333333333334,4.966678000680041,3.5651139068344104,2.25,2.25,1.0,13.5,2.25,0.0,0.375,0.0625,1.3151139068344104,210.48201317771455,47.50999788070623,,4.0
2026,2026-04-11,LG,김영우,3977599,,,4.0,202.6,4.0,16.0,3.0,0.0,1.0,6.0,1.0,1.0,1069.3333333333333,4.864713216957607,3.6013092269326688,2.25,2.25,1.0,13.5,2.25,0.0,0.375,0.0625,1.3513092269326688,206.16086472633728,48.50581129097529,,4.0
2026,2026-04-12,LG,김영우,3977599,중계,,5.0,252.5,5.0,20.0,4.0,0.0,1.0,6.0,1.0,1.0,1155.3333333333333,4.759665320253895,3.5600115406809003,1.8,1.8,1.0,10.8,1.8,0.0,0.3,0.05,1.7600115406809005,252.1363219344049,39.66108461993656,,5.0
2026,2026-03-29,KIA,홍민규,3988778,중계,,1.0,55.9,1.2,5.0,0.0,0.0,0.0,1.0,0.0,0.0,180.0,6.0,4.011111111111111,0.0,0.0,0.0,5.4,0.0,0.0,0.2,0.0,2.811111111111111,0.0,0.0,,1.6666666666666667
2026,2026-03-30,KIA,홍민규,3988778,,,1.0,55.9,1.2,5.0,0.0,0.0,0.0,1.0,0.0,0.0,180.0,6.0,4.011111111111111,0.0,0.0,0.0,5.4,0.0,0.0,0.2,0.0,2.811111111111111,0.0,0.0,,1.6666666666666667
2026,2026-03-31,KIA,홍민규,3988778,중계,,2.0,93.8,2.2,12.0,2.0,0.0,2.0,1.0,2.0,2.0,272.0,5.525735294117647,3.871323529411765,6.75,6.75,1.5,3.375,6.75,0.0,0.0833333333333333,0.1666666666666666,5.3713235294117645,81.75974902753688,122.30957309607167,,2.6666666666666665
2026,2026-04-01,KIA,홍민규,3988778,,,2.0,93.8,2.2,12.0,2.0,0.0,2.0,1.0,2.0,2.0,359.3333333333333,5.760667903525047,4.043599257884972,6.75,6.75,1.5,3.375,6.75,0.0,0.0833333333333333,0.1666666666666666,5.543599257884972,85.2358531405915,117.32152177213024,,2.6666666666666665
2026,2026-04-02,KIA,홍민규,3988778,,,2.0,93.8,2.2,12.0,2.0,0.0,2.0,1.0,2.0,2.0,445.3333333333333,5.719311377245509,4.077844311377246,6.75,6.75,1.5,3.375,6.75,0.0,0.0833333333333333,0.1666666666666666,5.577844311377246,84.62393472081753,118.1698775055894,,2.6666666666666665
2026,2026-04-03,KIA,홍민규,3988778,중계,,3.0,145.7,3.2,16.0,3.0,0.0,2.0,3.0,2.0,2.0,534.3333333333334,5.592014971927635,3.980661260137242,4.909090909090909,4.909090909090909,1.3636363636363638,7.363636363636364,4.909090909090909,0.0,0.1875,0.125,3.980661260137242,113.76809780969664,87.89810318115107,,3.6666666666666665
2026,2026-04-04,KIA,홍민규,3988778,중계,,4.0,188.1,4.1,21.0,4.0,0.0,4.0,4.0,3.0,3.0,624.3333333333334,5.477843032568073,3.8873465029364658,6.230769230769231,6.230769230769231,1.8461538461538465,8.307692307692308,8.307692307692308,0.0,0.1904761904761904,0.1904761904761904,4.810423426013389,87.8053872820196,113.88822838263088,,4.333333333333333
2026,2026-04-05,KIA,홍민규,3988778,,,4.0,188.1,4.1,21.0,4.0,0.0,4.0,4.0,3.0,3.0,711.3333333333334,5.200093720712277,3.7085285848172447,6.230769230769231,6.230769230769231,1.8461538461538465,8.307692307692308,8.307692307692308,0.0,0.1904761904761904,0.1904761904761904,4.631605507894168,83.35329076340517,119.97126818165562,,4.333333333333333
2026,2026-04-06,KIA,홍민규,3988778,,,4.0,188.1,4.1,21.0,4.0,0.0,4.0,4.0,3.0,3.0,711.3333333333334,5.200093720712277,3.7085285848172447,6.230769230769231,6.230769230769231,1.8461538461538465,8.307692307692308,8.307692307692308,0.0,0.1904761904761904,0.1904761904761904,4.631605507894168,83.35329076340517,119.97126818165562,,4.333333333333333
2026,2026-04-07,KIA,홍민규,3988778,중계,,5.0,212.0,4.2,27.0,9.0,1.0,4.0,5.0,7.0,7.0,801.3333333333334,5.031613976705491,3.697587354409318,13.5,13.5,2.7857142857142856,9.642857142857142,7.7142857142857135,1.9285714285714284,0.1851851851851851,0.1481481481481481,6.911873068695032,37.22432165514886,268.64156431489465,,4.666666666666667
2026,2026-04-08,KIA,홍민규,3988778,,,5.0,212.0,4.2,27.0,9.0,1.0,4.0,5.0,7.0,7.0,888.3333333333334,4.984615384615385,3.578611632270169,13.5,13.5,2.7857142857142856,9.642857142857142,7.7142857142857135,1.9285714285714284,0.1851851851851851,0.1481481481481481,6.792897346555883,36.87662194738099,271.17451306328803,,4.666666666666667
2026,2026-04-09,KIA,홍민규,3988778,,,5.0,212.0,4.2,27.0,9.0,1.0,4.0,5.0,7.0,7.0,888.3333333333334,4.984615384615385,3.578611632270169,13.5,13.5,2.7857142857142856,9.642857142857142,7.7142857142857135,1.9285714285714284,0.1851851851851851,0.1481481481481481,6.792897346555883,36.87662194738099,271.17451306328803,,4.666666666666667
2026,2026-04-10,KIA,홍민규,3988778,,,5.0,212.0,4.2,27.0,9.0,1.0,4.0,5.0,7.0,7.0,980.3333333333334,4.966678000680041,3.5651139068344104,13.5,13.5,2.7857142857142856,9.642857142857142,7.7142857142857135,1.9285714285714284,0.1851851851851851,0.1481481481481481,6.779399621120124,36.74391960726659,272.15387217487734,,4.666666666666667
2026,2026-04-11,KIA,홍민규,3988778,,,5.0,212.0,4.2,27.0,9.0,1.0,4.0,5.0,7.0,7.0,1069.3333333333333,4.864713216957607,3.6013092269326688,13.5,13.5,2.7857142857142856,9.642857142857142,7.7142857142857135,1.9285714285714284,0.1851851851851851,0.1481481481481481,6.815594941218382,35.989575191269324,277.85823941667115,,4.666666666666667
2026,2026-04-12,KIA,홍민규,3988778,,,5.0,212.0,4.2,27.0,9.0,1.0,4.0,5.0,7.0,7.0,1155.3333333333333,4.759665320253895,3.5600115406809003,13.5,13.5,2.7857142857142856,9.642857142857142,7.7142857142857135,1.9285714285714284,0.1851851851851851,0.1481481481481481,6.774297254966614,35.21242163493547,283.99069236631686,,4.666666666666667
2026,2026-03-28,NC,이준혁,3988974,중계,,1.0,48.9,1.0,5.0,0.0,0.0,2.0,1.0,0.0,0.0,92.0,5.869565217391305,4.445652173913044,0.0,0.0,2.0,9.0,18.0,0.0,0.2,0.4,8.445652173913043,0.0,0.0,,1.0
2026,2026-03-29,NC,이준혁,3988974,,,1.0,48.9,1.0,5.0,0.0,0.0,2.0,1.0,0.0,0.0,180.0,6.0,4.011111111111111,0.0,0.0,2.0,9.0,18.0,0.0,0.2,0.4,8.011111111111111,0.0,0.0,,1.0
2026,2026-03-30,NC,이준혁,3988974,,,1.0,48.9,1.0,5.0,0.0,0.0,2.0,1.0,0.0,0.0,180.0,6.0,4.011111111111111,0.0,0.0,2.0,9.0,18.0,0.0,0.2,0.4,8.011111111111111,0.0,0.0,,1.0
2026,2026-03-31,NC,이준혁,3988974,중계,홀드,2.0,99.8,2.0,9.0,1.0,0.0,2.0,2.0,0.0,0.0,272.0,5.525735294117647,3.871323529411765,0.0,0.0,1.5,9.0,9.0,0.0,0.2222222222222222,0.2222222222222222,4.8713235294117645,0.0,0.0,,2.0
2026,2026-04-01,NC,이준혁,3988974,중계,,3.0,147.7,3.0,14.0,1.0,0.0,4.0,2.0,0.0,0.0,359.3333333333333,5.760667903525047,4.043599257884972,0.0,0.0,1.6666666666666667,6.0,12.0,0.0,0.1428571428571428,0.2857142857142857,6.710265924551639,0.0,0.0,,3.0
2026,2026-04-02,NC,이준혁,3988974,,,3.0,147.7,3.0,14.0,1.0,0.0,4.0,2.0,0.0,0.0,445.3333333333333,5.719311377245509,4.077844311377246,0.0,0.0,1.6666666666666667,6.0,12.0,0.0,0.1428571428571428,0.2857142857142857,6.7445109780439125,0.0,0.0,,3.0
2026,2026-04-03,NC,이준혁,3988974,,,3.0,147.7,3.0,14.0,1.0,0.0,4.0,2.0,0.0,0.0,534.3333333333334,5.592014971927635,3.980661260137242,0.0,0.0,1.6666666666666667,6.0,12.0,0.0,0.1428571428571428,0.2857142857142857,6.647327926803909,0.0,0.0,,3.0
2026,2026-04-04,NC,이준혁,3988974,중계,,4.0,200.6,4.0,17.0,1.0,0.0,4.0,3.0,0.0,0.0,624.3333333333334,5.477843032568073,3.8873465029364658,0.0,0.0,1.25,6.75,9.0,0.0,0.1764705882352941,0.2352941176470588,5.387346502936466,0.0,0.0,,4.0
2026,2026-04-05,NC,이준혁,3988974,,,4.0,200.6,4.0,17.0,1.0,0.0,4.0,3.0,0.0,0.0,711.3333333333334,5.200093720712277,3.7085285848172447,0.0,0.0,1.25,6.75,9.0,0.0,0.1764705882352941,0.2352941176470588,5.208528584817245,0.0,0.0,,4.0
2026,2026-04-06,NC,이준혁,3988974,,,4.0,200.6,4.0,17.0,1.0,0.0,4.0,3.0,0.0,0.0,711.3333333333334,5.200093720712277,3.7085285848172447,0.0,0.0,1.25,6.75,9.0,0.0,0.1764705882352941,0.2352941176470588,5.208528584817245,0.0,0.0,,4.0
2026,2026-04-07,NC,이준혁,3988974,중계,,5.0,245.0,4.2,22.0,2.0,0.0,6.0,3.0,0.0,0.0,801.3333333333334,5.031613976705491,3.697587354409318,0.0,0.0,1.7142857142857142,5.785714285714286,11.571428571428571,0.0,0.1363636363636363,0.2727272727272727,6.2690159258378895,0.0,0.0,,4.666666666666667
2026,2026-04-08,NC,이준혁,3988974,,,5.0,245.0,4.2,22.0,2.0,0.0,6.0,3.0,0.0,0.0,888.3333333333334,4.984615384615385,3.578611632270169,0.0,0.0,1.7142857142857142,5.785714285714286,11.571428571428571,0.0,0.1363636363636363,0.2727272727272727,6.15004020369874,0.0,0.0,,4.666666666666667
2026,2026-04-09,NC,이준혁,3988974,,,5.0,245.0,4.2,22.0,2.0,0.0,6.0,3.0,0.0,0.0,888.3333333333334,4.984615384615385,3.578611632270169,0.0,0.0,1.7142857142857142,5.785714285714286,11.571428571428571,0.0,0.1363636363636363,0.2727272727272727,6.15004020369874,0.0,0.0,,4.666666666666667
2026,2026-04-10,NC,이준혁,3988974,중계,,6.0,291.9,5.0,24.0,2.0,0.0,7.0,3.0,0.0,0.0,980.3333333333334,4.966678000680041,3.5651139068344104,0.0,0.0,1.8,5.4,12.6,0.0,0.125,0.2916666666666667,6.56511390683441,0.0,0.0,,5.0
2026,2026-04-11,NC,이준혁,3988974,,,6.0,291.9,5.0,24.0,2.0,0.0,7.0,3.0,0.0,0.0,1069.3333333333333,4.864713216957607,3.6013092269326688,0.0,0.0,1.8,5.4,12.6,0.0,0.125,0.2916666666666667,6.601309226932669,0.0,0.0,,5.0
2026,2026-04-12,NC,이준혁,3988974,중계,,7.0,341.3,7.0,33.0,5.0,0.0,7.0,5.0,1.0,0.0,1155.3333333333333,4.759665320253895,3.5600115406809003,0.0,1.2857142857142858,1.7142857142857142,6.428571428571429,9.0,0.0,0.1515151515151515,0.2121212121212121,5.131440112109472,0.0,0.0,,7.0
2026,2026-04-02,두산,최민석,4000964,선발,,1.0,61.400000000000006,6.0,25.0,2.0,0.0,5.0,4.0,1.0,0.0,445.3333333333333,5.719311377245509,4.077844311377246,0.0,1.5,1.1666666666666667,6.0,7.5,0.0,0.16,0.2,5.2445109780439125,0.0,0.0,,6.0
2026,2026-04-03,두산,최민석,4000964,,,1.0,61.400000000000006,6.0,25.0,2.0,0.0,5.0,4.0,1.0,0.0,534.3333333333334,5.592014971927635,3.980661260137242,0.0,1.5,1.1666666666666667,6.0,7.5,0.0,0.16,0.2,5.147327926803909,0.0,0.0,,6.0
2026,2026-04-04,두산,최민석,4000964,,,1.0,61.400000000000006,6.0,25.0,2.0,0.0,5.0,4.0,1.0,0.0,624.3333333333334,5.477843032568073,3.8873465029364658,0.0,1.5,1.1666666666666667,6.0,7.5,0.0,0.16,0.2,5.054013169603133,0.0,0.0,,6.0
2026,2026-04-05,두산,최민석,4000964,,,1.0,61.400000000000006,6.0,25.0,2.0,0.0,5.0,4.0,1.0,0.0,711.3333333333334,5.200093720712277,3.7085285848172447,0.0,1.5,1.1666666666666667,6.0,7.5,0.0,0.16,0.2,4.875195251483912,0.0,0.0,,6.0
2026,2026-04-06,두산,최민석,4000964,,,1.0,61.400000000000006,6.0,25.0,2.0,0.0,5.0,4.0,1.0,0.0,711.3333333333334,5.200093720712277,3.7085285848172447,0.0,1.5,1.1666666666666667,6.0,7.5,0.0,0.16,0.2,4.875195251483912,0.0,0.0,,6.0
2026,2026-04-07,두산,최민석,4000964,,,1.0,61.400000000000006,6.0,25.0,2.0,0.0,5.0,4.0,1.0,0.0,801.3333333333334,5.031613976705491,3.697587354409318,0.0,1.5,1.1666666666666667,6.0,7.5,0.0,0.16,0.2,4.864254021075984,0.0,0.0,,6.0
2026,2026-04-08,두산,최민석,4000964,선발,승,2.0,124.3,11.2,49.0,5.0,0.0,10.0,10.0,1.0,0.0,888.3333333333334,4.984615384615385,3.578611632270169,0.0,0.7714285714285715,1.2857142857142858,7.714285714285714,7.714285714285714,0.0,0.2040816326530612,0.2040816326530612,4.435754489413027,0.0,0.0,,11.666666666666666
2026,2026-04-09,두산,최민석,4000964,,,2.0,124.3,11.2,49.0,5.0,0.0,10.0,10.0,1.0,0.0,888.3333333333334,4.984615384615385,3.578611632270169,0.0,0.7714285714285715,1.2857142857142858,7.714285714285714,7.714285714285714,0.0,0.2040816326530612,0.2040816326530612,4.435754489413027,0.0,0.0,,11.666666666666666
2026,2026-04-10,두산,최민석,4000964,,,2.0,124.3,11.2,49.0,5.0,0.0,10.0,10.0,1.0,0.0,980.3333333333334,4.966678000680041,3.5651139068344104,0.0,0.7714285714285715,1.2857142857142858,7.714285714285714,7.714285714285714,0.0,0.2040816326530612,0.2040816326530612,4.422256763977268,0.0,0.0,,11.666666666666666
2026,2026-04-11,두산,최민석,4000964,,,2.0,124.3,11.2,49.0,5.0,0.0,10.0,10.0,1.0,0.0,1069.3333333333333,4.864713216957607,3.6013092269326688,0.0,0.7714285714285715,1.2857142857142858,7.714285714285714,7.714285714285714,0.0,0.2040816326530612,0.2040816326530612,4.458452084075526,0.0,0.0,,11.666666666666666
2026,2026-04-12,두산,최민석,4000964,,,2.0,124.3,11.2,49.0,5.0,0.0,10.0,10.0,1.0,0.0,1155.3333333333333,4.759665320253895,3.5600115406809003,0.0,0.7714285714285715,1.2857142857142858,7.714285714285714,7.714285714285714,0.0,0.2040816326530612,0.2040816326530612,4.417154397823758,0.0,0.0,,11.666666666666666
2026,2026-03-28,키움,박정훈,4011457,중계,,1.0,54.4,1.1,4.0,0.0,0.0,0.0,1.0,0.0,0.0,92.0,5.869565217391305,4.445652173913044,0.0,0.0,0.0,6.75,0.0,0.0,0.25,0.0,2.945652173913044,0.0,0.0,,1.3333333333333333
2026,2026-03-29,키움,박정훈,4011457,,,1.0,54.4,1.1,4.0,0.0,0.0,0.0,1.0,0.0,0.0,180.0,6.0,4.011111111111111,0.0,0.0,0.0,6.75,0.0,0.0,0.25,0.0,2.511111111111111,0.0,0.0,,1.3333333333333333
2026,2026-03-30,키움,박정훈,4011457,,,1.0,54.4,1.1,4.0,0.0,0.0,0.0,1.0,0.0,0.0,180.0,6.0,4.011111111111111,0.0,0.0,0.0,6.75,0.0,0.0,0.25,0.0,2.511111111111111,0.0,0.0,,1.3333333333333333
2026,2026-03-31,키움,박정훈,4011457,,,1.0,54.4,1.1,4.0,0.0,0.0,0.0,1.0,0.0,0.0,272.0,5.525735294117647,3.871323529411765,0.0,0.0,0.0,6.75,0.0,0.0,0.25,0.0,2.3713235294117645,0.0,0.0,,1.3333333333333333
2026,2026-04-01,키움,박정훈,4011457,중계,,2.0,94.8,1.1,6.0,0.0,0.0,2.0,1.0,1.0,1.0,359.3333333333333,5.760667903525047,4.043599257884972,6.75,6.75,1.5,6.75,13.5,0.0,0.1666666666666666,0.3333333333333333,7.043599257884972,82.59212689196836,121.07691587940504,,1.3333333333333333
2026,2026-04-02,키움,박정훈,4011457,,,2.0,94.8,1.1,6.0,0.0,0.0,2.0,1.0,1.0,1.0,445.3333333333333,5.719311377245509,4.077844311377246,6.75,6.75,1.5,6.75,13.5,0.0,0.1666666666666666,0.3333333333333333,7.077844311377246,81.99918810023547,121.95242698959458,,1.3333333333333333
2026,2026-04-03,키움,박정훈,4011457,,,2.0,94.8,1.1,6.0,0.0,0.0,2.0,1.0,1.0,1.0,534.3333333333334,5.592014971927635,3.980661260137242,6.75,6.75,1.5,6.75,13.5,0.0,0.1666666666666666,0.3333333333333333,6.980661260137242,80.17410791214273,124.72854716335988,,1.3333333333333333
2026,2026-04-04,키움,박정훈,4011457,중계,홀드,3.0,147.7,2.1,9.0,0.0,0.0,2.0,2.0,1.0,1.0,624.3333333333334,5.477843032568073,3.8873465029364658,3.8571428571428568,3.8571428571428568,0.8571428571428571,7.7142857142857135,7.7142857142857135,0.0,0.2222222222222222,0.2222222222222222,4.7444893600793225,137.44009379290455,72.75897246598252,,2.333333333333333
2026,2026-04-05,키움,박정훈,4011457,중계,,4.0,193.6,3.1,14.0,2.0,0.0,3.0,2.0,1.0,1.0,711.3333333333334,5.200093720712277,3.7085285848172447,2.7,2.7,1.5,5.4,8.1,0.0,0.1428571428571428,0.2142857142857142,5.208528584817245,186.3875889149878,53.65164096071357,,3.333333333333333
2026,2026-04-06,키움,박정훈,4011457,,,4.0,193.6,3.1,14.0,2.0,0.0,3.0,2.0,1.0,1.0,711.3333333333334,5.200093720712277,3.7085285848172447,2.7,2.7,1.5,5.4,8.1,0.0,0.1428571428571428,0.2142857142857142,5.208528584817245,186.3875889149878,53.65164096071357,,3.333333333333333
2026,2026-04-07,키움,박정훈,4011457,중계,홀드,5.0,243.5,4.1,19.0,2.0,0.0,5.0,4.0,1.0,1.0,801.3333333333334,5.031613976705491,3.697587354409318,2.076923076923077,2.076923076923077,1.6153846153846154,8.307692307692308,10.384615384615383,0.0,0.2105263157894736,0.2631578947368421,5.312971969793933,234.4533737639676,42.652403927730845,,4.333333333333333
2026,2026-04-08,키움,박정훈,4011457,,,5.0,243.5,4.1,19.0,2.0,0.0,5.0,4.0,1.0,1.0,888.3333333333334,4.984615384615385,3.578611632270169,2.076923076923077,2.076923076923077,1.6153846153846154,8.307692307692308,10.384615384615383,0.0,0.2105263157894736,0.2631578947368421,5.193996247654784,232.2634246683701,43.05456192372164,,4.333333333333333
2026,2026-04-09,키움,박정훈,4011457,,,5.0,243.5,4.1,19.0,2.0,0.0,5.0,4.0,1.0,1.0,888.3333333333334,4.984615384615385,3.578611632270169,2.076923076923077,2.076923076923077,1.6153846153846154,8.307692307692308,10.384615384615383,0.0,0.2105263157894736,0.2631578947368421,5.193996247654784,232.2634246683701,43.05456192372164,,4.333333333333333
2026,2026-04-10,키움,박정훈,4011457,중계,,6.0,295.4,5.1,22.0,2.0,0.0,5.0,4.0,1.0,1.0,980.3333333333334,4.966678000680041,3.5651139068344104,1.6875,1.6875,1.3125,6.75,8.4375,0.0,0.1818181818181818,0.2272727272727272,4.87761390683441,284.83398559580246,35.10817004186655,,5.333333333333333
2026,2026-04-11,키움,박정훈,4011457,중계,홀드,7.0,346.3,6.1,26.0,3.0,0.0,5.0,5.0,1.0,1.0,1069.3333333333333,4.864713216957607,3.6013092269326688,1.4210526315789471,1.4210526315789471,1.2631578947368425,7.105263157894737,7.105263157894737,0.0,0.1923076923076923,0.1923076923076923,4.390782911143195,331.296359324091,30.18445485003803,,6.333333333333333
2026,2026-04-12,키움,박정훈,4011457,,,7.0,346.3,6.1,26.0,3.0,0.0,5.0,5.0,1.0,1.0,1155.3333333333333,4.759665320253895,3.5600115406809003,1.4210526315789471,1.4210526315789471,1.2631578947368425,7.105263157894737,7.105263157894737,0.0,0.1923076923076923,0.1923076923076923,4.349485224891427,324.14239480851,30.85063897892033,,6.333333333333333
2026,2026-03-28,두산,양재훈,4011537,중계,,1.0,53.9,1.0,3.0,0.0,0.0,0.0,2.0,0.0,0.0,92.0,5.869565217391305,4.445652173913044,0.0,0.0,0.0,18.0,0.0,0.0,0.6666666666666666,0.0,0.4456521739130439,0.0,0.0,,1.0
2026,2026-03-29,두산,양재훈,4011537,중계,,2.0,99.3,1.2,8.0,1.0,0.0,2.0,3.0,0.0,0.0,180.0,6.0,4.011111111111111,0.0,0.0,1.7999999999999998,16.2,10.8,0.0,0.375,0.25,4.011111111111111,0.0,0.0,,1.6666666666666667
2026,2026-03-30,두산,양재훈,4011537,,,2.0,99.3,1.2,8.0,1.0,0.0,2.0,3.0,0.0,0.0,180.0,6.0,4.011111111111111,0.0,0.0,1.7999999999999998,16.2,10.8,0.0,0.375,0.25,4.011111111111111,0.0,0.0,,1.6666666666666667
2026,2026-03-31,두산,양재훈,4011537,중계,무,3.0,148.2,2.2,13.0,2.0,0.0,3.0,4.0,0.0,0.0,272.0,5.525735294117647,3.871323529411765,0.0,0.0,1.875,13.5,10.125,0.0,0.3076923076923077,0.2307692307692307,4.2463235294117645,0.0,0.0,,2.6666666666666665
2026,2026-04-01,두산,양재훈,4011537,,,3.0,148.2,2.2,13.0,2.0,0.0,3.0,4.0,0.0,0.0,359.3333333333333,5.760667903525047,4.043599257884972,0.0,0.0,1.875,13.5,10.125,0.0,0.3076923076923077,0.2307692307692307,4.418599257884972,0.0,0.0,,2.6666666666666665
2026,2026-04-02,두산,양재훈,4011537,,,3.0,148.2,2.2,13.0,2.0,0.0,3.0,4.0,0.0,0.0,445.3333333333333,5.719311377245509,4.077844311377246,0.0,0.0,1.875,13.5,10.125,0.0,0.3076923076923077,0.2307692307692307,4.452844311377246,0.0,0.0,,2.6666666666666665
2026,2026-04-03,두산,양재훈,4011537,중계,,4.0,184.6,4.2,25.0,4.0,0.0,7.0,5.0,3.0,1.0,534.3333333333334,5.592014971927635,3.980661260137242,1.9285714285714284,5.785714285714286,2.357142857142857,9.642857142857142,13.5,0.0,0.2,0.28,6.337804117280099,276.48024098302864,36.1689499562243,,4.666666666666667
2026,2026-04-04,두산,양재훈,4011537,,,4.0,184.6,4.2,25.0,4.0,0.0,7.0,5.0,3.0,1.0,624.3333333333334,5.477843032568073,3.8873465029364658,1.9285714285714284,5.785714285714286,2.357142857142857,9.642857142857142,13.5,0.0,0.2,0.28,6.2444893600793225,270.8353552904658,36.92280126896722,,4.666666666666667
2026,2026-04-05,두산,양재훈,4011537,,,4.0,184.6,4.2,25.0,4.0,0.0,7.0,5.0,3.0,1.0,711.3333333333334,5.200093720712277,3.7085285848172447,1.9285714285714284,5.785714285714286,2.357142857142857,9.642857142857142,13.5,0.0,0.2,0.28,6.065671441960102,257.10288192258975,38.89493546404847,,4.666666666666667
2026,2026-04-06,두산,양재훈,4011537,,,4.0,184.6,4.2,25.0,4.0,0.0,7.0,5.0,3.0,1.0,711.3333333333334,5.200093720712277,3.7085285848172447,1.9285714285714284,5.785714285714286,2.357142857142857,9.642857142857142,13.5,0.0,0.2,0.28,6.065671441960102,257.10288192258975,38.89493546404847,,4.666666666666667
2026,2026-04-07,두산,양재훈,4011537,중계,패,5.0,233.5,5.2,31.0,5.0,0.0,8.0,9.0,4.0,2.0,801.3333333333334,5.031613976705491,3.697587354409318,3.176470588235294,6.352941176470588,2.294117647058824,14.294117647058822,12.705882352941176,0.0,0.2903225806451613,0.2580645161290322,4.756410883821083,151.04069616960717,66.2073219575919,,5.666666666666667
2026,2026-04-08,두산,양재훈,4011537,,,5.0,233.5,5.2,31.0,5.0,0.0,8.0,9.0,4.0,2.0,888.3333333333334,4.984615384615385,3.578611632270169,3.176470588235294,6.352941176470588,2.294117647058824,14.294117647058822,12.705882352941176,0.0,0.2903225806451613,0.2580645161290322,4.637435161681934,149.62987648011085,66.83157291337618,,5.666666666666667
2026,2026-04-09,두산,양재훈,4011537,,,5.0,233.5,5.2,31.0,5.0,0.0,8.0,9.0,4.0,2.0,888.3333333333334,4.984615384615385,3.578611632270169,3.176470588235294,6.352941176470588,2.294117647058824,14.294117647058822,12.705882352941176,0.0,0.2903225806451613,0.2580645161290322,4.637435161681934,149.62987648011085,66.83157291337618,,5.666666666666667
2026,2026-04-10,두산,양재훈,4011537,중계,,6.0,268.4,6.0,35.0,7.0,0.0,9.0,10.0,7.0,5.0,980.3333333333334,4.966678000680041,3.5651139068344104,7.5,10.5,2.6666666666666665,15.0,13.5,0.0,0.2857142857142857,0.2571428571428571,4.731780573501077,63.14460395331437,158.36665960235413,,6.0
2026,2026-04-11,두산,양재훈,4011537,,,6.0,268.4,6.0,35.0,7.0,0.0,9.0,10.0,7.0,5.0,1069.3333333333333,4.864713216957607,3.6013092269326688,7.5,10.5,2.6666666666666665,15.0,13.5,0.0,0.2857142857142857,0.2571428571428571,4.767975893599336,61.848259417901176,161.6860376365843,,6.0
2026,2026-04-12,두산,양재훈,4011537,,,6.0,268.4,6.0,35.0,7.0,0.0,9.0,10.0,7.0,5.0,1155.3333333333333,4.759665320253895,3.5600115406809003,7.5,10.5,2.6666666666666665,15.0,13.5,0.0,0.2857142857142857,0.2571428571428571,4.726678207347567,60.51271726425718,165.2545192497357,,6.0
2026,2026-04-08,키움,이준우,4013110,중계,,1.0,49.9,1.0,4.0,0.0,0.0,1.0,0.0,0.0,0.0,888.3333333333334,4.984615384615385,3.578611632270169,0.0,0.0,1.0,0.0,9.0,0.0,0.0,0.25,6.578611632270169,0.0,0.0,,1.0
2026,2026-04-09,키움,이준우,4013110,,,1.0,49.9,1.0,4.0,0.0,0.0,1.0,0.0,0.0,0.0,888.3333333333334,4.984615384615385,3.578611632270169,0.0,0.0,1.0,0.0,9.0,0.0,0.0,0.25,6.578611632270169,0.0,0.0,,1.0
2026,2026-04-10,키움,이준우,4013110,중계,,2.0,100.8,2.0,7.0,0.0,0.0,2.0,1.0,0.0,0.0,980.3333333333334,4.966678000680041,3.5651139068344104,0.0,0.0,1.0,4.5,9.0,0.0,0.1428571428571428,0.2857142857142857,5.56511390683441,0.0,0.0,,2.0
2026,2026-04-11,키움,이준우,4013110,,,2.0,100.8,2.0,7.0,0.0,0.0,2.0,1.0,0.0,0.0,1069.3333333333333,4.864713216957607,3.6013092269326688,0.0,0.0,1.0,4.5,9.0,0.0,0.1428571428571428,0.2857142857142857,5.601309226932669,0.0,0.0,,2.0
2026,2026-04-12,키움,이준우,4013110,,,2.0,100.8,2.0,7.0,0.0,0.0,2.0,1.0,0.0,0.0,1155.3333333333333,4.759665320253895,3.5600115406809003,0.0,0.0,1.0,4.5,9.0,0.0,0.1428571428571428,0.2857142857142857,5.5600115406809,0.0,0.0,,2.0
2026,2026-04-02,LG,웰스,4019624,선발,승,1.0,59.400000000000006,6.0,25.0,7.0,0.0,0.0,2.0,1.0,1.0,445.3333333333333,5.719311377245509,4.077844311377246,1.5,1.5,1.1666666666666667,3.0,0.0,0.0,0.08,0.0,3.411177644710579,363.56660503499984,27.50527650645284,,6.0
2026,2026-04-03,LG,웰스,4019624,,,1.0,59.400000000000006,6.0,25.0,7.0,0.0,0.0,2.0,1.0,1.0,534.3333333333334,5.592014971927635,3.980661260137242,1.5,1.5,1.1666666666666667,3.0,0.0,0.0,0.08,0.0,3.3139945934705755,355.4745955496083,28.1314055215078,,6.0
2026,2026-04-04,LG,웰스,4019624,,,1.0,59.400000000000006,6.0,25.0,7.0,0.0,0.0,2.0,1.0,1.0,624.3333333333334,5.477843032568073,3.8873465029364658,1.5,1.5,1.1666666666666667,3.0,0.0,0.0,0.08,0.0,3.2206798362697997,348.2168853734561,28.71773432030784,,6.0
2026,2026-04-05,LG,웰스,4019624,,,1.0,59.400000000000006,6.0,25.0,7.0,0.0,0.0,2.0,1.0,1.0,711.3333333333334,5.200093720712277,3.7085285848172447,1.5,1.5,1.1666666666666667,3.0,0.0,0.0,0.08,0.0,3.041861918150578,330.5608481861868,30.251616472037696,,6.0
2026,2026-04-06,LG,웰스,4019624,,,1.0,59.400000000000006,6.0,25.0,7.0,0.0,0.0,2.0,1.0,1.0,711.3333333333334,5.200093720712277,3.7085285848172447,1.5,1.5,1.1666666666666667,3.0,0.0,0.0,0.08,0.0,3.041861918150578,330.5608481861868,30.251616472037696,,6.0
2026,2026-04-07,LG,웰스,4019624,,,1.0,59.400000000000006,6.0,25.0,7.0,0.0,0.0,2.0,1.0,1.0,801.3333333333334,5.031613976705491,3.697587354409318,1.5,1.5,1.1666666666666667,3.0,0.0,0.0,0.08,0.0,3.0309206877426518,319.850886006227,31.264568702196176,,6.0
2026,2026-04-08,LG,웰스,4019624,선발,,2.0,106.8,10.0,45.0,11.0,0.0,4.0,6.0,3.0,3.0,888.3333333333334,4.984615384615385,3.578611632270169,2.7,2.7,1.5,5.4,3.6,0.0,0.1333333333333333,0.0888888888888888,3.578611632270169,176.03514880013037,56.80683697636976,,10.0
2026,2026-04-09,LG,웰스,4019624,,,2.0,106.8,10.0,45.0,11.0,0.0,4.0,6.0,3.0,3.0,888.3333333333334,4.984615384615385,3.578611632270169,2.7,2.7,1.5,5.4,3.6,0.0,0.1333333333333333,0.0888888888888888,3.578611632270169,176.03514880013037,56.80683697636976,,10.0
2026,2026-04-10,LG,웰스,4019624,,,2.0,106.8,10.0,45.0,11.0,0.0,4.0,6.0,3.0,3.0,980.3333333333334,4.966678000680041,3.5651139068344104,2.7,2.7,1.5,5.4,3.6,0.0,0.1333333333333333,0.0888888888888888,3.5651139068344104,175.40167764809547,57.01199745684748,,10.0
2026,2026-04-11,LG,웰스,4019624,,,2.0,106.8,10.0,45.0,11.0,0.0,4.0,6.0,3.0,3.0,1069.3333333333333,4.864713216957607,3.6013092269326688,2.7,2.7,1.5,5.4,3.6,0.0,0.1333333333333333,0.0888888888888888,3.6013092269326688,171.80072060528104,58.20697354917035,,10.0
2026,2026-04-12,LG,웰스,4019624,,,2.0,106.8,10.0,45.0,11.0,0.0,4.0,6.0,3.0,3.0,1155.3333333333333,4.759665320253895,3.5600115406809003,2.7,2.7,1.5,5.4,3.6,0.0,0.1333333333333333,0.0888888888888888,3.5600115406809003,168.09088128960326,59.49162692990485,,10.0
2026,2026-03-28,KIA,성영탁,4036535,중계,홀드,1.0,49.9,1.0,4.0,1.0,0.0,0.0,0.0,0.0,0.0,92.0,5.869565217391305,4.445652173913044,0.0,0.0,1.0,0.0,0.0,0.0,0.0,0.0,4.445652173913044,0.0,0.0,,1.0
2026,2026-03-29,KIA,성영탁,4036535,,,1.0,49.9,1.0,4.0,1.0,0.0,0.0,0.0,0.0,0.0,180.0,6.0,4.011111111111111,0.0,0.0,1.0,0.0,0.0,0.0,0.0,0.0,4.011111111111111,0.0,0.0,,1.0
2026,2026-03-30,KIA,성영탁,4036535,,,1.0,49.9,1.0,4.0,1.0,0.0,0.0,0.0,0.0,0.0,180.0,6.0,4.011111111111111,0.0,0.0,1.0,0.0,0.0,0.0,0.0,0.0,4.011111111111111,0.0,0.0,,1.0
2026,2026-03-31,KIA,성영탁,4036535,중계,,2.0,102.8,2.0,7.0,1.0,0.0,0.0,1.0,0.0,0.0,272.0,5.525735294117647,3.871323529411765,0.0,0.0,0.5,4.5,0.0,0.0,0.1428571428571428,0.0,2.8713235294117645,0.0,0.0,,2.0
2026,2026-04-01,KIA,성영탁,4036535,,,2.0,102.8,2.0,7.0,1.0,0.0,0.0,1.0,0.0,0.0,359.3333333333333,5.760667903525047,4.043599257884972,0.0,0.0,0.5,4.5,0.0,0.0,0.1428571428571428,0.0,3.0435992578849724,0.0,0.0,,2.0
2026,2026-04-02,KIA,성영탁,4036535,중계,,3.0,152.7,3.0,11.0,2.0,0.0,0.0,1.0,0.0,0.0,445.3333333333333,5.719311377245509,4.077844311377246,0.0,0.0,0.6666666666666666,3.0,0.0,0.0,0.0909090909090909,0.0,3.411177644710579,0.0,0.0,,3.0
2026,2026-04-03,KIA,성영탁,4036535,,,3.0,152.7,3.0,11.0,2.0,0.0,0.0,1.0,0.0,0.0,534.3333333333334,5.592014971927635,3.980661260137242,0.0,0.0,0.6666666666666666,3.0,0.0,0.0,0.0909090909090909,0.0,3.3139945934705755,0.0,0.0,,3.0
2026,2026-04-04,KIA,성영탁,4036535,,,3.0,152.7,3.0,11.0,2.0,0.0,0.0,1.0,0.0,0.0,624.3333333333334,5.477843032568073,3.8873465029364658,0.0,0.0,0.6666666666666666,3.0,0.0,0.0,0.0909090909090909,0.0,3.2206798362697997,0.0,0.0,,3.0
2026,2026-04-05,KIA,성영탁,4036535,,,3.0,152.7,3.0,11.0,2.0,0.0,0.0,1.0,0.0,0.0,711.3333333333334,5.200093720712277,3.7085285848172447,0.0,0.0,0.6666666666666666,3.0,0.0,0.0,0.0909090909090909,0.0,3.041861918150578,0.0,0.0,,3.0
2026,2026-04-06,KIA,성영탁,4036535,,,3.0,152.7,3.0,11.0,2.0,0.0,0.0,1.0,0.0,0.0,711.3333333333334,5.200093720712277,3.7085285848172447,0.0,0.0,0.6666666666666666,3.0,0.0,0.0,0.0909090909090909,0.0,3.041861918150578,0.0,0.0,,3.0
2026,2026-04-07,KIA,성영탁,4036535,중계,홀드,4.0,204.1,3.2,13.0,2.0,0.0,0.0,2.0,0.0,0.0,801.3333333333334,5.031613976705491,3.697587354409318,0.0,0.0,0.5454545454545455,4.909090909090909,0.0,0.0,0.1538461538461538,0.0,2.6066782635002266,0.0,0.0,,3.6666666666666665
2026,2026-04-08,KIA,성영탁,4036535,,,4.0,204.1,3.2,13.0,2.0,0.0,0.0,2.0,0.0,0.0,888.3333333333334,4.984615384615385,3.578611632270169,0.0,0.0,0.5454545454545455,4.909090909090909,0.0,0.0,0.1538461538461538,0.0,2.4877025413610783,0.0,0.0,,3.6666666666666665
2026,2026-04-09,KIA,성영탁,4036535,,,4.0,204.1,3.2,13.0,2.0,0.0,0.0,2.0,0.0,0.0,888.3333333333334,4.984615384615385,3.578611632270169,0.0,0.0,0.5454545454545455,4.909090909090909,0.0,0.0,0.1538461538461538,0.0,2.4877025413610783,0.0,0.0,,3.6666666666666665
2026,2026-04-10,KIA,성영탁,4036535,중계,홀드,5.0,257.0,4.2,16.0,2.0,0.0,0.0,3.0,0.0,0.0,980.3333333333334,4.966678000680041,3.5651139068344104,0.0,0.0,0.4285714285714285,5.785714285714286,0.0,0.0,0.1875,0.0,2.279399621120125,0.0,0.0,,4.666666666666667
2026,2026-04-11,KIA,성영탁,4036535,중계,세,6.0,306.9,6.1,23.0,4.0,0.0,0.0,5.0,1.0,1.0,1069.3333333333333,4.864713216957607,3.6013092269326688,1.4210526315789471,1.4210526315789471,0.6315789473684211,7.105263157894737,0.0,0.0,0.217391304347826,0.0,2.022361858511616,341.90096431705854,29.248235728070647,,6.333333333333333
2026,2026-04-12,KIA,성영탁,4036535,,,6.0,306.9,6.1,23.0,4.0,0.0,0.0,5.0,1.0,1.0,1155.3333333333333,4.759665320253895,3.5600115406809003,1.4210526315789471,1.4210526315789471,0.6315789473684211,7.105263157894737,0.0,0.0,0.217391304347826,0.0,1.981064172259848,334.51800553188696,29.89375709119125,,6.333333333333333
2026,2026-03-31,LG,톨허스트,4066309,선발,패,1.0,20.90000000000001,3.0,19.0,9.0,1.0,1.0,5.0,7.0,7.0,272.0,5.525735294117647,3.871323529411765,21.0,21.0,3.333333333333333,15.0,3.0,3.0,0.2631578947368421,0.0526315789473684,5.8713235294117645,25.09009375295976,398.5636761050503,,3.0
2026,2026-04-01,LG,톨허스트,4066309,,,1.0,20.90000000000001,3.0,19.0,9.0,1.0,1.0,5.0,7.0,7.0,359.3333333333333,5.760667903525047,4.043599257884972,21.0,21.0,3.333333333333333,15.0,3.0,3.0,0.2631578947368421,0.0526315789473684,6.043599257884972,26.15682621152216,382.3093795528974,,3.0
2026,2026-04-02,LG,톨허스트,4066309,,,1.0,20.90000000000001,3.0,19.0,9.0,1.0,1.0,5.0,7.0,7.0,445.3333333333333,5.719311377245509,4.077844311377246,21.0,21.0,3.333333333333333,15.0,3.0,3.0,0.2631578947368421,0.0526315789473684,6.077844311377246,25.969043216785703,385.07387109033976,,3.0
2026,2026-04-03,LG,톨허스트,4066309,,,1.0,20.90000000000001,3.0,19.0,9.0,1.0,1.0,5.0,7.0,7.0,534.3333333333334,5.592014971927635,3.980661260137242,21.0,21.0,3.333333333333333,15.0,3.0,3.0,0.2631578947368421,0.0526315789473684,5.980661260137242,25.39104253925773,393.83967730110913,,3.0
2026,2026-04-04,LG,톨허스트,4066309,,,1.0,20.90000000000001,3.0,19.0,9.0,1.0,1.0,5.0,7.0,7.0,624.3333333333334,5.477843032568073,3.8873465029364658,21.0,21.0,3.333333333333333,15.0,3.0,3.0,0.2631578947368421,0.0526315789473684,5.887346502936466,24.872634669532573,402.0482804843098,,3.0
2026,2026-04-05,LG,톨허스트,4066309,선발,승,2.0,85.30000000000001,9.0,43.0,11.0,2.0,4.0,12.0,8.0,8.0,711.3333333333334,5.200093720712277,3.7085285848172447,8.0,8.0,1.6666666666666667,12.0,4.0,2.0,0.2790697674418604,0.0930232558139534,5.2640841403728,61.98015903491001,161.3419545175344,,9.0
2026,2026-04-06,LG,톨허스트,4066309,,,2.0,85.30000000000001,9.0,43.0,11.0,2.0,4.0,12.0,8.0,8.0,711.3333333333334,5.200093720712277,3.7085285848172447,8.0,8.0,1.6666666666666667,12.0,4.0,2.0,0.2790697674418604,0.0930232558139534,5.2640841403728,61.98015903491001,161.3419545175344,,9.0
2026,2026-04-07,LG,톨허스트,4066309,,,2.0,85.30000000000001,9.0,43.0,11.0,2.0,4.0,12.0,8.0,8.0,801.3333333333334,5.031613976705491,3.697587354409318,8.0,8.0,1.6666666666666667,12.0,4.0,2.0,0.2790697674418604,0.0930232558139534,5.253142909964874,59.972041126167554,166.74436641171295,,9.0
2026,2026-04-08,LG,톨허스트,4066309,,,2.0,85.30000000000001,9.0,43.0,11.0,2.0,4.0,12.0,8.0,8.0,888.3333333333334,4.984615384615385,3.578611632270169,8.0,8.0,1.6666666666666667,12.0,4.0,2.0,0.2790697674418604,0.0930232558139534,5.1341671878257245,59.411862720044006,168.31655400405853,,9.0
2026,2026-04-09,LG,톨허스트,4066309,,,2.0,85.30000000000001,9.0,43.0,11.0,2.0,4.0,12.0,8.0,8.0,888.3333333333334,4.984615384615385,3.578611632270169,8.0,8.0,1.6666666666666667,12.0,4.0,2.0,0.2790697674418604,0.0930232558139534,5.1341671878257245,59.411862720044006,168.31655400405853,,9.0
2026,2026-04-10,LG,톨허스트,4066309,,,2.0,85.30000000000001,9.0,43.0,11.0,2.0,4.0,12.0,8.0,8.0,980.3333333333334,4.966678000680041,3.5651139068344104,8.0,8.0,1.6666666666666667,12.0,4.0,2.0,0.2790697674418604,0.0930232558139534,5.120669462389966,59.19806620623223,168.9244369091777,,9.0
2026,2026-04-11,LG,톨허스트,4066309,,,2.0,85.30000000000001,9.0,43.0,11.0,2.0,4.0,12.0,8.0,8.0,1069.3333333333333,4.864713216957607,3.6013092269326688,8.0,8.0,1.6666666666666667,12.0,4.0,2.0,0.2790697674418604,0.0930232558139534,5.156864782488224,57.98274320428236,172.4651068123566,,9.0
2026,2026-04-12,LG,톨허스트,4066309,선발,승,3.0,149.70000000000002,15.0,67.0,15.0,2.0,7.0,16.0,8.0,8.0,1155.3333333333333,4.759665320253895,3.5600115406809003,4.8,4.8,1.4666666666666666,9.6,4.2,1.2,0.2388059701492537,0.1044776119402985,4.5600115406809,94.55112072540184,105.76289231983084,,15.0
2026,2026-03-29,NC,손주환,4070455,중계,,1.0,32.9,0.1,4.0,2.0,1.0,1.0,0.0,2.0,2.0,180.0,6.0,4.011111111111111,54.0,54.0,9.0,0.0,27.0,27.0,0.0,0.25,52.01111111111111,11.223667446066193,890.9743671623949,,0.3333333333333333
2026,2026-03-30,NC,손주환,4070455,,,1.0,32.9,0.1,4.0,2.0,1.0,1.0,0.0,2.0,2.0,180.0,6.0,4.011111111111111,54.0,54.0,9.0,0.0,27.0,27.0,0.0,0.25,52.01111111111111,11.223667446066193,890.9743671623949,,0.3333333333333333
2026,2026-03-31,NC,손주환,4070455,,,1.0,32.9,0.1,4.0,2.0,1.0,1.0,0.0,2.0,2.0,272.0,5.525735294117647,3.871323529411765,54.0,54.0,9.0,0.0,27.0,27.0,0.0,0.25,51.87132352941177,10.336502556027872,967.4452210306245,,0.3333333333333333
2026,2026-04-01,NC,손주환,4070455,,,1.0,32.9,0.1,4.0,2.0,1.0,1.0,0.0,2.0,2.0,359.3333333333333,5.760667903525047,4.043599257884972,54.0,54.0,9.0,0.0,27.0,27.0,0.0,0.25,52.04359925788497,10.775970136065409,927.9906935275958,,0.3333333333333333
2026,2026-04-02,NC,손주환,4070455,,,1.0,32.9,0.1,4.0,2.0,1.0,1.0,0.0,2.0,2.0,445.3333333333333,5.719311377245509,4.077844311377246,54.0,54.0,9.0,0.0,27.0,27.0,0.0,0.25,52.07784431137725,10.698608153117735,934.7010243651038,,0.3333333333333333
2026,2026-04-03,NC,손주환,4070455,,,1.0,32.9,0.1,4.0,2.0,1.0,1.0,0.0,2.0,2.0,534.3333333333334,5.592014971927635,3.980661260137242,54.0,54.0,9.0,0.0,27.0,27.0,0.0,0.25,51.98066126013724,10.460486066389826,955.9785211253808,,0.3333333333333333
2026,2026-04-04,NC,손주환,4070455,,,1.0,32.9,0.1,4.0,2.0,1.0,1.0,0.0,2.0,2.0,624.3333333333334,5.477843032568073,3.8873465029364658,54.0,54.0,9.0,0.0,27.0,27.0,0.0,0.25,51.88734650293647,10.2469147532158,975.903502745711,,0.3333333333333333
2026,2026-04-05,NC,손주환,4070455,,,1.0,32.9,0.1,4.0,2.0,1.0,1.0,0.0,2.0,2.0,711.3333333333334,5.200093720712277,3.7085285848172447,54.0,54.0,9.0,0.0,27.0,27.0,0.0,0.25,51.708528584817245,9.72735376827527,1028.0288183425523,,0.3333333333333333
2026,2026-04-06,NC,손주환,4070455,,,1.0,32.9,0.1,4.0,2.0,1.0,1.0,0.0,2.0,2.0,711.3333333333334,5.200093720712277,3.7085285848172447,54.0,54.0,9.0,0.0,27.0,27.0,0.0,0.25,51.708528584817245,9.72735376827527,1028.0288183425523,,0.3333333333333333
2026,2026-04-07,NC,손주환,4070455,,,1.0,32.9,0.1,4.0,2.0,1.0,1.0,0.0,2.0,2.0,801.3333333333334,5.031613976705491,3.697587354409318,54.0,54.0,9.0,0.0,27.0,27.0,0.0,0.25,51.69758735440932,9.412193665253517,1062.4515767154749,,0.3333333333333333
2026,2026-04-08,NC,손주환,4070455,,,1.0,32.9,0.1,4.0,2.0,1.0,1.0,0.0,2.0,2.0,888.3333333333334,4.984615384615385,3.578611632270169,54.0,54.0,9.0,0.0,27.0,27.0,0.0,0.25,51.57861163227017,9.324277570578069,1072.4691456584385,,0.3333333333333333
2026,2026-04-09,NC,손주환,4070455,,,1.0,32.9,0.1,4.0,2.0,1.0,1.0,0.0,2.0,2.0,888.3333333333334,4.984615384615385,3.578611632270169,54.0,54.0,9.0,0.0,27.0,27.0,0.0,0.25,51.57861163227017,9.324277570578069,1072.4691456584385,,0.3333333333333333
2026,2026-04-10,NC,손주환,4070455,,,1.0,32.9,0.1,4.0,2.0,1.0,1.0,0.0,2.0,2.0,980.3333333333334,4.966678000680041,3.5651139068344104,54.0,54.0,9.0,0.0,27.0,27.0,0.0,0.25,51.56511390683441,9.290723698554284,1076.3424168513466,,0.3333333333333333
2026,2026-04-11,NC,손주환,4070455,,,1.0,32.9,0.1,4.0,2.0,1.0,1.0,0.0,2.0,2.0,1069.3333333333333,4.864713216957607,3.6013092269326688,54.0,54.0,9.0,0.0,27.0,27.0,0.0,0.25,51.60130922693267,9.09998722793584,1098.9026412368175,,0.3333333333333333
2026,2026-04-12,NC,손주환,4070455,,,1.0,32.9,0.1,4.0,2.0,1.0,1.0,0.0,2.0,2.0,1155.3333333333333,4.759665320253895,3.5600115406809003,54.0,54.0,9.0,0.0,27.0,27.0,0.0,0.25,51.5600115406809,8.903483451517312,1123.1559034678523,,0.3333333333333333
2026,2026-03-31,롯데,박준우,4070581,중계,,1.0,50.4,0.2,3.0,1.0,0.0,0.0,2.0,0.0,0.0,272.0,5.525735294117647,3.871323529411765,0.0,0.0,1.5,27.0,0.0,0.0,0.6666666666666666,0.0,-2.1286764705882355,0.0,0.0,,0.6666666666666666
2026,2026-04-01,롯데,박준우,4070581,,,1.0,50.4,0.2,3.0,1.0,0.0,0.0,2.0,0.0,0.0,359.3333333333333,5.760667903525047,4.043599257884972,0.0,0.0,1.5,27.0,0.0,0.0,0.6666666666666666,0.0,-1.956400742115028,0.0,0.0,,0.6666666666666666
2026,2026-04-02,롯데,박준우,4070581,,,1.0,50.4,0.2,3.0,1.0,0.0,0.0,2.0,0.0,0.0,445.3333333333333,5.719311377245509,4.077844311377246,0.0,0.0,1.5,27.0,0.0,0.0,0.6666666666666666,0.0,-1.9221556886227544,0.0,0.0,,0.6666666666666666
2026,2026-04-03,롯데,박준우,4070581,,,1.0,50.4,0.2,3.0,1.0,0.0,0.0,2.0,0.0,0.0,534.3333333333334,5.592014971927635,3.980661260137242,0.0,0.0,1.5,27.0,0.0,0.0,0.6666666666666666,0.0,-2.019338739862758,0.0,0.0,,0.6666666666666666
2026,2026-04-04,롯데,박준우,4070581,,,1.0,50.4,0.2,3.0,1.0,0.0,0.0,2.0,0.0,0.0,624.3333333333334,5.477843032568073,3.8873465029364658,0.0,0.0,1.5,27.0,0.0,0.0,0.6666666666666666,0.0,-2.1126534970635342,0.0,0.0,,0.6666666666666666
2026,2026-04-05,롯데,박준우,4070581,,,1.0,50.4,0.2,3.0,1.0,0.0,0.0,2.0,0.0,0.0,711.3333333333334,5.200093720712277,3.7085285848172447,0.0,0.0,1.5,27.0,0.0,0.0,0.6666666666666666,0.0,-2.2914714151827558,0.0,0.0,,0.6666666666666666
2026,2026-04-06,롯데,박준우,4070581,,,1.0,50.4,0.2,3.0,1.0,0.0,0.0,2.0,0.0,0.0,711.3333333333334,5.200093720712277,3.7085285848172447,0.0,0.0,1.5,27.0,0.0,0.0,0.6666666666666666,0.0,-2.2914714151827558,0.0,0.0,,0.6666666666666666
2026,2026-04-07,롯데,박준우,4070581,,,1.0,50.4,0.2,3.0,1.0,0.0,0.0,2.0,0.0,0.0,801.3333333333334,5.031613976705491,3.697587354409318,0.0,0.0,1.5,27.0,0.0,0.0,0.6666666666666666,0.0,-2.302412645590682,0.0,0.0,,0.6666666666666666
2026,2026-04-08,롯데,박준우,4070581,,,1.0,50.4,0.2,3.0,1.0,0.0,0.0,2.0,0.0,0.0,888.3333333333334,4.984615384615385,3.578611632270169,0.0,0.0,1.5,27.0,0.0,0.0,0.6666666666666666,0.0,-2.421388367729831,0.0,0.0,,0.6666666666666666
2026,2026-04-09,롯데,박준우,4070581,,,1.0,50.4,0.2,3.0,1.0,0.0,0.0,2.0,0.0,0.0,888.3333333333334,4.984615384615385,3.578611632270169,0.0,0.0,1.5,27.0,0.0,0.0,0.6666666666666666,0.0,-2.421388367729831,0.0,0.0,,0.6666666666666666
2026,2026-04-10,롯데,박준우,4070581,,,1.0,50.4,0.2,3.0,1.0,0.0,0.0,2.0,0.0,0.0,980.3333333333334,4.966678000680041,3.5651139068344104,0.0,0.0,1.5,27.0,0.0,0.0,0.6666666666666666,0.0,-2.4348860931655896,0.0,0.0,,0.6666666666666666
2026,2026-04-11,롯데,박준우,4070581,,,1.0,50.4,0.2,3.0,1.0,0.0,0.0,2.0,0.0,0.0,1069.3333333333333,4.864713216957607,3.6013092269326688,0.0,0.0,1.5,27.0,0.0,0.0,0.6666666666666666,0.0,-2.3986907730673312,0.0,0.0,,0.6666666666666666
2026,2026-04-12,롯데,박준우,4070581,,,1.0,50.4,0.2,3.0,1.0,0.0,0.0,2.0,0.0,0.0,1155.3333333333333,4.759665320253895,3.5600115406809003,0.0,0.0,1.5,27.0,0.0,0.0,0.6666666666666666,0.0,-2.4399884593191,0.0,0.0,,0.6666666666666666
2026,2026-04-02,KIA,김태형,4072789,선발,패,1.0,55.900000000000006,5.0,21.0,3.0,0.0,3.0,4.0,2.0,2.0,445.3333333333333,5.719311377245509,4.077844311377246,3.6,3.6,1.2,7.2,5.4,0.0,0.1904761904761904,0.1428571428571428,4.277844311377246,158.66987760153285,63.02393466964767,,5.0
2026,2026-04-03,KIA,김태형,4072789,,,1.0,55.900000000000006,5.0,21.0,3.0,0.0,3.0,4.0,2.0,2.0,534.3333333333334,5.592014971927635,3.980661260137242,3.6,3.6,1.2,7.2,5.4,0.0,0.1904761904761904,0.1428571428571428,4.180661260137242,155.13831519504086,64.45860899951077,,5.0
2026,2026-04-04,KIA,김태형,4072789,,,1.0,55.900000000000006,5.0,21.0,3.0,0.0,3.0,4.0,2.0,2.0,624.3333333333334,5.477843032568073,3.8873465029364658,3.6,3.6,1.2,7.2,5.4,0.0,0.1904761904761904,0.1428571428571428,4.087346502936466,151.97086260349545,65.80208750996451,,5.0
2026,2026-04-05,KIA,김태형,4072789,,,1.0,55.900000000000006,5.0,21.0,3.0,0.0,3.0,4.0,2.0,2.0,711.3333333333334,5.200093720712277,3.7085285848172447,3.6,3.6,1.2,7.2,5.4,0.0,0.1904761904761904,0.1428571428571428,3.908528584817245,144.2653109366628,69.31673272717879,,5.0
2026,2026-04-06,KIA,김태형,4072789,,,1.0,55.900000000000006,5.0,21.0,3.0,0.0,3.0,4.0,2.0,2.0,711.3333333333334,5.200093720712277,3.7085285848172447,3.6,3.6,1.2,7.2,5.4,0.0,0.1904761904761904,0.1428571428571428,3.908528584817245,144.2653109366628,69.31673272717879,,5.0
2026,2026-04-07,KIA,김태형,4072789,,,1.0,55.900000000000006,5.0,21.0,3.0,0.0,3.0,4.0,2.0,2.0,801.3333333333334,5.031613976705491,3.697587354409318,3.6,3.6,1.2,7.2,5.4,0.0,0.1904761904761904,0.1428571428571428,3.897587354409318,139.59120620680824,71.63775048397191,,5.0
2026,2026-04-08,KIA,김태형,4072789,선발,,2.0,76.30000000000001,8.1,42.0,12.0,1.0,6.0,5.0,7.0,7.0,888.3333333333334,4.984615384615385,3.578611632270169,7.56,7.56,2.16,5.4,6.48,1.0799999999999998,0.119047619047619,0.1428571428571428,6.098611632270169,65.8511106203232,151.85772731544128,,8.333333333333334
2026,2026-04-09,KIA,김태형,4072789,,,2.0,76.30000000000001,8.1,42.0,12.0,1.0,6.0,5.0,7.0,7.0,888.3333333333334,4.984615384615385,3.578611632270169,7.56,7.56,2.16,5.4,6.48,1.0799999999999998,0.119047619047619,0.1428571428571428,6.098611632270169,65.8511106203232,151.85772731544128,,8.333333333333334
2026,2026-04-10,KIA,김태형,4072789,,,2.0,76.30000000000001,8.1,42.0,12.0,1.0,6.0,5.0,7.0,7.0,980.3333333333334,4.966678000680041,3.5651139068344104,7.56,7.56,2.16,5.4,6.48,1.0799999999999998,0.119047619047619,0.1428571428571428,6.08511390683441,65.61414215583319,152.4061684179313,,8.333333333333334
2026,2026-04-11,KIA,김태형,4072789,,,2.0,76.30000000000001,8.1,42.0,12.0,1.0,6.0,5.0,7.0,7.0,1069.3333333333333,4.864713216957607,3.6013092269326688,7.56,7.56,2.16,5.4,6.48,1.0799999999999998,0.119047619047619,0.1428571428571428,6.121309226932668,64.26709855583807,155.60061407333586,,8.333333333333334
2026,2026-04-12,KIA,김태형,4072789,,,2.0,76.30000000000001,8.1,42.0,12.0,1.0,6.0,5.0,7.0,7.0,1155.3333333333333,4.759665320253895,3.5600115406809003,7.56,7.56,2.16,5.4,6.48,1.0799999999999998,0.119047619047619,0.1428571428571428,6.0800115406809,62.879324348099054,159.03478772513745,,8.333333333333334
2026,2026-03-28,LG,박시원,4073237,중계,,1.0,47.9,1.0,5.0,0.0,0.0,2.0,0.0,0.0,0.0,92.0,5.869565217391305,4.445652173913044,0.0,0.0,2.0,0.0,18.0,0.0,0.0,0.4,10.445652173913045,0.0,0.0,,1.0
2026,2026-03-29,LG,박시원,4073237,,,1.0,47.9,1.0,5.0,0.0,0.0,2.0,0.0,0.0,0.0,180.0,6.0,4.011111111111111,0.0,0.0,2.0,0.0,18.0,0.0,0.0,0.4,10.011111111111113,0.0,0.0,,1.0
2026,2026-03-30,LG,박시원,4073237,,,1.0,47.9,1.0,5.0,0.0,0.0,2.0,0.0,0.0,0.0,180.0,6.0,4.011111111111111,0.0,0.0,2.0,0.0,18.0,0.0,0.0,0.4,10.011111111111113,0.0,0.0,,1.0
2026,2026-03-31,LG,박시원,4073237,중계,,2.0,99.8,2.0,8.0,0.0,0.0,2.0,0.0,0.0,0.0,272.0,5.525735294117647,3.871323529411765,0.0,0.0,1.0,0.0,9.0,0.0,0.0,0.25,6.8713235294117645,0.0,0.0,,2.0
2026,2026-04-01,LG,박시원,4073237,,,2.0,99.8,2.0,8.0,0.0,0.0,2.0,0.0,0.0,0.0,359.3333333333333,5.760667903525047,4.043599257884972,0.0,0.0,1.0,0.0,9.0,0.0,0.0,0.25,7.043599257884972,0.0,0.0,,2.0
2026,2026-04-02,LG,박시원,4073237,,,2.0,99.8,2.0,8.0,0.0,0.0,2.0,0.0,0.0,0.0,445.3333333333333,5.719311377245509,4.077844311377246,0.0,0.0,1.0,0.0,9.0,0.0,0.0,0.25,7.077844311377246,0.0,0.0,,2.0
2026,2026-04-03,LG,박시원,4073237,,,2.0,99.8,2.0,8.0,0.0,0.0,2.0,0.0,0.0,0.0,534.3333333333334,5.592014971927635,3.980661260137242,0.0,0.0,1.0,0.0,9.0,0.0,0.0,0.25,6.980661260137242,0.0,0.0,,2.0
2026,2026-04-04,LG,박시원,4073237,,,2.0,99.8,2.0,8.0,0.0,0.0,2.0,0.0,0.0,0.0,624.3333333333334,5.477843032568073,3.8873465029364658,0.0,0.0,1.0,0.0,9.0,0.0,0.0,0.25,6.887346502936466,0.0,0.0,,2.0
2026,2026-04-05,LG,박시원,4073237,,,2.0,99.8,2.0,8.0,0.0,0.0,2.0,0.0,0.0,0.0,711.3333333333334,5.200093720712277,3.7085285848172447,0.0,0.0,1.0,0.0,9.0,0.0,0.0,0.25,6.708528584817245,0.0,0.0,,2.0
2026,2026-04-06,LG,박시원,4073237,,,2.0,99.8,2.0,8.0,0.0,0.0,2.0,0.0,0.0,0.0,711.3333333333334,5.200093720712277,3.7085285848172447,0.0,0.0,1.0,0.0,9.0,0.0,0.0,0.25,6.708528584817245,0.0,0.0,,2.0
2026,2026-04-07,LG,박시원,4073237,,,2.0,99.8,2.0,8.0,0.0,0.0,2.0,0.0,0.0,0.0,801.3333333333334,5.031613976705491,3.697587354409318,0.0,0.0,1.0,0.0,9.0,0.0,0.0,0.25,6.697587354409318,0.0,0.0,,2.0
2026,2026-04-08,LG,박시원,4073237,,,2.0,99.8,2.0,8.0,0.0,0.0,2.0,0.0,0.0,0.0,888.3333333333334,4.984615384615385,3.578611632270169,0.0,0.0,1.0,0.0,9.0,0.0,0.0,0.25,6.578611632270169,0.0,0.0,,2.0
2026,2026-04-09,LG,박시원,4073237,,,2.0,99.8,2.0,8.0,0.0,0.0,2.0,0.0,0.0,0.0,888.3333333333334,4.984615384615385,3.578611632270169,0.0,0.0,1.0,0.0,9.0,0.0,0.0,0.25,6.578611632270169,0.0,0.0,,2.0
2026,2026-04-10,LG,박시원,4073237,,,2.0,99.8,2.0,8.0,0.0,0.0,2.0,0.0,0.0,0.0,980.3333333333334,4.966678000680041,3.5651139068344104,0.0,0.0,1.0,0.0,9.0,0.0,0.0,0.25,6.56511390683441,0.0,0.0,,2.0
2026,2026-04-11,LG,박시원,4073237,,,2.0,99.8,2.0,8.0,0.0,0.0,2.0,0.0,0.0,0.0,1069.3333333333333,4.864713216957607,3.6013092269326688,0.0,0.0,1.0,0.0,9.0,0.0,0.0,0.25,6.601309226932669,0.0,0.0,,2.0
2026,2026-04-12,LG,박시원,4073237,,,2.0,99.8,2.0,8.0,0.0,0.0,2.0,0.0,0.0,0.0,1155.3333333333333,4.759665320253895,3.5600115406809003,0.0,0.0,1.0,0.0,9.0,0.0,0.0,0.25,6.5600115406809,0.0,0.0,,2.0
2026,2026-04-03,두산,윤태호,4078875,중계,,1.0,51.9,1.2,7.0,2.0,0.0,0.0,1.0,0.0,0.0,534.3333333333334,5.592014971927635,3.980661260137242,0.0,0.0,1.2,5.4,0.0,0.0,0.1428571428571428,0.0,2.780661260137242,0.0,0.0,,1.6666666666666667
2026,2026-04-04,두산,윤태호,4078875,,,1.0,51.9,1.2,7.0,2.0,0.0,0.0,1.0,0.0,0.0,624.3333333333334,5.477843032568073,3.8873465029364658,0.0,0.0,1.2,5.4,0.0,0.0,0.1428571428571428,0.0,2.6873465029364656,0.0,0.0,,1.6666666666666667
2026,2026-04-05,두산,윤태호,4078875,,,1.0,51.9,1.2,7.0,2.0,0.0,0.0,1.0,0.0,0.0,711.3333333333334,5.200093720712277,3.7085285848172447,0.0,0.0,1.2,5.4,0.0,0.0,0.1428571428571428,0.0,2.5085285848172445,0.0,0.0,,1.6666666666666667
2026,2026-04-06,두산,윤태호,4078875,,,1.0,51.9,1.2,7.0,2.0,0.0,0.0,1.0,0.0,0.0,711.3333333333334,5.200093720712277,3.7085285848172447,0.0,0.0,1.2,5.4,0.0,0.0,0.1428571428571428,0.0,2.5085285848172445,0.0,0.0,,1.6666666666666667
2026,2026-04-07,두산,윤태호,4078875,중계,,2.0,101.8,2.2,11.0,2.0,0.0,1.0,1.0,0.0,0.0,801.3333333333334,5.031613976705491,3.697587354409318,0.0,0.0,1.125,3.375,3.375,0.0,0.0909090909090909,0.0909090909090909,4.072587354409318,0.0,0.0,,2.6666666666666665
2026,2026-04-08,두산,윤태호,4078875,,,2.0,101.8,2.2,11.0,2.0,0.0,1.0,1.0,0.0,0.0,888.3333333333334,4.984615384615385,3.578611632270169,0.0,0.0,1.125,3.375,3.375,0.0,0.0909090909090909,0.0909090909090909,3.953611632270169,0.0,0.0,,2.6666666666666665
2026,2026-04-09,두산,윤태호,4078875,,,2.0,101.8,2.2,11.0,2.0,0.0,1.0,1.0,0.0,0.0,888.3333333333334,4.984615384615385,3.578611632270169,0.0,0.0,1.125,3.375,3.375,0.0,0.0909090909090909,0.0909090909090909,3.953611632270169,0.0,0.0,,2.6666666666666665
2026,2026-04-10,두산,윤태호,4078875,중계,세,3.0,149.7,3.0,13.0,2.0,0.0,2.0,2.0,0.0,0.0,980.3333333333334,4.966678000680041,3.5651139068344104,0.0,0.0,1.3333333333333333,6.0,6.0,0.0,0.1538461538461538,0.1538461538461538,4.231780573501077,0.0,0.0,,3.0
2026,2026-04-11,두산,윤태호,4078875,중계,,4.0,197.6,4.0,17.0,2.0,0.0,3.0,3.0,1.0,1.0,1069.3333333333333,4.864713216957607,3.6013092269326688,2.25,2.25,1.25,6.75,6.75,0.0,0.1764705882352941,0.1764705882352941,4.351309226932669,206.16086472633728,48.50581129097529,,4.0
2026,2026-04-12,두산,윤태호,4078875,,,4.0,197.6,4.0,17.0,2.0,0.0,3.0,3.0,1.0,1.0,1155.3333333333333,4.759665320253895,3.5600115406809003,2.25,2.25,1.25,6.75,6.75,0.0,0.1764705882352941,0.1764705882352941,4.3100115406809,201.70905754752397,49.5763557749207,,4.0
2026,2026-04-02,키움,정세영,9000031,중계,,1.0,26.9,3.0,17.0,7.0,1.0,1.0,1.0,5.0,5.0,445.3333333333333,5.719311377245509,4.077844311377246,15.0,15.0,2.6666666666666665,3.0,3.0,3.0,0.0588235294117647,0.0588235294117647,8.744510978043913,36.89963464510596,271.00539331021025,,3.0
2026,2026-04-03,키움,정세영,9000031,,,1.0,26.9,3.0,17.0,7.0,1.0,1.0,1.0,5.0,5.0,534.3333333333334,5.592014971927635,3.980661260137242,15.0,15.0,2.6666666666666665,3.0,3.0,3.0,0.0588235294117647,0.0588235294117647,8.647327926803909,36.07834856046423,277.1745492519109,,3.0
2026,2026-04-04,키움,정세영,9000031,,,1.0,26.9,3.0,17.0,7.0,1.0,1.0,1.0,5.0,5.0,624.3333333333334,5.477843032568073,3.8873465029364658,15.0,15.0,2.6666666666666665,3.0,3.0,3.0,0.0588235294117647,0.0588235294117647,8.554013169603133,35.34173840388974,282.95155958993206,,3.0
2026,2026-04-05,키움,정세영,9000031,,,1.0,26.9,3.0,17.0,7.0,1.0,1.0,1.0,5.0,5.0,711.3333333333334,5.200093720712277,3.7085285848172447,15.0,15.0,2.6666666666666665,3.0,3.0,3.0,0.0588235294117647,0.0588235294117647,8.375195251483913,33.549766004697794,298.0646720039643,,3.0
2026,2026-04-06,키움,정세영,9000031,,,1.0,26.9,3.0,17.0,7.0,1.0,1.0,1.0,5.0,5.0,711.3333333333334,5.200093720712277,3.7085285848172447,15.0,15.0,2.6666666666666665,3.0,3.0,3.0,0.0588235294117647,0.0588235294117647,8.375195251483913,33.549766004697794,298.0646720039643,,3.0
2026,2026-04-07,키움,정세영,9000031,,,1.0,26.9,3.0,17.0,7.0,1.0,1.0,1.0,5.0,5.0,801.3333333333334,5.031613976705491,3.697587354409318,15.0,15.0,2.6666666666666665,3.0,3.0,3.0,0.0588235294117647,0.0588235294117647,8.364254021075984,32.46277482885706,308.04513947805606,,3.0
2026,2026-04-08,키움,정세영,9000031,선발,패,2.0,64.30000000000001,7.0,37.0,11.0,1.0,4.0,2.0,10.0,8.0,888.3333333333334,4.984615384615385,3.578611632270169,10.285714285714286,12.857142857142858,2.142857142857143,2.571428571428572,5.142857142857143,1.2857142857142858,0.054054054054054,0.1081081081081081,6.578611632270169,46.899345365728585,213.2225923841453,,7.0
2026,2026-04-09,키움,정세영,9000031,,,2.0,64.30000000000001,7.0,37.0,11.0,1.0,4.0,2.0,10.0,8.0,888.3333333333334,4.984615384615385,3.578611632270169,10.285714285714286,12.857142857142858,2.142857142857143,2.571428571428572,5.142857142857143,1.2857142857142858,0.054054054054054,0.1081081081081081,6.578611632270169,46.899345365728585,213.2225923841453,,7.0
2026,2026-04-10,키움,정세영,9000031,,,2.0,64.30000000000001,7.0,37.0,11.0,1.0,4.0,2.0,10.0,8.0,980.3333333333334,4.966678000680041,3.5651139068344104,10.285714285714286,12.857142857142858,2.142857142857143,2.571428571428572,5.142857142857143,1.2857142857142858,0.054054054054054,0.1081081081081081,6.56511390683441,46.73057576181134,213.99265549328183,,7.0
2026,2026-04-11,키움,정세영,9000031,,,2.0,64.30000000000001,7.0,37.0,11.0,1.0,4.0,2.0,10.0,8.0,1069.3333333333333,4.864713216957607,3.6013092269326688,10.285714285714286,12.857142857142858,2.142857142857143,2.571428571428572,5.142857142857143,1.2857142857142858,0.054054054054054,0.1081081081081081,6.601309226932669,45.77120753819678,218.477958914561,,7.0
2026,2026-04-12,키움,정세영,9000031,,,2.0,64.30000000000001,7.0,37.0,11.0,1.0,4.0,2.0,10.0,8.0,1155.3333333333333,4.759665320253895,3.5600115406809003,10.285714285714286,12.857142857142858,2.142857142857143,2.571428571428572,5.142857142857143,1.2857142857142858,0.054054054054054,0.1081081081081081,6.5600115406809,44.78283086170203,223.29986308551855,,7.0
2026,2026-03-28,한화,원종혁,9000037,중계,승,1.0,46.9,0.1,2.0,1.0,0.0,0.0,0.0,0.0,0.0,92.0,5.869565217391305,4.445652173913044,0.0,0.0,3.0,0.0,0.0,0.0,0.0,0.0,4.445652173913044,0.0,0.0,,0.3333333333333333
2026,2026-03-29,한화,원종혁,9000037,,,1.0,46.9,0.1,2.0,1.0,0.0,0.0,0.0,0.0,0.0,180.0,6.0,4.011111111111111,0.0,0.0,3.0,0.0,0.0,0.0,0.0,0.0,4.011111111111111,0.0,0.0,,0.3333333333333333
2026,2026-03-30,한화,원종혁,9000037,,,1.0,46.9,0.1,2.0,1.0,0.0,0.0,0.0,0.0,0.0,180.0,6.0,4.011111111111111,0.0,0.0,3.0,0.0,0.0,0.0,0.0,0.0,4.011111111111111,0.0,0.0,,0.3333333333333333
2026,2026-03-31,한화,원종혁,9000037,중계,,2.0,87.8,1.1,8.0,3.0,1.0,1.0,2.0,1.0,1.0,272.0,5.525735294117647,3.871323529411765,6.75,6.75,3.0,13.5,6.75,6.75,0.25,0.125,12.871323529411764,83.49630454319794,119.76577951215032,,1.3333333333333333
2026,2026-04-01,한화,원종혁,9000037,,,2.0,87.8,1.1,8.0,3.0,1.0,1.0,2.0,1.0,1.0,359.3333333333333,5.760667903525047,4.043599257884972,6.75,6.75,3.0,13.5,6.75,6.75,0.25,0.125,13.043599257884972,87.04624019123565,114.88146964223344,,1.3333333333333333
2026,2026-04-02,한화,원종혁,9000037,중계,,3.0,108.2,1.1,15.0,7.0,1.0,3.0,2.0,6.0,5.0,445.3333333333333,5.719311377245509,4.077844311377246,33.75,40.5,7.5,13.5,20.25,6.75,0.1333333333333333,0.2,17.577844311377245,17.28426495710819,578.5609063975544,,1.3333333333333333
2026,2026-04-03,한화,원종혁,9000037,,,3.0,108.2,1.1,15.0,7.0,1.0,3.0,2.0,6.0,5.0,534.3333333333334,5.592014971927635,3.980661260137242,33.75,40.5,7.5,13.5,20.25,6.75,0.1333333333333333,0.2,17.480661260137243,16.899563958600705,591.7312437467178,,1.3333333333333333
2026,2026-04-04,한화,원종혁,9000037,,,3.0,108.2,1.1,15.0,7.0,1.0,3.0,2.0,6.0,5.0,624.3333333333334,5.477843032568073,3.8873465029364658,33.75,40.5,7.5,13.5,20.25,6.75,0.1333333333333333,0.2,17.387346502936467,16.554526257312272,604.0644017573693,,1.3333333333333333
2026,2026-04-05,한화,원종혁,9000037,,,3.0,108.2,1.1,15.0,7.0,1.0,3.0,2.0,6.0,5.0,711.3333333333334,5.200093720712277,3.7085285848172447,33.75,40.5,7.5,13.5,20.25,6.75,0.1333333333333333,0.2,17.208528584817245,15.715143265004883,636.3289109981201,,1.3333333333333333
2026,2026-04-06,한화,원종혁,9000037,,,3.0,108.2,1.1,15.0,7.0,1.0,3.0,2.0,6.0,5.0,711.3333333333334,5.200093720712277,3.7085285848172447,33.75,40.5,7.5,13.5,20.25,6.75,0.1333333333333333,0.2,17.208528584817245,15.715143265004883,636.3289109981201,,1.3333333333333333
2026,2026-04-07,한화,원종혁,9000037,,,3.0,108.2,1.1,15.0,7.0,1.0,3.0,2.0,6.0,5.0,801.3333333333334,5.031613976705491,3.697587354409318,33.75,40.5,7.5,13.5,20.25,6.75,0.1333333333333333,0.2,17.19758735440932,15.205982573578854,657.6358976877623,,1.3333333333333333
2026,2026-04-08,한화,원종혁,9000037,,,3.0,108.2,1.1,15.0,7.0,1.0,3.0,2.0,6.0,5.0,888.3333333333334,4.984615384615385,3.578611632270169,33.75,40.5,7.5,13.5,20.25,6.75,0.1333333333333333,0.2,17.078611632270167,15.063948670419052,663.8365689360661,,1.3333333333333333
2026,2026-04-09,한화,원종혁,9000037,,,3.0,108.2,1.1,15.0,7.0,1.0,3.0,2.0,6.0,5.0,888.3333333333334,4.984615384615385,3.578611632270169,33.75,40.5,7.5,13.5,20.25,6.75,0.1333333333333333,0.2,17.078611632270167,15.063948670419052,663.8365689360661,,1.3333333333333333
2026,2026-04-10,한화,원종혁,9000037,,,3.0,108.2,1.1,15.0,7.0,1.0,3.0,2.0,6.0,5.0,980.3333333333334,4.966678000680041,3.5651139068344104,33.75,40.5,7.5,13.5,20.25,6.75,0.1333333333333333,0.2,17.065113906834412,15.009740309284997,666.2340449563955,,1.3333333333333333
2026,2026-04-11,한화,원종혁,9000037,,,3.0,108.2,1.1,15.0,7.0,1.0,3.0,2.0,6.0,5.0,1069.3333333333333,4.864713216957607,3.6013092269326688,33.75,40.5,7.5,13.5,20.25,6.75,0.1333333333333333,0.2,17.10130922693267,14.701593712272546,680.1983645931008,,1.3333333333333333
2026,2026-04-12,한화,원종혁,9000037,,,3.0,108.2,1.1,15.0,7.0,1.0,3.0,2.0,6.0,5.0,1155.3333333333333,4.759665320253895,3.5600115406809003,33.75,40.5,7.5,13.5,20.25,6.75,0.1333333333333333,0.2,17.0600115406809,14.38412967507436,695.2106401910829,,1.3333333333333333
2026,2026-03-28,KT,사우어,10000000,선발,승,1.0,37.900000000000006,5.0,24.0,5.0,1.0,5.0,1.0,3.0,3.0,92.0,5.869565217391305,4.445652173913044,5.4,5.4,2.0,1.8,9.0,1.8,0.0416666666666666,0.2083333333333333,9.645652173913044,111.91525613638942,89.35332273030902,,5.0
2026,2026-03-29,KT,사우어,10000000,,,1.0,37.900000000000006,5.0,24.0,5.0,1.0,5.0,1.0,3.0,3.0,180.0,6.0,4.011111111111111,5.4,5.4,2.0,1.8,9.0,1.8,0.0416666666666666,0.2083333333333333,9.211111111111112,114.4022618283092,87.41085919269361,,5.0
2026,2026-03-30,KT,사우어,10000000,,,1.0,37.900000000000006,5.0,24.0,5.0,1.0,5.0,1.0,3.0,3.0,180.0,6.0,4.011111111111111,5.4,5.4,2.0,1.8,9.0,1.8,0.0416666666666666,0.2083333333333333,9.211111111111112,114.4022618283092,87.41085919269361,,5.0
2026,2026-03-31,KT,사우어,10000000,,,1.0,37.900000000000006,5.0,24.0,5.0,1.0,5.0,1.0,3.0,3.0,272.0,5.525735294117647,3.871323529411765,5.4,5.4,2.0,1.8,9.0,1.8,0.0416666666666666,0.2083333333333333,9.071323529411764,105.35943598526268,94.91318842480104,,5.0
2026,2026-04-01,KT,사우어,10000000,,,1.0,37.900000000000006,5.0,24.0,5.0,1.0,5.0,1.0,3.0,3.0,359.3333333333333,5.760667903525047,4.043599257884972,5.4,5.4,2.0,1.8,9.0,1.8,0.0416666666666666,0.2083333333333333,9.243599257884972,109.83890630083488,91.04242145867023,,5.0
2026,2026-04-02,KT,사우어,10000000,,,1.0,37.900000000000006,5.0,24.0,5.0,1.0,5.0,1.0,3.0,3.0,445.3333333333333,5.719311377245509,4.077844311377246,5.4,5.4,2.0,1.8,9.0,1.8,0.0416666666666666,0.2083333333333333,9.277844311377246,109.05035960954471,91.70075216445908,,5.0
2026,2026-04-03,KT,사우어,10000000,선발,패,2.0,95.3,11.0,49.0,10.0,1.0,7.0,4.0,5.0,5.0,534.3333333333334,5.592014971927635,3.980661260137242,4.090909090909091,4.090909090909091,1.5454545454545454,3.272727272727273,5.727272727272728,0.8181818181818182,0.0816326530612244,0.1428571428571428,6.344297623773606,140.7426154125839,71.05168516788764,,11.0
2026,2026-04-04,KT,사우어,10000000,,,2.0,95.3,11.0,49.0,10.0,1.0,7.0,4.0,5.0,5.0,624.3333333333334,5.477843032568073,3.8873465029364658,4.090909090909091,4.090909090909091,1.5454545454545454,3.272727272727273,5.727272727272728,0.8181818181818182,0.0816326530612244,0.1428571428571428,6.25098286657283,137.869079230571,72.53257986351014,,11.0
2026,2026-04-05,KT,사우어,10000000,,,2.0,95.3,11.0,49.0,10.0,1.0,7.0,4.0,5.0,5.0,711.3333333333334,5.200093720712277,3.7085285848172447,4.090909090909091,4.090909090909091,1.5454545454545454,3.272727272727273,5.727272727272728,0.8181818181818182,0.0816326530612244,0.1428571428571428,6.072164948453608,130.87854634110795,76.40671660531025,,11.0
2026,2026-04-06,KT,사우어,10000000,,,2.0,95.3,11.0,49.0,10.0,1.0,7.0,4.0,5.0,5.0,711.3333333333334,5.200093720712277,3.7085285848172447,4.090909090909091,4.090909090909091,1.5454545454545454,3.272727272727273,5.727272727272728,0.8181818181818182,0.0816326530612244,0.1428571428571428,6.072164948453608,130.87854634110795,76.40671660531025,,11.0
2026,2026-04-07,KT,사우어,10000000,,,2.0,95.3,11.0,49.0,10.0,1.0,7.0,4.0,5.0,5.0,801.3333333333334,5.031613976705491,3.697587354409318,4.090909090909091,4.090909090909091,1.5454545454545454,3.272727272727273,5.727272727272728,0.8181818181818182,0.0816326530612244,0.1428571428571428,6.061223718045682,126.63816430804916,78.9651370472716,,11.0
2026,2026-04-08,KT,사우어,10000000,,,2.0,95.3,11.0,49.0,10.0,1.0,7.0,4.0,5.0,5.0,888.3333333333334,4.984615384615385,3.578611632270169,4.090909090909091,4.090909090909091,1.5454545454545454,3.272727272727273,5.727272727272728,0.8181818181818182,0.0816326530612244,0.1428571428571428,5.942247995906532,125.4552803557212,79.70967799558197,,11.0
2026,2026-04-09,KT,사우어,10000000,,,2.0,95.3,11.0,49.0,10.0,1.0,7.0,4.0,5.0,5.0,888.3333333333334,4.984615384615385,3.578611632270169,4.090909090909091,4.090909090909091,1.5454545454545454,3.272727272727273,5.727272727272728,0.8181818181818182,0.0816326530612244,0.1428571428571428,5.942247995906532,125.4552803557212,79.70967799558197,,11.0
2026,2026-04-10,KT,사우어,10000000,선발,,3.0,139.70000000000002,17.0,76.0,17.0,1.0,11.0,8.0,9.0,9.0,980.3333333333334,4.966678000680041,3.5651139068344104,4.764705882352941,4.764705882352941,1.6470588235294117,4.235294117647059,5.823529411764706,0.5294117647058824,0.1052631578947368,0.1447368421052631,5.329819789187352,107.3265149984658,93.17362070447317,,17.0
2026,2026-04-11,KT,사우어,10000000,,,3.0,139.70000000000002,17.0,76.0,17.0,1.0,11.0,8.0,9.0,9.0,1069.3333333333333,4.864713216957607,3.6013092269326688,4.764705882352941,4.764705882352941,1.6470588235294117,4.235294117647059,5.823529411764706,0.5294117647058824,0.1052631578947368,0.1447368421052631,5.36601510928561,105.12312575358165,95.12654735401352,,17.0
2026,2026-04-12,KT,사우어,10000000,,,3.0,139.70000000000002,17.0,76.0,17.0,1.0,11.0,8.0,9.0,9.0,1155.3333333333333,4.759665320253895,3.5600115406809003,4.764705882352941,4.764705882352941,1.6470588235294117,4.235294117647059,5.823529411764706,0.5294117647058824,0.1052631578947368,0.1447368421052631,5.324717423033841,102.85311254564176,97.22603188661338,,17.0
2026,2026-03-28,KT,스기모토,10000001,중계,,1.0,35.9,0.1,5.0,3.0,0.0,1.0,1.0,2.0,2.0,92.0,5.869565217391305,4.445652173913044,54.0,54.0,12.0,27.0,27.0,0.0,0.2,0.2,7.445652173913044,11.191525613638944,893.53322730309,,0.3333333333333333
2026,2026-03-29,KT,스기모토,10000001,,,1.0,35.9,0.1,5.0,3.0,0.0,1.0,1.0,2.0,2.0,180.0,6.0,4.011111111111111,54.0,54.0,12.0,27.0,27.0,0.0,0.2,0.2,7.011111111111111,11.44022618283092,874.1085919269359,,0.3333333333333333
2026,2026-03-30,KT,스기모토,10000001,,,1.0,35.9,0.1,5.0,3.0,0.0,1.0,1.0,2.0,2.0,180.0,6.0,4.011111111111111,54.0,54.0,12.0,27.0,27.0,0.0,0.2,0.2,7.011111111111111,11.44022618283092,874.1085919269359,,0.3333333333333333
2026,2026-03-31,KT,스기모토,10000001,중계,,2.0,66.8,1.1,12.0,5.0,1.0,2.0,2.0,6.0,4.0,272.0,5.525735294117647,3.871323529411765,27.0,40.5,5.25,13.5,13.5,6.75,0.1666666666666666,0.1666666666666666,15.121323529411764,21.07188719705254,474.5659421240052,,1.3333333333333333
2026,2026-04-01,KT,스기모토,10000001,중계,홀드,3.0,115.7,1.2,13.0,5.0,1.0,2.0,2.0,6.0,4.0,359.3333333333333,5.760667903525047,4.043599257884972,21.6,32.4,4.2,10.8,10.8,5.4,0.1538461538461538,0.1538461538461538,13.043599257884972,27.459726575208727,364.1696858346809,,1.6666666666666667
2026,2026-04-02,KT,스기모토,10000001,중계,,4.0,171.1,3.0,17.0,5.0,1.0,2.0,4.0,6.0,4.0,445.3333333333333,5.719311377245509,4.077844311377246,12.0,18.0,2.333333333333333,12.0,6.0,3.0,0.2352941176470588,0.1176470588235294,7.744510978043912,49.07266182429513,203.77944925435352,,3.0
2026,2026-04-03,KT,스기모토,10000001,,,4.0,171.1,3.0,17.0,5.0,1.0,2.0,4.0,6.0,4.0,534.3333333333334,5.592014971927635,3.980661260137242,12.0,18.0,2.333333333333333,12.0,6.0,3.0,0.2352941176470588,0.1176470588235294,7.647327926803909,47.98043707247178,208.4182764924704,,3.0
2026,2026-04-04,KT,스기모토,10000001,중계,,5.0,217.0,4.0,22.0,7.0,1.0,2.0,5.0,7.0,5.0,624.3333333333334,5.477843032568073,3.8873465029364658,11.25,15.75,2.25,11.25,4.5,2.25,0.2272727272727272,0.0909090909090909,6.137346502936466,50.13421062929855,199.4645946246529,,4.0
2026,2026-04-05,KT,스기모토,10000001,,,5.0,217.0,4.0,22.0,7.0,1.0,2.0,5.0,7.0,5.0,711.3333333333334,5.200093720712277,3.7085285848172447,11.25,15.75,2.25,11.25,4.5,2.25,0.2272727272727272,0.0909090909090909,5.958528584817245,47.59219866949381,210.1184706646032,,4.0
2026,2026-04-06,KT,스기모토,10000001,,,5.0,217.0,4.0,22.0,7.0,1.0,2.0,5.0,7.0,5.0,711.3333333333334,5.200093720712277,3.7085285848172447,11.25,15.75,2.25,11.25,4.5,2.25,0.2272727272727272,0.0909090909090909,5.958528584817245,47.59219866949381,210.1184706646032,,4.0
2026,2026-04-07,KT,스기모토,10000001,중계,,6.0,265.9,5.0,27.0,8.0,1.0,3.0,6.0,7.0,5.0,801.3333333333334,5.031613976705491,3.697587354409318,9.0,12.6,2.2,10.8,5.4,1.8,0.2222222222222222,0.1111111111111111,5.697587354409318,57.56280195820416,173.72330150399753,,5.0
2026,2026-04-08,KT,스기모토,10000001,,,6.0,265.9,5.0,27.0,8.0,1.0,3.0,6.0,7.0,5.0,888.3333333333334,4.984615384615385,3.578611632270169,9.0,12.6,2.2,10.8,5.4,1.8,0.2222222222222222,0.1111111111111111,5.578611632270169,57.025127434418735,175.36129159028036,,5.0
2026,2026-04-09,KT,스기모토,10000001,,,6.0,265.9,5.0,27.0,8.0,1.0,3.0,6.0,7.0,5.0,888.3333333333334,4.984615384615385,3.578611632270169,9.0,12.6,2.2,10.8,5.4,1.8,0.2222222222222222,0.1111111111111111,5.578611632270169,57.025127434418735,175.36129159028036,,5.0
2026,2026-04-10,KT,스기모토,10000001,중계,,7.0,319.8,6.0,30.0,8.0,1.0,3.0,8.0,7.0,5.0,980.3333333333334,4.966678000680041,3.5651139068344104,7.5,10.5,1.8333333333333333,12.0,4.5,1.5,0.2666666666666666,0.1,4.56511390683441,68.18390364608416,146.66218073852252,,6.0
2026,2026-04-11,KT,스기모토,10000001,중계,,8.0,353.2,6.0,34.0,12.0,1.0,3.0,8.0,9.0,7.0,1069.3333333333333,4.864713216957607,3.6013092269326688,10.5,13.5,2.5,12.0,4.5,1.5,0.2352941176470588,0.088235294117647,4.601309226932669,47.70293101423032,209.6307247245853,,6.0
2026,2026-04-12,KT,스기모토,10000001,중계,,9.0,403.1,7.0,38.0,12.0,1.0,4.0,8.0,9.0,7.0,1155.3333333333333,4.759665320253895,3.5600115406809003,9.0,11.571428571428571,2.2857142857142856,10.285714285714286,5.142857142857143,1.2857142857142858,0.2105263157894736,0.1052631578947368,4.845725826395186,54.451647818280925,183.6491713413808,,7.0
2026,2026-03-28,롯데,로드리게스,10000002,선발,승,1.0,59.900000000000006,5.0,22.0,2.0,0.0,5.0,4.0,0.0,0.0,92.0,5.869565217391305,4.445652173913044,0.0,0.0,1.4,7.2,9.0,0.0,0.1818181818181818,0.2272727272727272,5.845652173913043,0.0,0.0,,5.0
2026,2026-03-29,롯데,로드리게스,10000002,,,1.0,59.900000000000006,5.0,22.0,2.0,0.0,5.0,4.0,0.0,0.0,180.0,6.0,4.011111111111111,0.0,0.0,1.4,7.2,9.0,0.0,0.1818181818181818,0.2272727272727272,5.411111111111111,0.0,0.0,,5.0
2026,2026-03-30,롯데,로드리게스,10000002,,,1.0,59.900000000000006,5.0,22.0,2.0,0.0,5.0,4.0,0.0,0.0,180.0,6.0,4.011111111111111,0.0,0.0,1.4,7.2,9.0,0.0,0.1818181818181818,0.2272727272727272,5.411111111111111,0.0,0.0,,5.0
2026,2026-03-31,롯데,로드리게스,10000002,,,1.0,59.900000000000006,5.0,22.0,2.0,0.0,5.0,4.0,0.0,0.0,272.0,5.525735294117647,3.871323529411765,0.0,0.0,1.4,7.2,9.0,0.0,0.1818181818181818,0.2272727272727272,5.271323529411765,0.0,0.0,,5.0
2026,2026-04-01,롯데,로드리게스,10000002,,,1.0,59.900000000000006,5.0,22.0,2.0,0.0,5.0,4.0,0.0,0.0,359.3333333333333,5.760667903525047,4.043599257884972,0.0,0.0,1.4,7.2,9.0,0.0,0.1818181818181818,0.2272727272727272,5.443599257884973,0.0,0.0,,5.0
2026,2026-04-02,롯데,로드리게스,10000002,,,1.0,59.900000000000006,5.0,22.0,2.0,0.0,5.0,4.0,0.0,0.0,445.3333333333333,5.719311377245509,4.077844311377246,0.0,0.0,1.4,7.2,9.0,0.0,0.1818181818181818,0.2272727272727272,5.477844311377245,0.0,0.0,,5.0
2026,2026-04-03,롯데,로드리게스,10000002,선발,패,2.0,63.30000000000001,9.0,47.0,11.0,2.0,11.0,4.0,8.0,8.0,534.3333333333334,5.592014971927635,3.980661260137242,8.0,8.0,2.4444444444444446,4.0,11.0,2.0,0.0851063829787234,0.2340425531914893,9.647327926803907,73.48632663431586,136.07973697967248,,9.0
2026,2026-04-04,롯데,로드리게스,10000002,,,2.0,63.30000000000001,9.0,47.0,11.0,2.0,11.0,4.0,8.0,8.0,624.3333333333334,5.477843032568073,3.8873465029364658,8.0,8.0,2.4444444444444446,4.0,11.0,2.0,0.0851063829787234,0.2340425531914893,9.554013169603133,71.98595933015645,138.91597879714283,,9.0
2026,2026-04-05,롯데,로드리게스,10000002,,,2.0,63.30000000000001,9.0,47.0,11.0,2.0,11.0,4.0,8.0,8.0,711.3333333333334,5.200093720712277,3.7085285848172447,8.0,8.0,2.4444444444444446,4.0,11.0,2.0,0.0851063829787234,0.2340425531914893,9.375195251483913,68.33597327755194,146.3358099749924,,9.0
2026,2026-04-06,롯데,로드리게스,10000002,,,2.0,63.30000000000001,9.0,47.0,11.0,2.0,11.0,4.0,8.0,8.0,711.3333333333334,5.200093720712277,3.7085285848172447,8.0,8.0,2.4444444444444446,4.0,11.0,2.0,0.0851063829787234,0.2340425531914893,9.375195251483913,68.33597327755194,146.3358099749924,,9.0
2026,2026-04-07,롯데,로드리게스,10000002,,,2.0,63.30000000000001,9.0,47.0,11.0,2.0,11.0,4.0,8.0,8.0,801.3333333333334,5.031613976705491,3.697587354409318,8.0,8.0,2.4444444444444446,4.0,11.0,2.0,0.0851063829787234,0.2340425531914893,9.364254021075984,66.12193101165994,151.2357526013056,,9.0
2026,2026-04-08,롯데,로드리게스,10000002,,,2.0,63.30000000000001,9.0,47.0,11.0,2.0,11.0,4.0,8.0,8.0,888.3333333333334,4.984615384615385,3.578611632270169,8.0,8.0,2.4444444444444446,4.0,11.0,2.0,0.0851063829787234,0.2340425531914893,9.245278298936835,65.50430857913345,152.6617136629929,,9.0
2026,2026-04-09,롯데,로드리게스,10000002,,,2.0,63.30000000000001,9.0,47.0,11.0,2.0,11.0,4.0,8.0,8.0,888.3333333333334,4.984615384615385,3.578611632270169,8.0,8.0,2.4444444444444446,4.0,11.0,2.0,0.0851063829787234,0.2340425531914893,9.245278298936835,65.50430857913345,152.6617136629929,,9.0
2026,2026-04-10,롯데,로드리게스,10000002,선발,승,3.0,142.70000000000002,17.0,75.0,15.0,3.0,11.0,15.0,9.0,9.0,980.3333333333334,4.966678000680041,3.5651139068344104,4.764705882352941,4.764705882352941,1.5294117647058822,7.9411764705882355,5.823529411764706,1.588235294117647,0.2,0.1466666666666666,6.035702142128528,109.5867652030366,91.25189507576508,,17.0
2026,2026-04-11,롯데,로드리게스,10000002,,,3.0,142.70000000000002,17.0,75.0,15.0,3.0,11.0,15.0,9.0,9.0,1069.3333333333333,4.864713216957607,3.6013092269326688,4.764705882352941,4.764705882352941,1.5294117647058822,7.9411764705882355,5.823529411764706,1.588235294117647,0.2,0.1466666666666666,6.0718974622267865,107.33697352915743,93.1645422002099,,17.0
2026,2026-04-12,롯데,로드리게스,10000002,,,3.0,142.70000000000002,17.0,75.0,15.0,3.0,11.0,15.0,9.0,9.0,1155.3333333333333,4.759665320253895,3.5600115406809003,4.764705882352941,4.764705882352941,1.5294117647058822,7.9411764705882355,5.823529411764706,1.588235294117647,0.2,0.1466666666666666,6.030599775975018,105.01915482024047,95.22072442038628,,17.0
2026,2026-03-28,롯데,쿄야마,10000003,중계,,1.0,45.9,1.0,5.0,2.0,0.0,0.0,1.0,1.0,0.0,92.0,5.869565217391305,4.445652173913044,0.0,9.0,2.0,9.0,0.0,0.0,0.2,0.0,2.445652173913044,0.0,0.0,,1.0
2026,2026-03-29,롯데,쿄야마,10000003,중계,홀드,2.0,95.8,2.0,8.0,2.0,0.0,1.0,1.0,1.0,0.0,180.0,6.0,4.011111111111111,0.0,4.5,1.5,4.5,4.5,0.0,0.125,0.125,4.511111111111111,0.0,0.0,,2.0
2026,2026-03-30,롯데,쿄야마,10000003,,,2.0,95.8,2.0,8.0,2.0,0.0,1.0,1.0,1.0,0.0,180.0,6.0,4.011111111111111,0.0,4.5,1.5,4.5,4.5,0.0,0.125,0.125,4.511111111111111,0.0,0.0,,2.0
2026,2026-03-31,롯데,쿄야마,10000003,중계,,3.0,135.2,2.2,13.0,4.0,0.0,2.0,2.0,3.0,2.0,272.0,5.525735294117647,3.871323529411765,6.75,10.125,2.25,6.75,6.75,0.0,0.1538461538461538,0.1538461538461538,4.6213235294117645,86.06260828207378,116.1944798050343,,2.6666666666666665
2026,2026-04-01,롯데,쿄야마,10000003,,,3.0,135.2,2.2,13.0,4.0,0.0,2.0,2.0,3.0,2.0,359.3333333333333,5.760667903525047,4.043599257884972,6.75,10.125,2.25,6.75,6.75,0.0,0.1538461538461538,0.1538461538461538,4.793599257884972,89.72165310777115,111.4558153313145,,2.6666666666666665
2026,2026-04-02,롯데,쿄야마,10000003,중계,패,4.0,180.6,4.0,20.0,7.0,0.0,2.0,3.0,4.0,3.0,445.3333333333333,5.719311377245509,4.077844311377246,6.75,9.0,2.25,6.75,4.5,0.0,0.15,0.1,4.077844311377246,89.07753059164337,112.26175595103588,,4.0
2026,2026-04-03,롯데,쿄야마,10000003,,,4.0,180.6,4.0,20.0,7.0,0.0,2.0,3.0,4.0,3.0,534.3333333333334,5.592014971927635,3.980661260137242,6.75,9.0,2.25,6.75,4.5,0.0,0.15,0.1,3.980661260137242,87.09490564067065,114.81727807659864,,4.0
2026,2026-04-04,롯데,쿄야마,10000003,중계,,5.0,231.5,5.2,28.0,8.0,0.0,4.0,5.0,4.0,3.0,624.3333333333334,5.477843032568073,3.8873465029364658,4.764705882352941,6.352941176470588,2.117647058823529,7.941176470588235,6.352941176470588,0.0,0.1785714285714285,0.1428571428571428,4.240287679407054,120.86531443087996,82.73672266594538,,5.666666666666667
2026,2026-04-05,롯데,쿄야마,10000003,,,5.0,231.5,5.2,28.0,8.0,0.0,4.0,5.0,4.0,3.0,711.3333333333334,5.200093720712277,3.7085285848172447,4.764705882352941,6.352941176470588,2.117647058823529,7.941176470588235,6.352941176470588,0.0,0.1785714285714285,0.1428571428571428,4.0614697612878325,114.7369427870008,87.15588682334106,,5.666666666666667
2026,2026-04-06,롯데,쿄야마,10000003,,,5.0,231.5,5.2,28.0,8.0,0.0,4.0,5.0,4.0,3.0,711.3333333333334,5.200093720712277,3.7085285848172447,4.764705882352941,6.352941176470588,2.117647058823529,7.941176470588235,6.352941176470588,0.0,0.1785714285714285,0.1428571428571428,4.0614697612878325,114.7369427870008,87.15588682334106,,5.666666666666667
2026,2026-04-07,롯데,쿄야마,10000003,중계,,6.0,275.4,6.2,33.0,8.0,0.0,6.0,7.0,6.0,5.0,801.3333333333334,5.031613976705491,3.697587354409318,6.75,8.1,2.1,9.45,8.1,0.0,0.2121212121212121,0.1818181818181818,4.297587354409318,78.36673305085623,127.6051662573516,,6.666666666666667
2026,2026-04-08,롯데,쿄야마,10000003,,,6.0,275.4,6.2,33.0,8.0,0.0,6.0,7.0,6.0,5.0,888.3333333333334,4.984615384615385,3.578611632270169,6.75,8.1,2.1,9.45,8.1,0.0,0.2121212121212121,0.1818181818181818,4.178611632270169,77.6347360937878,128.80832090315027,,6.666666666666667
2026,2026-04-09,롯데,쿄야마,10000003,,,6.0,275.4,6.2,33.0,8.0,0.0,6.0,7.0,6.0,5.0,888.3333333333334,4.984615384615385,3.578611632270169,6.75,8.1,2.1,9.45,8.1,0.0,0.2121212121212121,0.1818181818181818,4.178611632270169,77.6347360937878,128.80832090315027,,6.666666666666667
2026,2026-04-10,롯데,쿄야마,10000003,,,6.0,275.4,6.2,33.0,8.0,0.0,6.0,7.0,6.0,5.0,980.3333333333334,4.966678000680041,3.5651139068344104,6.75,8.1,2.1,9.45,8.1,0.0,0.2121212121212121,0.1818181818181818,4.16511390683441,77.35536367273171,129.27351802400054,,6.666666666666667
2026,2026-04-11,롯데,쿄야마,10000003,,,6.0,275.4,6.2,33.0,8.0,0.0,6.0,7.0,6.0,5.0,1069.3333333333333,4.864713216957607,3.6013092269326688,6.75,8.1,2.1,9.45,8.1,0.0,0.2121212121212121,0.1818181818181818,4.201309226932668,75.76727543234642,131.98310145029734,,6.666666666666667
2026,2026-04-12,롯데,쿄야마,10000003,,,6.0,275.4,6.2,33.0,8.0,0.0,6.0,7.0,6.0,5.0,1155.3333333333333,4.759665320253895,3.5600115406809003,6.75,8.1,2.1,9.45,8.1,0.0,0.2121212121212121,0.1818181818181818,4.1600115406809,74.13116810840505,134.89602626221392,,6.666666666666667
2026,2026-03-28,롯데,박정민,10000004,중계,세,1.0,48.4,0.2,4.0,1.0,0.0,1.0,2.0,0.0,0.0,92.0,5.869565217391305,4.445652173913044,0.0,0.0,3.0,27.0,13.5,0.0,0.5,0.25,2.945652173913044,0.0,0.0,,0.6666666666666666
2026,2026-03-29,롯데,박정민,10000004,중계,,2.0,100.3,1.2,7.0,1.0,0.0,1.0,2.0,0.0,0.0,180.0,6.0,4.011111111111111,0.0,0.0,1.2,10.8,5.4,0.0,0.2857142857142857,0.1428571428571428,3.411111111111111,0.0,0.0,,1.6666666666666667
2026,2026-03-30,롯데,박정민,10000004,,,2.0,100.3,1.2,7.0,1.0,0.0,1.0,2.0,0.0,0.0,180.0,6.0,4.011111111111111,0.0,0.0,1.2,10.8,5.4,0.0,0.2857142857142857,0.1428571428571428,3.411111111111111,0.0,0.0,,1.6666666666666667
2026,2026-03-31,롯데,박정민,10000004,,,2.0,100.3,1.2,7.0,1.0,0.0,1.0,2.0,0.0,0.0,272.0,5.525735294117647,3.871323529411765,0.0,0.0,1.2,10.8,5.4,0.0,0.2857142857142857,0.1428571428571428,3.2713235294117644,0.0,0.0,,1.6666666666666667
2026,2026-04-01,롯데,박정민,10000004,중계,홀드,3.0,153.2,2.2,11.0,1.0,0.0,2.0,5.0,0.0,0.0,359.3333333333333,5.760667903525047,4.043599257884972,0.0,0.0,1.125,16.875,6.75,0.0,0.4545454545454545,0.1818181818181818,2.5435992578849724,0.0,0.0,,2.6666666666666665
2026,2026-04-02,롯데,박정민,10000004,,,3.0,153.2,2.2,11.0,1.0,0.0,2.0,5.0,0.0,0.0,445.3333333333333,5.719311377245509,4.077844311377246,0.0,0.0,1.125,16.875,6.75,0.0,0.4545454545454545,0.1818181818181818,2.5778443113772456,0.0,0.0,,2.6666666666666665
2026,2026-04-03,롯데,박정민,10000004,,,3.0,153.2,2.2,11.0,1.0,0.0,2.0,5.0,0.0,0.0,534.3333333333334,5.592014971927635,3.980661260137242,0.0,0.0,1.125,16.875,6.75,0.0,0.4545454545454545,0.1818181818181818,2.480661260137242,0.0,0.0,,2.6666666666666665
2026,2026-04-04,롯데,박정민,10000004,중계,,4.0,206.6,4.0,15.0,1.0,0.0,2.0,5.0,0.0,0.0,624.3333333333334,5.477843032568073,3.8873465029364658,0.0,0.0,0.75,11.25,4.5,0.0,0.3333333333333333,0.1333333333333333,2.8873465029364658,0.0,0.0,,4.0
2026,2026-04-05,롯데,박정민,10000004,중계,,5.0,253.5,5.0,20.0,1.0,0.0,5.0,6.0,0.0,0.0,711.3333333333334,5.200093720712277,3.7085285848172447,0.0,0.0,1.2,10.8,9.0,0.0,0.3,0.25,4.308528584817244,0.0,0.0,,5.0
2026,2026-04-06,롯데,박정민,10000004,,,5.0,253.5,5.0,20.0,1.0,0.0,5.0,6.0,0.0,0.0,711.3333333333334,5.200093720712277,3.7085285848172447,0.0,0.0,1.2,10.8,9.0,0.0,0.3,0.25,4.308528584817244,0.0,0.0,,5.0
2026,2026-04-07,롯데,박정민,10000004,,,5.0,253.5,5.0,20.0,1.0,0.0,5.0,6.0,0.0,0.0,801.3333333333334,5.031613976705491,3.697587354409318,0.0,0.0,1.2,10.8,9.0,0.0,0.3,0.25,4.297587354409318,0.0,0.0,,5.0
2026,2026-04-08,롯데,박정민,10000004,,,5.0,253.5,5.0,20.0,1.0,0.0,5.0,6.0,0.0,0.0,888.3333333333334,4.984615384615385,3.578611632270169,0.0,0.0,1.2,10.8,9.0,0.0,0.3,0.25,4.178611632270169,0.0,0.0,,5.0
2026,2026-04-09,롯데,박정민,10000004,,,5.0,253.5,5.0,20.0,1.0,0.0,5.0,6.0,0.0,0.0,888.3333333333334,4.984615384615385,3.578611632270169,0.0,0.0,1.2,10.8,9.0,0.0,0.3,0.25,4.178611632270169,0.0,0.0,,5.0
2026,2026-04-10,롯데,박정민,10000004,,,5.0,253.5,5.0,20.0,1.0,0.0,5.0,6.0,0.0,0.0,980.3333333333334,4.966678000680041,3.5651139068344104,0.0,0.0,1.2,10.8,9.0,0.0,0.3,0.25,4.16511390683441,0.0,0.0,,5.0
2026,2026-04-11,롯데,박정민,10000004,중계,승,6.0,309.4,6.2,25.0,1.0,0.0,5.0,7.0,0.0,0.0,1069.3333333333333,4.864713216957607,3.6013092269326688,0.0,0.0,0.8999999999999999,9.45,6.75,0.0,0.28,0.2,3.7513092269326687,0.0,0.0,,6.666666666666667
2026,2026-04-12,롯데,박정민,10000004,,,6.0,309.4,6.2,25.0,1.0,0.0,5.0,7.0,0.0,0.0,1155.3333333333333,4.759665320253895,3.5600115406809003,0.0,0.0,0.8999999999999999,9.45,6.75,0.0,0.28,0.2,3.7100115406809,0.0,0.0,,6.666666666666667
2026,2026-03-28,키움,유토,10000005,중계,패,1.0,33.4,0.2,6.0,4.0,0.0,0.0,0.0,3.0,3.0,92.0,5.869565217391305,4.445652173913044,40.5,40.5,6.0,0.0,0.0,0.0,0.0,0.0,4.445652173913044,14.02556912248612,712.9835454568305,,0.6666666666666666
2026,2026-03-29,키움,유토,10000005,,,1.0,33.4,0.2,6.0,4.0,0.0,0.0,0.0,3.0,3.0,180.0,6.0,4.011111111111111,40.5,40.5,6.0,0.0,0.0,0.0,0.0,0.0,4.011111111111111,14.337248436319143,697.4839031642907,,0.6666666666666666
2026,2026-03-30,키움,유토,10000005,,,1.0,33.4,0.2,6.0,4.0,0.0,0.0,0.0,3.0,3.0,180.0,6.0,4.011111111111111,40.5,40.5,6.0,0.0,0.0,0.0,0.0,0.0,4.011111111111111,14.337248436319143,697.4839031642907,,0.6666666666666666
2026,2026-03-31,키움,유토,10000005,,,1.0,33.4,0.2,6.0,4.0,0.0,0.0,0.0,3.0,3.0,272.0,5.525735294117647,3.871323529411765,40.5,40.5,6.0,0.0,0.0,0.0,0.0,0.0,3.871323529411765,13.203973284183624,757.3477910606271,,0.6666666666666666
2026,2026-04-01,키움,유토,10000005,중계,,2.0,83.3,1.2,10.0,5.0,0.0,0.0,0.0,3.0,3.0,359.3333333333333,5.760667903525047,4.043599257884972,16.2,16.2,3.0,0.0,0.0,0.0,0.0,0.0,4.043599257884972,34.413386204986814,290.58459811057213,,1.6666666666666667
2026,2026-04-02,키움,유토,10000005,,,2.0,83.3,1.2,10.0,5.0,0.0,0.0,0.0,3.0,3.0,445.3333333333333,5.719311377245509,4.077844311377246,16.2,16.2,3.0,0.0,0.0,0.0,0.0,0.0,4.077844311377246,34.16632837509811,292.6858247750271,,1.6666666666666667
2026,2026-04-03,키움,유토,10000005,중계,,3.0,123.2,2.0,14.0,8.0,0.0,0.0,0.0,4.0,4.0,534.3333333333334,5.592014971927635,3.980661260137242,18.0,18.0,4.0,0.0,0.0,0.0,0.0,0.0,3.980661260137242,30.06529046705352,332.609459102293,,2.0
2026,2026-04-04,키움,유토,10000005,중계,홀드,4.0,175.1,3.0,17.0,8.0,0.0,0.0,0.0,4.0,4.0,624.3333333333334,5.477843032568073,3.8873465029364658,12.0,12.0,2.6666666666666665,0.0,0.0,0.0,0.0,0.0,3.8873465029364658,44.17717300486218,226.36124767194565,,3.0
2026,2026-04-05,키움,유토,10000005,,,4.0,175.1,3.0,17.0,8.0,0.0,0.0,0.0,4.0,4.0,711.3333333333334,5.200093720712277,3.7085285848172447,12.0,12.0,2.6666666666666665,0.0,0.0,0.0,0.0,0.0,3.7085285848172447,41.93720750587224,238.45173760317144,,3.0
2026,2026-04-06,키움,유토,10000005,,,4.0,175.1,3.0,17.0,8.0,0.0,0.0,0.0,4.0,4.0,711.3333333333334,5.200093720712277,3.7085285848172447,12.0,12.0,2.6666666666666665,0.0,0.0,0.0,0.0,0.0,3.7085285848172447,41.93720750587224,238.45173760317144,,3.0
2026,2026-04-07,키움,유토,10000005,중계,홀드,5.0,226.5,3.2,19.0,8.0,0.0,0.0,1.0,4.0,4.0,801.3333333333334,5.031613976705491,3.697587354409318,9.818181818181818,9.818181818181818,2.181818181818182,2.4545454545454546,0.0,0.0,0.0526315789473684,0.0,3.1521328089547724,49.59590598853162,201.62954584018212,,3.6666666666666665
2026,2026-04-08,키움,유토,10000005,,,5.0,226.5,3.2,19.0,8.0,0.0,0.0,1.0,4.0,4.0,888.3333333333334,4.984615384615385,3.578611632270169,9.818181818181818,9.818181818181818,2.181818181818182,2.4545454545454546,0.0,0.0,0.0526315789473684,0.0,3.033157086815624,49.13264752600138,203.53065636668416,,3.6666666666666665
2026,2026-04-09,키움,유토,10000005,,,5.0,226.5,3.2,19.0,8.0,0.0,0.0,1.0,4.0,4.0,888.3333333333334,4.984615384615385,3.578611632270169,9.818181818181818,9.818181818181818,2.181818181818182,2.4545454545454546,0.0,0.0,0.0526315789473684,0.0,3.033157086815624,49.13264752600138,203.53065636668416,,3.6666666666666665
2026,2026-04-10,키움,유토,10000005,,,5.0,226.5,3.2,19.0,8.0,0.0,0.0,1.0,4.0,4.0,980.3333333333334,4.966678000680041,3.5651139068344104,9.818181818181818,9.818181818181818,2.181818181818182,2.4545454545454546,0.0,0.0,0.0526315789473684,0.0,3.019659361379865,48.95584127427855,204.2657166072236,,3.6666666666666665
2026,2026-04-11,키움,유토,10000005,중계,,6.0,275.9,4.1,22.0,9.0,0.0,0.0,2.0,4.0,4.0,1069.3333333333333,4.864713216957607,3.6013092269326688,8.307692307692308,8.307692307692308,2.076923076923077,4.153846153846154,0.0,0.0,0.0909090909090909,0.0,2.6782323038557454,56.6691140949103,176.46296681560696,,4.333333333333333
2026,2026-04-12,키움,유토,10000005,중계,홀드,7.0,325.8,4.2,23.0,9.0,0.0,0.0,3.0,4.0,4.0,1155.3333333333333,4.759665320253895,3.5600115406809003,7.7142857142857135,7.7142857142857135,1.9285714285714284,5.785714285714286,0.0,0.0,0.1304347826086956,0.0,2.2742972549666147,59.71044114893604,167.47489731413893,,4.666666666666667
2026,2026-03-28,한화,에르난데스,10000006,선발,,1.0,43.400000000000006,4.2,21.0,4.0,0.0,4.0,3.0,4.0,4.0,92.0,5.869565217391305,4.445652173913044,7.7142857142857135,7.7142857142857135,1.7142857142857142,5.785714285714286,7.7142857142857135,0.0,0.1428571428571428,0.1904761904761904,5.7313664596273295,77.60526092663802,128.85724344710624,,4.666666666666667
2026,2026-03-29,한화,에르난데스,10000006,,,1.0,43.400000000000006,4.2,21.0,4.0,0.0,4.0,3.0,4.0,4.0,180.0,6.0,4.011111111111111,7.7142857142857135,7.7142857142857135,1.7142857142857142,5.785714285714286,7.7142857142857135,0.0,0.1428571428571428,0.1904761904761904,5.296825396825397,79.32982228056332,126.05599902434308,,4.666666666666667
2026,2026-03-30,한화,에르난데스,10000006,,,1.0,43.400000000000006,4.2,21.0,4.0,0.0,4.0,3.0,4.0,4.0,180.0,6.0,4.011111111111111,7.7142857142857135,7.7142857142857135,1.7142857142857142,5.785714285714286,7.7142857142857135,0.0,0.1428571428571428,0.1904761904761904,5.296825396825397,79.32982228056332,126.05599902434308,,4.666666666666667
2026,2026-03-31,한화,에르난데스,10000006,,,1.0,43.400000000000006,4.2,21.0,4.0,0.0,4.0,3.0,4.0,4.0,272.0,5.525735294117647,3.871323529411765,7.7142857142857135,7.7142857142857135,1.7142857142857142,5.785714285714286,7.7142857142857135,0.0,0.1428571428571428,0.1904761904761904,5.15703781512605,73.0592664752982,136.87517658531465,,4.666666666666667
2026,2026-04-01,한화,에르난데스,10000006,,,1.0,43.400000000000006,4.2,21.0,4.0,0.0,4.0,3.0,4.0,4.0,359.3333333333333,5.760667903525047,4.043599257884972,7.7142857142857135,7.7142857142857135,1.7142857142857142,5.785714285714286,7.7142857142857135,0.0,0.1428571428571428,0.1904761904761904,5.329313543599258,76.1654601673312,131.2931081625525,,4.666666666666667
2026,2026-04-02,한화,에르난데스,10000006,,,1.0,43.400000000000006,4.2,21.0,4.0,0.0,4.0,3.0,4.0,4.0,445.3333333333333,5.719311377245509,4.077844311377246,7.7142857142857135,7.7142857142857135,1.7142857142857142,5.785714285714286,7.7142857142857135,0.0,0.1428571428571428,0.1904761904761904,5.363558597091531,75.61865918734834,132.24249289086956,,4.666666666666667
2026,2026-04-03,한화,에르난데스,10000006,선발,승,2.0,92.8,10.0,44.0,9.0,0.0,7.0,6.0,7.0,7.0,534.3333333333334,5.592014971927635,3.980661260137242,6.3,6.3,1.6,5.4,6.3,0.0,0.1363636363636363,0.1590909090909091,4.880661260137242,90.53337834964664,110.45649883272064,,10.0
2026,2026-04-04,한화,에르난데스,10000006,,,2.0,92.8,10.0,44.0,9.0,0.0,7.0,6.0,7.0,7.0,624.3333333333334,5.477843032568073,3.8873465029364658,6.3,6.3,1.6,5.4,6.3,0.0,0.1363636363636363,0.1590909090909091,4.787346502936466,88.68496209274433,112.75868832804224,,10.0
2026,2026-04-05,한화,에르난데스,10000006,,,2.0,92.8,10.0,44.0,9.0,0.0,7.0,6.0,7.0,7.0,711.3333333333334,5.200093720712277,3.7085285848172447,6.3,6.3,1.6,5.4,6.3,0.0,0.1363636363636363,0.1590909090909091,4.608528584817245,84.18826749109759,118.7813967196491,,10.0
2026,2026-04-06,한화,에르난데스,10000006,,,2.0,92.8,10.0,44.0,9.0,0.0,7.0,6.0,7.0,7.0,711.3333333333334,5.200093720712277,3.7085285848172447,6.3,6.3,1.6,5.4,6.3,0.0,0.1363636363636363,0.1590909090909091,4.608528584817245,84.18826749109759,118.7813967196491,,10.0
2026,2026-04-07,한화,에르난데스,10000006,,,2.0,92.8,10.0,44.0,9.0,0.0,7.0,6.0,7.0,7.0,801.3333333333334,5.031613976705491,3.697587354409318,6.3,6.3,1.6,5.4,6.3,0.0,0.1363636363636363,0.1590909090909091,4.597587354409318,81.46062092988674,122.7587009017156,,10.0
2026,2026-04-08,한화,에르난데스,10000006,,,2.0,92.8,10.0,44.0,9.0,0.0,7.0,6.0,7.0,7.0,888.3333333333334,4.984615384615385,3.578611632270169,6.3,6.3,1.6,5.4,6.3,0.0,0.1363636363636363,0.1590909090909091,4.4786116322701695,80.69972502010208,123.91615953473234,,10.0
2026,2026-04-09,한화,에르난데스,10000006,,,2.0,92.8,10.0,44.0,9.0,0.0,7.0,6.0,7.0,7.0,888.3333333333334,4.984615384615385,3.578611632270169,6.3,6.3,1.6,5.4,6.3,0.0,0.1363636363636363,0.1590909090909091,4.4786116322701695,80.69972502010208,123.91615953473234,,10.0
2026,2026-04-10,한화,에르난데스,10000006,선발,패,3.0,133.70000000000002,15.0,66.0,13.0,2.0,9.0,9.0,11.0,10.0,980.3333333333334,4.966678000680041,3.5651139068344104,6.0,6.6,1.4666666666666666,5.4,5.4,1.2,0.1363636363636363,0.1363636363636363,5.898447240167744,84.42978923972811,118.44160799224808,,15.0
2026,2026-04-11,한화,에르난데스,10000006,,,3.0,133.70000000000002,15.0,66.0,13.0,2.0,9.0,9.0,11.0,10.0,1069.3333333333333,4.864713216957607,3.6013092269326688,6.0,6.6,1.4666666666666666,5.4,5.4,1.2,0.1363636363636363,0.1363636363636363,5.934642560266003,82.69646463153308,120.92415370544016,,15.0
2026,2026-04-12,한화,에르난데스,10000006,,,3.0,133.70000000000002,15.0,66.0,13.0,2.0,9.0,9.0,11.0,10.0,1155.3333333333333,4.759665320253895,3.5600115406809003,6.0,6.6,1.4666666666666666,5.4,5.4,1.2,0.1363636363636363,0.1363636363636363,5.893344874014234,80.91072942229329,123.59300270063696,,15.0
2026,2026-03-29,롯데,비슬리,10000017,선발,승,1.0,61.900000000000006,5.0,20.0,2.0,0.0,3.0,5.0,1.0,0.0,180.0,6.0,4.011111111111111,0.0,1.8,1.0,9.0,5.4,0.0,0.25,0.15,3.811111111111111,0.0,0.0,,5.0
2026,2026-03-30,롯데,비슬리,10000017,,,1.0,61.900000000000006,5.0,20.0,2.0,0.0,3.0,5.0,1.0,0.0,180.0,6.0,4.011111111111111,0.0,1.8,1.0,9.0,5.4,0.0,0.25,0.15,3.811111111111111,0.0,0.0,,5.0
2026,2026-03-31,롯데,비슬리,10000017,,,1.0,61.900000000000006,5.0,20.0,2.0,0.0,3.0,5.0,1.0,0.0,272.0,5.525735294117647,3.871323529411765,0.0,1.8,1.0,9.0,5.4,0.0,0.25,0.15,3.671323529411764,0.0,0.0,,5.0
2026,2026-04-01,롯데,비슬리,10000017,,,1.0,61.900000000000006,5.0,20.0,2.0,0.0,3.0,5.0,1.0,0.0,359.3333333333333,5.760667903525047,4.043599257884972,0.0,1.8,1.0,9.0,5.4,0.0,0.25,0.15,3.843599257884972,0.0,0.0,,5.0
2026,2026-04-02,롯데,비슬리,10000017,,,1.0,61.900000000000006,5.0,20.0,2.0,0.0,3.0,5.0,1.0,0.0,445.3333333333333,5.719311377245509,4.077844311377246,0.0,1.8,1.0,9.0,5.4,0.0,0.25,0.15,3.877844311377245,0.0,0.0,,5.0
2026,2026-04-03,롯데,비슬리,10000017,,,1.0,61.900000000000006,5.0,20.0,2.0,0.0,3.0,5.0,1.0,0.0,534.3333333333334,5.592014971927635,3.980661260137242,0.0,1.8,1.0,9.0,5.4,0.0,0.25,0.15,3.780661260137242,0.0,0.0,,5.0
2026,2026-04-04,롯데,비슬리,10000017,선발,,2.0,87.30000000000001,9.0,45.0,12.0,0.0,6.0,9.0,7.0,6.0,624.3333333333334,5.477843032568073,3.8873465029364658,6.0,7.0,2.0,9.0,6.0,0.0,0.2,0.1333333333333333,3.8873465029364658,95.98127910687523,104.18698409785712,,9.0
2026,2026-04-05,롯데,비슬리,10000017,,,2.0,87.30000000000001,9.0,45.0,12.0,0.0,6.0,9.0,7.0,6.0,711.3333333333334,5.200093720712277,3.7085285848172447,6.0,7.0,2.0,9.0,6.0,0.0,0.2,0.1333333333333333,3.7085285848172447,91.11463103673591,109.75185748124431,,9.0
2026,2026-04-06,롯데,비슬리,10000017,,,2.0,87.30000000000001,9.0,45.0,12.0,0.0,6.0,9.0,7.0,6.0,711.3333333333334,5.200093720712277,3.7085285848172447,6.0,7.0,2.0,9.0,6.0,0.0,0.2,0.1333333333333333,3.7085285848172447,91.11463103673591,109.75185748124431,,9.0
2026,2026-04-07,롯데,비슬리,10000017,,,2.0,87.30000000000001,9.0,45.0,12.0,0.0,6.0,9.0,7.0,6.0,801.3333333333334,5.031613976705491,3.697587354409318,6.0,7.0,2.0,9.0,6.0,0.0,0.2,0.1333333333333333,3.697587354409318,88.16257468221326,113.42681445097922,,9.0
2026,2026-04-08,롯데,비슬리,10000017,,,2.0,87.30000000000001,9.0,45.0,12.0,0.0,6.0,9.0,7.0,6.0,888.3333333333334,4.984615384615385,3.578611632270169,6.0,7.0,2.0,9.0,6.0,0.0,0.2,0.1333333333333333,3.578611632270169,87.33907810551126,114.49628524724469,,9.0
2026,2026-04-09,롯데,비슬리,10000017,,,2.0,87.30000000000001,9.0,45.0,12.0,0.0,6.0,9.0,7.0,6.0,888.3333333333334,4.984615384615385,3.578611632270169,6.0,7.0,2.0,9.0,6.0,0.0,0.2,0.1333333333333333,3.578611632270169,87.33907810551126,114.49628524724469,,9.0
2026,2026-04-10,롯데,비슬리,10000017,,,2.0,87.30000000000001,9.0,45.0,12.0,0.0,6.0,9.0,7.0,6.0,980.3333333333334,4.966678000680041,3.5651139068344104,6.0,7.0,2.0,9.0,6.0,0.0,0.2,0.1333333333333333,3.5651139068344104,87.02478413182317,114.9097937991116,,9.0
2026,2026-04-11,롯데,비슬리,10000017,선발,,3.0,153.70000000000002,15.0,68.0,17.0,0.0,7.0,16.0,8.0,7.0,1069.3333333333333,4.864713216957607,3.6013092269326688,4.2,4.8,1.6,9.6,4.2,0.0,0.2352941176470588,0.1029411764705882,2.867975893599336,121.76883551627104,82.12281868018503,,15.0
2026,2026-04-12,롯데,비슬리,10000017,,,3.0,153.70000000000002,15.0,68.0,17.0,0.0,7.0,16.0,8.0,7.0,1155.3333333333333,4.759665320253895,3.5600115406809003,4.2,4.8,1.6,9.6,4.2,0.0,0.2352941176470588,0.1029411764705882,2.826678207347567,119.13937731707954,83.93530522982199,,15.0
2026,2026-03-29,삼성,미야지,10000018,중계,,1.0,40.4,0.2,4.0,1.0,0.0,1.0,0.0,2.0,2.0,180.0,6.0,4.011111111111111,27.0,27.0,3.0,0.0,13.5,0.0,0.0,0.25,8.511111111111111,23.16304134076671,431.72223599152784,,0.6666666666666666
2026,2026-03-30,삼성,미야지,10000018,,,1.0,40.4,0.2,4.0,1.0,0.0,1.0,0.0,2.0,2.0,180.0,6.0,4.011111111111111,27.0,27.0,3.0,0.0,13.5,0.0,0.0,0.25,8.511111111111111,23.16304134076671,431.72223599152784,,0.6666666666666666
2026,2026-03-31,삼성,미야지,10000018,중계,무,2.0,90.3,1.2,8.0,1.0,0.0,2.0,0.0,2.0,2.0,272.0,5.525735294117647,3.871323529411765,10.8,10.8,1.7999999999999998,0.0,10.8,0.0,0.0,0.25,7.471323529411764,53.33034793990865,187.51049611129028,,1.6666666666666667
2026,2026-04-01,삼성,미야지,10000018,,,2.0,90.3,1.2,8.0,1.0,0.0,2.0,0.0,2.0,2.0,359.3333333333333,5.760667903525047,4.043599257884972,10.8,10.8,1.7999999999999998,0.0,10.8,0.0,0.0,0.25,7.643599257884972,55.597745333241065,179.86340884980362,,1.6666666666666667
2026,2026-04-02,삼성,미야지,10000018,중계,,3.0,143.2,2.2,11.0,1.0,0.0,2.0,1.0,2.0,2.0,445.3333333333333,5.719311377245509,4.077844311377246,6.75,6.75,1.125,3.375,6.75,0.0,0.0909090909090909,0.1818181818181818,5.577844311377246,88.31776391457008,113.22750437469202,,2.6666666666666665
2026,2026-04-03,삼성,미야지,10000018,,,3.0,143.2,2.2,11.0,1.0,0.0,2.0,1.0,2.0,2.0,534.3333333333334,5.592014971927635,3.980661260137242,6.75,6.75,1.125,3.375,6.75,0.0,0.0909090909090909,0.1818181818181818,5.480661260137242,86.35204931529748,115.80501075877162,,2.6666666666666665
2026,2026-04-04,삼성,미야지,10000018,중계,,4.0,185.1,3.2,16.0,2.0,1.0,3.0,2.0,3.0,3.0,624.3333333333334,5.477843032568073,3.8873465029364658,7.363636363636364,7.363636363636364,1.3636363636363638,4.909090909090909,7.363636363636364,2.4545454545454546,0.125,0.1875,8.796437412027375,77.53991949098092,128.9658290290481,,3.6666666666666665
2026,2026-04-05,삼성,미야지,10000018,,,4.0,185.1,3.2,16.0,2.0,1.0,3.0,2.0,3.0,3.0,711.3333333333334,5.200093720712277,3.7085285848172447,7.363636363636364,7.363636363636364,1.3636363636363638,4.909090909090909,7.363636363636364,2.4545454545454546,0.125,0.1875,8.617619493908155,73.60832467310658,135.85419916035102,,3.6666666666666665
2026,2026-04-06,삼성,미야지,10000018,,,4.0,185.1,3.2,16.0,2.0,1.0,3.0,2.0,3.0,3.0,711.3333333333334,5.200093720712277,3.7085285848172447,7.363636363636364,7.363636363636364,1.3636363636363638,4.909090909090909,7.363636363636364,2.4545454545454546,0.125,0.1875,8.617619493908155,73.60832467310658,135.85419916035102,,3.6666666666666665
2026,2026-04-07,삼성,미야지,10000018,,,4.0,185.1,3.2,16.0,2.0,1.0,3.0,2.0,3.0,3.0,801.3333333333334,5.031613976705491,3.697587354409318,7.363636363636364,7.363636363636364,1.3636363636363638,4.909090909090909,7.363636363636364,2.4545454545454546,0.125,0.1875,8.606678263500227,71.22346156029431,140.40317306867328,,3.6666666666666665
2026,2026-04-08,삼성,미야지,10000018,,,4.0,185.1,3.2,16.0,2.0,1.0,3.0,2.0,3.0,3.0,888.3333333333334,4.984615384615385,3.578611632270169,7.363636363636364,7.363636363636364,1.3636363636363638,4.909090909090909,7.363636363636364,2.4545454545454546,0.125,0.1875,8.487702541361077,70.55818746879706,141.7269966638854,,3.6666666666666665
2026,2026-04-09,삼성,미야지,10000018,,,4.0,185.1,3.2,16.0,2.0,1.0,3.0,2.0,3.0,3.0,888.3333333333334,4.984615384615385,3.578611632270169,7.363636363636364,7.363636363636364,1.3636363636363638,4.909090909090909,7.363636363636364,2.4545454545454546,0.125,0.1875,8.487702541361077,70.55818746879706,141.7269966638854,,3.6666666666666665
2026,2026-04-10,삼성,미야지,10000018,중계,홀드,5.0,232.5,4.1,20.0,3.0,1.0,4.0,3.0,3.0,3.0,980.3333333333334,4.966678000680041,3.5651139068344104,6.230769230769231,6.230769230769231,1.6153846153846154,6.230769230769231,8.307692307692308,2.076923076923077,0.15,0.2,7.9497292914497955,83.08687678490936,120.35595014465927,,4.333333333333333
2026,2026-04-11,삼성,미야지,10000018,중계,홀드,6.0,284.4,5.1,24.0,4.0,1.0,4.0,5.0,3.0,3.0,1069.3333333333333,4.864713216957607,3.6013092269326688,5.0625,5.0625,1.5,8.4375,6.75,1.6875,0.2083333333333333,0.1666666666666666,6.413809226932669,100.16138076032288,99.8388792575563,,5.333333333333333
2026,2026-04-12,삼성,미야지,10000018,,,6.0,284.4,5.1,24.0,4.0,1.0,4.0,5.0,3.0,3.0,1155.3333333333333,4.759665320253895,3.5600115406809003,5.0625,5.0625,1.5,8.4375,6.75,1.6875,0.2083333333333333,0.1666666666666666,6.3725115406809,97.99851073889296,102.04236701763745,,5.333333333333333
2026,2026-03-29,두산,타무라,10000019,중계,승,1.0,46.9,1.0,5.0,2.0,0.0,0.0,2.0,1.0,1.0,180.0,6.0,4.011111111111111,9.0,9.0,2.0,18.0,0.0,0.0,0.4,0.0,0.011111111111111,63.56824817782487,157.31124085763932,,1.0
2026,2026-03-30,두산,타무라,10000019,,,1.0,46.9,1.0,5.0,2.0,0.0,0.0,2.0,1.0,1.0,180.0,6.0,4.011111111111111,9.0,9.0,2.0,18.0,0.0,0.0,0.4,0.0,0.011111111111111,63.56824817782487,157.31124085763932,,1.0
2026,2026-03-31,두산,타무라,10000019,중계,,2.0,98.3,2.1,10.0,2.0,0.0,1.0,2.0,1.0,1.0,272.0,5.525735294117647,3.871323529411765,3.8571428571428568,3.8571428571428568,1.2857142857142856,7.7142857142857135,3.8571428571428568,0.0,0.2,0.1,3.442752100840336,136.60162154389204,73.20557316215209,,2.333333333333333
2026,2026-04-01,두산,타무라,10000019,,,2.0,98.3,2.1,10.0,2.0,0.0,1.0,2.0,1.0,1.0,359.3333333333333,5.760667903525047,4.043599257884972,3.8571428571428568,3.8571428571428568,1.2857142857142856,7.7142857142857135,3.8571428571428568,0.0,0.2,0.1,3.615027829313544,142.40938715162065,70.22009012196074,,2.333333333333333
2026,2026-04-02,두산,타무라,10000019,중계,패,3.0,127.2,3.1,17.0,6.0,1.0,1.0,3.0,5.0,5.0,445.3333333333333,5.719311377245509,4.077844311377246,13.5,13.5,2.1,8.1,2.7,2.7,0.1764705882352941,0.0588235294117647,7.077844311377246,40.39628944833332,247.54748855807557,,3.333333333333333
2026,2026-04-03,두산,타무라,10000019,,,3.0,127.2,3.1,17.0,6.0,1.0,1.0,3.0,5.0,5.0,534.3333333333334,5.592014971927635,3.980661260137242,13.5,13.5,2.1,8.1,2.7,2.7,0.1764705882352941,0.0588235294117647,6.980661260137242,39.49717728328981,253.18264969357017,,3.333333333333333
2026,2026-04-04,두산,타무라,10000019,중계,,4.0,162.6,4.0,23.0,10.0,1.0,1.0,5.0,8.0,8.0,624.3333333333334,5.477843032568073,3.8873465029364658,18.0,18.0,2.75,11.25,2.25,2.25,0.217391304347826,0.0434782608695652,5.387346502936466,29.01807378112134,344.6128118436941,,4.0
2026,2026-04-05,두산,타무라,10000019,,,4.0,162.6,4.0,23.0,10.0,1.0,1.0,5.0,8.0,8.0,711.3333333333334,5.200093720712277,3.7085285848172447,18.0,18.0,2.75,11.25,2.25,2.25,0.217391304347826,0.0434782608695652,5.208528584817245,27.5467373488489,363.0193976644524,,4.0
2026,2026-04-06,두산,타무라,10000019,,,4.0,162.6,4.0,23.0,10.0,1.0,1.0,5.0,8.0,8.0,711.3333333333334,5.200093720712277,3.7085285848172447,18.0,18.0,2.75,11.25,2.25,2.25,0.217391304347826,0.0434782608695652,5.208528584817245,27.5467373488489,363.0193976644524,,4.0
2026,2026-04-07,두산,타무라,10000019,,,4.0,162.6,4.0,23.0,10.0,1.0,1.0,5.0,8.0,8.0,801.3333333333334,5.031613976705491,3.697587354409318,18.0,18.0,2.75,11.25,2.25,2.25,0.217391304347826,0.0434782608695652,5.197587354409318,26.65424050051891,375.1748244263541,,4.0
2026,2026-04-08,두산,타무라,10000019,,,4.0,162.6,4.0,23.0,10.0,1.0,1.0,5.0,8.0,8.0,888.3333333333334,4.984615384615385,3.578611632270169,18.0,18.0,2.75,11.25,2.25,2.25,0.217391304347826,0.0434782608695652,5.078611632270169,26.405272320019563,378.7122465091317,,4.0
2026,2026-04-09,두산,타무라,10000019,,,4.0,162.6,4.0,23.0,10.0,1.0,1.0,5.0,8.0,8.0,888.3333333333334,4.984615384615385,3.578611632270169,18.0,18.0,2.75,11.25,2.25,2.25,0.217391304347826,0.0434782608695652,5.078611632270169,26.405272320019563,378.7122465091317,,4.0
2026,2026-04-10,두산,타무라,10000019,중계,,5.0,211.0,5.1,30.0,12.0,1.0,2.0,6.0,8.0,8.0,980.3333333333334,4.966678000680041,3.5651139068344104,13.5,13.5,2.625,10.125,3.375,1.6875,0.2,0.0666666666666666,4.87761390683441,35.08033552961909,285.05998728423737,,5.333333333333333
2026,2026-04-11,두산,타무라,10000019,,,5.0,211.0,5.1,30.0,12.0,1.0,2.0,6.0,8.0,8.0,1069.3333333333333,4.864713216957607,3.6013092269326688,13.5,13.5,2.625,10.125,3.375,1.6875,0.2,0.0666666666666666,4.913809226932669,34.360144121056216,291.0348677458517,,5.333333333333333
2026,2026-04-12,두산,타무라,10000019,중계,,6.0,255.4,6.0,34.0,14.0,1.0,2.0,7.0,9.0,9.0,1155.3333333333333,4.759665320253895,3.5600115406809003,13.5,13.5,2.6666666666666665,10.5,3.0,1.5,0.2058823529411764,0.0588235294117647,4.393344874014233,33.61817625792066,297.4581346495242,,6.0
2026,2026-03-29,NC,테일러,10000020,선발,,1.0,57.900000000000006,5.0,21.0,4.0,0.0,2.0,6.0,2.0,2.0,180.0,6.0,4.011111111111111,3.6,3.6,1.2,10.8,3.6,0.0,0.2857142857142857,0.0952380952380952,2.811111111111111,168.35501169099288,59.398291144159664,,5.0
2026,2026-03-30,NC,테일러,10000020,,,1.0,57.900000000000006,5.0,21.0,4.0,0.0,2.0,6.0,2.0,2.0,180.0,6.0,4.011111111111111,3.6,3.6,1.2,10.8,3.6,0.0,0.2857142857142857,0.0952380952380952,2.811111111111111,168.35501169099288,59.398291144159664,,5.0
2026,2026-03-31,NC,테일러,10000020,,,1.0,57.900000000000006,5.0,21.0,4.0,0.0,2.0,6.0,2.0,2.0,272.0,5.525735294117647,3.871323529411765,3.6,3.6,1.2,10.8,3.6,0.0,0.2857142857142857,0.0952380952380952,2.6713235294117643,155.04753834041807,64.4963480687083,,5.0
2026,2026-04-01,NC,테일러,10000020,,,1.0,57.900000000000006,5.0,21.0,4.0,0.0,2.0,6.0,2.0,2.0,359.3333333333333,5.760667903525047,4.043599257884972,3.6,3.6,1.2,10.8,3.6,0.0,0.2857142857142857,0.0952380952380952,2.8435992578849723,161.63955204098113,61.86604623517306,,5.0
2026,2026-04-02,NC,테일러,10000020,,,1.0,57.900000000000006,5.0,21.0,4.0,0.0,2.0,6.0,2.0,2.0,445.3333333333333,5.719311377245509,4.077844311377246,3.6,3.6,1.2,10.8,3.6,0.0,0.2857142857142857,0.0952380952380952,2.8778443113772454,160.47912229676604,62.31340162434026,,5.0
2026,2026-04-03,NC,테일러,10000020,,,1.0,57.900000000000006,5.0,21.0,4.0,0.0,2.0,6.0,2.0,2.0,534.3333333333334,5.592014971927635,3.980661260137242,3.6,3.6,1.2,10.8,3.6,0.0,0.2857142857142857,0.0952380952380952,2.780661260137242,156.9072909958474,63.73190140835874,,5.0
2026,2026-04-04,NC,테일러,10000020,선발,승,2.0,115.8,10.0,42.0,7.0,0.0,7.0,10.0,2.0,2.0,624.3333333333334,5.477843032568073,3.8873465029364658,1.8,1.8,1.4,9.0,6.3,0.0,0.238095238095238,0.1666666666666666,3.987346502936466,307.407442596474,32.53011675819037,,10.0
2026,2026-04-05,NC,테일러,10000020,,,2.0,115.8,10.0,42.0,7.0,0.0,7.0,10.0,2.0,2.0,711.3333333333334,5.200093720712277,3.7085285848172447,1.8,1.8,1.4,9.0,6.3,0.0,0.238095238095238,0.1666666666666666,3.8085285848172448,291.82061304825805,34.26762727808509,,10.0
2026,2026-04-06,NC,테일러,10000020,,,2.0,115.8,10.0,42.0,7.0,0.0,7.0,10.0,2.0,2.0,711.3333333333334,5.200093720712277,3.7085285848172447,1.8,1.8,1.4,9.0,6.3,0.0,0.238095238095238,0.1666666666666666,3.8085285848172448,291.82061304825805,34.26762727808509,,10.0
2026,2026-04-07,NC,테일러,10000020,,,2.0,115.8,10.0,42.0,7.0,0.0,7.0,10.0,2.0,2.0,801.3333333333334,5.031613976705491,3.697587354409318,1.8,1.8,1.4,9.0,6.3,0.0,0.238095238095238,0.1666666666666666,3.797587354409318,282.36580995760534,35.4150525571825,,10.0
2026,2026-04-08,NC,테일러,10000020,,,2.0,115.8,10.0,42.0,7.0,0.0,7.0,10.0,2.0,2.0,888.3333333333334,4.984615384615385,3.578611632270169,1.8,1.8,1.4,9.0,6.3,0.0,0.238095238095238,0.1666666666666666,3.678611632270169,279.728327117342,35.74897152194795,,10.0
2026,2026-04-09,NC,테일러,10000020,,,2.0,115.8,10.0,42.0,7.0,0.0,7.0,10.0,2.0,2.0,888.3333333333334,4.984615384615385,3.578611632270169,1.8,1.8,1.4,9.0,6.3,0.0,0.238095238095238,0.1666666666666666,3.678611632270169,279.728327117342,35.74897152194795,,10.0
2026,2026-04-10,NC,테일러,10000020,,,2.0,115.8,10.0,42.0,7.0,0.0,7.0,10.0,2.0,2.0,980.3333333333334,4.966678000680041,3.5651139068344104,1.8,1.8,1.4,9.0,6.3,0.0,0.238095238095238,0.1666666666666666,3.6651139068344105,278.7217109566285,35.87808056171156,,10.0
2026,2026-04-11,NC,테일러,10000020,선발,패,3.0,151.70000000000002,15.0,66.0,12.0,0.0,13.0,13.0,7.0,7.0,1069.3333333333333,4.864713216957607,3.6013092269326688,4.2,4.2,1.6666666666666667,7.8,7.8,0.0,0.1969696969696969,0.1969696969696969,4.467975893599336,116.99983578774648,85.47020542953027,,15.0
2026,2026-04-12,NC,테일러,10000020,,,3.0,151.70000000000002,15.0,66.0,12.0,0.0,13.0,13.0,7.0,7.0,1155.3333333333333,4.759665320253895,3.5600115406809003,4.2,4.2,1.6666666666666667,7.8,7.8,0.0,0.1969696969696969,0.1969696969696969,4.426678207347568,114.47335866236544,87.35657026972187,,15.0
2026,2026-03-29,한화,왕옌청,10000021,선발,승,1.0,55.400000000000006,5.1,22.0,4.0,0.0,2.0,5.0,3.0,3.0,180.0,6.0,4.011111111111111,5.0625,5.0625,1.125,8.4375,3.375,0.0,0.2272727272727272,0.0909090909090909,3.261111111111111,120.88353871323932,82.72424935972515,,5.333333333333333
2026,2026-03-30,한화,왕옌청,10000021,,,1.0,55.400000000000006,5.1,22.0,4.0,0.0,2.0,5.0,3.0,3.0,180.0,6.0,4.011111111111111,5.0625,5.0625,1.125,8.4375,3.375,0.0,0.2272727272727272,0.0909090909090909,3.261111111111111,120.88353871323932,82.72424935972515,,5.333333333333333
2026,2026-03-31,한화,왕옌청,10000021,,,1.0,55.400000000000006,5.1,22.0,4.0,0.0,2.0,5.0,3.0,3.0,272.0,5.525735294117647,3.871323529411765,5.0625,5.0625,1.125,8.4375,3.375,0.0,0.2272727272727272,0.0909090909090909,3.1213235294117645,111.32840605759723,89.82433463411274,,5.333333333333333
2026,2026-04-01,한화,왕옌청,10000021,,,1.0,55.400000000000006,5.1,22.0,4.0,0.0,2.0,5.0,3.0,3.0,359.3333333333333,5.760667903525047,4.043599257884972,5.0625,5.0625,1.125,8.4375,3.375,0.0,0.2272727272727272,0.0909090909090909,3.2935992578849724,116.0616535883142,86.16110223167509,,5.333333333333333
2026,2026-04-02,한화,왕옌청,10000021,,,1.0,55.400000000000006,5.1,22.0,4.0,0.0,2.0,5.0,3.0,3.0,445.3333333333333,5.719311377245509,4.077844311377246,5.0625,5.0625,1.125,8.4375,3.375,0.0,0.2272727272727272,0.0909090909090909,3.3278443113772456,115.22843304738797,86.78413595963315,,5.333333333333333
2026,2026-04-03,한화,왕옌청,10000021,,,1.0,55.400000000000006,5.1,22.0,4.0,0.0,2.0,5.0,3.0,3.0,534.3333333333334,5.592014971927635,3.980661260137242,5.0625,5.0625,1.125,8.4375,3.375,0.0,0.2272727272727272,0.0909090909090909,3.230661260137242,112.6637597240047,88.75968656200766,,5.333333333333333
2026,2026-04-04,한화,왕옌청,10000021,선발,승,2.0,112.3,11.2,47.0,9.0,0.0,4.0,9.0,6.0,3.0,624.3333333333334,5.477843032568073,3.8873465029364658,2.3142857142857145,4.628571428571429,1.1142857142857143,6.942857142857143,3.085714285714286,0.0,0.1914893617021276,0.0851063829787234,3.3730607886507515,241.42017458580395,41.42155897764818,,11.666666666666666
2026,2026-04-05,한화,왕옌청,10000021,,,2.0,112.3,11.2,47.0,9.0,0.0,4.0,9.0,6.0,3.0,711.3333333333334,5.200093720712277,3.7085285848172447,2.3142857142857145,4.628571428571429,1.1142857142857143,6.942857142857143,3.085714285714286,0.0,0.1914893617021276,0.0851063829787234,3.1942428705315304,229.17917261465453,43.633982468442525,,11.666666666666666
2026,2026-04-06,한화,왕옌청,10000021,,,2.0,112.3,11.2,47.0,9.0,0.0,4.0,9.0,6.0,3.0,711.3333333333334,5.200093720712277,3.7085285848172447,2.3142857142857145,4.628571428571429,1.1142857142857143,6.942857142857143,3.085714285714286,0.0,0.1914893617021276,0.0851063829787234,3.1942428705315304,229.17917261465453,43.633982468442525,,11.666666666666666
2026,2026-04-07,한화,왕옌청,10000021,,,2.0,112.3,11.2,47.0,9.0,0.0,4.0,9.0,6.0,3.0,801.3333333333334,5.031613976705491,3.697587354409318,2.3142857142857145,4.628571428571429,1.1142857142857143,6.942857142857143,3.085714285714286,0.0,0.1914893617021276,0.0851063829787234,3.183301640123604,221.75391253135837,45.09503298430369,,11.666666666666666
2026,2026-04-08,한화,왕옌청,10000021,,,2.0,112.3,11.2,47.0,9.0,0.0,4.0,9.0,6.0,3.0,888.3333333333334,4.984615384615385,3.578611632270169,2.3142857142857145,4.628571428571429,1.1142857142857143,6.942857142857143,3.085714285714286,0.0,0.1914893617021276,0.0851063829787234,3.064325917984455,219.6825847769445,45.52022186990168,,11.666666666666666
2026,2026-04-09,한화,왕옌청,10000021,,,2.0,112.3,11.2,47.0,9.0,0.0,4.0,9.0,6.0,3.0,888.3333333333334,4.984615384615385,3.578611632270169,2.3142857142857145,4.628571428571429,1.1142857142857143,6.942857142857143,3.085714285714286,0.0,0.1914893617021276,0.0851063829787234,3.064325917984455,219.6825847769445,45.52022186990168,,11.666666666666666
2026,2026-04-10,한화,왕옌청,10000021,,,2.0,112.3,11.2,47.0,9.0,0.0,4.0,9.0,6.0,3.0,980.3333333333334,4.966678000680041,3.5651139068344104,2.3142857142857145,4.628571428571429,1.1142857142857143,6.942857142857143,3.085714285714286,0.0,0.1914893617021276,0.0851063829787234,3.050828192548696,218.89204617707284,45.684620225581405,,11.666666666666666
2026,2026-04-11,한화,왕옌청,10000021,선발,,3.0,176.70000000000002,17.2,69.0,15.0,0.0,4.0,14.0,7.0,4.0,1069.3333333333333,4.864713216957607,3.6013092269326688,2.037735849056604,3.5660377358490565,1.0754716981132075,7.132075471698113,2.037735849056604,0.0,0.2028985507246377,0.0579710144927536,2.6956488495741784,243.49514585951408,41.06858050373439,,17.666666666666668
2026,2026-04-12,한화,왕옌청,10000021,,,3.0,176.70000000000002,17.2,69.0,15.0,0.0,4.0,14.0,7.0,4.0,1155.3333333333333,4.759665320253895,3.5600115406809003,2.037735849056604,3.5660377358490565,1.0754716981132075,7.132075471698113,2.037735849056604,0.0,0.2028985507246377,0.0579710144927536,2.65435116332241,238.2371477434191,41.97498204927293,,17.666666666666668
2026,2026-03-31,키움,와일스,10000024,선발,패,1.0,51.400000000000006,6.0,26.0,7.0,1.0,0.0,4.0,3.0,2.0,272.0,5.525735294117647,3.871323529411765,3.0,4.5,1.1666666666666667,6.0,0.0,1.5,0.1538461538461538,0.0,4.7046568627450975,178.2536393364789,56.099836374861255,,6.0
2026,2026-04-01,키움,와일스,10000024,,,1.0,51.400000000000006,6.0,26.0,7.0,1.0,0.0,4.0,3.0,2.0,359.3333333333333,5.760667903525047,4.043599257884972,3.0,4.5,1.1666666666666667,6.0,0.0,1.5,0.1538461538461538,0.0,4.8769325912183055,185.8322855069288,53.81196261306891,,6.0
2026,2026-04-02,키움,와일스,10000024,,,1.0,51.400000000000006,6.0,26.0,7.0,1.0,0.0,4.0,3.0,2.0,445.3333333333333,5.719311377245509,4.077844311377246,3.0,4.5,1.1666666666666667,6.0,0.0,1.5,0.1538461538461538,0.0,4.911177644710579,184.4981732255298,54.20107866204204,,6.0
2026,2026-04-03,키움,와일스,10000024,,,1.0,51.400000000000006,6.0,26.0,7.0,1.0,0.0,4.0,3.0,2.0,534.3333333333334,5.592014971927635,3.980661260137242,3.0,4.5,1.1666666666666667,6.0,0.0,1.5,0.1538461538461538,0.0,4.813994593470575,180.39174280232115,55.434909850382176,,6.0
2026,2026-04-04,키움,와일스,10000024,,,1.0,51.400000000000006,6.0,26.0,7.0,1.0,0.0,4.0,3.0,2.0,624.3333333333334,5.477843032568073,3.8873465029364658,3.0,4.5,1.1666666666666667,6.0,0.0,1.5,0.1538461538461538,0.0,4.720679836269799,176.70869201944873,56.59031191798641,,6.0
2026,2026-04-05,키움,와일스,10000024,선발,패,2.0,92.3,11.0,52.0,15.0,1.0,3.0,9.0,7.0,6.0,711.3333333333334,5.200093720712277,3.7085285848172447,4.909090909090909,5.727272727272728,1.6363636363636365,7.363636363636363,2.4545454545454546,0.8181818181818182,0.173076923076923,0.0576923076923076,4.072164948453608,102.51317390324326,97.54843811038832,,11.0
2026,2026-04-06,키움,와일스,10000024,,,2.0,92.3,11.0,52.0,15.0,1.0,3.0,9.0,7.0,6.0,711.3333333333334,5.200093720712277,3.7085285848172447,4.909090909090909,5.727272727272728,1.6363636363636365,7.363636363636363,2.4545454545454546,0.8181818181818182,0.173076923076923,0.0576923076923076,4.072164948453608,102.51317390324326,97.54843811038832,,11.0
2026,2026-04-07,키움,와일스,10000024,,,2.0,92.3,11.0,52.0,15.0,1.0,3.0,9.0,7.0,6.0,801.3333333333334,5.031613976705491,3.697587354409318,4.909090909090909,5.727272727272728,1.6363636363636365,7.363636363636363,2.4545454545454546,0.8181818181818182,0.173076923076923,0.0576923076923076,4.061223718045682,99.19181197706324,100.81477292009107,,11.0
2026,2026-04-08,키움,와일스,10000024,,,2.0,92.3,11.0,52.0,15.0,1.0,3.0,9.0,7.0,6.0,888.3333333333334,4.984615384615385,3.578611632270169,4.909090909090909,5.727272727272728,1.6363636363636365,7.363636363636363,2.4545454545454546,0.8181818181818182,0.173076923076923,0.0576923076923076,3.942247995906533,98.26529505200276,101.76532818334208,,11.0
2026,2026-04-09,키움,와일스,10000024,,,2.0,92.3,11.0,52.0,15.0,1.0,3.0,9.0,7.0,6.0,888.3333333333334,4.984615384615385,3.578611632270169,4.909090909090909,5.727272727272728,1.6363636363636365,7.363636363636363,2.4545454545454546,0.8181818181818182,0.173076923076923,0.0576923076923076,3.942247995906533,98.26529505200276,101.76532818334208,,11.0
2026,2026-04-10,키움,와일스,10000024,,,2.0,92.3,11.0,52.0,15.0,1.0,3.0,9.0,7.0,6.0,980.3333333333334,4.966678000680041,3.5651139068344104,4.909090909090909,5.727272727272728,1.6363636363636365,7.363636363636363,2.4545454545454546,0.8181818181818182,0.173076923076923,0.0576923076923076,3.928750270470774,97.9116825485571,102.13285830361178,,11.0
2026,2026-04-11,키움,와일스,10000024,선발,,3.0,167.20000000000002,18.0,79.0,20.0,1.0,3.0,15.0,7.0,6.0,1069.3333333333333,4.864713216957607,3.6013092269326688,3.0,3.5,1.2777777777777777,7.5,1.5,0.5,0.189873417721519,0.0379746835443038,3.156864782488224,156.92985441667466,63.72273801674695,,18.0
2026,2026-04-12,키움,와일스,10000024,,,3.0,167.20000000000002,18.0,79.0,20.0,1.0,3.0,15.0,7.0,6.0,1155.3333333333333,4.759665320253895,3.5600115406809003,3.0,3.5,1.2777777777777777,7.5,1.5,0.5,0.189873417721519,0.0379746835443038,3.115567096236456,153.5411343829784,65.12912673327625,,18.0
2026,2026-03-31,SSG,베니지아노,10000025,선발,,1.0,54.400000000000006,5.1,23.0,6.0,0.0,1.0,3.0,2.0,2.0,272.0,5.525735294117647,3.871323529411765,3.375,3.375,1.3125,5.0625,1.6875,0.0,0.1304347826086956,0.0434782608695652,3.3088235294117645,168.40858148784312,59.379396890899336,,5.333333333333333
2026,2026-04-01,SSG,베니지아노,10000025,,,1.0,54.400000000000006,5.1,23.0,6.0,0.0,1.0,3.0,2.0,2.0,359.3333333333333,5.760667903525047,4.043599257884972,3.375,3.375,1.3125,5.0625,1.6875,0.0,0.1304347826086956,0.0434782608695652,3.4810992578849724,175.56865438124717,56.957775493824826,,5.333333333333333
2026,2026-04-02,SSG,베니지아노,10000025,,,1.0,54.400000000000006,5.1,23.0,6.0,0.0,1.0,3.0,2.0,2.0,445.3333333333333,5.719311377245509,4.077844311377246,3.375,3.375,1.3125,5.0625,1.6875,0.0,0.1304347826086956,0.0434782608695652,3.5153443113772456,174.30822593954895,57.3696390178858,,5.333333333333333
2026,2026-04-03,SSG,베니지아노,10000025,,,1.0,54.400000000000006,5.1,23.0,6.0,0.0,1.0,3.0,2.0,2.0,534.3333333333334,5.592014971927635,3.980661260137242,3.375,3.375,1.3125,5.0625,1.6875,0.0,0.1304347826086956,0.0434782608695652,3.418161260137242,170.42859618766667,58.67559918752453,,5.333333333333333
2026,2026-04-04,SSG,베니지아노,10000025,,,1.0,54.400000000000006,5.1,23.0,6.0,0.0,1.0,3.0,2.0,2.0,624.3333333333334,5.477843032568073,3.8873465029364658,3.375,3.375,1.3125,5.0625,1.6875,0.0,0.1304347826086956,0.0434782608695652,3.3248465029364658,166.94896255886647,59.89854532024411,,5.333333333333333
2026,2026-04-05,SSG,베니지아노,10000025,선발,,2.0,95.3,10.1,47.0,14.0,1.0,3.0,7.0,5.0,5.0,711.3333333333334,5.200093720712277,3.7085285848172447,4.354838709677419,4.354838709677419,1.6451612903225803,6.096774193548387,2.6129032258064515,0.8709677419354839,0.1489361702127659,0.0638297872340425,4.482722133204342,122.82506840889964,81.41660435888201,,10.333333333333334
2026,2026-04-06,SSG,베니지아노,10000025,,,2.0,95.3,10.1,47.0,14.0,1.0,3.0,7.0,5.0,5.0,711.3333333333334,5.200093720712277,3.7085285848172447,4.354838709677419,4.354838709677419,1.6451612903225803,6.096774193548387,2.6129032258064515,0.8709677419354839,0.1489361702127659,0.0638297872340425,4.482722133204342,122.82506840889964,81.41660435888201,,10.333333333333334
2026,2026-04-07,SSG,베니지아노,10000025,,,2.0,95.3,10.1,47.0,14.0,1.0,3.0,7.0,5.0,5.0,801.3333333333334,5.031613976705491,3.697587354409318,4.354838709677419,4.354838709677419,1.6451612903225803,6.096774193548387,2.6129032258064515,0.8709677419354839,0.1489361702127659,0.0638297872340425,4.471780902796414,118.84561396162228,84.14277705889262,,10.333333333333334
2026,2026-04-08,SSG,베니지아노,10000025,,,2.0,95.3,10.1,47.0,14.0,1.0,3.0,7.0,5.0,5.0,888.3333333333334,4.984615384615385,3.578611632270169,4.354838709677419,4.354838709677419,1.6451612903225803,6.096774193548387,2.6129032258064515,0.8709677419354839,0.1489361702127659,0.0638297872340425,4.352805180657266,117.73551756747528,84.93613657636415,,10.333333333333334
2026,2026-04-09,SSG,베니지아노,10000025,,,2.0,95.3,10.1,47.0,14.0,1.0,3.0,7.0,5.0,5.0,888.3333333333334,4.984615384615385,3.578611632270169,4.354838709677419,4.354838709677419,1.6451612903225803,6.096774193548387,2.6129032258064515,0.8709677419354839,0.1489361702127659,0.0638297872340425,4.352805180657266,117.73551756747528,84.93613657636415,,10.333333333333334
2026,2026-04-10,SSG,베니지아노,10000025,,,2.0,95.3,10.1,47.0,14.0,1.0,3.0,7.0,5.0,5.0,980.3333333333334,4.966678000680041,3.5651139068344104,4.354838709677419,4.354838709677419,1.6451612903225803,6.096774193548387,2.6129032258064515,0.8709677419354839,0.1489361702127659,0.0638297872340425,4.339307455221507,117.3118405094715,85.2428873042242,,10.333333333333334
2026,2026-04-11,SSG,베니지아노,10000025,,,2.0,95.3,10.1,47.0,14.0,1.0,3.0,7.0,5.0,5.0,1069.3333333333333,4.864713216957607,3.6013092269326688,4.354838709677419,4.354838709677419,1.6451612903225803,6.096774193548387,2.6129032258064515,0.8709677419354839,0.1489361702127659,0.0638297872340425,4.375502775319766,114.903454774783,87.02958513824099,,10.333333333333334
2026,2026-04-12,SSG,베니지아노,10000025,선발,패,3.0,130.20000000000002,14.2,70.0,19.0,1.0,6.0,9.0,11.0,9.0,1155.3333333333333,4.759665320253895,3.5600115406809003,5.522727272727273,6.75,1.7045454545454546,5.522727272727273,3.681818181818182,0.6136363636363636,0.1285714285714285,0.0857142857142857,4.446375177044537,88.64836648713647,112.805237098769,,14.666666666666666
2026,2026-03-31,삼성,오러클린,10000026,선발,,1.0,38.900000000000006,3.2,19.0,6.0,0.0,2.0,3.0,4.0,4.0,272.0,5.525735294117647,3.871323529411765,9.818181818181818,9.818181818181818,2.181818181818182,7.363636363636364,4.909090909090909,0.0,0.1578947368421052,0.1052631578947368,3.871323529411765,58.66338273389952,170.4640873739003,,3.6666666666666665
2026,2026-04-01,삼성,오러클린,10000026,,,1.0,38.900000000000006,3.2,19.0,6.0,0.0,2.0,3.0,4.0,4.0,359.3333333333333,5.760667903525047,4.043599257884972,9.818181818181818,9.818181818181818,2.181818181818182,7.363636363636364,4.909090909090909,0.0,0.1578947368421052,0.1052631578947368,4.043599257884972,61.15751986656517,163.51218986345785,,3.6666666666666665
2026,2026-04-02,삼성,오러클린,10000026,,,1.0,38.900000000000006,3.2,19.0,6.0,0.0,2.0,3.0,4.0,4.0,445.3333333333333,5.719311377245509,4.077844311377246,9.818181818181818,9.818181818181818,2.181818181818182,7.363636363636364,4.909090909090909,0.0,0.1578947368421052,0.1052631578947368,4.077844311377246,60.71846269126693,164.69455181773384,,3.6666666666666665
2026,2026-04-03,삼성,오러클린,10000026,,,1.0,38.900000000000006,3.2,19.0,6.0,0.0,2.0,3.0,4.0,4.0,534.3333333333334,5.592014971927635,3.980661260137242,9.818181818181818,9.818181818181818,2.181818181818182,7.363636363636364,4.909090909090909,0.0,0.1578947368421052,0.1052631578947368,3.980661260137242,59.36703390426702,168.4436520127587,,3.6666666666666665
2026,2026-04-04,삼성,오러클린,10000026,,,1.0,38.900000000000006,3.2,19.0,6.0,0.0,2.0,3.0,4.0,4.0,624.3333333333334,5.477843032568073,3.8873465029364658,9.818181818181818,9.818181818181818,2.181818181818182,7.363636363636364,4.909090909090909,0.0,0.1578947368421052,0.1052631578947368,3.8873465029364658,58.1549396182357,171.95443870539745,,3.6666666666666665
2026,2026-04-05,삼성,오러클린,10000026,선발,패,2.0,98.3,9.2,43.0,11.0,0.0,4.0,8.0,6.0,6.0,711.3333333333334,5.200093720712277,3.7085285848172447,5.586206896551724,5.586206896551724,1.5517241379310345,7.448275862068966,3.724137931034483,0.0,0.1860465116279069,0.0930232558139534,3.294735481368969,97.02915525091322,103.0618062595766,,9.666666666666666
2026,2026-04-06,삼성,오러클린,10000026,,,2.0,98.3,9.2,43.0,11.0,0.0,4.0,8.0,6.0,6.0,711.3333333333334,5.200093720712277,3.7085285848172447,5.586206896551724,5.586206896551724,1.5517241379310345,7.448275862068966,3.724137931034483,0.0,0.1860465116279069,0.0930232558139534,3.294735481368969,97.02915525091322,103.0618062595766,,9.666666666666666
2026,2026-04-07,삼성,오러클린,10000026,,,2.0,98.3,9.2,43.0,11.0,0.0,4.0,8.0,6.0,6.0,801.3333333333334,5.031613976705491,3.697587354409318,5.586206896551724,5.586206896551724,1.5517241379310345,7.448275862068966,3.724137931034483,0.0,0.1860465116279069,0.0930232558139534,3.283794250961042,93.8854720567516,106.51275198313144,,9.666666666666666
2026,2026-04-08,삼성,오러클린,10000026,,,2.0,98.3,9.2,43.0,11.0,0.0,4.0,8.0,6.0,6.0,888.3333333333334,4.984615384615385,3.578611632270169,5.586206896551724,5.586206896551724,1.5517241379310345,7.448275862068966,3.724137931034483,0.0,0.1860465116279069,0.0930232558139534,3.1648185288218933,93.00851984523248,107.51703195191304,,9.666666666666666
2026,2026-04-09,삼성,오러클린,10000026,,,2.0,98.3,9.2,43.0,11.0,0.0,4.0,8.0,6.0,6.0,888.3333333333334,4.984615384615385,3.578611632270169,5.586206896551724,5.586206896551724,1.5517241379310345,7.448275862068966,3.724137931034483,0.0,0.1860465116279069,0.0930232558139534,3.1648185288218933,93.00851984523248,107.51703195191304,,9.666666666666666
2026,2026-04-10,삼성,오러클린,10000026,,,2.0,98.3,9.2,43.0,11.0,0.0,4.0,8.0,6.0,6.0,980.3333333333334,4.966678000680041,3.5651139068344104,5.586206896551724,5.586206896551724,1.5517241379310345,7.448275862068966,3.724137931034483,0.0,0.1860465116279069,0.0930232558139534,3.151320803386134,92.67382410624504,107.90533461245316,,9.666666666666666
2026,2026-04-11,삼성,오러클린,10000026,선발,,3.0,130.20000000000002,12.2,60.0,14.0,0.0,11.0,11.0,10.0,10.0,1069.3333333333333,4.864713216957607,3.6013092269326688,7.105263157894737,7.105263157894737,1.973684210526316,7.815789473684211,7.815789473684211,0.0,0.1833333333333333,0.1833333333333333,4.469730279564248,71.36498379173007,140.1247428176229,,12.666666666666666
2026,2026-04-12,삼성,오러클린,10000026,,,3.0,130.20000000000002,12.2,60.0,14.0,0.0,11.0,11.0,10.0,10.0,1155.3333333333333,4.759665320253895,3.5600115406809003,7.105263157894737,7.105263157894737,1.973684210526316,7.815789473684211,7.815789473684211,0.0,0.1833333333333333,0.1833333333333333,4.428432593312479,69.82393890146125,143.21735721773675,,12.666666666666666
2026,2026-03-31,삼성,장찬희,10000027,중계,,1.0,49.4,2.0,10.0,3.0,0.0,1.0,1.0,0.0,0.0,272.0,5.525735294117647,3.871323529411765,0.0,0.0,2.0,4.5,4.5,0.0,0.1,0.1,4.3713235294117645,0.0,0.0,,2.0
2026,2026-04-01,삼성,장찬희,10000027,,,1.0,49.4,2.0,10.0,3.0,0.0,1.0,1.0,0.0,0.0,359.3333333333333,5.760667903525047,4.043599257884972,0.0,0.0,2.0,4.5,4.5,0.0,0.1,0.1,4.543599257884972,0.0,0.0,,2.0
2026,2026-04-02,삼성,장찬희,10000027,,,1.0,49.4,2.0,10.0,3.0,0.0,1.0,1.0,0.0,0.0,445.3333333333333,5.719311377245509,4.077844311377246,0.0,0.0,2.0,4.5,4.5,0.0,0.1,0.1,4.577844311377246,0.0,0.0,,2.0
2026,2026-04-03,삼성,장찬희,10000027,,,1.0,49.4,2.0,10.0,3.0,0.0,1.0,1.0,0.0,0.0,534.3333333333334,5.592014971927635,3.980661260137242,0.0,0.0,2.0,4.5,4.5,0.0,0.1,0.1,4.480661260137242,0.0,0.0,,2.0
2026,2026-04-04,삼성,장찬희,10000027,,,1.0,49.4,2.0,10.0,3.0,0.0,1.0,1.0,0.0,0.0,624.3333333333334,5.477843032568073,3.8873465029364658,0.0,0.0,2.0,4.5,4.5,0.0,0.1,0.1,4.387346502936466,0.0,0.0,,2.0
2026,2026-04-05,삼성,장찬희,10000027,,,1.0,49.4,2.0,10.0,3.0,0.0,1.0,1.0,0.0,0.0,711.3333333333334,5.200093720712277,3.7085285848172447,0.0,0.0,2.0,4.5,4.5,0.0,0.1,0.1,4.208528584817245,0.0,0.0,,2.0
2026,2026-04-06,삼성,장찬희,10000027,,,1.0,49.4,2.0,10.0,3.0,0.0,1.0,1.0,0.0,0.0,711.3333333333334,5.200093720712277,3.7085285848172447,0.0,0.0,2.0,4.5,4.5,0.0,0.1,0.1,4.208528584817245,0.0,0.0,,2.0
2026,2026-04-07,삼성,장찬희,10000027,중계,,2.0,94.3,2.1,13.0,4.0,0.0,2.0,1.0,0.0,0.0,801.3333333333334,5.031613976705491,3.697587354409318,0.0,0.0,2.571428571428571,3.8571428571428568,7.7142857142857135,0.0,0.0769230769230769,0.1538461538461538,5.411873068695032,0.0,0.0,,2.333333333333333
2026,2026-04-08,삼성,장찬희,10000027,중계,,3.0,134.7,5.0,28.0,9.0,0.0,3.0,3.0,3.0,2.0,888.3333333333334,4.984615384615385,3.578611632270169,3.6,5.4,2.4,5.4,5.4,0.0,0.1071428571428571,0.1071428571428571,4.178611632270169,144.32356527708487,69.2887539245662,,5.0
2026,2026-04-09,삼성,장찬희,10000027,,,3.0,134.7,5.0,28.0,9.0,0.0,3.0,3.0,3.0,2.0,888.3333333333334,4.984615384615385,3.578611632270169,3.6,5.4,2.4,5.4,5.4,0.0,0.1071428571428571,0.1071428571428571,4.178611632270169,144.32356527708487,69.2887539245662,,5.0
2026,2026-04-10,삼성,장찬희,10000027,,,3.0,134.7,5.0,28.0,9.0,0.0,3.0,3.0,3.0,2.0,980.3333333333334,4.966678000680041,3.5651139068344104,3.6,5.4,2.4,5.4,5.4,0.0,0.1071428571428571,0.1071428571428571,4.16511390683441,143.80420982003542,69.53899341691427,,5.0
2026,2026-04-11,삼성,장찬희,10000027,,,3.0,134.7,5.0,28.0,9.0,0.0,3.0,3.0,3.0,2.0,1069.3333333333333,4.864713216957607,3.6013092269326688,3.6,5.4,2.4,5.4,5.4,0.0,0.1071428571428571,0.1071428571428571,4.201309226932668,140.85194169420404,70.99653636092893,,5.0
2026,2026-04-12,삼성,장찬희,10000027,중계,승,4.0,176.6,7.1,38.0,11.0,2.0,3.0,5.0,5.0,4.0,1155.3333333333333,4.759665320253895,3.5600115406809003,4.909090909090909,6.136363636363637,1.9090909090909087,6.136363636363637,3.681818181818182,2.4545454545454546,0.131578947368421,0.0789473684210526,6.9691024497718095,101.06096419948338,98.950174077709,,7.333333333333333
2026,2026-03-31,NC,토다,10000028,선발,승,1.0,53.900000000000006,5.0,21.0,3.0,0.0,4.0,4.0,2.0,2.0,272.0,5.525735294117647,3.871323529411765,3.6,3.6,1.4,7.2,7.2,0.0,0.1904761904761904,0.1904761904761904,4.671323529411764,155.04753834041807,64.4963480687083,,5.0
2026,2026-04-01,NC,토다,10000028,,,1.0,53.900000000000006,5.0,21.0,3.0,0.0,4.0,4.0,2.0,2.0,359.3333333333333,5.760667903525047,4.043599257884972,3.6,3.6,1.4,7.2,7.2,0.0,0.1904761904761904,0.1904761904761904,4.843599257884972,161.63955204098113,61.86604623517306,,5.0
2026,2026-04-02,NC,토다,10000028,,,1.0,53.900000000000006,5.0,21.0,3.0,0.0,4.0,4.0,2.0,2.0,445.3333333333333,5.719311377245509,4.077844311377246,3.6,3.6,1.4,7.2,7.2,0.0,0.1904761904761904,0.1904761904761904,4.877844311377245,160.47912229676604,62.31340162434026,,5.0
2026,2026-04-03,NC,토다,10000028,,,1.0,53.900000000000006,5.0,21.0,3.0,0.0,4.0,4.0,2.0,2.0,534.3333333333334,5.592014971927635,3.980661260137242,3.6,3.6,1.4,7.2,7.2,0.0,0.1904761904761904,0.1904761904761904,4.780661260137242,156.9072909958474,63.73190140835874,,5.0
2026,2026-04-04,NC,토다,10000028,,,1.0,53.900000000000006,5.0,21.0,3.0,0.0,4.0,4.0,2.0,2.0,624.3333333333334,5.477843032568073,3.8873465029364658,3.6,3.6,1.4,7.2,7.2,0.0,0.1904761904761904,0.1904761904761904,4.687346502936466,153.703721298237,65.06023351638073,,5.0
2026,2026-04-05,NC,토다,10000028,선발,패,2.0,110.3,11.0,45.0,9.0,0.0,5.0,6.0,4.0,4.0,711.3333333333334,5.200093720712277,3.7085285848172447,3.272727272727273,3.272727272727273,1.2727272727272727,4.909090909090909,4.090909090909091,0.0,0.1333333333333333,0.1111111111111111,3.981255857544517,160.50133717654194,62.3047768692456,,11.0
2026,2026-04-06,NC,토다,10000028,,,2.0,110.3,11.0,45.0,9.0,0.0,5.0,6.0,4.0,4.0,711.3333333333334,5.200093720712277,3.7085285848172447,3.272727272727273,3.272727272727273,1.2727272727272727,4.909090909090909,4.090909090909091,0.0,0.1333333333333333,0.1111111111111111,3.981255857544517,160.50133717654194,62.3047768692456,,11.0
2026,2026-04-07,NC,토다,10000028,,,2.0,110.3,11.0,45.0,9.0,0.0,5.0,6.0,4.0,4.0,801.3333333333334,5.031613976705491,3.697587354409318,3.272727272727273,3.272727272727273,1.2727272727272727,4.909090909090909,4.090909090909091,0.0,0.1333333333333333,0.1111111111111111,3.970314627136591,155.30119547668298,64.39100464942273,,11.0
2026,2026-04-08,NC,토다,10000028,,,2.0,110.3,11.0,45.0,9.0,0.0,5.0,6.0,4.0,4.0,888.3333333333334,4.984615384615385,3.578611632270169,3.272727272727273,3.272727272727273,1.2727272727272727,4.909090909090909,4.090909090909091,0.0,0.1333333333333333,0.1111111111111111,3.8513389049974416,153.85057991453812,64.99813003990536,,11.0
2026,2026-04-09,NC,토다,10000028,,,2.0,110.3,11.0,45.0,9.0,0.0,5.0,6.0,4.0,4.0,888.3333333333334,4.984615384615385,3.578611632270169,3.272727272727273,3.272727272727273,1.2727272727272727,4.909090909090909,4.090909090909091,0.0,0.1333333333333333,0.1111111111111111,3.8513389049974416,153.85057991453812,64.99813003990536,,11.0
2026,2026-04-10,NC,토다,10000028,,,2.0,110.3,11.0,45.0,9.0,0.0,5.0,6.0,4.0,4.0,980.3333333333334,4.966678000680041,3.5651139068344104,3.272727272727273,3.272727272727273,1.2727272727272727,4.909090909090909,4.090909090909091,0.0,0.1333333333333333,0.1111111111111111,3.837841179561683,153.29694102614567,65.23287374856646,,11.0
2026,2026-04-11,NC,토다,10000028,,,2.0,110.3,11.0,45.0,9.0,0.0,5.0,6.0,4.0,4.0,1069.3333333333333,4.864713216957607,3.6013092269326688,3.272727272727273,3.272727272727273,1.2727272727272727,4.909090909090909,4.090909090909091,0.0,0.1333333333333333,0.1111111111111111,3.874036499659941,150.14978926094133,66.60016007495865,,11.0
2026,2026-04-12,NC,토다,10000028,선발,패,3.0,144.70000000000002,13.0,57.0,13.0,0.0,7.0,8.0,8.0,7.0,1155.3333333333333,4.759665320253895,3.5600115406809003,4.846153846153846,5.538461538461538,1.5384615384615383,5.538461538461538,4.846153846153846,0.0,0.1403508771929824,0.1228070175438596,3.944626925296285,99.21024417405006,100.79604261890982,,13.0
2026,2026-03-31,NC,원종해,10000029,중계,,1.0,50.9,1.0,5.0,1.0,0.0,0.0,1.0,0.0,0.0,272.0,5.525735294117647,3.871323529411765,0.0,0.0,1.0,9.0,0.0,0.0,0.2,0.0,1.8713235294117645,0.0,0.0,,1.0
2026,2026-04-01,NC,원종해,10000029,,,1.0,50.9,1.0,5.0,1.0,0.0,0.0,1.0,0.0,0.0,359.3333333333333,5.760667903525047,4.043599257884972,0.0,0.0,1.0,9.0,0.0,0.0,0.2,0.0,2.0435992578849724,0.0,0.0,,1.0
2026,2026-04-02,NC,원종해,10000029,중계,홀드,2.0,103.8,2.0,8.0,1.0,0.0,0.0,2.0,0.0,0.0,445.3333333333333,5.719311377245509,4.077844311377246,0.0,0.0,0.5,9.0,0.0,0.0,0.25,0.0,2.0778443113772456,0.0,0.0,,2.0
2026,2026-04-03,NC,원종해,10000029,,,2.0,103.8,2.0,8.0,1.0,0.0,0.0,2.0,0.0,0.0,534.3333333333334,5.592014971927635,3.980661260137242,0.0,0.0,0.5,9.0,0.0,0.0,0.25,0.0,1.980661260137242,0.0,0.0,,2.0
2026,2026-04-04,NC,원종해,10000029,,,2.0,103.8,2.0,8.0,1.0,0.0,0.0,2.0,0.0,0.0,624.3333333333334,5.477843032568073,3.8873465029364658,0.0,0.0,0.5,9.0,0.0,0.0,0.25,0.0,1.8873465029364656,0.0,0.0,,2.0
2026,2026-04-05,NC,원종해,10000029,중계,,3.0,155.7,3.0,11.0,1.0,0.0,0.0,2.0,0.0,0.0,711.3333333333334,5.200093720712277,3.7085285848172447,0.0,0.0,0.3333333333333333,6.0,0.0,0.0,0.1818181818181818,0.0,2.375195251483912,0.0,0.0,,3.0
2026,2026-04-06,NC,원종해,10000029,,,3.0,155.7,3.0,11.0,1.0,0.0,0.0,2.0,0.0,0.0,711.3333333333334,5.200093720712277,3.7085285848172447,0.0,0.0,0.3333333333333333,6.0,0.0,0.0,0.1818181818181818,0.0,2.375195251483912,0.0,0.0,,3.0
2026,2026-04-07,NC,원종해,10000029,중계,,4.0,210.1,4.1,15.0,1.0,0.0,0.0,3.0,0.0,0.0,801.3333333333334,5.031613976705491,3.697587354409318,0.0,0.0,0.2307692307692307,6.230769230769231,0.0,0.0,0.2,0.0,2.3129719697939333,0.0,0.0,,4.333333333333333
2026,2026-04-08,NC,원종해,10000029,중계,,5.0,260.0,4.2,16.0,1.0,0.0,0.0,4.0,0.0,0.0,888.3333333333334,4.984615384615385,3.578611632270169,0.0,0.0,0.2142857142857142,7.7142857142857135,0.0,0.0,0.25,0.0,1.864325917984455,0.0,0.0,,4.666666666666667
2026,2026-04-09,NC,원종해,10000029,,,5.0,260.0,4.2,16.0,1.0,0.0,0.0,4.0,0.0,0.0,888.3333333333334,4.984615384615385,3.578611632270169,0.0,0.0,0.2142857142857142,7.7142857142857135,0.0,0.0,0.25,0.0,1.864325917984455,0.0,0.0,,4.666666666666667
2026,2026-04-10,NC,원종해,10000029,,,5.0,260.0,4.2,16.0,1.0,0.0,0.0,4.0,0.0,0.0,980.3333333333334,4.966678000680041,3.5651139068344104,0.0,0.0,0.2142857142857142,7.7142857142857135,0.0,0.0,0.25,0.0,1.850828192548696,0.0,0.0,,4.666666666666667
2026,2026-04-11,NC,원종해,10000029,중계,,6.0,306.9,5.0,18.0,1.0,0.0,1.0,4.0,0.0,0.0,1069.3333333333333,4.864713216957607,3.6013092269326688,0.0,0.0,0.4,7.2,1.8,0.0,0.2222222222222222,0.0555555555555555,2.6013092269326688,0.0,0.0,,5.0
2026,2026-04-12,NC,원종해,10000029,,,6.0,306.9,5.0,18.0,1.0,0.0,1.0,4.0,0.0,0.0,1155.3333333333333,4.759665320253895,3.5600115406809003,0.0,0.0,0.4,7.2,1.8,0.0,0.2222222222222222,0.0555555555555555,2.5600115406809003,0.0,0.0,,5.0
2026,2026-03-31,KT,보쉴리,10000030,선발,승,1.0,62.900000000000006,5.0,22.0,5.0,0.0,2.0,7.0,0.0,0.0,272.0,5.525735294117647,3.871323529411765,0.0,0.0,1.4,12.6,3.6,0.0,0.3181818181818182,0.0909090909090909,2.2713235294117644,0.0,0.0,,5.0
2026,2026-04-01,KT,보쉴리,10000030,,,1.0,62.900000000000006,5.0,22.0,5.0,0.0,2.0,7.0,0.0,0.0,359.3333333333333,5.760667903525047,4.043599257884972,0.0,0.0,1.4,12.6,3.6,0.0,0.3181818181818182,0.0909090909090909,2.4435992578849723,0.0,0.0,,5.0
2026,2026-04-02,KT,보쉴리,10000030,,,1.0,62.900000000000006,5.0,22.0,5.0,0.0,2.0,7.0,0.0,0.0,445.3333333333333,5.719311377245509,4.077844311377246,0.0,0.0,1.4,12.6,3.6,0.0,0.3181818181818182,0.0909090909090909,2.477844311377245,0.0,0.0,,5.0
2026,2026-04-03,KT,보쉴리,10000030,,,1.0,62.900000000000006,5.0,22.0,5.0,0.0,2.0,7.0,0.0,0.0,534.3333333333334,5.592014971927635,3.980661260137242,0.0,0.0,1.4,12.6,3.6,0.0,0.3181818181818182,0.0909090909090909,2.380661260137242,0.0,0.0,,5.0
2026,2026-04-04,KT,보쉴리,10000030,,,1.0,62.900000000000006,5.0,22.0,5.0,0.0,2.0,7.0,0.0,0.0,624.3333333333334,5.477843032568073,3.8873465029364658,0.0,0.0,1.4,12.6,3.6,0.0,0.3181818181818182,0.0909090909090909,2.2873465029364657,0.0,0.0,,5.0
2026,2026-04-05,KT,보쉴리,10000030,선발,승,2.0,125.3,11.0,45.0,10.0,0.0,4.0,9.0,0.0,0.0,711.3333333333334,5.200093720712277,3.7085285848172447,0.0,0.0,1.2727272727272727,7.363636363636363,3.272727272727273,0.0,0.2,0.0888888888888888,3.1630740393626997,0.0,0.0,,11.0
2026,2026-04-06,KT,보쉴리,10000030,,,2.0,125.3,11.0,45.0,10.0,0.0,4.0,9.0,0.0,0.0,711.3333333333334,5.200093720712277,3.7085285848172447,0.0,0.0,1.2727272727272727,7.363636363636363,3.272727272727273,0.0,0.2,0.0888888888888888,3.1630740393626997,0.0,0.0,,11.0
2026,2026-04-07,KT,보쉴리,10000030,,,2.0,125.3,11.0,45.0,10.0,0.0,4.0,9.0,0.0,0.0,801.3333333333334,5.031613976705491,3.697587354409318,0.0,0.0,1.2727272727272727,7.363636363636363,3.272727272727273,0.0,0.2,0.0888888888888888,3.1521328089547724,0.0,0.0,,11.0
2026,2026-04-08,KT,보쉴리,10000030,,,2.0,125.3,11.0,45.0,10.0,0.0,4.0,9.0,0.0,0.0,888.3333333333334,4.984615384615385,3.578611632270169,0.0,0.0,1.2727272727272727,7.363636363636363,3.272727272727273,0.0,0.2,0.0888888888888888,3.033157086815624,0.0,0.0,,11.0
2026,2026-04-09,KT,보쉴리,10000030,,,2.0,125.3,11.0,45.0,10.0,0.0,4.0,9.0,0.0,0.0,888.3333333333334,4.984615384615385,3.578611632270169,0.0,0.0,1.2727272727272727,7.363636363636363,3.272727272727273,0.0,0.2,0.0888888888888888,3.033157086815624,0.0,0.0,,11.0
2026,2026-04-10,KT,보쉴리,10000030,,,2.0,125.3,11.0,45.0,10.0,0.0,4.0,9.0,0.0,0.0,980.3333333333334,4.966678000680041,3.5651139068344104,0.0,0.0,1.2727272727272727,7.363636363636363,3.272727272727273,0.0,0.2,0.0888888888888888,3.019659361379865,0.0,0.0,,11.0
2026,2026-04-11,KT,보쉴리,10000030,,,2.0,125.3,11.0,45.0,10.0,0.0,4.0,9.0,0.0,0.0,1069.3333333333333,4.864713216957607,3.6013092269326688,0.0,0.0,1.2727272727272727,7.363636363636363,3.272727272727273,0.0,0.2,0.0888888888888888,3.055854681478124,0.0,0.0,,11.0
2026,2026-04-12,KT,보쉴리,10000030,선발,승,3.0,197.7,17.0,68.0,14.0,0.0,5.0,17.0,0.0,0.0,1155.3333333333333,4.759665320253895,3.5600115406809003,0.0,0.0,1.1176470588235294,9.0,2.647058823529412,0.0,0.25,0.0735294117647058,2.442364481857371,0.0,0.0,,17.0
2026,2026-03-31,한화,화이트,10000031,선발,패,1.0,46.9,2.1,13.0,4.0,0.0,1.0,2.0,1.0,1.0,272.0,5.525735294117647,3.871323529411765,3.8571428571428568,3.8571428571428568,2.142857142857143,7.7142857142857135,3.8571428571428568,0.0,0.1538461538461538,0.0769230769230769,3.442752100840336,146.1185329505964,68.43758829265732,,2.333333333333333
2026,2026-04-01,한화,화이트,10000031,,,1.0,46.9,2.1,13.0,4.0,0.0,1.0,2.0,1.0,1.0,359.3333333333333,5.760667903525047,4.043599257884972,3.8571428571428568,3.8571428571428568,2.142857142857143,7.7142857142857135,3.8571428571428568,0.0,0.1538461538461538,0.0769230769230769,3.615027829313544,152.3309203346624,65.64655408127625,,2.333333333333333
2026,2026-04-02,한화,화이트,10000031,,,1.0,46.9,2.1,13.0,4.0,0.0,1.0,2.0,1.0,1.0,445.3333333333333,5.719311377245509,4.077844311377246,3.8571428571428568,3.8571428571428568,2.142857142857143,7.7142857142857135,3.8571428571428568,0.0,0.1538461538461538,0.0769230769230769,3.649272882805817,151.23731837469668,66.12124644543478,,2.333333333333333
2026,2026-04-03,한화,화이트,10000031,,,1.0,46.9,2.1,13.0,4.0,0.0,1.0,2.0,1.0,1.0,534.3333333333334,5.592014971927635,3.980661260137242,3.8571428571428568,3.8571428571428568,2.142857142857143,7.7142857142857135,3.8571428571428568,0.0,0.1538461538461538,0.0769230769230769,3.5520898315658136,147.8711846377562,67.62642785676773,,2.333333333333333
2026,2026-04-04,한화,화이트,10000031,,,1.0,46.9,2.1,13.0,4.0,0.0,1.0,2.0,1.0,1.0,624.3333333333334,5.477843032568073,3.8873465029364658,3.8571428571428568,3.8571428571428568,2.142857142857143,7.7142857142857135,3.8571428571428568,0.0,0.1538461538461538,0.0769230769230769,3.4587750743650374,144.8521047514824,69.03593162941362,,2.333333333333333
2026,2026-04-05,한화,화이트,10000031,,,1.0,46.9,2.1,13.0,4.0,0.0,1.0,2.0,1.0,1.0,711.3333333333334,5.200093720712277,3.7085285848172447,3.8571428571428568,3.8571428571428568,2.142857142857143,7.7142857142857135,3.8571428571428568,0.0,0.1538461538461538,0.0769230769230769,3.2799571562458163,137.50750356879274,72.72330411407087,,2.333333333333333
2026,2026-04-06,한화,화이트,10000031,,,1.0,46.9,2.1,13.0,4.0,0.0,1.0,2.0,1.0,1.0,711.3333333333334,5.200093720712277,3.7085285848172447,3.8571428571428568,3.8571428571428568,2.142857142857143,7.7142857142857135,3.8571428571428568,0.0,0.1538461538461538,0.0769230769230769,3.2799571562458163,137.50750356879274,72.72330411407087,,2.333333333333333
2026,2026-04-07,한화,화이트,10000031,,,1.0,46.9,2.1,13.0,4.0,0.0,1.0,2.0,1.0,1.0,801.3333333333334,5.031613976705491,3.697587354409318,3.8571428571428568,3.8571428571428568,2.142857142857143,7.7142857142857135,3.8571428571428568,0.0,0.1538461538461538,0.0769230769230769,3.269015925837889,133.052347518815,75.15838830717281,,2.333333333333333
2026,2026-04-08,한화,화이트,10000031,,,1.0,46.9,2.1,13.0,4.0,0.0,1.0,2.0,1.0,1.0,888.3333333333334,4.984615384615385,3.578611632270169,3.8571428571428568,3.8571428571428568,2.142857142857143,7.7142857142857135,3.8571428571428568,0.0,0.1538461538461538,0.0769230769230769,3.1500402036987407,131.80955086616677,75.8670364498361,,2.333333333333333
2026,2026-04-09,한화,화이트,10000031,,,1.0,46.9,2.1,13.0,4.0,0.0,1.0,2.0,1.0,1.0,888.3333333333334,4.984615384615385,3.578611632270169,3.8571428571428568,3.8571428571428568,2.142857142857143,7.7142857142857135,3.8571428571428568,0.0,0.1538461538461538,0.0769230769230769,3.1500402036987407,131.80955086616677,75.8670364498361,,2.333333333333333
2026,2026-04-10,한화,화이트,10000031,,,1.0,46.9,2.1,13.0,4.0,0.0,1.0,2.0,1.0,1.0,980.3333333333334,4.966678000680041,3.5651139068344104,3.8571428571428568,3.8571428571428568,2.142857142857143,7.7142857142857135,3.8571428571428568,0.0,0.1538461538461538,0.0769230769230769,3.136542478262982,131.33522770624373,76.14103370930232,,2.333333333333333
2026,2026-04-11,한화,화이트,10000031,,,1.0,46.9,2.1,13.0,4.0,0.0,1.0,2.0,1.0,1.0,1069.3333333333333,4.864713216957607,3.6013092269326688,3.8571428571428568,3.8571428571428568,2.142857142857143,7.7142857142857135,3.8571428571428568,0.0,0.1538461538461538,0.0769230769230769,3.1727377983612404,128.6389449823848,77.73695595349722,,2.333333333333333
2026,2026-04-12,한화,화이트,10000031,,,1.0,46.9,2.1,13.0,4.0,0.0,1.0,2.0,1.0,1.0,1155.3333333333333,4.759665320253895,3.5600115406809003,3.8571428571428568,3.8571428571428568,2.142857142857143,7.7142857142857135,3.8571428571428568,0.0,0.1538461538461538,0.0769230769230769,3.131440112109472,125.86113465690067,79.45264459326661,,2.333333333333333
2026,2026-04-01,SSG,타케다,10000034,선발,패,1.0,38.400000000000006,4.2,24.0,9.0,0.0,1.0,5.0,5.0,5.0,359.3333333333333,5.760667903525047,4.043599257884972,9.642857142857142,9.642857142857142,2.142857142857143,9.642857142857142,1.9285714285714284,0.0,0.2083333333333333,0.0416666666666666,2.5435992578849724,61.449029033436496,162.73650141092807,,4.666666666666667
2026,2026-04-02,SSG,타케다,10000034,,,1.0,38.400000000000006,4.2,24.0,9.0,0.0,1.0,5.0,5.0,5.0,445.3333333333333,5.719311377245509,4.077844311377246,9.642857142857142,9.642857142857142,2.142857142857143,9.642857142857142,1.9285714285714284,0.0,0.2083333333333333,0.0416666666666666,2.5778443113772456,61.00787907884212,163.9132543368166,,4.666666666666667
2026,2026-04-03,SSG,타케다,10000034,,,1.0,38.400000000000006,4.2,24.0,9.0,0.0,1.0,5.0,5.0,5.0,534.3333333333334,5.592014971927635,3.980661260137242,9.642857142857142,9.642857142857142,2.142857142857143,9.642857142857142,1.9285714285714284,0.0,0.2083333333333333,0.0416666666666666,2.480661260137242,59.65000866568333,167.64456910721296,,4.666666666666667
2026,2026-04-04,SSG,타케다,10000034,,,1.0,38.400000000000006,4.2,24.0,9.0,0.0,1.0,5.0,5.0,5.0,624.3333333333334,5.477843032568073,3.8873465029364658,9.642857142857142,9.642857142857142,2.142857142857143,9.642857142857142,1.9285714285714284,0.0,0.2083333333333333,0.0416666666666666,2.3873465029364658,58.43213689560326,171.1387009149832,,4.666666666666667
2026,2026-04-05,SSG,타케다,10000034,,,1.0,38.400000000000006,4.2,24.0,9.0,0.0,1.0,5.0,5.0,5.0,711.3333333333334,5.200093720712277,3.7085285848172447,9.642857142857142,9.642857142857142,2.142857142857143,9.642857142857142,1.9285714285714284,0.0,0.2083333333333333,0.0416666666666666,2.2085285848172447,55.46938573305143,180.2796239375245,,4.666666666666667
2026,2026-04-06,SSG,타케다,10000034,,,1.0,38.400000000000006,4.2,24.0,9.0,0.0,1.0,5.0,5.0,5.0,711.3333333333334,5.200093720712277,3.7085285848172447,9.642857142857142,9.642857142857142,2.142857142857143,9.642857142857142,1.9285714285714284,0.0,0.2083333333333333,0.0416666666666666,2.2085285848172447,55.46938573305143,180.2796239375245,,4.666666666666667
2026,2026-04-07,SSG,타케다,10000034,선발,패,2.0,73.30000000000001,7.2,41.0,13.0,0.0,5.0,7.0,9.0,9.0,801.3333333333334,5.031613976705491,3.697587354409318,10.565217391304348,10.565217391304348,2.347826086956521,8.217391304347826,5.869565217391304,0.0,0.1707317073170731,0.1219512195121951,3.8280221370180136,48.98654338919915,204.13769390809605,,7.666666666666667
2026,2026-04-08,SSG,타케다,10000034,,,2.0,73.30000000000001,7.2,41.0,13.0,0.0,5.0,7.0,9.0,9.0,888.3333333333334,4.984615384615385,3.578611632270169,10.565217391304348,10.565217391304348,2.347826086956521,8.217391304347826,5.869565217391304,0.0,0.1707317073170731,0.1219512195121951,3.709046414878865,48.52897677512421,206.06245308526607,,7.666666666666667
2026,2026-04-09,SSG,타케다,10000034,,,2.0,73.30000000000001,7.2,41.0,13.0,0.0,5.0,7.0,9.0,9.0,888.3333333333334,4.984615384615385,3.578611632270169,10.565217391304348,10.565217391304348,2.347826086956521,8.217391304347826,5.869565217391304,0.0,0.1707317073170731,0.1219512195121951,3.709046414878865,48.52897677512421,206.06245308526607,,7.666666666666667
2026,2026-04-10,SSG,타케다,10000034,,,2.0,73.30000000000001,7.2,41.0,13.0,0.0,5.0,7.0,9.0,9.0,980.3333333333334,4.966678000680041,3.5651139068344104,10.565217391304348,10.565217391304348,2.347826086956521,8.217391304347826,5.869565217391304,0.0,0.1707317073170731,0.1219512195121951,3.695548689443106,48.35434286232695,206.8066570250309,,7.666666666666667
2026,2026-04-11,SSG,타케다,10000034,,,2.0,73.30000000000001,7.2,41.0,13.0,0.0,5.0,7.0,9.0,9.0,1069.3333333333333,4.864713216957607,3.6013092269326688,10.565217391304348,10.565217391304348,2.347826086956521,8.217391304347826,5.869565217391304,0.0,0.1707317073170731,0.1219512195121951,3.731744009541365,47.36163906487471,211.14134133538465,,7.666666666666667
2026,2026-04-12,SSG,타케다,10000034,,,2.0,73.30000000000001,7.2,41.0,13.0,0.0,5.0,7.0,9.0,9.0,1155.3333333333333,4.759665320253895,3.5600115406809003,10.565217391304348,10.565217391304348,2.347826086956521,8.217391304347826,5.869565217391304,0.0,0.1707317073170731,0.1219512195121951,3.690446323289596,46.33891884554862,215.80132314547117,,7.666666666666667
2026,2026-04-01,한화,강건우,10000035,중계,,1.0,42.4,0.0,1.0,1.0,0.0,0.0,0.0,1.0,1.0,359.3333333333333,5.760667903525047,4.043599257884972,0.0,0.0,0.0,0.0,0.0,0.0,0.0,0.0,4.043599257884972,0.0,0.0,,0.0
2026,2026-04-02,한화,강건우,10000035,중계,,2.0,83.30000000000001,3.2,22.0,8.0,1.0,2.0,5.0,3.0,3.0,445.3333333333333,5.719311377245509,4.077844311377246,7.363636363636364,7.363636363636364,2.7272727272727275,12.272727272727272,4.909090909090909,2.4545454545454546,0.2272727272727272,0.0909090909090909,6.5323897659227,79.21954772007919,126.23147048673913,,3.6666666666666665
2026,2026-04-03,한화,강건우,10000035,,,2.0,83.30000000000001,3.2,22.0,8.0,1.0,2.0,5.0,3.0,3.0,534.3333333333334,5.592014971927635,3.980661260137242,7.363636363636364,7.363636363636364,2.7272727272727275,12.272727272727272,4.909090909090909,2.4545454545454546,0.2272727272727272,0.0909090909090909,6.435206714682696,77.45633481025322,129.10499863564752,,3.6666666666666665
2026,2026-04-04,한화,강건우,10000035,,,2.0,83.30000000000001,3.2,22.0,8.0,1.0,2.0,5.0,3.0,3.0,624.3333333333334,5.477843032568073,3.8873465029364658,7.363636363636364,7.363636363636364,2.7272727272727275,12.272727272727272,4.909090909090909,2.4545454545454546,0.2272727272727272,0.0909090909090909,6.34189195748192,75.87491201268125,131.79586947433512,,3.6666666666666665
2026,2026-04-05,한화,강건우,10000035,,,2.0,83.30000000000001,3.2,22.0,8.0,1.0,2.0,5.0,3.0,3.0,711.3333333333334,5.200093720712277,3.7085285848172447,7.363636363636364,7.363636363636364,2.7272727272727275,12.272727272727272,4.909090909090909,2.4545454545454546,0.2272727272727272,0.0909090909090909,6.1630740393627,72.02773996460571,138.83539876322624,,3.6666666666666665
2026,2026-04-06,한화,강건우,10000035,,,2.0,83.30000000000001,3.2,22.0,8.0,1.0,2.0,5.0,3.0,3.0,711.3333333333334,5.200093720712277,3.7085285848172447,7.363636363636364,7.363636363636364,2.7272727272727275,12.272727272727272,4.909090909090909,2.4545454545454546,0.2272727272727272,0.0909090909090909,6.1630740393627,72.02773996460571,138.83539876322624,,3.6666666666666665
2026,2026-04-07,한화,강건우,10000035,,,2.0,83.30000000000001,3.2,22.0,8.0,1.0,2.0,5.0,3.0,3.0,801.3333333333334,5.031613976705491,3.697587354409318,7.363636363636364,7.363636363636364,2.7272727272727275,12.272727272727272,4.909090909090909,2.4545454545454546,0.2272727272727272,0.0909090909090909,6.152132808954772,69.69408679556976,143.48419585914814,,3.6666666666666665
2026,2026-04-08,한화,강건우,10000035,,,2.0,83.30000000000001,3.2,22.0,8.0,1.0,2.0,5.0,3.0,3.0,888.3333333333334,4.984615384615385,3.578611632270169,7.363636363636364,7.363636363636364,2.7272727272727275,12.272727272727272,4.909090909090909,2.4545454545454546,0.2272727272727272,0.0909090909090909,6.033157086815624,69.04309807275399,144.8370695860508,,3.6666666666666665
2026,2026-04-09,한화,강건우,10000035,,,2.0,83.30000000000001,3.2,22.0,8.0,1.0,2.0,5.0,3.0,3.0,888.3333333333334,4.984615384615385,3.578611632270169,7.363636363636364,7.363636363636364,2.7272727272727275,12.272727272727272,4.909090909090909,2.4545454545454546,0.2272727272727272,0.0909090909090909,6.033157086815624,69.04309807275399,144.8370695860508,,3.6666666666666665
2026,2026-04-10,한화,강건우,10000035,중계,,3.0,131.7,4.1,25.0,8.0,1.0,3.0,5.0,3.0,3.0,980.3333333333334,4.966678000680041,3.5651139068344104,6.230769230769231,6.230769230769231,2.5384615384615388,10.384615384615383,6.230769230769231,2.076923076923077,0.2,0.12,6.3343446760651805,81.30276000862706,122.9970544534884,,4.333333333333333
2026,2026-04-11,한화,강건우,10000035,,,3.0,131.7,4.1,25.0,8.0,1.0,3.0,5.0,3.0,3.0,1069.3333333333333,4.864713216957607,3.6013092269326688,6.230769230769231,6.230769230769231,2.5384615384615388,10.384615384615383,6.230769230769231,2.076923076923077,0.2,0.12,6.370539996163439,79.63363260814297,125.5750826941109,,4.333333333333333
2026,2026-04-12,한화,강건우,10000035,중계,,4.0,179.6,4.2,27.0,9.0,1.0,3.0,6.0,3.0,3.0,1155.3333333333333,4.759665320253895,3.5600115406809003,5.785714285714286,5.785714285714286,2.571428571428571,11.571428571428571,5.785714285714286,1.9285714285714284,0.2222222222222222,0.1111111111111111,5.702868683538043,83.90742310460044,119.17896688989993,,4.666666666666667
2026,2026-04-01,한화,박재규,10000036,중계,,1.0,46.9,0.1,2.0,1.0,0.0,0.0,0.0,0.0,0.0,359.3333333333333,5.760667903525047,4.043599257884972,0.0,0.0,3.0,0.0,0.0,0.0,0.0,0.0,4.043599257884972,0.0,0.0,,0.3333333333333333
2026,2026-04-02,한화,박재규,10000036,,,1.0,46.9,0.1,2.0,1.0,0.0,0.0,0.0,0.0,0.0,445.3333333333333,5.719311377245509,4.077844311377246,0.0,0.0,3.0,0.0,0.0,0.0,0.0,0.0,4.077844311377246,0.0,0.0,,0.3333333333333333
2026,2026-04-03,한화,박재규,10000036,,,1.0,46.9,0.1,2.0,1.0,0.0,0.0,0.0,0.0,0.0,534.3333333333334,5.592014971927635,3.980661260137242,0.0,0.0,3.0,0.0,0.0,0.0,0.0,0.0,3.980661260137242,0.0,0.0,,0.3333333333333333
2026,2026-04-04,한화,박재규,10000036,,,1.0,46.9,0.1,2.0,1.0,0.0,0.0,0.0,0.0,0.0,624.3333333333334,5.477843032568073,3.8873465029364658,0.0,0.0,3.0,0.0,0.0,0.0,0.0,0.0,3.8873465029364658,0.0,0.0,,0.3333333333333333
2026,2026-04-05,한화,박재규,10000036,,,1.0,46.9,0.1,2.0,1.0,0.0,0.0,0.0,0.0,0.0,711.3333333333334,5.200093720712277,3.7085285848172447,0.0,0.0,3.0,0.0,0.0,0.0,0.0,0.0,3.7085285848172447,0.0,0.0,,0.3333333333333333
2026,2026-04-06,한화,박재규,10000036,,,1.0,46.9,0.1,2.0,1.0,0.0,0.0,0.0,0.0,0.0,711.3333333333334,5.200093720712277,3.7085285848172447,0.0,0.0,3.0,0.0,0.0,0.0,0.0,0.0,3.7085285848172447,0.0,0.0,,0.3333333333333333
2026,2026-04-07,한화,박재규,10000036,,,1.0,46.9,0.1,2.0,1.0,0.0,0.0,0.0,0.0,0.0,801.3333333333334,5.031613976705491,3.697587354409318,0.0,0.0,3.0,0.0,0.0,0.0,0.0,0.0,3.697587354409318,0.0,0.0,,0.3333333333333333
2026,2026-04-08,한화,박재규,10000036,,,1.0,46.9,0.1,2.0,1.0,0.0,0.0,0.0,0.0,0.0,888.3333333333334,4.984615384615385,3.578611632270169,0.0,0.0,3.0,0.0,0.0,0.0,0.0,0.0,3.578611632270169,0.0,0.0,,0.3333333333333333
2026,2026-04-09,한화,박재규,10000036,,,1.0,46.9,0.1,2.0,1.0,0.0,0.0,0.0,0.0,0.0,888.3333333333334,4.984615384615385,3.578611632270169,0.0,0.0,3.0,0.0,0.0,0.0,0.0,0.0,3.578611632270169,0.0,0.0,,0.3333333333333333
2026,2026-04-10,한화,박재규,10000036,,,1.0,46.9,0.1,2.0,1.0,0.0,0.0,0.0,0.0,0.0,980.3333333333334,4.966678000680041,3.5651139068344104,0.0,0.0,3.0,0.0,0.0,0.0,0.0,0.0,3.5651139068344104,0.0,0.0,,0.3333333333333333
2026,2026-04-11,한화,박재규,10000036,,,1.0,46.9,0.1,2.0,1.0,0.0,0.0,0.0,0.0,0.0,1069.3333333333333,4.864713216957607,3.6013092269326688,0.0,0.0,3.0,0.0,0.0,0.0,0.0,0.0,3.6013092269326688,0.0,0.0,,0.3333333333333333
2026,2026-04-12,한화,박재규,10000036,,,1.0,46.9,0.1,2.0,1.0,0.0,0.0,0.0,0.0,0.0,1155.3333333333333,4.759665320253895,3.5600115406809003,0.0,0.0,3.0,0.0,0.0,0.0,0.0,0.0,3.5600115406809003,0.0,0.0,,0.3333333333333333
2026,2026-04-02,NC,버하겐,10000037,선발,,1.0,51.9,3.0,13.0,3.0,0.0,1.0,2.0,1.0,1.0,445.3333333333333,5.719311377245509,4.077844311377246,3.0,3.0,1.3333333333333333,6.0,3.0,0.0,0.1538461538461538,0.0769230769230769,3.744510978043912,192.5749467561193,51.927834686950206,,3.0
2026,2026-04-03,NC,버하겐,10000037,,,1.0,51.9,3.0,13.0,3.0,0.0,1.0,2.0,1.0,1.0,534.3333333333334,5.592014971927635,3.980661260137242,3.0,3.0,1.3333333333333333,6.0,3.0,0.0,0.1538461538461538,0.0769230769230769,3.647327926803909,188.2887491950169,53.10991784029895,,3.0
2026,2026-04-04,NC,버하겐,10000037,,,1.0,51.9,3.0,13.0,3.0,0.0,1.0,2.0,1.0,1.0,624.3333333333334,5.477843032568073,3.8873465029364658,3.0,3.0,1.3333333333333333,6.0,3.0,0.0,0.1538461538461538,0.0769230769230769,3.5540131696031323,184.4444655578844,54.21686126365061,,3.0
2026,2026-04-05,NC,버하겐,10000037,,,1.0,51.9,3.0,13.0,3.0,0.0,1.0,2.0,1.0,1.0,711.3333333333334,5.200093720712277,3.7085285848172447,3.0,3.0,1.3333333333333333,6.0,3.0,0.0,0.1538461538461538,0.0769230769230769,3.375195251483911,175.09236782895485,57.11271213014181,,3.0
2026,2026-04-06,NC,버하겐,10000037,,,1.0,51.9,3.0,13.0,3.0,0.0,1.0,2.0,1.0,1.0,711.3333333333334,5.200093720712277,3.7085285848172447,3.0,3.0,1.3333333333333333,6.0,3.0,0.0,0.1538461538461538,0.0769230769230769,3.375195251483911,175.09236782895485,57.11271213014181,,3.0
2026,2026-04-07,NC,버하겐,10000037,선발,,2.0,117.8,8.0,33.0,6.0,0.0,2.0,6.0,1.0,1.0,801.3333333333334,5.031613976705491,3.697587354409318,1.125,1.125,1.0,6.75,2.25,0.0,0.1818181818181818,0.0606060606060606,2.947587354409318,451.7852959321685,22.134407848239064,,8.0
2026,2026-04-08,NC,버하겐,10000037,,,2.0,117.8,8.0,33.0,6.0,0.0,2.0,6.0,1.0,1.0,888.3333333333334,4.984615384615385,3.578611632270169,1.125,1.125,1.0,6.75,2.25,0.0,0.1818181818181818,0.0606060606060606,2.828611632270169,447.5653233877472,22.343107201217467,,8.0
2026,2026-04-09,NC,버하겐,10000037,,,2.0,117.8,8.0,33.0,6.0,0.0,2.0,6.0,1.0,1.0,888.3333333333334,4.984615384615385,3.578611632270169,1.125,1.125,1.0,6.75,2.25,0.0,0.1818181818181818,0.0606060606060606,2.828611632270169,447.5653233877472,22.343107201217467,,8.0
2026,2026-04-10,NC,버하겐,10000037,,,2.0,117.8,8.0,33.0,6.0,0.0,2.0,6.0,1.0,1.0,980.3333333333334,4.966678000680041,3.5651139068344104,1.125,1.125,1.0,6.75,2.25,0.0,0.1818181818181818,0.0606060606060606,2.8151139068344104,445.9547375306056,22.42380035106973,,8.0
2026,2026-04-11,NC,버하겐,10000037,,,2.0,117.8,8.0,33.0,6.0,0.0,2.0,6.0,1.0,1.0,1069.3333333333333,4.864713216957607,3.6013092269326688,1.125,1.125,1.0,6.75,2.25,0.0,0.1818181818181818,0.0606060606060606,2.8513092269326688,436.7993869409203,22.89380502576704,,8.0
2026,2026-04-12,NC,버하겐,10000037,,,2.0,117.8,8.0,33.0,6.0,0.0,2.0,6.0,1.0,1.0,1155.3333333333333,4.759665320253895,3.5600115406809003,1.125,1.125,1.0,6.75,2.25,0.0,0.1818181818181818,0.0606060606060606,2.8100115406809003,427.36720567283095,23.39908132224693,,8.0
2026,2026-04-02,KT,박지훈,10000038,중계,,1.0,18.4,0.2,8.0,2.0,1.0,4.0,2.0,6.0,6.0,445.3333333333333,5.719311377245509,4.077844311377246,81.0,81.0,9.0,27.0,54.0,13.5,0.25,0.5,35.57784431137725,7.270023973969648,1375.511282466886,,0.6666666666666666
2026,2026-04-03,KT,박지훈,10000038,,,1.0,18.4,0.2,8.0,2.0,1.0,4.0,2.0,6.0,6.0,534.3333333333334,5.592014971927635,3.980661260137242,81.0,81.0,9.0,27.0,54.0,13.5,0.25,0.5,35.48066126013724,7.108212899625449,1406.8233663241751,,0.6666666666666666
2026,2026-04-04,KT,박지훈,10000038,,,1.0,18.4,0.2,8.0,2.0,1.0,4.0,2.0,6.0,6.0,624.3333333333334,5.477843032568073,3.8873465029364658,81.0,81.0,9.0,27.0,54.0,13.5,0.25,0.5,35.38734650293647,6.9630848096248,1436.1450812975008,,0.6666666666666666
2026,2026-04-05,KT,박지훈,10000038,,,1.0,18.4,0.2,8.0,2.0,1.0,4.0,2.0,6.0,6.0,711.3333333333334,5.200093720712277,3.7085285848172447,81.0,81.0,9.0,27.0,54.0,13.5,0.25,0.5,35.208528584817245,6.61002759298525,1512.8529887851428,,0.6666666666666666
2026,2026-04-06,KT,박지훈,10000038,,,1.0,18.4,0.2,8.0,2.0,1.0,4.0,2.0,6.0,6.0,711.3333333333334,5.200093720712277,3.7085285848172447,81.0,81.0,9.0,27.0,54.0,13.5,0.25,0.5,35.208528584817245,6.61002759298525,1512.8529887851428,,0.6666666666666666
2026,2026-04-07,KT,박지훈,10000038,,,1.0,18.4,0.2,8.0,2.0,1.0,4.0,2.0,6.0,6.0,801.3333333333334,5.031613976705491,3.697587354409318,81.0,81.0,9.0,27.0,54.0,13.5,0.25,0.5,35.197587354409315,6.3958668842449065,1563.5097135359774,,0.6666666666666666
2026,2026-04-08,KT,박지훈,10000038,,,1.0,18.4,0.2,8.0,2.0,1.0,4.0,2.0,6.0,6.0,888.3333333333334,4.984615384615385,3.578611632270169,81.0,81.0,9.0,27.0,54.0,13.5,0.25,0.5,35.07861163227017,6.336125270490971,1578.251624312523,,0.6666666666666666
2026,2026-04-09,KT,박지훈,10000038,,,1.0,18.4,0.2,8.0,2.0,1.0,4.0,2.0,6.0,6.0,888.3333333333334,4.984615384615385,3.578611632270169,81.0,81.0,9.0,27.0,54.0,13.5,0.25,0.5,35.07861163227017,6.336125270490971,1578.251624312523,,0.6666666666666666
2026,2026-04-10,KT,박지훈,10000038,,,1.0,18.4,0.2,8.0,2.0,1.0,4.0,2.0,6.0,6.0,980.3333333333334,4.966678000680041,3.5651139068344104,81.0,81.0,9.0,27.0,54.0,13.5,0.25,0.5,35.06511390683441,6.31332441167446,1583.9515519760432,,0.6666666666666666
2026,2026-04-11,KT,박지훈,10000038,,,1.0,18.4,0.2,8.0,2.0,1.0,4.0,2.0,6.0,6.0,1069.3333333333333,4.864713216957607,3.6013092269326688,81.0,81.0,9.0,27.0,54.0,13.5,0.25,0.5,35.10130922693267,6.18371327962245,1617.1513050182296,,0.6666666666666666
2026,2026-04-12,KT,박지훈,10000038,,,1.0,18.4,0.2,8.0,2.0,1.0,4.0,2.0,6.0,6.0,1155.3333333333333,4.759665320253895,3.5600115406809003,81.0,81.0,9.0,27.0,54.0,13.5,0.25,0.5,35.060011540680904,6.050183090920103,1652.8425420724277,,0.6666666666666666
2026,2026-04-03,롯데,신동건,10000039,중계,,1.0,36.9,1.0,8.0,1.0,0.0,4.0,1.0,2.0,2.0,534.3333333333334,5.592014971927635,3.980661260137242,18.0,18.0,5.0,9.0,36.0,0.0,0.125,0.5,13.980661260137245,32.66058961525149,306.17940820426304,,1.0
2026,2026-04-04,롯데,신동건,10000039,,,1.0,36.9,1.0,8.0,1.0,0.0,4.0,1.0,2.0,2.0,624.3333333333334,5.477843032568073,3.8873465029364658,18.0,18.0,5.0,9.0,36.0,0.0,0.125,0.5,13.887346502936468,31.99375970229175,312.5609522935714,,1.0
2026,2026-04-05,롯데,신동건,10000039,,,1.0,36.9,1.0,8.0,1.0,0.0,4.0,1.0,2.0,2.0,711.3333333333334,5.200093720712277,3.7085285848172447,18.0,18.0,5.0,9.0,36.0,0.0,0.125,0.5,13.708528584817245,30.371543678911973,329.25557244373294,,1.0
2026,2026-04-06,롯데,신동건,10000039,,,1.0,36.9,1.0,8.0,1.0,0.0,4.0,1.0,2.0,2.0,711.3333333333334,5.200093720712277,3.7085285848172447,18.0,18.0,5.0,9.0,36.0,0.0,0.125,0.5,13.708528584817245,30.371543678911973,329.25557244373294,,1.0
2026,2026-04-07,롯데,신동건,10000039,,,1.0,36.9,1.0,8.0,1.0,0.0,4.0,1.0,2.0,2.0,801.3333333333334,5.031613976705491,3.697587354409318,18.0,18.0,5.0,9.0,36.0,0.0,0.125,0.5,13.697587354409318,29.38752489407108,340.2804433529376,,1.0
2026,2026-04-08,롯데,신동건,10000039,,,1.0,36.9,1.0,8.0,1.0,0.0,4.0,1.0,2.0,2.0,888.3333333333334,4.984615384615385,3.578611632270169,18.0,18.0,5.0,9.0,36.0,0.0,0.125,0.5,13.578611632270167,29.11302603517042,343.488855741734,,1.0
2026,2026-04-09,롯데,신동건,10000039,,,1.0,36.9,1.0,8.0,1.0,0.0,4.0,1.0,2.0,2.0,888.3333333333334,4.984615384615385,3.578611632270169,18.0,18.0,5.0,9.0,36.0,0.0,0.125,0.5,13.578611632270167,29.11302603517042,343.488855741734,,1.0
2026,2026-04-10,롯데,신동건,10000039,,,1.0,36.9,1.0,8.0,1.0,0.0,4.0,1.0,2.0,2.0,980.3333333333334,4.966678000680041,3.5651139068344104,18.0,18.0,5.0,9.0,36.0,0.0,0.125,0.5,13.56511390683441,29.00826137727439,344.7293813973348,,1.0
2026,2026-04-11,롯데,신동건,10000039,,,1.0,36.9,1.0,8.0,1.0,0.0,4.0,1.0,2.0,2.0,1069.3333333333333,4.864713216957607,3.6013092269326688,18.0,18.0,5.0,9.0,36.0,0.0,0.125,0.5,13.601309226932669,28.41272828712991,351.954937200793,,1.0
2026,2026-04-12,롯데,신동건,10000039,,,1.0,36.9,1.0,8.0,1.0,0.0,4.0,1.0,2.0,2.0,1155.3333333333333,4.759665320253895,3.5600115406809003,18.0,18.0,5.0,9.0,36.0,0.0,0.125,0.5,13.5600115406809,27.79918804065189,359.7227366992371,,1.0
2026,2026-04-05,한화,김범준,10000041,중계,,1.0,43.4,0.2,4.0,2.0,0.0,0.0,0.0,1.0,1.0,711.3333333333334,5.200093720712277,3.7085285848172447,13.5,13.5,3.0,0.0,0.0,0.0,0.0,0.0,3.7085285848172447,39.28785816251221,254.53156439924803,,0.6666666666666666
2026,2026-04-06,한화,김범준,10000041,,,1.0,43.4,0.2,4.0,2.0,0.0,0.0,0.0,1.0,1.0,711.3333333333334,5.200093720712277,3.7085285848172447,13.5,13.5,3.0,0.0,0.0,0.0,0.0,0.0,3.7085285848172447,39.28785816251221,254.53156439924803,,0.6666666666666666
2026,2026-04-07,한화,김범준,10000041,,,1.0,43.4,0.2,4.0,2.0,0.0,0.0,0.0,1.0,1.0,801.3333333333334,5.031613976705491,3.697587354409318,13.5,13.5,3.0,0.0,0.0,0.0,0.0,0.0,3.697587354409318,38.01495643394715,263.05435907510486,,0.6666666666666666
2026,2026-04-08,한화,김범준,10000041,,,1.0,43.4,0.2,4.0,2.0,0.0,0.0,0.0,1.0,1.0,888.3333333333334,4.984615384615385,3.578611632270169,13.5,13.5,3.0,0.0,0.0,0.0,0.0,0.0,3.578611632270169,37.65987167604764,265.5346275744264,,0.6666666666666666
2026,2026-04-09,한화,김범준,10000041,,,1.0,43.4,0.2,4.0,2.0,0.0,0.0,0.0,1.0,1.0,888.3333333333334,4.984615384615385,3.578611632270169,13.5,13.5,3.0,0.0,0.0,0.0,0.0,0.0,3.578611632270169,37.65987167604764,265.5346275744264,,0.6666666666666666
2026,2026-04-10,한화,김범준,10000041,,,1.0,43.4,0.2,4.0,2.0,0.0,0.0,0.0,1.0,1.0,980.3333333333334,4.966678000680041,3.5651139068344104,13.5,13.5,3.0,0.0,0.0,0.0,0.0,0.0,3.5651139068344104,37.52435077321249,266.49361798255813,,0.6666666666666666
2026,2026-04-11,한화,김범준,10000041,,,1.0,43.4,0.2,4.0,2.0,0.0,0.0,0.0,1.0,1.0,1069.3333333333333,4.864713216957607,3.6013092269326688,13.5,13.5,3.0,0.0,0.0,0.0,0.0,0.0,3.6013092269326688,36.753984280681365,272.07934583724034,,0.6666666666666666
2026,2026-04-12,한화,김범준,10000041,,,1.0,43.4,0.2,4.0,2.0,0.0,0.0,0.0,1.0,1.0,1155.3333333333333,4.759665320253895,3.5600115406809003,13.5,13.5,3.0,0.0,0.0,0.0,0.0,0.0,3.5600115406809003,35.960324187685906,278.0842560764332,,0.6666666666666666
2026,2026-04-05,키움,정다훈,10000042,중계,,1.0,33.9,1.0,7.0,4.0,1.0,0.0,0.0,2.0,2.0,711.3333333333334,5.200093720712277,3.7085285848172447,18.0,18.0,4.0,0.0,0.0,9.0,0.0,0.0,16.708528584817245,27.95813833724816,357.6776064047572,,1.0
2026,2026-04-06,키움,정다훈,10000042,,,1.0,33.9,1.0,7.0,4.0,1.0,0.0,0.0,2.0,2.0,711.3333333333334,5.200093720712277,3.7085285848172447,18.0,18.0,4.0,0.0,0.0,9.0,0.0,0.0,16.708528584817245,27.95813833724816,357.6776064047572,,1.0
2026,2026-04-07,키움,정다훈,10000042,,,1.0,33.9,1.0,7.0,4.0,1.0,0.0,0.0,2.0,2.0,801.3333333333334,5.031613976705491,3.697587354409318,18.0,18.0,4.0,0.0,0.0,9.0,0.0,0.0,16.69758735440932,27.05231235738088,369.6541673736672,,1.0
2026,2026-04-08,키움,정다훈,10000042,중계,,2.0,83.8,2.0,11.0,5.0,1.0,0.0,0.0,2.0,2.0,888.3333333333334,4.984615384615385,3.578611632270169,9.0,9.0,2.5,0.0,0.0,4.5,0.0,0.0,10.078611632270167,53.59925184654696,186.56976833612717,,2.0
2026,2026-04-09,키움,정다훈,10000042,,,2.0,83.8,2.0,11.0,5.0,1.0,0.0,0.0,2.0,2.0,888.3333333333334,4.984615384615385,3.578611632270169,9.0,9.0,2.5,0.0,0.0,4.5,0.0,0.0,10.078611632270167,53.59925184654696,186.56976833612717,,2.0
2026,2026-04-10,키움,정다훈,10000042,,,2.0,83.8,2.0,11.0,5.0,1.0,0.0,0.0,2.0,2.0,980.3333333333334,4.966678000680041,3.5651139068344104,9.0,9.0,2.5,0.0,0.0,4.5,0.0,0.0,10.06511390683441,53.40637229921296,187.2435735566216,,2.0
2026,2026-04-11,키움,정다훈,10000042,,,2.0,83.8,2.0,11.0,5.0,1.0,0.0,0.0,2.0,2.0,1069.3333333333333,4.864713216957607,3.6013092269326688,9.0,9.0,2.5,0.0,0.0,4.5,0.0,0.0,10.101309226932669,52.30995147222489,191.16821405024083,,2.0
2026,2026-04-12,키움,정다훈,10000042,,,2.0,83.8,2.0,11.0,5.0,1.0,0.0,0.0,2.0,2.0,1155.3333333333333,4.759665320253895,3.5600115406809003,9.0,9.0,2.5,0.0,0.0,4.5,0.0,0.0,10.0600115406809,51.180378127659466,195.38738019982875,,2.0
2026,2026-04-12,한화,쿠싱,10000045,선발,패,1.0,44.9,3.0,15.0,4.0,0.0,1.0,3.0,3.0,3.0,1155.3333333333333,4.759665320253895,3.5600115406809003,9.0,9.0,1.6666666666666667,9.0,3.0,0.0,0.2,0.0666666666666666,2.5600115406809003,53.940486281528855,185.38950405095545,,3.0
